src,dst,src_bv_id,src_page,dst_bv_id,dst_page,similarity,rank
0,64,BV1fW1KBFEdh,1,BV1tX4y1e7gy,1,0.45488,2
0,218,BV1fW1KBFEdh,1,BV1xV4y1Y7YJ,1,0.46479,1
0,2981,BV1fW1KBFEdh,1,BV1AxSBY5EiH,1,0.38761,4
0,3711,BV1fW1KBFEdh,1,BV1bdVhzpEWM,1,0.46183,2
0,4427,BV1fW1KBFEdh,1,BV1Zkx1zrEjH,1,0.44279,4
0,4598,BV1fW1KBFEdh,1,BV1gUpRzUE6y,1,0.42251,2
1,485,BV1wZsbzeE5F,1,BV1Bm4y1j7k7,1,0.4194,3
1,1834,BV1wZsbzeE5F,1,BV1NG41127je,1,0.36895,1
1,1897,BV1wZsbzeE5F,1,BV1a841197xq,1,0.4294,1
1,2178,BV1wZsbzeE5F,1,BV1dH4y1P768,1,0.44056,1
1,3986,BV1wZsbzeE5F,1,BV1ErXKY9EmK,1,0.38837,4
1,5161,BV1wZsbzeE5F,1,BV1Fnb9z6EyM,1,0.39369,4
1,5350,BV1wZsbzeE5F,1,BV1SUP5zDEMP,1,0.38,2
2,285,BV1pcsazuEjm,1,BV1nh4y1Q7iK,1,0.35751,4
2,2100,BV1pcsazuEjm,1,BV11i421D7Be,1,0.51414,2
2,2182,BV1pcsazuEjm,1,BV1tZ42177hZ,1,0.40033,3
2,2736,BV1pcsazuEjm,1,BV1RS6NYLEtc,1,0.46851,1
2,2937,BV1pcsazuEjm,1,BV1RPD2YWEWX,1,0.45983,1
2,3580,BV1pcsazuEjm,1,BV1UgEzz9E6u,1,0.55585,1
2,4996,BV1pcsazuEjm,1,BV1FEtmz9Ek5,1,0.51189,3
2,5340,BV1pcsazuEjm,1,BV1o1Paz1ErB,1,0.50286,4
2,5430,BV1pcsazuEjm,1,BV1EaFWzUEg9,1,0.42629,4
3,2941,BV15WHLzBE3R,1,BV1nBmzYTEsV,1,0.41158,1
3,3192,BV15WHLzBE3R,1,BV1Y6xbebESc,1,0.37263,4
3,3763,BV15WHLzBE3R,1,BV16mGYzkEhw,1,0.45024,1
3,5388,BV15WHLzBE3R,1,BV1CQfCBCEou,1,0.37794,3
4,1907,BV18XnJz3ECq,1,BV1rx411y7Gc,1,0.45503,2
4,1911,BV18XnJz3ECq,1,BV1d94y1H7cu,1,0.38428,4
4,2104,BV18XnJz3ECq,1,BV1ur421j7BJ,1,0.48344,3
4,2969,BV18XnJz3ECq,1,BV1xYD8Y8E2o,1,0.51873,1
4,3260,BV18XnJz3ECq,1,BV1hKtRevEqM,1,0.44041,2
4,4094,BV18XnJz3ECq,1,BV1PFN1euEEx,1,0.4538,3
4,4229,BV18XnJz3ECq,1,BV15xNVewEiP,1,0.44456,2
4,4546,BV18XnJz3ECq,1,BV1yunVzjE3D,1,0.49112,2
4,5475,BV18XnJz3ECq,1,BV12eZMB5EDa,1,0.47648,4
5,1261,BV1YoxLzSEhQ,1,BV1MT4y187Xh,1,0.45992,1
5,1586,BV1YoxLzSEhQ,1,BV1Kb4y1V7FA,1,0.4023,4
5,2135,BV1YoxLzSEhQ,1,BV1DT421S7q2,1,0.42508,1
5,3724,BV1YoxLzSEhQ,1,BV1kELNzzEeP,1,0.42698,3
5,3798,BV1YoxLzSEhQ,1,BV1sSLqzBEYq,1,0.40563,2
5,4933,BV1YoxLzSEhQ,1,BV1duJ6zME1X,1,0.37112,4
5,5094,BV1YoxLzSEhQ,1,BV1W1huzaEok,1,0.51456,1
5,5512,BV1YoxLzSEhQ,1,BV1RGZQBEEtf,1,0.42876,3
5,5769,BV1YoxLzSEhQ,1,BV1afBtBcE6k,1,0.38772,2
6,236,BV1o1HnzZEen,1,BV1Fp4y1g74A,1,0.48691,4
6,535,BV1o1HnzZEen,1,BV1FW4y1f7u1,1,0.49042,3
6,636,BV1o1HnzZEen,1,BV1zv4y197JW,1,0.50066,2
6,981,BV1o1HnzZEen,1,BV1gb4y1W7aL,1,0.55443,1
7,542,BV17PstzDEYX,1,BV1vW4y1f79n,1,0.58365,3
7,849,BV17PstzDEYX,1,BV1sB4y1t7Fj,1,0.43554,2
7,854,BV17PstzDEYX,1,BV1HT411A7qx,1,0.46287,2
7,1054,BV17PstzDEYX,1,BV13Rs5zuEPL,1,0.45313,3
7,1486,BV17PstzDEYX,1,BV1nC4y1D7ne,1,0.53644,2
7,1516,BV17PstzDEYX,1,BV1NQ4y137U6,1,0.58214,4
7,2451,BV17PstzDEYX,1,BV1j9ycB3ENV,1,0.58574,2
7,3850,BV17PstzDEYX,1,BV1avouYFEZw,1,0.49609,2
7,3860,BV17PstzDEYX,1,BV1M8dkYUEUS,1,0.56697,1
7,3998,BV17PstzDEYX,1,BV15TQCYUEVk,1,0.54908,1
7,4164,BV17PstzDEYX,1,BV11HAeeqEzp,1,0.47963,2
7,4322,BV17PstzDEYX,1,BV15RFHe1EWs,1,0.4096,2
7,5264,BV17PstzDEYX,1,BV1Kqu5zoEAv,1,0.49764,1
7,5322,BV17PstzDEYX,1,BV1sjPxzGEy2,1,0.5121,2
7,5417,BV17PstzDEYX,1,BV1ugZRB7EZZ,1,0.50037,2
7,5552,BV17PstzDEYX,1,BV1cEZjBtEqF,1,0.60643,1
8,781,BV1eGxfzzEym,1,BV1DS4y1A7a4,1,0.39702,4
8,899,BV1eGxfzzEym,1,BV1f44y1J7mh,1,0.39772,3
8,2929,BV1eGxfzzEym,1,BV1dMmaYCEfz,1,0.41878,2
8,2994,BV1eGxfzzEym,1,BV1tCSaYqEea,1,0.45879,1
9,1179,BV1DrnBzhEqf,1,BV1c7421N7hw,1,0.50109,1
9,2110,BV1DrnBzhEqf,1,BV1NE42157kP,1,0.38748,4
9,2435,BV1DrnBzhEqf,1,BV1Xw19BSExh,1,0.43296,4
9,2436,BV1DrnBzhEqf,1,BV1DAUPB2EcV,1,0.40815,2
9,2537,BV1DrnBzhEqf,1,BV1qickeGE7y,1,0.41405,3
9,2608,BV1DrnBzhEqf,1,BV1xY68YPEct,1,0.42247,3
9,3295,BV1DrnBzhEqf,1,BV1mwtAejExk,1,0.43748,3
9,4035,BV1DrnBzhEqf,1,BV1w79mYLEgR,1,0.45519,2
9,5374,BV1DrnBzhEqf,1,BV1WwcJz2Eiz,1,0.38712,3
10,374,BV1xQnBz9E3x,1,BV1cV411577U,1,0.50032,2
10,1751,BV1xQnBz9E3x,1,BV1fw411s7Yb,1,0.46755,4
10,4863,BV1xQnBz9E3x,1,BV1ehbYzGEo1,1,0.51063,1
10,5266,BV1xQnBz9E3x,1,BV1zVGAzsEni,1,0.472,3
11,158,BV14JxEzCEAp,1,BV1nY411i7Rk,1,0.50047,4
11,675,BV14JxEzCEAp,1,BV1Ud4y1t7FD,1,0.44227,3
11,1203,BV14JxEzCEAp,1,BV1rT4m1S7kU,1,0.55633,1
11,1510,BV14JxEzCEAp,1,BV1Xe41167ye,1,0.53859,2
11,4199,BV14JxEzCEAp,1,BV1fNKLejETA,1,0.51366,3
12,871,BV1LRW2zvE5j,1,BV1qd4y1Q7Mj,1,0.36142,4
12,1019,BV1LRW2zvE5j,1,BV1DPH5zaESH,1,0.53773,1
12,1892,BV1LRW2zvE5j,1,BV1ow41127GW,1,0.49576,2
12,2263,BV1LRW2zvE5j,1,BV11r421t7EW,1,0.49076,4
12,3070,BV1LRW2zvE5j,1,BV1uCxie6Ej8,1,0.49521,3
13,1476,BV1fNsTzbEp2,1,BV1b5411B7Ab,1,0.51875,1
13,1703,BV1fNsTzbEp2,1,BV16N4y1R7My,1,0.49941,2
13,2412,BV1fNsTzbEp2,1,BV1N6421g7AM,1,0.41076,3
13,3902,BV1fNsTzbEp2,1,BV15eRdY8EXF,1,0.52926,2
13,5164,BV1fNsTzbEp2,1,BV1WSb9zSE6T,1,0.57259,1
13,5420,BV1fNsTzbEp2,1,BV1WbfJB3ENL,1,0.51649,4
13,5591,BV1fNsTzbEp2,1,BV1txr2BjEmu,1,0.46553,4
13,5760,BV1fNsTzbEp2,1,BV1hCBQBbE6G,1,0.46798,2
14,1955,BV1qhxUz2ET9,1,BV1Cz4y1u79T,1,0.44091,1
14,2023,BV1qhxUz2ET9,1,BV12Lvpe9Eeu,1,0.3768,4
14,3217,BV1qhxUz2ET9,1,BV1U2x7eRERp,1,0.37703,3
14,3947,BV1qhxUz2ET9,1,BV1xfofYoEwZ,1,0.41103,2
15,307,BV1yNWXzAEJa,1,BV1CK4y1D7yJ,1,0.32816,4
15,1137,BV1yNWXzAEJa,1,BV1Xv421174j,1,0.36468,2
15,3351,BV1yNWXzAEJa,1,BV1PZpMe2ENo,2,0.42876,1
15,4834,BV1yNWXzAEJa,1,BV1HAYSzgEbT,1,0.347,3
16,507,BV1gnWdzSEG4,1,BV1tX4y1v7J7,1,0.58492,2
16,584,BV1gnWdzSEG4,1,BV14c411g7Xn,1,0.51253,2
16,706,BV1gnWdzSEG4,1,BV15e4y177TD,1,0.42311,3
16,971,BV1gnWdzSEG4,1,BV1i5411o715,1,0.41933,3
16,1240,BV1gnWdzSEG4,1,BV1ue411H7y6,1,0.58721,3
16,4554,BV1gnWdzSEG4,1,BV1ZrnGzvEx7,1,0.60447,2
16,4836,BV1gnWdzSEG4,1,BV1C1ejzxERZ,1,0.61261,1
17,341,BV1qxWRz4E1p,1,BV1fS4y1e7Yz,1,0.37978,4
17,2985,BV1qxWRz4E1p,1,BV1qJDwYvEWH,1,0.41261,2
17,4240,BV1qxWRz4E1p,1,BV1LQNEeUE9D,1,0.44382,1
17,5338,BV1qxWRz4E1p,1,BV1mScqzqE2X,1,0.38775,3
18,642,BV1bcW1zXEQt,1,BV1Y8411p7m5,1,0.44178,2
18,954,BV1bcW1zXEQt,1,BV1D3411K7AV,1,0.41067,2
18,4808,BV1bcW1zXEQt,1,BV1GQh9zKEm1,1,0.48664,1
18,4814,BV1bcW1zXEQt,1,BV1UHvAztELq,1,0.40425,3
18,5372,BV1bcW1zXEQt,1,BV13JPFz5Eqw,1,0.40116,3
18,5495,BV1bcW1zXEQt,1,BV1jTZbBWE2W,1,0.48611,1
18,5527,BV1bcW1zXEQt,1,BV1xfcEzUE73,1,0.41917,3
19,163,BV1kys3zEE8B,1,BV1KZ4y1i7rW,2,0.61216,3
19,562,BV1kys3zEE8B,1,BV1MW4y1R7tY,1,0.68401,2
19,658,BV1kys3zEE8B,1,BV1MW4y177Vi,1,0.47928,2
19,982,BV1kys3zEE8B,1,BV1NY411n7gw,1,0.55711,1
19,1425,BV1kys3zEE8B,1,BV16N4y1x7e4,1,0.55773,3
19,2179,BV1kys3zEE8B,1,BV1tJ4m1H78U,1,0.69031,4
19,2451,BV1kys3zEE8B,1,BV1j9ycB3ENV,1,0.69154,3
19,2542,BV1kys3zEE8B,1,BV1zKCrYAECm,1,0.70464,2
19,2704,BV1kys3zEE8B,1,BV17wqRYDEyN,1,0.73168,1
19,2911,BV1kys3zEE8B,1,BV1WPmfYwEbQ,1,0.74616,1
19,3295,BV1kys3zEE8B,1,BV1mwtAejExk,1,0.60151,3
19,3543,BV1kys3zEE8B,1,BV1S67KzcEsU,1,0.6738,3
19,3652,BV1kys3zEE8B,1,BV1C9EdzbEPP,2,0.55979,2
19,3703,BV1kys3zEE8B,1,BV1vFETz3ESw,1,0.62557,2
19,4351,BV1kys3zEE8B,1,BV1T6fJYsE1Y,1,0.61639,4
19,4725,BV1kys3zEE8B,1,BV1DiYyzGEd8,1,0.72262,3
19,4876,BV1kys3zEE8B,1,BV1M9ePzaEwW,1,0.52433,4
19,5053,BV1kys3zEE8B,1,BV19hbMzNEAV,1,0.58903,4
19,5180,BV1kys3zEE8B,1,BV1R3b1zCEm5,1,0.6968,2
19,5406,BV1kys3zEE8B,1,BV1h1fiBeEJA,1,0.71635,1
19,5525,BV1kys3zEE8B,1,BV1YBZtBVE3z,1,0.51591,4
19,5752,BV1kys3zEE8B,1,BV1V1vvBGEDW,2,0.68616,3
20,515,BV1UV4wziEjD,1,BV1JP411y7Zc,1,0.49946,4
20,1537,BV1UV4wziEjD,1,BV1Bc411y7Rr,1,0.38129,3
20,1549,BV1UV4wziEjD,1,BV1ni4y1a7aV,1,0.46951,4
20,2467,BV1UV4wziEjD,1,BV1LJC9BHEbr,1,0.48201,1
20,2722,BV1UV4wziEjD,1,BV1Vsq4YwEPa,1,0.52155,1
20,3925,BV1UV4wziEjD,1,BV15PCWY6ExC,1,0.50015,3
20,5122,BV1UV4wziEjD,1,BV12Jh7zHETi,1,0.45233,2
20,5351,BV1UV4wziEjD,1,BV1swACzQEX5,1,0.51857,2
21,509,BV19VW2zYEBb,1,BV19j411S7Nv,1,0.45751,1
21,924,BV19VW2zYEBb,1,BV1NY411A7uu,1,0.491,1
21,1341,BV19VW2zYEBb,1,BV1a64y177DS,1,0.46592,3
21,1591,BV19VW2zYEBb,1,BV1zw411x7v7,1,0.47001,1
21,1822,BV19VW2zYEBb,1,BV16w411C7sD,1,0.47718,3
21,2556,BV19VW2zYEBb,1,BV1V1cHe1Ej6,1,0.51365,4
21,2735,BV19VW2zYEBb,1,BV1YmqTYyEaT,1,0.47102,1
21,3475,BV19VW2zYEBb,1,BV1TENizyEQa,1,0.57155,1
21,3629,BV19VW2zYEBb,1,BV1Woj1zfEWy,1,0.45901,3
21,3913,BV19VW2zYEBb,1,BV1A8ZZYQEWn,1,0.48168,3
21,4135,BV19VW2zYEBb,1,BV19vAzeAEeo,1,0.52342,3
21,4327,BV19VW2zYEBb,1,BV1myfyYoEto,1,0.40793,3
21,4783,BV19VW2zYEBb,1,BV1SPeoz1EiS,1,0.51223,1
21,4790,BV19VW2zYEBb,1,BV1XdhvzSEc2,1,0.46583,4
21,5482,BV19VW2zYEBb,1,BV1E5cHzjEfW,1,0.56487,2
21,5539,BV19VW2zYEBb,1,BV1pEZEBKEYs,1,0.45108,4
22,346,BV1YSsNzDERc,1,BV1fA411P7Ge,1,0.45224,2
22,466,BV1YSsNzDERc,1,BV1Cm4y177kJ,1,0.37574,1
22,1574,BV1YSsNzDERc,1,BV16i4y1a7YN,1,0.39279,4
22,2040,BV1YSsNzDERc,1,BV1ctezeoEX6,1,0.3383,3
22,3240,BV1YSsNzDERc,1,BV1cotUeTEkN,1,0.43499,3
22,3409,BV1YSsNzDERc,1,BV1F72yBkEar,1,0.50802,1
22,5544,BV1YSsNzDERc,1,BV1FccizpEDp,1,0.38957,4
23,1568,BV1xMsKzBEsA,1,BV1A94y1P7Tx,1,0.63809,1
23,1647,BV1xMsKzBEsA,1,BV1qQ4y1H7KZ,1,0.61697,4
23,2451,BV1xMsKzBEsA,1,BV1j9ycB3ENV,1,0.62449,4
23,2905,BV1xMsKzBEsA,1,BV1ziUaYEEP9,1,0.64063,1
23,3154,BV1xMsKzBEsA,1,BV1574weWEAf,1,0.43306,4
23,3567,BV1xMsKzBEsA,1,BV1bajUzCEHH,1,0.6337,3
23,4938,BV1xMsKzBEsA,1,BV19gtdzwEFX,1,0.56456,2
23,5368,BV1xMsKzBEsA,1,BV1QeZ2BZEcx,1,0.58321,3
24,1731,BV1H5sKzeEyo,1,BV1ag4y197Mn,1,0.49163,1
24,2513,BV1H5sKzeEyo,1,BV1DGwjedEc5,1,0.31981,4
24,2889,BV1H5sKzeEyo,1,BV1u2UzYRETb,1,0.56369,2
24,3100,BV1H5sKzeEyo,1,BV1Fy2UYcEPc,1,0.44599,4
24,3274,BV1H5sKzeEyo,1,BV1Z84ZeQEBR,1,0.57078,1
24,3415,BV1H5sKzeEyo,1,BV17NUvB2E1S,1,0.5535,3
24,4623,BV1H5sKzeEyo,1,BV1MJMpz7Ek8,1,0.5534,4
25,572,BV1zisAzQE3A,1,BV1gL411y7PR,1,0.40621,2
25,1333,BV1zisAzQE3A,1,BV1mC4y1r7Hy,1,0.42147,1
25,1618,BV1zisAzQE3A,1,BV1kw41147ZG,1,0.34172,4
25,2853,BV1zisAzQE3A,1,BV1ZGBHYZERU,1,0.39869,3
25,3559,BV1zisAzQE3A,1,BV1SaEMzME6B,1,0.36084,3
25,3754,BV1zisAzQE3A,1,BV1uooKYEEYN,1,0.38755,4
25,4313,BV1zisAzQE3A,1,BV1XyFpe3ELB,1,0.32733,3
26,284,BV13bswzBE72,1,BV1Bp4y1g7VH,1,0.44406,1
26,685,BV13bswzBE72,1,BV1E84y1i7Z2,1,0.41992,2
26,2138,BV13bswzBE72,1,BV1pt411G7Rh,1,0.40113,3
26,2272,BV13bswzBE72,1,BV1iz421Z7Js,1,0.36396,2
26,2677,BV13bswzBE72,1,BV1ZxkCYAEmC,1,0.39929,4
26,4637,BV13bswzBE72,1,BV1wKpczmEqX,1,0.39886,3
27,819,BV1J2WxznEea,1,BV1tG4y1e7B5,1,0.51884,1
27,1125,BV1J2WxznEea,1,BV1F2421A7se,1,0.50042,4
27,2089,BV1J2WxznEea,1,BV1Lf42127TE,1,0.53284,1
27,2791,BV1J2WxznEea,1,BV1mBieYrEZd,1,0.59924,1
27,3338,BV1J2WxznEea,1,BV1WxHQeYEdJ,1,0.40234,2
27,3429,BV1J2WxznEea,1,BV12rUnBRE9b,1,0.55399,1
27,3699,BV1J2WxznEea,1,BV1fc5uzCE19,1,0.4967,4
27,4050,BV1J2WxznEea,1,BV1qpRKY9EbX,1,0.56249,3
27,4573,BV1J2WxznEea,1,BV11dJRzwESu,1,0.45709,2
27,4574,BV1J2WxznEea,1,BV1z4JCzpE9v,1,0.48775,4
27,5040,BV1J2WxznEea,1,BV1Beb5ztEjQ,1,0.58558,1
28,79,BV1tvWtziEKt,1,BV1iu4y1e7dB,1,0.47035,2
28,2560,BV1tvWtziEKt,1,BV1UmrzYBEaM,1,0.51217,1
28,3121,BV1tvWtziEKt,1,BV1vZijeRE6d,1,0.4283,4
28,4058,BV1tvWtziEKt,1,BV14Q94YhEc1,1,0.41471,3
28,5050,BV1tvWtziEKt,1,BV17qbNzeEGr,1,0.44799,3
29,2566,BV1VfWZzaEnc,1,BV1Vgr3YcEn2,1,0.36288,3
29,2628,BV1VfWZzaEnc,1,BV1hQk4Y3EJY,1,0.36009,4
29,4005,BV1VfWZzaEnc,1,BV1T3QNYaE8Q,1,0.39313,2
29,4307,BV1VfWZzaEnc,1,BV1qsFte8Ewh,1,0.3954,1
30,2476,BV1aVWhzEE26,1,BV1yECTBvEBp,1,0.43982,4
30,2505,BV1aVWhzEE26,1,BV1Pb6zYZE8r,1,0.50901,4
30,2945,BV1aVWhzEE26,1,BV1j1mzYaE2K,1,0.36911,3
30,4009,BV1aVWhzEE26,1,BV19uQpYdErb,1,0.5306,2
30,4187,BV1aVWhzEE26,1,BV1xuNkevE9C,1,0.39828,4
30,4821,BV1aVWhzEE26,1,BV11KeXzZE5D,1,0.524,3
30,4960,BV1aVWhzEE26,1,BV1GhbMzKEYV,1,0.59229,1
30,5244,BV1aVWhzEE26,1,BV1LDuHzcEni,1,0.40468,3
31,848,BV1aaxyz8EXD,1,BV1sB4y167tt,1,0.51235,4
31,2353,BV1aaxyz8EXD,1,BV1tx4y1C7h4,1,0.55529,4
31,2756,BV1aaxyz8EXD,1,BV1nNzqYkE69,1,0.56297,2
31,4101,BV1aaxyz8EXD,1,BV1nJNkeZEUx,1,0.56113,3
31,4561,BV1aaxyz8EXD,1,BV1cVnezNEnF,1,0.61813,1
31,5233,BV1aaxyz8EXD,1,BV1mPuazGE74,1,0.51156,4
32,1267,BV1JjsteAE2u,1,BV1Tt4y1d7Uh,1,0.46069,2
32,1325,BV1JjsteAE2u,1,BV1Q5411C73X,1,0.45806,4
32,1549,BV1JjsteAE2u,1,BV1ni4y1a7aV,1,0.45822,3
32,5116,BV1JjsteAE2u,1,BV1Wf8CzoEUG,1,0.4706,1
33,390,BV12xYqe4Eba,1,BV1yW411B78h,1,0.43023,3
33,1558,BV12xYqe4Eba,1,BV1Es4y1W7hr,1,0.49113,1
33,1899,BV12xYqe4Eba,1,BV1rp4y1w7hH,1,0.4222,3
33,2013,BV12xYqe4Eba,1,BV1Xi421h7xa,1,0.46907,3
33,3251,BV12xYqe4Eba,1,BV1SVtVeUE9X,1,0.44108,2
33,3556,BV12xYqe4Eba,1,BV1wi7DzCEac,1,0.37572,4
33,4714,BV12xYqe4Eba,1,BV1dYbGzJEwW,1,0.45621,3
33,5724,BV12xYqe4Eba,1,BV1MhvpBPEi6,1,0.44116,3
33,5818,BV12xYqe4Eba,1,BV1ZbqpBHEHW,1,0.4893,2
34,1555,BV1jQsgeLEgR,1,BV1aP4y1k7Qd,1,0.41326,4
34,2318,BV1jQsgeLEgR,1,BV1GS421w7AU,1,0.47448,1
34,2507,BV1jQsgeLEgR,1,BV1w7cfe8E24,1,0.44075,2
34,5534,BV1jQsgeLEgR,1,BV1xFcMzJEXm,1,0.43021,2
35,105,BV1SisteJEfd,1,BV1Sr4y197ju,1,0.46967,4
35,1263,BV1SisteJEfd,1,BV1tK4y1i7mV,1,0.49695,1
35,1506,BV1SisteJEfd,1,BV11G411k7ad,1,0.59552,1
35,1961,BV1SisteJEfd,1,BV1Cp4y1E7UT,1,0.60438,1
35,2070,BV1SisteJEfd,1,BV1dx4y1J7pf,1,0.57823,2
35,2207,BV1SisteJEfd,1,BV1uJ4m1n7jg,1,0.45868,3
35,2273,BV1SisteJEfd,1,BV1Cu4m1M7zA,1,0.4128,3
35,2819,BV1SisteJEfd,1,BV1iNzdYsEny,1,0.57269,3
35,2826,BV1SisteJEfd,1,BV1i8zpYFErF,1,0.59633,2
35,2958,BV1SisteJEfd,1,BV1AzDEYoEfE,1,0.43479,4
35,3842,BV1SisteJEfd,1,BV1NXX8YeEQN,1,0.49966,2
35,4786,BV1SisteJEfd,1,BV13BhozkEU5,1,0.48456,1
35,5304,BV1SisteJEfd,1,BV1tmwRzdEW4,1,0.42009,2
36,1003,BV1LusMeTE5p,1,BV1xjsdzjEPa,1,0.51953,2
36,1326,BV1LusMeTE5p,1,BV1Hc411x7Uv,1,0.50839,3
36,1629,BV1LusMeTE5p,1,BV1qg4y1o78J,1,0.43048,4
36,1690,BV1LusMeTE5p,1,BV1wH4y1m7Pc,1,0.50083,1
36,2017,BV1LusMeTE5p,1,BV1cm42137VV,1,0.56308,1
36,2088,BV1LusMeTE5p,1,BV1H7KkeKEd3,1,0.49683,3
36,2125,BV1LusMeTE5p,1,BV1SZ421x7c4,1,0.40907,4
36,2734,BV1LusMeTE5p,1,BV1MTqGY7EGP,1,0.47658,3
36,2784,BV1LusMeTE5p,1,BV1vFikY6ESk,1,0.39628,4
36,3079,BV1LusMeTE5p,1,BV1gKmGY5Exb,1,0.46838,3
36,3597,BV1LusMeTE5p,1,BV19i7kzzEyB,1,0.46676,2
36,4427,BV1LusMeTE5p,1,BV1Zkx1zrEjH,1,0.48802,1
36,4975,BV1LusMeTE5p,1,BV1bDtQz7E13,1,0.44419,1
36,5512,BV1LusMeTE5p,1,BV1RGZQBEEtf,1,0.46756,2
37,561,BV1nFsMeVE7o,1,BV15X4y1a7Fq,1,0.41996,4
37,1746,BV1nFsMeVE7o,1,BV1qa4y1S7NE,1,0.46276,3
37,4474,BV1nFsMeVE7o,1,BV1csHGz3E7C,1,0.47206,2
37,5677,BV1nFsMeVE7o,1,BV1FGi9BrE3P,1,0.49069,1
37,5789,BV1nFsMeVE7o,1,BV1vqBMBCETk,1,0.4598,4
38,2155,BV1dnsAepEFP,1,BV1um421u7f1,1,0.37869,4
38,2779,BV1dnsAepEFP,1,BV1DbqLYfENW,1,0.46555,2
38,3495,BV1dnsAepEFP,1,BV1NFMgzkEpc,1,0.4505,3
38,3714,BV1dnsAepEFP,1,BV1cYdeYyEY1,1,0.42788,1
38,4420,BV1dnsAepEFP,1,BV11j4iz8EyS,1,0.44151,4
38,5619,BV1dnsAepEFP,1,BV1wHrSB2Eia,1,0.42935,4
38,5697,BV1dnsAepEFP,1,BV1DbBRBvE46,1,0.46716,1
39,734,BV1Vm421j7Ev,1,BV12g411i7es,1,0.45569,1
39,736,BV1Vm421j7Ev,1,BV1Kt4y1F7i2,1,0.42817,3
39,1443,BV1Vm421j7Ev,1,BV1Ha4y1m7S1,1,0.43515,2
39,1497,BV1Vm421j7Ev,1,BV1UC4y1M7LA,1,0.3235,3
39,1758,BV1Vm421j7Ev,1,BV1b94y1G7ky,1,0.35812,3
39,5276,BV1Vm421j7Ev,1,BV1VyGwz5Eq3,1,0.4267,1
40,210,BV1nZ421B7X8,1,BV1m8411R7os,1,0.48956,2
40,298,BV1nZ421B7X8,1,BV1bu4y127Tq,3,0.50182,1
40,970,BV1nZ421B7X8,1,BV1U3411p7ga,1,0.36102,2
40,2042,BV1nZ421B7X8,1,BV1X2ezeCEcS,1,0.48429,3
40,4456,BV1nZ421B7X8,1,BV1q4nizAEEN,1,0.4552,4
41,3327,BV1Um411k758,1,BV1RWpiekEkU,1,0.4205,3
41,3768,BV1Um411k758,1,BV11AoTYVEDe,1,0.48846,1
41,4043,BV1Um411k758,1,BV167AxeMEbB,1,0.44054,2
41,4909,BV1Um411k758,1,BV1PPbBzKELz,1,0.4166,4
42,1301,BV18x4y117bo,1,BV1Ea4y1z72c,1,0.57583,2
42,1314,BV18x4y117bo,1,BV1Ze411J7an,1,0.54601,1
42,1531,BV18x4y117bo,1,BV1D94y1A7HH,1,0.54327,2
42,1566,BV18x4y117bo,1,BV1Qp4y1o7hp,1,0.56838,3
42,4401,BV18x4y117bo,1,BV1y2WEzTEsy,1,0.65322,1
42,4566,BV18x4y117bo,1,BV1YFJRz6E9W,2,0.56824,3
42,5536,BV18x4y117bo,1,BV1qd6cBNERK,1,0.50758,4
43,862,BV1pB421z7LG,1,BV1fW4y1a7DN,1,0.5459,3
43,1679,BV1pB421z7LG,1,BV1RN4y127rt,1,0.55255,2
43,1714,BV1pB421z7LG,1,BV1DC4y127Bj,1,0.41072,4
43,2406,BV1pB421z7LG,1,BV16v421y7Sx,1,0.48482,4
43,2530,BV1pB421z7LG,1,BV1RKc2eEEvm,1,0.53625,4
43,2975,BV1pB421z7LG,1,BV1muDMYiEYV,1,0.56703,1
43,3751,BV1pB421z7LG,1,BV1tz54zrES5,1,0.52162,2
43,5770,BV1pB421z7LG,1,BV1gqmNBJESB,1,0.48329,1
44,991,BV1h4421c7WD,1,BV1gZ4y1B7rm,1,0.43987,2
44,1413,BV1h4421c7WD,1,BV1dp4y1d71o,1,0.47666,1
44,1516,BV1h4421c7WD,1,BV1NQ4y137U6,1,0.43547,3
44,3235,BV1h4421c7WD,1,BV118skeSE7V,1,0.43062,4
45,1079,BV1wu4m1K78N,1,BV1Xz421o7Ku,1,0.42852,4
45,3727,BV1wu4m1K78N,1,BV1uz5MzfExY,1,0.50199,2
45,3815,BV1wu4m1K78N,1,BV1d6L3zUE6P,1,0.38036,4
45,4217,BV1wu4m1K78N,1,BV1h8Noe7ERt,1,0.46564,4
45,5383,BV1wu4m1K78N,1,BV1YZAzzoEGj,1,0.51353,1
45,5804,BV1wu4m1K78N,1,BV15vq1B2E1x,1,0.4977,3
46,146,BV1YA4m157LD,1,BV1hN411z7ej,1,0.41333,2
46,505,BV1YA4m157LD,1,BV1Es4y1q7Nw,1,0.43107,4
46,1050,BV1YA4m157LD,1,BV1Z5sVz2EPJ,1,0.37878,2
46,1128,BV1YA4m157LD,1,BV1DJ4m1s7Ki,1,0.46118,3
46,2036,BV1YA4m157LD,1,BV1tM4m1y7HD,1,0.52403,1
46,2606,BV1YA4m157LD,1,BV1zk6EYtEx9,1,0.38789,1
46,4906,BV1YA4m157LD,1,BV1Xk8RzTEZg,1,0.47772,2
47,919,BV1XJ4m1s7k8,1,BV1cW4y1C7xr,1,0.52647,1
47,1032,BV1XJ4m1s7k8,1,BV1Ccspz7Ebg,1,0.49681,3
47,1392,BV1XJ4m1s7k8,1,BV1KN4y1p7rG,1,0.50628,2
47,1482,BV1XJ4m1s7k8,1,BV1o64y1n7Dx,1,0.42194,2
47,2735,BV1XJ4m1s7k8,1,BV1YmqTYyEaT,1,0.46145,2
47,3334,BV1XJ4m1s7k8,1,BV1ZnHXeRE4r,1,0.48959,4
47,4746,BV1XJ4m1s7k8,1,BV1b9a5zsE1R,1,0.40827,4
48,231,BV1r642137Fv,1,BV1x14y1v7wB,1,0.39138,4
48,377,BV1r642137Fv,1,BV1vW411p73o,1,0.45864,4
48,655,BV1r642137Fv,1,BV1xW4y1p7mv,1,0.47521,1
48,2222,BV1r642137Fv,1,BV1sJ4m187W6,1,0.50546,2
48,2376,BV1r642137Fv,1,BV1Fy421h7j6,1,0.46783,1
48,2515,BV1r642137Fv,1,BV1GVwnekEdE,1,0.49412,3
48,2519,BV1r642137Fv,1,BV1Xww5eREnf,1,0.4297,3
48,2883,BV1r642137Fv,1,BV1XjUPYtEL5,1,0.41081,2
48,3462,BV1r642137Fv,1,BV1rSNyzxEkd,1,0.49092,4
48,4772,BV1r642137Fv,1,BV1N5YDzQEs9,1,0.54305,1
49,2006,BV1HZ421z76W,1,BV1Vu411x7cz,1,0.41427,3
49,4014,BV1HZ421z76W,1,BV1tmQ5YZEvf,1,0.41235,4
49,4385,BV1HZ421z76W,1,BV1foswzEE2c,1,0.41441,2
49,4471,BV1HZ421z76W,1,BV1Lvxjz9EFP,1,0.41925,1
49,5592,BV1HZ421z76W,1,BV1QNFGzqEVN,1,0.37372,3
50,830,BV1RB421B7Ya,1,BV1Aa411P7bY,1,0.46942,2
50,1842,BV1RB421B7Ya,1,BV15x4y1T7Wa,1,0.36784,3
50,2572,BV1RB421B7Ya,1,BV1NKrWYpEhB,1,0.44736,3
50,4378,BV1RB421B7Ya,1,BV1LHmGBCEAw,1,0.35877,4
50,4768,BV1RB421B7Ya,1,BV1MphyzNEKz,1,0.47765,1
50,4903,BV1RB421B7Ya,1,BV1rjbYzQEnp,1,0.4378,2
51,701,BV1yB421z73X,1,BV1SG4y187Lg,1,0.3571,3
51,2209,BV1yB421z73X,1,BV1cM4m1f77j,1,0.35956,1
51,3372,BV1yB421z73X,1,BV1XpHqeuEE1,1,0.34449,4
51,3758,BV1yB421z73X,1,BV1WYV5zPEk3,1,0.35775,2
52,689,BV1vF4m1T7jZ,1,BV1pg411v7pC,1,0.44042,2
52,1759,BV1vF4m1T7jZ,1,BV1WC4y1J7ck,1,0.33486,1
52,2400,BV1vF4m1T7jZ,1,BV1Dm411D7kv,1,0.41611,4
52,2707,BV1vF4m1T7jZ,1,BV1AoBTYaERc,1,0.466,1
52,4986,BV1vF4m1T7jZ,1,BV1PhhGzzExU,1,0.42251,3
53,2292,BV1ZJ4m147hu,1,BV11i421Z71k,1,0.3122,3
53,3573,BV1ZJ4m147hu,1,BV1Ej7fztEvc,1,0.31418,2
53,3998,BV1ZJ4m147hu,1,BV15TQCYUEVk,1,0.31154,4
53,4775,BV1ZJ4m147hu,1,BV1BThqzwEaa,1,0.38186,1
54,1885,BV14g4y127Ry,1,BV1Nw411Y7BL,1,0.43874,4
54,2205,BV14g4y127Ry,1,BV1Sm421W74R,1,0.46042,3
54,4768,BV14g4y127Ry,1,BV1MphyzNEKz,1,0.46714,2
54,5102,BV14g4y127Ry,1,BV1f5t3zSEcC,1,0.49594,1
55,337,BV17K411Y7f8,1,BV1P8411o7WZ,1,0.4108,3
55,393,BV17K411Y7f8,1,BV1Et411r7uF,1,0.39869,4
55,1221,BV17K411Y7f8,1,BV1ce411a787,1,0.37332,1
55,2408,BV17K411Y7f8,1,BV1Ej421X7cw,1,0.38858,4
55,2435,BV17K411Y7f8,1,BV1Xw19BSExh,1,0.4639,1
55,2478,BV17K411Y7f8,1,BV15NC1BfEm8,1,0.44323,4
55,4407,BV17K411Y7f8,1,BV1cTWzzsERa,2,0.44755,1
55,4662,BV17K411Y7f8,1,BV1zkaXzjEKQ,1,0.44871,1
55,4839,BV17K411Y7f8,1,BV1mweEzYE65,1,0.45484,3
55,5491,BV17K411Y7f8,1,BV1ubkwB8EXC,1,0.46316,1
56,497,BV1dT4y1b7uD,1,BV1zS4y1n7NA,1,0.45202,2
56,1962,BV1dT4y1b7uD,1,BV1JF41167Zu,1,0.4739,1
56,2483,BV1dT4y1b7uD,1,BV1NYCPBbEUe,1,0.44816,2
56,3124,BV1dT4y1b7uD,1,BV11P2nY9E5Q,1,0.37203,4
56,4054,BV1dT4y1b7uD,1,BV1a498YLEg3,1,0.4271,4
56,4088,BV1dT4y1b7uD,1,BV166PveTEyQ,1,0.38301,2
57,135,BV1ub4y1N7XH,1,BV1N4411j7sk,1,0.49791,3
57,254,BV1ub4y1N7XH,1,BV1yV41137AD,1,0.45626,3
57,274,BV1ub4y1N7XH,1,BV1Pr4y1Z7Hy,1,0.3884,4
57,747,BV1ub4y1N7XH,1,BV1Uv4y1S7za,1,0.50715,3
57,1254,BV1ub4y1N7XH,1,BV1di4y1H7Co,1,0.47372,4
57,1290,BV1ub4y1N7XH,1,BV1uG411B7QA,1,0.51136,2
57,1748,BV1ub4y1N7XH,1,BV1ZN4y1S75M,1,0.55226,1
57,2584,BV1ub4y1N7XH,1,BV1A26mYEENV,1,0.42219,4
57,5794,BV1ub4y1N7XH,1,BV1TcqzB2Eqf,1,0.39324,2
58,488,BV1u64y1P7eZ,1,BV1Cz4y1H79e,1,0.43156,4
58,920,BV1u64y1P7eZ,1,BV1AU4y1m7UK,1,0.52119,1
58,2559,BV1u64y1P7eZ,1,BV11BcEeXEDR,1,0.43548,3
58,2732,BV1u64y1P7eZ,1,BV1aGqTYBELx,1,0.41552,3
58,2950,BV1u64y1P7eZ,1,BV1HhDZYvEGw,1,0.43664,1
58,4300,BV1u64y1P7eZ,1,BV1CBFHe4Ekm,1,0.45462,2
58,4571,BV1u64y1P7eZ,1,BV1TsnAzxETo,1,0.34619,4
58,5130,BV1u64y1P7eZ,1,BV1Vz8Cz6EUJ,1,0.40774,2
58,5805,BV1u64y1P7eZ,1,BV1cZqrBLEJR,1,0.42024,1
59,484,BV12e411S7R2,1,BV1hz4y147Mx,1,0.54494,1
59,767,BV12e411S7R2,1,BV1a84y1i72t,1,0.42857,3
59,976,BV12e411S7R2,1,BV17L4y157FK,1,0.3598,2
59,3712,BV12e411S7R2,1,BV1dJVrzoENZ,1,0.42268,4
59,4277,BV12e411S7R2,1,BV1y8FKe2E7o,1,0.61677,1
60,223,BV1sC4y1L7KH,1,BV1jF411Z7W4,1,0.35469,1
60,732,BV1sC4y1L7KH,1,BV1gG4y1H7eS,1,0.34775,2
60,1089,BV1sC4y1L7KH,1,BV1rH4y1s7uG,1,0.33943,3
60,2626,BV1sC4y1L7KH,1,BV1AJC7YKEkB,1,0.3345,4
60,2646,BV1sC4y1L7KH,1,BV1BVkZYBEHT,1,0.3285,4
61,376,BV1KN411p7Qs,1,BV1Ls411s7hE,1,0.40667,1
61,1025,BV1KN411p7Qs,1,BV1hRszzLEf3,1,0.45392,2
61,1073,BV1KN411p7Qs,1,BV1X1WEetEsH,1,0.42689,1
61,1610,BV1KN411p7Qs,1,BV1Wc411U7B3,1,0.41777,1
61,1970,BV1KN411p7Qs,1,BV1Xw411m7z9,1,0.45049,3
61,2574,BV1KN411p7Qs,1,BV1yeCNYTEUp,1,0.4548,1
61,4436,BV1KN411p7Qs,1,BV1WU4NzuETi,1,0.4333,4
61,4970,BV1KN411p7Qs,1,BV1hUt9z4EFQ,1,0.38186,2
62,343,BV1Gw411a7vt,1,BV1cW411b7Bo,1,0.4467,1
62,2189,BV1Gw411a7vt,1,BV1Fy421677R,1,0.43171,2
62,2382,BV1Gw411a7vt,1,BV1Rx4y1C7NA,1,0.52631,1
62,3312,BV1Gw411a7vt,1,BV1U74redE68,1,0.3914,4
62,4707,BV1Gw411a7vt,1,BV1FbYTzpEGq,1,0.46357,4
62,4847,BV1Gw411a7vt,1,BV1cGezz7EcL,1,0.51134,2
62,5300,BV1Gw411a7vt,1,BV1pGAmzhEWb,1,0.48135,1
62,5622,BV1Gw411a7vt,1,BV1n26yBcEfX,1,0.47084,1
63,465,BV14u411778B,1,BV1HN411D7bp,1,0.47411,3
63,744,BV14u411778B,1,BV1M84y1B7eq,1,0.57675,1
63,1816,BV14u411778B,1,BV1o34y1g7Nv,1,0.46315,4
63,5575,BV14u411778B,1,BV1GycTz8Eka,1,0.49045,1
64,3406,BV1tX4y1e7gy,1,BV1b3sVegEio,1,0.42187,4
64,3604,BV1tX4y1e7gy,1,BV1L17AzcEeq,1,0.32485,4
64,5291,BV1tX4y1e7gy,1,BV1t93tzgE2Y,1,0.40973,3
64,5515,BV1tX4y1e7gy,1,BV1seZQBPE2j,1,0.48398,1
64,5635,BV1tX4y1e7gy,1,BV1HzzeBwEXJ,1,0.42894,2
65,220,BV19P411Q7cH,1,BV18F411Z7ja,1,0.50015,2
65,476,BV19P411Q7cH,1,BV1b14y1d7tt,1,0.43799,2
65,512,BV19P411Q7cH,1,BV1Q8411D7AL,1,0.49335,1
65,1557,BV19P411Q7cH,1,BV1DR4y1b7bA,1,0.48989,4
65,2282,BV19P411Q7cH,1,BV1SJ4m1j7qe,1,0.38335,3
65,2775,BV19P411Q7cH,1,BV1WrqLYDEg3,1,0.47544,4
65,2806,BV19P411Q7cH,1,BV1Rm6NY2EiW,1,0.46844,1
65,4012,BV19P411Q7cH,1,BV1S7AseEEcH,1,0.36914,1
65,4352,BV19P411Q7cH,1,BV1wjf5YvEyy,1,0.44275,2
65,5679,BV19P411Q7cH,1,BV14CraBBEpp,1,0.51566,1
66,331,BV1eP411d7oE,1,BV1XN411b79F,1,0.32497,4
66,1230,BV1eP411d7oE,1,BV1xt421H7if,1,0.44327,2
66,1295,BV1eP411d7oE,1,BV1B5411z7Co,1,0.47645,1
66,1338,BV1eP411d7oE,1,BV1oK411872B,1,0.45612,3
66,2607,BV1eP411d7oE,1,BV1to6GY9EGn,1,0.45313,1
66,2800,BV1eP411d7oE,1,BV1xQ6MYrEd2,1,0.36768,2
66,2904,BV1eP411d7oE,1,BV1WUUYYFEUe,1,0.46096,2
66,4259,BV1eP411d7oE,1,BV19VFkePE3X,1,0.43383,2
67,1638,BV1UH4y1D7Yx,1,BV1Vu4y1L7L9,1,0.39946,4
67,1693,BV1UH4y1D7Yx,1,BV1Ua4y1U7pt,1,0.4229,3
67,5266,BV1UH4y1D7Yx,1,BV1zVGAzsEni,1,0.43819,1
67,5729,BV1UH4y1D7Yx,1,BV1JZvfBHEqt,1,0.42504,2
68,1227,BV14z4y1T7vY,1,BV1SV411S7qG,1,0.46268,4
68,2249,BV14z4y1T7vY,1,BV1Nx421Q7LG,1,0.51894,2
68,3374,BV14z4y1T7vY,1,BV1b4HveZEn3,1,0.48323,3
68,4141,BV14z4y1T7vY,1,BV1DQApe7ESa,1,0.55224,1
69,122,BV1ZG411o7Qt,1,BV1fg4y1H7BS,1,0.37569,4
69,1098,BV1ZG411o7Qt,1,BV1kU421o7kU,1,0.35112,3
69,1382,BV1ZG411o7Qt,1,BV1me411z7tm,1,0.53204,3
69,2294,BV1ZG411o7Qt,1,BV1Ni421f7dB,1,0.56235,1
69,2816,BV1ZG411o7Qt,1,BV1bCzVYbEDc,1,0.54622,2
69,3007,BV1ZG411o7Qt,1,BV1xNS8YdEHy,1,0.41439,4
69,3141,BV1ZG411o7Qt,1,BV1KE1eYZEhQ,1,0.52642,4
69,4823,BV1ZG411o7Qt,1,BV1WkeUzmE2E,1,0.39857,3
69,5216,BV1ZG411o7Qt,1,BV1VRudzxESE,1,0.48558,1
70,1751,BV1UP411Y7BH,1,BV1fw411s7Yb,1,0.62068,3
70,2528,BV1UP411Y7BH,1,BV15J63YcEZL,1,0.56145,2
70,2689,BV1UP411Y7BH,1,BV1yUkjYYEGe,1,0.37703,2
70,3473,BV1UP411Y7BH,1,BV1KxMizDEmK,1,0.56942,1
70,3854,BV1UP411Y7BH,1,BV13xo5YrEGg,1,0.59009,2
70,4018,BV1UP411Y7BH,1,BV1XsRLYVE9p,1,0.60282,3
70,4590,BV1UP411Y7BH,1,BV1oKWcz6Ep9,1,0.64057,1
70,5000,BV1UP411Y7BH,1,BV197bVzJEPc,1,0.44272,2
70,5100,BV1UP411Y7BH,1,BV18b8JzFEwy,1,0.37406,2
70,5812,BV1UP411Y7BH,1,BV1JJmzBfEUY,1,0.63103,2
71,320,BV1mu4y1C7af,1,BV1cz4y1W72f,1,0.33254,4
71,4282,BV1mu4y1C7af,1,BV1aSFLeREkr,1,0.34067,3
71,4944,BV1mu4y1C7af,1,BV1RktdzuE9s,1,0.34868,1
71,4957,BV1mu4y1C7af,1,BV1ZAtZzCEs5,1,0.34324,2
72,668,BV1ij411277c,1,BV13D4y187aU,1,0.44768,4
72,760,BV1ij411277c,1,BV11V4y1g7Z9,1,0.64745,1
72,779,BV1ij411277c,1,BV1PY4y1b7kW,1,0.37827,4
72,884,BV1ij411277c,1,BV1RT4y1r7kD,1,0.53001,1
72,1307,BV1ij411277c,1,BV1f8411v7fb,1,0.47173,1
72,1769,BV1ij411277c,1,BV1Ru4y1b7Gq,1,0.57434,1
72,2360,BV1ij411277c,1,BV1EH4y1a7CM,1,0.43933,3
72,2454,BV1ij411277c,1,BV1aEU5B7EeF,1,0.51626,1
72,2845,BV1ij411277c,1,BV1aNBRYkEuq,1,0.57775,1
72,3402,BV1ij411277c,1,BV1EpH3eVE1r,1,0.42644,3
72,4288,BV1ij411277c,1,BV1wAFGe8E8Q,1,0.38449,2
72,4682,BV1ij411277c,1,BV1mvaozqEWV,1,0.45185,1
72,5268,BV1ij411277c,1,BV1yQ3vz9EZu,1,0.37235,1
72,5347,BV1ij411277c,1,BV1jgfqB7Eyx,1,0.44176,2
73,684,BV18r4y1X74U,1,BV1u3411f7bx,1,0.47561,3
73,1922,BV18r4y1X74U,1,BV1E3411M7Jb,1,0.43272,2
73,2924,BV18r4y1X74U,1,BV1thUMYvESW,1,0.36329,2
73,3687,BV18r4y1X74U,1,BV1qqEtziE51,1,0.47496,4
73,4022,BV18r4y1X74U,1,BV1u8QLYFEZf,1,0.48442,2
73,5278,BV18r4y1X74U,1,BV1YT3uzfEWd,1,0.5043,1
74,1407,BV17j41127mb,1,BV1Ta4y1z72p,1,0.6019,2
74,1676,BV17j41127mb,1,BV1QM411o7YH,1,0.44462,3
74,2154,BV17j41127mb,1,BV1QZ421j7sA,1,0.44614,4
74,2909,BV17j41127mb,1,BV1UEUeYBERN,1,0.56542,4
74,4625,BV17j41127mb,1,BV1hJp6z3Eft,1,0.46835,1
74,4805,BV17j41127mb,1,BV1zvhQzuEJj,1,0.63812,1
74,5184,BV17j41127mb,1,BV1bzgLzMEUx,1,0.58146,3
74,5353,BV17j41127mb,1,BV1SCPvzyE1V,1,0.48554,2
75,3191,BV1hN4y1R7hC,1,BV1N5x4ezEmF,1,0.41441,2
75,3306,BV1hN4y1R7hC,1,BV1zd4beGEBs,1,0.38376,4
75,3632,BV1hN4y1R7hC,1,BV1YYjuzzEcN,1,0.40048,3
75,3957,BV1hN4y1R7hC,1,BV1roZPYYEqX,1,0.42211,1
76,224,BV1Bp4y1P7Rx,1,BV1Ku4y1d7Xy,1,0.59409,4
76,338,BV1Bp4y1P7Rx,1,BV1BX4y177JB,1,0.5433,3
76,1288,BV1Bp4y1P7Rx,1,BV1Yw411u7m3,1,0.60134,2
76,1860,BV1Bp4y1P7Rx,1,BV1Jw411c7zb,1,0.52832,1
76,2126,BV1Bp4y1P7Rx,1,BV1kT421D7YQ,1,0.59416,3
76,3080,BV1Bp4y1P7Rx,1,BV1ERmLYMECV,1,0.50873,2
76,4265,BV1Bp4y1P7Rx,1,BV1w5FEejEv3,1,0.48129,4
76,4836,BV1Bp4y1P7Rx,1,BV1C1ejzxERZ,1,0.61695,1
76,5418,BV1Bp4y1P7Rx,1,BV1icfJB8EZ8,1,0.42227,3
76,5766,BV1Bp4y1P7Rx,1,BV1ewB9BNERe,1,0.50103,3
77,303,BV1iu41177bh,1,BV1su411n7cc,1,0.46477,2
77,414,BV1iu41177bh,1,BV1Ku411X7je,1,0.48529,3
77,3093,BV1iu41177bh,1,BV1kymVYTE55,1,0.50587,1
77,3116,BV1iu41177bh,1,BV1uP2PYSEgA,1,0.50448,1
77,3577,BV1iu41177bh,1,BV15hE2zWERT,1,0.44751,2
77,4439,BV1iu41177bh,1,BV1ddH3zFEu2,1,0.4851,4
78,89,BV1Dw411Q7Dp,1,BV1HG411f7VK,1,0.58389,1
78,738,BV1Dw411Q7Dp,1,BV1J84y1q7zT,1,0.40759,3
78,1043,BV1Dw411Q7Dp,1,BV1qtnmzwExb,1,0.40057,4
78,1078,BV1Dw411Q7Dp,1,BV1PD421T7oS,1,0.39363,3
78,1472,BV1Dw411Q7Dp,1,BV1CC4y1i7zo,1,0.53063,3
78,2874,BV1Dw411Q7Dp,1,BV1YQBBYKEDL,1,0.42469,4
78,3596,BV1Dw411Q7Dp,1,BV1h6jpzGEcb,1,0.50409,2
78,4232,BV1Dw411Q7Dp,1,BV1g3NxeFEvG,1,0.50029,4
78,4346,BV1Dw411Q7Dp,1,BV1PRf5YzEav,1,0.43894,4
78,4845,BV1Dw411Q7Dp,1,BV1CxYRzfE4Q,1,0.4312,4
78,5057,BV1Dw411Q7Dp,1,BV1Hib3zbEkY,1,0.53159,3
78,5164,BV1Dw411Q7Dp,1,BV1WSb9zSE6T,1,0.55397,2
78,5271,BV1Dw411Q7Dp,1,BV1u8GHzxELB,1,0.50796,3
79,353,BV1iu4y1e7dB,1,BV1ZZ4y1y7mp,1,0.52342,3
79,2442,BV1iu4y1e7dB,1,BV1QuUHBiE1E,1,0.53585,2
79,3560,BV1iu4y1e7dB,1,BV1Y3jhzNEWv,1,0.48757,1
79,3580,BV1iu4y1e7dB,1,BV1UgEzz9E6u,1,0.57024,1
79,3606,BV1iu4y1e7dB,1,BV1pn52zxE9b,1,0.45076,4
79,3635,BV1iu4y1e7dB,1,BV1Rtj8zYExE,1,0.45526,4
79,3792,BV1iu4y1e7dB,1,BV1KzLkzDEuM,1,0.42677,2
79,4606,BV1iu4y1e7dB,1,BV1hZWGzvEfp,1,0.51675,3
79,4890,BV1iu4y1e7dB,1,BV1UdbtzSEwq,1,0.50785,1
79,5457,BV1iu4y1e7dB,1,BV1r5f3BUEtk,1,0.46193,3
80,1289,BV12F411C7oC,1,BV1u64y1K7Qd,1,0.42072,2
80,1674,BV12F411C7oC,1,BV1x64y177B4,1,0.43277,1
80,1869,BV12F411C7oC,1,BV11z4y1G78k,1,0.38348,1
80,3369,BV12F411C7oC,1,BV1oAHke4Exc,1,0.41585,3
81,181,BV1Lm4y1T7gn,1,BV1m84y1f7hp,1,0.35292,4
81,4265,BV1Lm4y1T7gn,1,BV1w5FEejEv3,1,0.50129,3
81,4702,BV1Lm4y1T7gn,1,BV1n2YMzfE4H,1,0.53534,1
81,5219,BV1Lm4y1T7gn,1,BV1jmuHzAE6g,1,0.49456,3
81,5222,BV1Lm4y1T7gn,1,BV18Ju9zrEhm,1,0.502,2
82,1570,BV1im4y1u776,1,BV1rb4y1G7xC,1,0.37017,2
82,2277,BV1im4y1u776,1,BV1Nt421L7mX,1,0.3703,1
82,3290,BV1im4y1u776,1,BV1Ro41e1EpW,1,0.36264,4
82,4452,BV1im4y1u776,1,BV1tmxvztEgm,1,0.36523,3
83,703,BV1dz4y1T71p,1,BV15g411q7UL,1,0.38114,2
83,804,BV1dz4y1T71p,1,BV1Z14y1x7t2,1,0.37999,4
83,2362,BV1dz4y1T71p,1,BV1PW421K7SR,1,0.40612,1
83,3612,BV1dz4y1T71p,1,BV1SyjezMEuu,1,0.37999,3
83,4398,BV1dz4y1T71p,1,BV1TFWnz7EdV,1,0.3489,3
84,256,BV1K8411X7BL,1,BV1D8411R79e,1,0.50046,1
84,2482,BV1K8411X7BL,1,BV16bCuBiEDP,1,0.39077,3
84,3922,BV1K8411X7BL,1,BV1SrZ6YJEYQ,1,0.42094,3
84,5310,BV1K8411X7BL,1,BV1LEwAzREk3,1,0.41637,4
84,5619,BV1K8411X7BL,1,BV1wHrSB2Eia,1,0.42136,2
85,191,BV1N24y1B7ZG,1,BV1tr4y1d7U8,1,0.49858,2
85,3361,BV1N24y1B7ZG,1,BV1ktp2eDEvE,1,0.50078,1
85,4803,BV1N24y1B7ZG,1,BV1yWhQz2EA4,1,0.43697,4
85,5412,BV1N24y1B7ZG,1,BV1FUfqBHEd8,1,0.4794,3
86,850,BV1yr4y1R77u,1,BV1ed4y1o7Gg,1,0.37453,3
86,1380,BV1yr4y1R77u,1,BV1Sa4y1q758,1,0.38901,2
86,3579,BV1yr4y1R77u,1,BV13n7XzhE5k,1,0.52101,1
86,5714,BV1yr4y1R77u,1,BV1NXqFBBEfH,1,0.36594,4
87,1331,BV1pu4y1i7kF,1,BV1oQ4y1F7WZ,1,0.41156,2
87,2145,BV1pu4y1i7kF,1,BV1gZ421J7xG,1,0.40448,3
87,3807,BV1pu4y1i7kF,1,BV1sFLdzRERd,1,0.46341,1
87,3984,BV1pu4y1i7kF,1,BV1d2XSYuEtG,1,0.38643,4
88,109,BV1q14y117pH,1,BV1Eu4y197zk,1,0.35961,3
88,1348,BV1q14y117pH,1,BV17T4y1H7fQ,1,0.43133,2
88,3509,BV1q14y117pH,1,BV1JQMJzZEvV,1,0.39689,4
88,4743,BV1q14y117pH,1,BV1S5aAzpEAy,1,0.34802,4
88,4931,BV1q14y117pH,1,BV1yxTtz9Ey6,1,0.49329,1
88,5322,BV1q14y117pH,1,BV1sjPxzGEy2,1,0.41078,3
89,565,BV1HG411f7VK,1,BV1pa4y1A7xS,1,0.51789,3
89,1101,BV1HG411f7VK,1,BV1XB421B7cW,1,0.48403,1
89,1472,BV1HG411f7VK,1,BV1CC4y1i7zo,1,0.49196,4
89,3242,BV1HG411f7VK,1,BV1XWt9ePEx1,1,0.42248,2
89,3470,BV1HG411f7VK,1,BV1QxNdz6EnY,1,0.35218,1
89,4399,BV1HG411f7VK,1,BV18aWEz2ES8,1,0.5471,2
89,5348,BV1HG411f7VK,1,BV1t2PczyEU8,1,0.49615,4
90,424,BV1HG411Z7KR,1,BV1Sx41117dD,1,0.38814,4
90,696,BV1HG411Z7KR,1,BV1g14y1H7QS,1,0.38039,4
90,1942,BV1HG411Z7KR,1,BV1F34y1t7Jz,1,0.46874,1
90,3002,BV1HG411Z7KR,1,BV16XSDYVEzW,1,0.51869,2
90,3484,BV1HG411Z7KR,1,BV1MRTqzdEUs,1,0.43539,3
90,4201,BV1HG411Z7KR,1,BV1J7KGerESK,1,0.40794,1
90,4586,BV1HG411Z7KR,1,BV1eoWcziEGe,1,0.46465,4
90,5035,BV1HG411Z7KR,1,BV1V2hbzYEFA,1,0.55513,1
90,5595,BV1HG411Z7KR,1,BV1kzFnzjEdf,1,0.39348,2
91,889,BV1814y117YE,1,BV13r4y1u7gZ,1,0.48416,4
91,936,BV1814y117YE,1,BV1qR4y1c7e5,1,0.46384,2
91,965,BV1814y117YE,1,BV19u411Q7kR,1,0.48003,4
91,1836,BV1814y117YE,1,BV1N8411y7SR,1,0.56966,1
91,2170,BV1814y117YE,1,BV1or421E7un,1,0.44142,4
91,2604,BV1814y117YE,1,BV1fz6DYSEew,1,0.47206,4
91,3519,BV1814y117YE,1,BV1pYTrz4EeP,1,0.54124,1
91,4055,BV1814y117YE,1,BV16Q9EYbEB5,1,0.3946,3
91,4398,BV1814y117YE,1,BV1TFWnz7EdV,1,0.37505,2
91,4513,BV1814y117YE,1,BV1nJnmzqE5S,1,0.43893,4
91,4872,BV1814y117YE,1,BV1cVNvzFEs8,1,0.53266,3
91,5698,BV1814y117YE,1,BV1MamYB4Etp,1,0.51326,2
92,474,BV1dp4y177qj,1,BV1pX4y1Y7jH,1,0.41501,3
92,2623,BV1dp4y177qj,1,BV1HKCaY3EgK,1,0.4089,4
92,4292,BV1dp4y177qj,1,BV1gxFYeNET5,1,0.42345,1
92,4573,BV1dp4y177qj,1,BV11dJRzwESu,1,0.48149,1
93,435,BV1TN411z7ag,1,BV1qX4y1E73u,1,0.41604,2
93,1643,BV1TN411z7ag,1,BV1Bg4y1f7wU,1,0.43939,4
93,1666,BV1TN411z7ag,1,BV1cw411n7tr,1,0.45207,3
93,3791,BV1TN411z7ag,1,BV1pGL2zREGk,1,0.46727,2
93,5156,BV1TN411z7ag,1,BV1Kb84zVEKh,1,0.47545,1
94,1550,BV16m4y1H7fL,1,BV1Ci4y1a7HR,1,0.42984,1
94,2596,BV16m4y1H7fL,1,BV1XjCzY2Ecp,1,0.44414,2
94,4216,BV16m4y1H7fL,1,BV1NnNZeVE4H,1,0.33065,3
94,4987,BV16m4y1H7fL,1,BV1djbLzZE34,1,0.45854,1
94,5012,BV16m4y1H7fL,1,BV1nEh3zZEVV,1,0.419,4
95,1270,BV13w41197kL,1,BV1nw411J7d5,1,0.41043,3
95,1846,BV13w41197kL,1,BV1Ja4y1g7WK,1,0.42856,2
95,2296,BV13w41197kL,1,BV1pi421o7Ys,1,0.40545,4
95,4174,BV13w41197kL,1,BV1FRwSeTENZ,1,0.43293,1
95,5783,BV13w41197kL,1,BV1KzmcBaEqu,1,0.38509,3
96,756,BV1fu4y1v7Tg,1,BV1id4y1C7rp,1,0.36829,3
96,3088,BV1fu4y1v7Tg,1,BV1vnmLYhEhM,1,0.35598,4
96,4664,BV1fu4y1v7Tg,1,BV1sve2zyEUh,1,0.37756,2
96,5647,BV1fu4y1v7Tg,1,BV1LPzrBuESQ,1,0.39784,1
97,127,BV1jN41167ti,1,BV1A14y1Q7ut,1,0.48887,1
97,470,BV1jN41167ti,1,BV18X4y1Y74D,1,0.44463,4
97,792,BV1jN41167ti,1,BV1HB4y1G7gS,1,0.37759,3
97,2921,BV1jN41167ti,1,BV1vsmSYdEMK,1,0.46141,3
97,4651,BV1jN41167ti,1,BV1F4HvzMEqR,1,0.47442,2
98,638,BV138411Q7K6,1,BV1444y1Q7z6,1,0.50509,2
98,2474,BV138411Q7K6,1,BV1f5C9B9EY8,1,0.51833,1
98,3562,BV138411Q7K6,1,BV1ZV7ezpEG1,1,0.4911,3
98,4070,BV138411Q7K6,1,BV1La9iYKEQn,1,0.49748,3
99,355,BV1CF411C7gx,1,BV1wu411p79k,1,0.44682,3
99,690,BV1CF411C7gx,1,BV1gR4y1f7kj,1,0.47322,1
99,3015,BV1CF411C7gx,1,BV12g1TYEEWD,1,0.35623,2
99,4867,BV1CF411C7gx,1,BV1NEeVz7EdE,1,0.4221,4
99,5457,BV1CF411C7gx,1,BV1r5f3BUEtk,1,0.44077,4
99,5721,BV1CF411C7gx,1,BV1jziuB5E7X,1,0.48459,1
100,321,BV1xm4y1M7wR,1,BV1EP411x7cA,1,0.91297,3
100,1171,BV1xm4y1M7wR,1,BV1MB421z7HQ,1,0.93827,1
100,1385,BV1xm4y1M7wR,1,BV1YQ4y1J74J,1,0.89573,3
100,2128,BV1xm4y1M7wR,1,BV1cA4m1G7Hf,1,0.92287,4
100,2776,BV1xm4y1M7wR,1,BV1Muq5Y9E3r,1,0.92448,3
100,2798,BV1xm4y1M7wR,1,BV1zYzQYSEnK,1,0.92595,1
100,3430,BV1xm4y1M7wR,1,BV1XkSyBKEBC,1,0.93449,2
100,3542,BV1xm4y1M7wR,1,BV1neTqzgEz3,1,0.92979,3
100,4237,BV1xm4y1M7wR,1,BV1uuNWeXE5n,1,0.93057,3
100,5045,BV1xm4y1M7wR,1,BV11FbLzzE3T,1,0.8938,3
100,5695,BV1xm4y1M7wR,1,BV1XyiXBfEqB,1,0.9304,4
101,616,BV1Fu411E7Xt,1,BV1144y1m7DQ,1,0.48325,3
101,1600,BV1Fu411E7Xt,1,BV1wK411178v,1,0.43168,2
101,2708,BV1Fu411E7Xt,1,BV1uoz6YvEG9,1,0.52742,1
101,2804,BV1Fu411E7Xt,1,BV1yaUBYLEkX,1,0.49248,1
101,4998,BV1Fu411E7Xt,1,BV1ftb5zhEmp,1,0.47789,3
102,672,BV1Lu411J7dU,1,BV1vG4y147L4,1,0.39663,3
102,1476,BV1Lu411J7dU,1,BV1b5411B7Ab,1,0.42149,1
102,2386,BV1Lu411J7dU,1,BV1jm411D7CM,1,0.41403,2
102,4816,BV1Lu411J7dU,1,BV1PYeJzwE76,1,0.39112,4
103,2455,BV1fh4y1m7d7,1,BV1avUVB2Epw,1,0.36232,1
103,2779,BV1fh4y1m7d7,1,BV1DbqLYfENW,1,0.42655,4
103,3230,BV1fh4y1m7d7,1,BV1YPs1eNEaQ,1,0.44218,2
103,3472,BV1fh4y1m7d7,1,BV19tNxzoE5C,1,0.39308,4
103,5208,BV1fh4y1m7d7,1,BV1qBjSztEW9,1,0.49973,1
103,5281,BV1fh4y1m7d7,1,BV18qG5zqEGC,1,0.4376,3
104,439,BV1414y1i7UB,1,BV1Sc411F7uB,1,0.42896,1
104,3318,BV1414y1i7UB,1,BV1v84Ye1Ehc,1,0.41153,2
104,3371,BV1414y1i7UB,1,BV1TsnfeWE3Z,1,0.38649,4
104,5738,BV1414y1i7UB,1,BV1tZiuBwEBG,1,0.40661,3
105,1506,BV1Sr4y197ju,1,BV11G411k7ad,1,0.54388,1
105,2070,BV1Sr4y197ju,1,BV1dx4y1J7pf,1,0.48161,3
105,3121,BV1Sr4y197ju,1,BV1vZijeRE6d,1,0.49665,2
105,5481,BV1Sr4y197ju,1,BV1MmfoB9EQv,1,0.44384,3
106,748,BV1Sh4y197Vw,1,BV1Pe4y1t7ux,1,0.45585,3
106,958,BV1Sh4y197Vw,1,BV1VS4y1e7No,1,0.55944,3
106,1592,BV1Sh4y197Vw,1,BV1rG411a7WJ,1,0.4685,2
106,2375,BV1Sh4y197Vw,1,BV1ev421y794,1,0.40427,3
106,2820,BV1Sh4y197Vw,1,BV1KuzVYXEg6,1,0.56846,2
106,3116,BV1Sh4y197Vw,1,BV1uP2PYSEgA,1,0.50392,2
106,4321,BV1Sh4y197Vw,1,BV17ZwPeqEjy,1,0.56719,3
106,5207,BV1Sh4y197Vw,1,BV1vEgazdEw5,1,0.64887,1
107,1120,BV1S44y1c7TB,1,BV1wv42127Et,1,0.47709,1
107,1380,BV1S44y1c7TB,1,BV1Sa4y1q758,1,0.45208,1
107,1674,BV1S44y1c7TB,1,BV1x64y177B4,1,0.41279,4
107,1718,BV1S44y1c7TB,1,BV1iH4y1i73s,1,0.38235,3
107,2956,BV1S44y1c7TB,1,BV1ifDRYUEj7,1,0.48416,1
107,3146,BV1S44y1c7TB,1,BV1Jb1RYrEg6,1,0.44808,1
107,3765,BV1S44y1c7TB,1,BV1hdL1ziEF4,1,0.42249,3
107,4580,BV1S44y1c7TB,1,BV1XYnwzcE6U,1,0.40856,2
108,624,BV1Tu41177Bs,1,BV1bV4y1P7th,1,0.40152,3
108,2463,BV1Tu41177Bs,1,BV1AVCvBCEK1,1,0.43963,1
108,3957,BV1Tu41177Bs,1,BV1roZPYYEqX,1,0.4006,4
108,3967,BV1Tu41177Bs,1,BV1faX1YAE9z,1,0.40371,2
109,3847,BV1Eu4y197zk,1,BV1bFZbYUEyx,1,0.36144,2
109,4914,BV1Eu4y197zk,1,BV1phtZzxEzB,1,0.39205,1
109,5300,BV1Eu4y197zk,1,BV1pGAmzhEWb,1,0.35904,4
110,328,BV11h4y1S71A,1,BV14p4y1G76e,1,0.57821,4
110,1679,BV11h4y1S71A,1,BV1RN4y127rt,1,0.58333,3
110,3415,BV11h4y1S71A,1,BV17NUvB2E1S,1,0.59523,1
110,3675,BV11h4y1S71A,1,BV1zi5zzwEH3,1,0.58377,2
110,5824,BV11h4y1S71A,1,BV1Uuq3BiEKM,1,0.49894,4
111,131,BV1fu411E7VM,1,BV15r4y1z76Z,1,0.41356,1
111,166,BV1fu411E7VM,1,BV1cT4y1Q7Zm,1,0.39026,4
111,1202,BV1fu411E7VM,1,BV1AU421Z7Ur,1,0.40905,1
111,4432,BV1fu411E7VM,1,BV1T54mzYEuK,1,0.40588,2
112,778,BV1R44y1c7BU,1,BV1Be411j7S2,1,0.45161,2
112,1771,BV1R44y1c7BU,1,BV1CC4y1E7vC,1,0.41727,4
112,2887,BV1R44y1c7BU,1,BV1Z5DpYbEaP,1,0.45588,1
112,4692,BV1R44y1c7BU,1,BV1hueKzgEmY,1,0.45054,3
112,4839,BV1R44y1c7BU,1,BV1mweEzYE65,1,0.43753,4
113,1904,BV1Ru4y1v7a4,1,BV1Dt411z7pL,1,0.43063,3
113,3718,BV1Ru4y1v7a4,1,BV1whVHzUESi,1,0.44976,2
113,4352,BV1Ru4y1v7a4,1,BV1wjf5YvEyy,1,0.40027,4
113,4667,BV1Ru4y1v7a4,1,BV1ymhRzoEwN,1,0.45115,1
113,5530,BV1Ru4y1v7a4,1,BV1ihcqzDEJn,1,0.42645,4
114,476,BV1pX4y1n7Yy,1,BV1b14y1d7tt,1,0.44263,1
114,576,BV1pX4y1n7Yy,1,BV1To4y1J74j,1,0.36303,2
114,1000,BV1pX4y1n7Yy,1,BV1Q3sZztEeU,1,0.48004,2
114,1014,BV1pX4y1n7Yy,1,BV1q7yzBJEdv,1,0.45666,3
114,1138,BV1pX4y1n7Yy,1,BV13x4y1178k,1,0.56172,1
114,2202,BV1pX4y1n7Yy,1,BV1Wr421G7VG,1,0.4291,1
114,3148,BV1pX4y1n7Yy,1,BV1AG2FYZEF5,1,0.37358,4
114,3326,BV1pX4y1n7Yy,1,BV1ToHSeeEtH,1,0.41377,3
114,5730,BV1pX4y1n7Yy,1,BV1YVvDBJEXy,1,0.34477,4
115,1695,BV1gz4y1u7yd,1,BV1Zw411N7wF,1,0.37459,1
115,2006,BV1gz4y1u7yd,1,BV1Vu411x7cz,1,0.33567,4
115,2449,BV1gz4y1u7yd,1,BV13mCXBVEGs,1,0.36345,3
115,4436,BV1gz4y1u7yd,1,BV1WU4NzuETi,1,0.36713,2
116,1760,BV1zr4y1d74Q,1,BV1NQ4y187NK,1,0.38871,2
116,2979,BV1zr4y1d74Q,1,BV1Q4SUYpENQ,1,0.46319,1
116,3093,BV1zr4y1d74Q,1,BV1kymVYTE55,1,0.42514,4
116,3555,BV1zr4y1d74Q,1,BV1jaTgzoEuW,1,0.36892,1
116,3642,BV1zr4y1d74Q,1,BV1AEJnz8EuN,1,0.43645,3
116,3769,BV1zr4y1d74Q,1,BV1MsLmziEKk,1,0.40051,3
116,5306,BV1zr4y1d74Q,1,BV13UAkzhEPa,1,0.45539,2
117,342,BV1PN411Y7up,1,BV1Jg411Y79G,1,0.53435,4
117,506,BV1PN411Y7up,1,BV1Dm4y127E8,1,0.58288,1
117,542,BV1PN411Y7up,1,BV1vW4y1f79n,1,0.5446,4
117,653,BV1PN411Y7up,1,BV1b14y1H7rk,1,0.44535,1
117,1809,BV1PN411Y7up,1,BV1cp4y1M78U,1,0.5505,2
117,1881,BV1PN411Y7up,1,BV1hN411n7wH,1,0.49497,1
117,2450,BV1PN411Y7up,1,BV1pwy5BWER2,1,0.55885,2
117,3861,BV1PN411Y7up,1,BV1CEdjYcEjP,1,0.48332,1
117,5397,BV1PN411Y7up,1,BV15eABzsECc,1,0.42824,3
118,542,BV1Kx4y1R74m,1,BV1vW4y1f79n,1,0.58446,4
118,838,BV1Kx4y1R74m,1,BV1mB4y1t7U5,1,0.44991,3
118,1166,BV1Kx4y1R74m,1,BV1JK42117R5,1,0.57366,1
118,1225,BV1Kx4y1R74m,1,BV13b4y1w7By,1,0.45194,4
118,1516,BV1Kx4y1R74m,1,BV1NQ4y137U6,1,0.59095,2
118,1560,BV1Kx4y1R74m,1,BV1iY411Q7ev,1,0.36677,3
118,2179,BV1Kx4y1R74m,1,BV1tJ4m1H78U,1,0.59963,1
118,2361,BV1Kx4y1R74m,1,BV1ZZ42117L2,1,0.51711,4
118,4679,BV1Kx4y1R74m,1,BV15Badz2ETT,1,0.44342,4
118,4943,BV1Kx4y1R74m,1,BV12Zt9znEwz,1,0.45969,2
118,5406,BV1Kx4y1R74m,1,BV1h1fiBeEJA,1,0.58596,3
119,1661,BV1cu4y1q7gh,1,BV1du4y1G72s,1,0.37786,2
119,1856,BV1cu4y1q7gh,1,BV1fp4y1M79a,1,0.45622,1
119,1904,BV1cu4y1q7gh,1,BV1Dt411z7pL,1,0.3541,4
119,4252,BV1cu4y1q7gh,1,BV1ZzP9eSEJP,1,0.37381,3
120,809,BV1tV41137ou,1,BV1Ce4y1f72C,1,0.39003,2
120,3054,BV1tV41137ou,1,BV16xyqYdEM6,1,0.40221,3
120,3330,BV1tV41137ou,1,BV16zpte8E2J,1,0.34735,2
120,3559,BV1tV41137ou,1,BV1SaEMzME6B,1,0.38941,1
120,4717,BV1tV41137ou,1,BV1UrabzfEU7,1,0.43138,2
120,4741,BV1tV41137ou,1,BV14wgLzYEiJ,1,0.40194,4
120,5788,BV1tV41137ou,1,BV1oW2yBqE8f,1,0.48718,1
121,2729,BV1Vz4y137ca,1,BV1g2q2YUEaL,1,0.40061,4
121,3240,BV1Vz4y137ca,1,BV1cotUeTEkN,1,0.41479,2
121,3957,BV1Vz4y137ca,1,BV1roZPYYEqX,1,0.4046,3
121,4435,BV1Vz4y137ca,1,BV1ym4TzmEtL,1,0.33991,3
121,5834,BV1Vz4y137ca,1,BV1XzScBEEqU,1,0.43886,1
122,2348,BV1fg4y1H7BS,1,BV1WS421A7wT,1,0.37987,3
122,3296,BV1fg4y1H7BS,1,BV1KKtNepEXH,1,0.38089,2
122,5396,BV1fg4y1H7BS,1,BV1vRAzzfEGy,1,0.41412,1
123,163,BV1sh4y1F7Tr,1,BV1KZ4y1i7rW,2,0.52448,2
123,653,BV1sh4y1F7Tr,1,BV1b14y1H7rk,1,0.42422,4
123,1413,BV1sh4y1F7Tr,1,BV1dp4y1d71o,1,0.52789,1
123,3716,BV1sh4y1F7Tr,1,BV1DDVQzjEZY,1,0.51402,3
123,5121,BV1sh4y1F7Tr,1,BV1pqhWzPEgv,1,0.49682,4
123,5398,BV1sh4y1F7Tr,1,BV14wPMzZEow,1,0.41632,3
124,1812,BV1Bg411e7tF,1,BV1Ty4y1N7cz,1,0.8376,4
124,2553,BV1Bg411e7tF,1,BV17BcHenEyd,1,0.85268,3
124,2750,BV1Bg411e7tF,1,BV1USq5YxEY4,7,0.82639,3
124,3871,BV1Bg411e7tF,1,BV1GydaYbEUZ,1,0.86743,2
124,4129,BV1Bg411e7tF,1,BV1FhA1ecEYB,1,0.83315,3
124,4379,BV1Bg411e7tF,1,BV1RPmwB5Ejg,1,0.9071,1
124,4544,BV1Bg411e7tF,1,BV1oyazzqEFB,1,0.73123,4
124,5390,BV1Bg411e7tF,1,BV1QJAzzXEup,1,0.75699,1
125,470,BV11A4y1d7T1,1,BV18X4y1Y74D,1,0.40142,4
125,1333,BV11A4y1d7T1,1,BV1mC4y1r7Hy,1,0.41056,2
125,2252,BV11A4y1d7T1,1,BV1Vm411k7No,1,0.37969,4
125,4338,BV11A4y1d7T1,1,BV1jyfRYBEa1,1,0.40268,3
125,5318,BV11A4y1d7T1,1,BV1S3BgBuEX3,1,0.42722,1
126,391,BV1Y4411D79w,1,BV16b411J7yY,1,0.48055,3
126,969,BV1Y4411D79w,1,BV1iS4y1Y7ZC,1,0.46149,4
126,2294,BV1Y4411D79w,1,BV1Ni421f7dB,1,0.55259,1
126,5752,BV1Y4411D79w,1,BV1V1vvBGEDW,2,0.50225,2
127,1662,BV1A14y1Q7ut,1,BV1yC4y1A7SZ,1,0.40424,1
127,3208,BV1A14y1Q7ut,1,BV1P1xFeYEmQ,1,0.40687,2
127,4651,BV1A14y1Q7ut,1,BV1F4HvzMEqR,1,0.38355,4
128,996,BV1PW4y1G7nk,1,BV1Q2yBB6EE5,1,0.41994,4
128,3633,BV1PW4y1G7nk,1,BV1MEjMzcEmx,1,0.43999,2
128,4031,BV1PW4y1G7nk,1,BV1XnRpYFExc,1,0.44146,1
128,5412,BV1PW4y1G7nk,1,BV1FUfqBHEd8,1,0.42906,3
129,408,BV1Q8411G7Nk,1,BV1cW411T7V2,1,0.35777,4
129,3138,BV1Q8411G7Nk,1,BV15T1BYQE4i,1,0.36676,2
129,3369,BV1Q8411G7Nk,1,BV1oAHke4Exc,1,0.39301,1
129,3893,BV1Q8411G7Nk,1,BV1WpRUY9En2,1,0.38208,2
129,5605,BV1Q8411G7Nk,1,BV1qJFizLEHZ,1,0.37141,3
130,420,BV1Mf4y1J7TQ,1,BV14Y411q7CV,1,0.49172,4
130,594,BV1Mf4y1J7TQ,1,BV1JG4y1J7vB,1,0.54555,4
130,790,BV1Mf4y1J7TQ,1,BV1iB4y1g77j,1,0.52583,3
130,1408,BV1Mf4y1J7TQ,1,BV1ub4y1V7kY,1,0.49832,4
130,2816,BV1Mf4y1J7TQ,1,BV1bCzVYbEDc,1,0.61589,1
130,2988,BV1Mf4y1J7TQ,1,BV1hWSZYjEo8,1,0.4341,2
130,3483,BV1Mf4y1J7TQ,1,BV1jdNYzQEtH,1,0.57151,2
130,3566,BV1Mf4y1J7TQ,1,BV1NT7Kz9Eb4,1,0.52276,1
130,4208,BV1Mf4y1J7TQ,1,BV1KUN6ecEvP,1,0.5587,3
130,4666,BV1Mf4y1J7TQ,1,BV1VjHRz2EBT,1,0.52881,4
130,4862,BV1Mf4y1J7TQ,1,BV1GwYXzBERT,1,0.54429,3
131,2338,BV15r4y1z76Z,1,BV1BJ4m1Y7vT,1,0.40257,3
131,4432,BV15r4y1z76Z,1,BV1T54mzYEuK,1,0.40644,1
131,5665,BV15r4y1z76Z,1,BV1z2BDBqE11,1,0.37102,4
132,543,BV15r4y1z76Z,2,BV1vs4y1k7bF,1,0.46702,2
132,1891,BV15r4y1z76Z,2,BV1d94y1p7WQ,1,0.57735,1
132,2518,BV15r4y1z76Z,2,BV1nCkyY6EvB,1,0.51441,3
132,4547,BV15r4y1z76Z,2,BV1JTnTzWEPc,1,0.44297,3
132,4649,BV15r4y1z76Z,2,BV1WhpLzoEtb,1,0.49928,4
132,4805,BV15r4y1z76Z,2,BV1zvhQzuEJj,1,0.51561,2
133,978,BV15r4y1z76Z,3,BV1z3411J7UW,1,0.31306,4
133,1402,BV15r4y1z76Z,3,BV1994y1c7MY,1,0.32252,1
133,1427,BV15r4y1z76Z,3,BV1V94y1c7zy,1,0.32008,3
133,5674,BV15r4y1z76Z,3,BV1hy6RBGErh,1,0.32061,2
133,5683,BV15r4y1z76Z,3,BV1hPrKBuE6G,1,0.28767,4
134,749,BV14o4y1u7ka,1,BV1gR4y197i4,1,0.43469,4
134,1617,BV14o4y1u7ka,1,BV1gg4y1Z7ek,2,0.5954,1
134,1622,BV14o4y1u7ka,1,BV1Rz4y1c7dA,1,0.45091,4
134,2920,BV14o4y1u7ka,1,BV15bmbYYEk2,1,0.58347,3
134,3580,BV14o4y1u7ka,1,BV1UgEzz9E6u,1,0.55732,4
134,3770,BV14o4y1u7ka,1,BV1K55WzwEpF,1,0.60119,1
134,5065,BV14o4y1u7ka,1,BV1GktbzsEhs,1,0.51647,3
134,5345,BV14o4y1u7ka,1,BV1vjAXzAESv,2,0.47026,4
135,1290,BV1N4411j7sk,1,BV1uG411B7QA,1,0.54695,1
135,1920,BV1N4411j7sk,1,BV1aF411U7fA,1,0.54194,2
135,2246,BV1N4411j7sk,1,BV1si421o7P3,1,0.33781,3
135,4357,BV1N4411j7sk,1,BV1EwfeY2EEP,1,0.48796,4
136,256,BV1BW411r76u,1,BV1D8411R79e,1,0.52433,1
136,1039,BV1BW411r76u,1,BV1eNs5zkE7p,1,0.42161,4
136,1785,BV1BW411r76u,1,BV14Q4y1H7Vc,1,0.49626,3
136,3272,BV1BW411r76u,1,BV17Qthe2EZd,1,0.40806,2
136,3571,BV1BW411r76u,1,BV1yLjmzvEfu,1,0.51907,4
136,3984,BV1BW411r76u,1,BV1d2XSYuEtG,1,0.52251,3
136,4831,BV1BW411r76u,1,BV1wDvwzSE25,1,0.53733,1
137,329,BV1nx411m7Bw,1,BV1mV411G7d3,1,0.55941,1
137,844,BV1nx411m7Bw,1,BV1CG411t7wi,1,0.60542,4
137,887,BV1nx411m7Bw,1,BV18r4y1E7JD,1,0.65162,3
137,995,BV1nx411m7Bw,1,BV1wa15BoEDv,1,0.57463,4
137,1607,BV1nx411m7Bw,1,BV12C4y1X7im,1,0.50407,1
137,2529,BV1nx411m7Bw,1,BV12TC4YNEKG,1,0.63559,4
137,2861,BV1nx411m7Bw,1,BV1AQB2YuENH,1,0.39789,4
137,2973,BV1nx411m7Bw,1,BV1PjDbYpEsM,1,0.45062,2
137,2975,BV1nx411m7Bw,1,BV1muDMYiEYV,1,0.66688,1
137,3162,BV1nx411m7Bw,1,BV1N8xZefEp6,1,0.50227,4
137,3364,BV1nx411m7Bw,1,BV1rwePeoEXG,3,0.48229,1
137,4391,BV1nx411m7Bw,1,BV1aH4gzAE3q,2,0.65225,1
137,4760,BV1nx411m7Bw,1,BV1pAaVz6E5H,1,0.52197,2
137,5588,BV1nx411m7Bw,1,BV1zLFPzZE41,1,0.54819,2
137,5782,BV1nx411m7Bw,1,BV17mUZBjEgG,1,0.38044,4
138,1384,BV1us41167ww,1,BV1a94y1T7Sz,1,0.39008,3
138,1431,BV1us41167ww,1,BV1wt4y1f7ra,1,0.40463,2
138,1554,BV1us41167ww,1,BV11c411m7jt,1,0.43259,1
138,3178,BV1us41167ww,1,BV1wm4PerEr8,1,0.37371,2
138,4647,BV1us41167ww,1,BV1EAYLzGE4f,1,0.38847,4
138,5403,BV1us41167ww,1,BV1qrfMBYEQs,1,0.37481,3
139,315,BV1sD4y1j7VQ,1,BV1bV411G7S7,1,0.3772,4
139,1686,BV1sD4y1j7VQ,1,BV1h34y1w7BJ,1,0.39544,4
139,1900,BV1sD4y1j7VQ,1,BV1p54y1Y7MB,1,0.39888,3
139,5121,BV1sD4y1j7VQ,1,BV1pqhWzPEgv,1,0.40302,2
139,5723,BV1sD4y1j7VQ,1,BV1mvBXBXEKp,1,0.43653,1
140,2040,BV1sD4y1j7VQ,2,BV1ctezeoEX6,1,0.33253,4
140,2260,BV1sD4y1j7VQ,2,BV1ay421B7i3,1,0.349,2
140,3315,BV1sD4y1j7VQ,2,BV11V4veNEtE,1,0.3393,4
140,3784,BV1sD4y1j7VQ,2,BV1FhGmzDESi,1,0.34203,3
140,4968,BV1sD4y1j7VQ,2,BV1K6tpzaEdj,1,0.42064,1
141,787,BV1je411w7VY,1,BV12V4y1H7zH,1,0.48323,2
141,1322,BV1je411w7VY,1,BV14a4y1k7df,1,0.49022,1
141,3825,BV1je411w7VY,1,BV1KLL8zUEhS,1,0.45114,4
141,4283,BV1je411w7VY,1,BV1aFFpeGECw,1,0.45805,3
142,805,BV1kr4y1d7DT,1,BV13B4y157Xx,1,0.3797,4
142,1261,BV1kr4y1d7DT,1,BV1MT4y187Xh,1,0.40214,1
142,3382,BV1kr4y1d7DT,1,BV1PxH7eiENf,1,0.38695,2
142,5796,BV1kr4y1d7DT,1,BV1eDq6BcEyh,1,0.38613,3
143,145,BV1w44y1F7oM,1,BV1v84y1f77r,1,0.41419,2
143,633,BV1w44y1F7oM,1,BV1W8411j7o9,1,0.44354,1
143,1162,BV1w44y1F7oM,1,BV1zH4y1Y79E,1,0.3922,3
143,5498,BV1w44y1F7oM,1,BV1zAZ7B4Eev,1,0.39159,4
144,950,BV1DF411y7Xq,1,BV1MA4y1S7Mo,1,0.59048,3
144,2090,BV1DF411y7Xq,1,BV1mf421R7nK,1,0.58419,1
144,2954,BV1DF411y7Xq,1,BV1ghSjYhEWF,1,0.65677,2
144,3571,BV1DF411y7Xq,1,BV1yLjmzvEfu,1,0.61966,4
144,4480,BV1DF411y7Xq,1,BV18bxMzdE15,1,0.66201,2
144,4486,BV1DF411y7Xq,1,BV1WNn3z3ExU,1,0.69551,1
145,506,BV1v84y1f77r,1,BV1Dm4y127E8,1,0.51128,3
145,934,BV1v84y1f77r,1,BV1VB4y197Qz,1,0.43849,4
145,4474,BV1v84y1f77r,1,BV1csHGz3E7C,1,0.48266,4
145,4877,BV1v84y1f77r,1,BV1iTYizFEgy,1,0.51171,2
145,5765,BV1v84y1f77r,1,BV1tSBQBsEeo,1,0.54007,1
145,5808,BV1v84y1f77r,1,BV1npmrBvEVu,1,0.40741,2
146,3792,BV1hN411z7ej,1,BV1KzLkzDEuM,1,0.38906,3
146,4906,BV1hN411z7ej,1,BV1Xk8RzTEZg,1,0.41594,1
146,5549,BV1hN411z7ej,1,BV1FvcpzQEWe,1,0.37856,4
147,208,BV1eR4y1i7fq,1,BV1Su411E7ec,1,0.44894,4
147,1351,BV1eR4y1i7fq,1,BV1wT4y1h7F8,1,0.39621,3
147,1377,BV1eR4y1i7fq,1,BV1Vi4y1i7mW,1,0.50333,4
147,1884,BV1eR4y1i7fq,1,BV1er4y1f7MY,1,0.46112,2
147,3039,BV1eR4y1i7fq,1,BV1zwyCYqEuy,1,0.41645,4
147,3694,BV1eR4y1i7fq,1,BV1wAEKznEV4,1,0.39655,2
147,4002,BV1eR4y1i7fq,1,BV162RVYnEsJ,1,0.53973,2
147,4302,BV1eR4y1i7fq,1,BV1dLFHeGEEh,1,0.46143,3
147,5145,BV1eR4y1i7fq,1,BV1KT8Dz1E7n,1,0.43473,1
147,5548,BV1eR4y1i7fq,1,BV1oYcqzEEwZ,1,0.61317,1
147,5678,BV1eR4y1i7fq,1,BV1MDrPBFEnB,1,0.53344,3
148,185,BV19p4y1X7CJ,1,BV1RN411z7Qy,1,0.47983,1
148,602,BV19p4y1X7CJ,1,BV1Rg411s7jC,1,0.39831,3
148,1630,BV19p4y1X7CJ,1,BV1bu4y1G7oJ,1,0.47461,4
148,1754,BV19p4y1X7CJ,1,BV1Ab4y1g7VH,1,0.43911,2
148,1952,BV19p4y1X7CJ,1,BV17r4y1r7o4,1,0.42553,3
148,2305,BV19p4y1X7CJ,1,BV1Ft421G7gs,1,0.51054,1
148,2670,BV19p4y1X7CJ,1,BV1jykKYxE8C,2,0.48249,2
148,4784,BV19p4y1X7CJ,1,BV1a8hXzaEiq,1,0.36478,3
149,1552,BV1iB4y12725,1,BV1Yg4y1C79Z,1,0.56261,1
149,1765,BV1iB4y12725,1,BV13H4y1672D,1,0.44793,3
149,2605,BV1iB4y12725,1,BV1YZkgYAE1x,1,0.46896,4
149,2680,BV1iB4y12725,1,BV1XpkcYNEp2,1,0.38518,2
149,2907,BV1iB4y12725,1,BV1nTmoYHEXA,1,0.50109,4
149,3742,BV1iB4y12725,1,BV1t9GozdEV1,1,0.55708,2
149,4085,BV1iB4y12725,1,BV1c6ASe6EEt,1,0.43031,3
149,4453,BV1iB4y12725,1,BV1yXxZzpEVJ,1,0.50901,3
150,1461,BV18L411T7Nk,1,BV1jg4y1r7qa,1,0.52276,1
150,1635,BV18L411T7Nk,1,BV1Eu4y1377t,1,0.50938,1
150,3159,BV18L411T7Nk,1,BV1964ceUEpi,1,0.44525,4
150,5001,BV18L411T7Nk,1,BV1kDhnzoEDj,1,0.48517,3
151,535,BV1wu411X7w4,1,BV1FW4y1f7u1,1,0.5468,2
151,981,BV1wu411X7w4,1,BV1gb4y1W7aL,1,0.5605,1
151,2094,BV1wu411X7w4,1,BV1xf42117v8,1,0.46377,2
151,3241,BV1wu411X7w4,1,BV1hktreYE51,1,0.50045,4
151,4991,BV1wu411X7w4,1,BV1AYt2zsEBe,1,0.54315,4
151,5424,BV1wu411X7w4,1,BV1LEfTB8EmQ,1,0.52153,4
151,5566,BV1wu411X7w4,1,BV1UskuBLEeS,1,0.48085,1
151,5811,BV1wu411X7w4,1,BV1hDqBBpE1q,1,0.54488,3
152,153,BV1yb4y147cX,1,BV1Vu411X7EW,1,0.64153,1
152,402,BV1yb4y147cX,1,BV1FA411H7a8,1,0.56827,4
152,1407,BV1yb4y147cX,1,BV1Ta4y1z72p,1,0.61536,2
152,1842,BV1yb4y147cX,1,BV15x4y1T7Wa,1,0.4045,1
152,1940,BV1yb4y147cX,1,BV1Kp4y1j7By,1,0.56733,3
152,2206,BV1yb4y147cX,1,BV1wZ421J7sj,1,0.58344,2
152,2439,BV1yb4y147cX,1,BV1vzU7B8EXP,1,0.48253,4
152,2448,BV1yb4y147cX,1,BV1iFUHBkEik,1,0.5448,3
152,3502,BV1yb4y147cX,1,BV131MTz5EMB,1,0.54438,2
152,3506,BV1yb4y147cX,1,BV1Y2MuzHEUc,1,0.53398,2
152,3980,BV1yb4y147cX,1,BV1GoX6YrE5p,1,0.49198,1
152,4645,BV1yb4y147cX,1,BV1r7pjzsEKC,1,0.55982,3
152,4739,BV1yb4y147cX,1,BV1e4aPzAEiu,1,0.51089,2
152,4805,BV1yb4y147cX,1,BV1zvhQzuEJj,1,0.58162,4
152,4960,BV1yb4y147cX,1,BV1GhbMzKEYV,1,0.57318,4
153,1287,BV1Vu411X7EW,1,BV1bT4y1p7Qb,1,0.56224,1
153,1381,BV1Vu411X7EW,1,BV1Me411U77L,1,0.55367,3
153,3309,BV1Vu411X7EW,1,BV1XV4CeTEQY,1,0.48298,3
153,3502,BV1Vu411X7EW,1,BV131MTz5EMB,1,0.54205,3
153,3824,BV1Vu411X7EW,1,BV12qLJzXEWV,1,0.39794,4
153,4581,BV1Vu411X7EW,1,BV1PxpozGEsZ,1,0.54899,4
153,4645,BV1Vu411X7EW,1,BV1r7pjzsEKC,1,0.54002,4
154,1847,BV1cq4y1b79C,1,BV1Tk4y1L7HA,1,0.40638,2
154,2922,BV1cq4y1b79C,1,BV1fKmeYXE4b,1,0.4226,1
154,2936,BV1cq4y1b79C,1,BV1pAS2YwEsh,1,0.38393,3
154,3338,BV1cq4y1b79C,1,BV1WxHQeYEdJ,1,0.37931,3
155,329,BV12i4y1y72m,1,BV1mV411G7d3,1,0.45697,3
155,1783,BV12i4y1y72m,1,BV1pu4y1W7Fm,1,0.42304,3
155,2955,BV12i4y1y72m,1,BV1QVD2Y7EHo,1,0.45019,4
155,2965,BV12i4y1y72m,1,BV1nu1GYsEK4,1,0.40148,3
155,3768,BV12i4y1y72m,1,BV11AoTYVEDe,1,0.48045,1
155,5161,BV12i4y1y72m,1,BV1Fnb9z6EyM,1,0.47425,2
156,452,BV1e14y1z7Nk,1,BV1wh4y1y72u,1,0.43216,1
156,1479,BV1e14y1z7Nk,1,BV1Ag4y1r7b2,1,0.33936,3
156,1894,BV1e14y1z7Nk,1,BV1vu411g7xo,1,0.40712,2
156,2641,BV1e14y1z7Nk,1,BV1fTCrYhEAN,1,0.38546,3
156,2827,BV1e14y1z7Nk,1,BV1VezpY4Eiu,1,0.37914,4
156,5681,BV1e14y1z7Nk,1,BV1bUvYBaEsK,1,0.37301,2
157,999,BV1Rv4y1X7ov,1,BV1BJWnzYEjA,1,0.43327,2
157,4136,BV1Rv4y1X7ov,1,BV1nhAeehEKP,1,0.422,3
157,4716,BV1Rv4y1X7ov,1,BV1xta8ztECP,1,0.41737,4
157,5700,BV1Rv4y1X7ov,1,BV1JPqcBFE2B,1,0.4338,1
158,509,BV1nY411i7Rk,1,BV19j411S7Nv,1,0.44135,2
158,1120,BV1nY411i7Rk,1,BV1wv42127Et,1,0.44931,2
158,1716,BV1nY411i7Rk,1,BV1wj411v7uN,1,0.46093,3
158,2064,BV1nY411i7Rk,1,BV1Ky41187fj,1,0.56148,2
158,2942,BV1nY411i7Rk,1,BV1v9DDYiEMP,1,0.54942,4
158,3012,BV1nY411i7Rk,1,BV1mN1EYHEhB,1,0.50318,2
158,3531,BV1nY411i7Rk,1,BV1fwTTzSEhX,1,0.56393,1
158,4315,BV1nY411i7Rk,1,BV1rtfzYPED5,1,0.56221,2
158,4827,BV1nY411i7Rk,1,BV1bmepzEEg1,1,0.54137,1
158,4929,BV1nY411i7Rk,1,BV1Vgb8zFEqV,1,0.46355,3
159,2444,BV1cr4y1b7Un,1,BV1JsULBAED5,2,0.35709,3
159,2923,BV1cr4y1b7Un,1,BV1xxUVYVE37,1,0.36071,2
159,3609,BV1cr4y1b7Un,1,BV1xkjrzXEvV,1,0.3338,3
159,3958,BV1cr4y1b7Un,1,BV1egZNY9EQh,1,0.37346,1
159,5042,BV1cr4y1b7Un,1,BV1ZmtUzQEnD,1,0.35634,4
160,1984,BV1cr4y1b7Un,2,BV1awCjBMEpp,1,0.41147,1
160,3509,BV1cr4y1b7Un,2,BV1JQMJzZEvV,1,0.4004,3
160,3859,BV1cr4y1b7Un,2,BV1LjdkYtEh6,1,0.38103,4
160,4192,BV1cr4y1b7Un,2,BV1MvNieWEYq,1,0.35815,3
160,4630,BV1cr4y1b7Un,2,BV12fpuzVEAP,1,0.37928,4
160,5722,BV1cr4y1b7Un,2,BV1FkvDB8EN5,1,0.40212,2
161,1178,BV1ES4y1v7AB,1,BV1DB421k7BX,1,0.63826,4
161,1938,BV1ES4y1v7AB,1,BV1nN411p7B6,1,0.66717,2
161,2068,BV1ES4y1v7AB,1,BV12M4m1U7zk,1,0.65215,3
161,4039,BV1ES4y1v7AB,1,BV1axRsYeEFR,1,0.68708,1
161,4248,BV1ES4y1v7AB,1,BV1XRPde7Eug,1,0.57465,2
162,771,BV1KZ4y1i7rW,1,BV1xD4y1C7fd,1,0.55675,3
162,1046,BV1KZ4y1i7rW,1,BV1U5sGzZEVa,1,0.67045,1
162,1829,BV1KZ4y1i7rW,1,BV1iw411c7Gn,1,0.64646,3
162,2426,BV1KZ4y1i7rW,1,BV1Uu4m1K7SP,1,0.53186,2
162,2525,BV1KZ4y1i7rW,1,BV1Dn6EYkEm3,1,0.63295,3
162,2529,BV1KZ4y1i7rW,1,BV12TC4YNEKG,1,0.66446,2
162,4605,BV1KZ4y1i7rW,1,BV1jiWLz7EzS,1,0.47166,3
162,5134,BV1KZ4y1i7rW,1,BV1NX8EzREuk,1,0.64411,4
162,5475,BV1KZ4y1i7rW,1,BV12eZMB5EDa,1,0.48306,4
163,269,BV1KZ4y1i7rW,2,BV1Rp4y1u7S3,1,0.40994,4
163,1036,BV1KZ4y1i7rW,2,BV1hUsGzvEWm,1,0.48709,3
163,1053,BV1KZ4y1i7rW,2,BV1QexdzoEQS,1,0.47444,2
163,1193,BV1KZ4y1i7rW,2,BV1YH4y1e72s,1,0.57867,3
163,3826,BV1KZ4y1i7rW,2,BV1C6LbzkETu,1,0.55006,1
163,4351,BV1KZ4y1i7rW,2,BV1T6fJYsE1Y,1,0.64102,1
163,4403,BV1KZ4y1i7rW,2,BV1CDWCzrEfL,1,0.61784,2
163,4749,BV1KZ4y1i7rW,2,BV1kaajz7EkA,1,0.59854,4
163,5122,BV1KZ4y1i7rW,2,BV12Jh7zHETi,1,0.43933,4
164,1442,BV12U4y1o7s5,1,BV1zg4y1D72b,1,0.47529,4
164,3413,BV12U4y1o7s5,1,BV14YSwBGEHL,1,0.56299,1
164,4437,BV12U4y1o7s5,1,BV1vvxDzQErD,1,0.48567,2
164,4828,BV12U4y1o7s5,1,BV1ffvwzVErx,1,0.48223,3
165,237,BV16t411G7Jo,1,BV1o8411R71t,1,0.43694,3
165,1344,BV16t411G7Jo,1,BV1Be411n7Fv,1,0.45567,2
165,2926,BV16t411G7Jo,1,BV1GBUNYAE2v,1,0.41683,1
165,3370,BV16t411G7Jo,1,BV1PDHCe5EZU,1,0.46108,1
166,634,BV1cT4y1Q7Zm,1,BV1L24y1D77J,1,0.4142,3
166,1907,BV1cT4y1Q7Zm,1,BV1rx411y7Gc,1,0.45244,1
166,2158,BV1cT4y1Q7Zm,1,BV1Nw4m1y7eX,1,0.41195,4
166,2589,BV1cT4y1Q7Zm,1,BV19qi6YiEa1,1,0.40919,4
166,5675,BV1cT4y1Q7Zm,1,BV1ZZr8BJE2q,1,0.41869,2
167,2135,BV1EZ4y1k7FA,1,BV1DT421S7q2,1,0.40454,1
167,2869,BV1EZ4y1k7FA,1,BV1WFBkYtE4x,1,0.3698,3
167,3772,BV1EZ4y1k7FA,1,BV1GMGmziESH,1,0.3818,2
167,3787,BV1EZ4y1k7FA,1,BV1XZdKYXEe3,1,0.35708,2
167,4905,BV1EZ4y1k7FA,1,BV1t7YezyErR,1,0.33151,4
168,2810,BV1ea41187hV,1,BV15azpYZEJa,1,0.36806,3
168,3972,BV1ea41187hV,1,BV1iZXyY4EFT,1,0.42231,1
168,4234,BV1ea41187hV,1,BV1F6NTetEpq,1,0.363,4
168,5161,BV1ea41187hV,1,BV1Fnb9z6EyM,1,0.37044,2
169,352,BV1oS4y1r7QE,1,BV1T84y1g7hD,1,0.45395,2
169,373,BV1oS4y1r7QE,1,BV1PV4y1B7RE,1,0.37873,2
169,960,BV1oS4y1r7QE,1,BV1gL4y1V7aT,1,0.37622,1
169,1294,BV1oS4y1r7QE,1,BV1Mx411g76K,1,0.45158,3
169,1541,BV1oS4y1r7QE,1,BV1nc41117AY,1,0.44102,2
169,3844,BV1oS4y1r7QE,1,BV1cL57zTER4,1,0.49467,1
169,4443,BV1oS4y1r7QE,1,BV1zEHbzJEVh,1,0.40603,2
170,746,BV14i4y1C79B,1,BV1rW4y147uR,1,0.34286,2
170,4183,BV14i4y1C79B,1,BV1yEKTevEnm,2,0.31863,4
170,4193,BV14i4y1C79B,1,BV1zZAAerE1m,1,0.32327,3
170,4552,BV14i4y1C79B,1,BV1SNn7zvEmA,1,0.38997,1
171,1434,BV163411L7qP,1,BV1qN4y1i7ib,1,0.46287,1
171,2512,BV163411L7qP,1,BV1nVcoesEr5,1,0.40749,1
171,2541,BV163411L7qP,1,BV1g14y1T7oK,1,0.39314,3
171,3181,BV163411L7qP,1,BV1Xt421M7pH,1,0.43674,2
171,3590,BV163411L7qP,1,BV1Ed71zWEiR,1,0.28204,4
171,5572,BV163411L7qP,1,BV1yyFozUEch,1,0.4119,3
172,1069,BV1dF41147b2,1,BV1C8s7eCE8J,1,0.41868,1
172,1945,BV1dF41147b2,1,BV1iN4y197eh,1,0.40078,2
172,4619,BV1dF41147b2,1,BV1uipWzxEVX,1,0.39388,3
172,4820,BV1dF41147b2,1,BV14NeXz8Ei8,1,0.37998,4
173,256,BV1aF411t7KD,1,BV1D8411R79e,1,0.35267,2
173,642,BV1aF411t7KD,1,BV1Y8411p7m5,1,0.33223,3
173,4888,BV1aF411t7KD,1,BV14kYyzMEo4,1,0.37305,1
173,5717,BV1aF411t7KD,1,BV1o8ijBYEtY,1,0.32445,4
174,564,BV1WT411B7rF,1,BV1fz4y1H7eE,1,0.56038,1
174,1798,BV1WT411B7rF,1,BV1wC4y1d7TF,1,0.42654,1
174,3245,BV1WT411B7rF,1,BV15tt2eEEKu,1,0.46795,4
174,4112,BV1WT411B7rF,1,BV1wZP3eBETX,1,0.48913,2
174,4261,BV1WT411B7rF,1,BV1kWFeesEX9,1,0.5244,2
175,497,BV1yk4y157Vs,1,BV1zS4y1n7NA,1,0.48236,2
175,587,BV1yk4y157Vs,1,BV1ZG4y1j72R,1,0.5607,1
175,1579,BV1yk4y157Vs,1,BV1Za4y1r7we,1,0.4392,4
175,2002,BV1yk4y157Vs,1,BV1Pmvxe8Ejs,1,0.40179,3
175,2088,BV1yk4y157Vs,1,BV1H7KkeKEd3,1,0.50649,2
175,3825,BV1yk4y157Vs,1,BV1KLL8zUEhS,1,0.53653,2
175,4233,BV1yk4y157Vs,1,BV1ZKP2eFE6A,1,0.5094,3
176,2322,BV1Jp4y1J7Zn,1,BV1yZ42187YJ,1,0.58017,3
176,2557,BV1Jp4y1J7Zn,1,BV17hc7e6Eer,1,0.60656,2
176,2954,BV1Jp4y1J7Zn,1,BV1ghSjYhEWF,1,0.58126,3
176,3829,BV1Jp4y1J7Zn,1,BV1d6Z2Y5Eye,1,0.54004,2
176,4148,BV1Jp4y1J7Zn,1,BV1HKAHeFEK4,1,0.44362,1
176,5811,BV1Jp4y1J7Zn,1,BV1hDqBBpE1q,1,0.61506,1
177,696,BV1Uu4y1q7rG,1,BV1g14y1H7QS,1,0.35668,3
177,2210,BV1Uu4y1q7rG,1,BV12p421D7Zc,1,0.37355,1
177,3484,BV1Uu4y1q7rG,1,BV1MRTqzdEUs,1,0.35316,4
177,5228,BV1Uu4y1q7rG,1,BV1rEg6zZEQf,1,0.36935,2
178,1244,BV13P411s7rX,1,BV1Hb4y1P7fC,1,0.45936,1
178,1624,BV13P411s7rX,1,BV17a4y1d7gJ,1,0.51941,3
178,3173,BV13P411s7rX,1,BV18a4PeQE99,1,0.53609,2
178,3762,BV13P411s7rX,1,BV1yxGizsEw6,1,0.58217,1
178,4030,BV13P411s7rX,1,BV1FcRuYiEzo,1,0.49305,1
178,4722,BV13P411s7rX,1,BV11ohBz2EpV,1,0.46775,1
178,4840,BV13P411s7rX,1,BV1hiYWzQELK,1,0.56384,2
178,5229,BV13P411s7rX,1,BV1KrKnzqEUN,1,0.48322,2
179,765,BV1a94y167ui,1,BV1ce411V72F,1,0.39199,4
179,1237,BV1a94y167ui,1,BV1fv421y7GY,1,0.45894,3
179,2176,BV1a94y167ui,1,BV1bw4m1178G,1,0.47656,2
179,2428,BV1a94y167ui,1,BV1aJUxBLEhk,1,0.47787,1
179,3448,BV1a94y167ui,1,BV1mTg6zKEeE,1,0.45855,4
180,801,BV1a94y167ui,2,BV18W4y1872Z,1,0.47332,1
180,861,BV1a94y167ui,2,BV1y14y1b7vj,1,0.50693,1
180,1052,BV1a94y167ui,2,BV1busGzwEdz,1,0.43155,1
180,2547,BV1a94y167ui,2,BV1pYcWeaESc,1,0.42656,4
180,4957,BV1a94y167ui,2,BV1ZAtZzCEs5,1,0.35945,3
181,1721,BV1m84y1f7hp,1,BV1HH4y1q7fi,1,0.35581,1
181,3608,BV1m84y1f7hp,1,BV1UojBz1EM9,1,0.41106,1
181,4152,BV1m84y1f7hp,1,BV1LawdejE7e,1,0.35912,2
182,687,BV1MP411s7WN,1,BV1UG4y1o7f6,1,0.39077,2
182,2407,BV1MP411s7WN,1,BV1Fj421X734,1,0.37899,3
182,3814,BV1MP411s7WN,1,BV1CkL9z7EH7,1,0.39839,1
182,4706,BV1MP411s7WN,1,BV1VFYTzGETg,1,0.36043,3
182,5421,BV1MP411s7WN,1,BV1XGfgBcEE5,1,0.37625,4
183,488,BV1tP411t7Vu,1,BV1Cz4y1H79e,1,0.43123,2
183,778,BV1tP411t7Vu,1,BV1Be411j7S2,1,0.43116,3
183,3998,BV1tP411t7Vu,1,BV15TQCYUEVk,1,0.43565,1
183,5280,BV1tP411t7Vu,1,BV1Sc32ztEQp,1,0.392,4
184,2050,BV1ir4y1d7Xy,1,BV1dt421M72p,1,0.40423,2
184,2382,BV1ir4y1d7Xy,1,BV1Rx4y1C7NA,1,0.43372,1
184,4095,BV1ir4y1d7Xy,1,BV1wrPxe1EiP,1,0.39578,4
184,5227,BV1ir4y1d7Xy,1,BV1jZM9zQEBg,1,0.40345,3
185,985,BV1RN411z7Qy,1,BV1iP4y1F7nP,1,0.46665,2
185,1994,BV1RN411z7Qy,1,BV1Y3CsBPEms,1,0.42029,2
185,2014,BV1RN411z7Qy,1,BV1cs4y1z7Mq,1,0.44723,4
185,2654,BV1RN411z7Qy,1,BV14KCPYqEV5,1,0.45189,3
185,2890,BV1RN411z7Qy,1,BV13RUoYVETQ,1,0.35999,2
185,3183,BV1RN411z7Qy,1,BV1cw4m1U72r,1,0.39797,4
186,957,BV13k4y1g7Qx,1,BV1m94y1d7wc,1,0.41626,1
186,2378,BV13k4y1g7Qx,1,BV1L2421A7MN,1,0.3961,4
186,4232,BV13k4y1g7Qx,1,BV1g3NxeFEvG,1,0.40067,3
186,5420,BV13k4y1g7Qx,1,BV1WbfJB3ENL,1,0.41046,2
187,811,BV1Yj411B7T6,1,BV1WB4y1x748,1,0.42619,1
187,981,BV1Yj411B7T6,1,BV1gb4y1W7aL,1,0.62735,1
187,3678,BV1Yj411B7T6,1,BV1G4JAzcEqB,1,0.46108,4
187,4947,BV1Yj411B7T6,1,BV1bwtfzPE96,1,0.50614,2
187,5419,BV1Yj411B7T6,1,BV1iLfNB9EeR,1,0.52431,2
187,5844,BV1Yj411B7T6,1,BV1Gfm9BbERE,1,0.48703,4
188,3080,BV1cP41147xD,1,BV1ERmLYMECV,1,0.38922,4
188,4677,BV1cP41147xD,1,BV1cWYjzmEe3,1,0.3896,3
188,5144,BV1cP41147xD,1,BV1jQ8Jz5E3H,1,0.46573,1
188,5636,BV1cP41147xD,1,BV1aFzvBmE63,1,0.43658,2
189,648,BV1a44y1c77F,1,BV1v44y1m7Bp,1,0.41585,4
189,946,BV1a44y1c77F,1,BV1vY4y1z7Wo,1,0.45115,3
189,2570,BV1a44y1c77F,1,BV1tWrVYFEpo,1,0.45569,2
189,3602,BV1a44y1c77F,1,BV1em7AzfEjR,1,0.37947,4
189,4875,BV1a44y1c77F,1,BV17HTbzjEWT,1,0.46637,1
190,1031,BV1e84y1f7VV,1,BV1s3s6zeEqf,1,0.40001,2
190,2700,BV1e84y1f7VV,1,BV1bDqZYyEyc,1,0.39589,3
190,4175,BV1e84y1f7VV,1,BV1FdwQe5Efn,1,0.42385,1
190,5401,BV1e84y1f7VV,1,BV1Q4ftByEsG,1,0.39534,2
191,974,BV1tr4y1d7U8,1,BV18F411t7CC,1,0.45213,3
191,1045,BV1tr4y1d7U8,1,BV1WTxgzUEYn,1,0.43144,4
191,1186,BV1tr4y1d7U8,1,BV1iy421a7vo,1,0.48927,2
191,1666,BV1tr4y1d7U8,1,BV1cw411n7tr,1,0.51577,4
191,1707,BV1tr4y1d7U8,1,BV1DG411S7UY,1,0.63072,1
191,2917,BV1tr4y1d7U8,1,BV14ZmZYKEJv,1,0.52603,2
191,4550,BV1tr4y1d7U8,1,BV1Fdn3zTEpu,1,0.51308,2
191,5642,BV1tr4y1d7U8,1,BV1Msz3BVEDx,1,0.52887,2
192,548,BV1fV4y1U7TS,1,BV1Na4y1w7nY,1,0.43689,1
192,1393,BV1fV4y1U7TS,1,BV1FT4y1H752,1,0.42476,2
192,4256,BV1fV4y1U7TS,1,BV1xKFzeGERG,1,0.41719,4
192,4852,BV1fV4y1U7TS,1,BV18LebzvEo5,1,0.42541,2
193,814,BV1au4y197CD,1,BV1Xg41167A6,1,0.36578,3
193,1284,BV1au4y197CD,1,BV1kQ4y1j7sy,1,0.36697,2
193,4682,BV1au4y197CD,1,BV1mvaozqEWV,1,0.42234,1
193,4973,BV1au4y197CD,1,BV1bQt9zsEqA,1,0.35775,4
194,637,BV1xz4y1g7k3,1,BV13P411M737,1,0.55749,1
194,1134,BV1xz4y1g7k3,1,BV1nH4y1Y7gu,1,0.52816,1
194,1213,BV1xz4y1g7k3,1,BV1CK421y7aN,1,0.47476,2
194,1524,BV1xz4y1g7k3,1,BV1db4y1G7vH,1,0.43926,4
194,3961,BV1xz4y1g7k3,1,BV1Sqo8YEEEP,1,0.41356,2
195,809,BV19u4y1X7qZ,1,BV1Ce4y1f72C,1,0.38584,4
195,1656,BV19u4y1X7qZ,1,BV1oa4y1o7dY,1,0.42536,2
195,1732,BV19u4y1X7qZ,1,BV1H8411r74n,1,0.41358,3
195,2444,BV19u4y1X7qZ,1,BV1JsULBAED5,2,0.47237,1
195,2638,BV19u4y1X7qZ,1,BV1FGCnYBEKm,1,0.40396,4
196,730,BV1aN411Y7Xd,1,BV1hg411e7H6,1,0.38695,3
196,3350,BV1aN411Y7Xd,1,BV1PZpMe2ENo,1,0.41883,1
196,4301,BV1aN411Y7Xd,1,BV1NtfnYHEFx,1,0.41194,2
196,5838,BV1aN411Y7Xd,1,BV1SRmwBgEJE,1,0.37995,4
197,2071,BV1Hu4y1d7K2,1,BV1zs421g7JX,1,0.38104,4
197,2868,BV1Hu4y1d7K2,1,BV1qCBBYrEp8,1,0.48132,1
197,3407,BV1Hu4y1d7K2,1,BV1Z7m2BVEtv,1,0.46725,2
197,5163,BV1Hu4y1d7K2,1,BV1WN8AzrE2i,1,0.43889,4
197,5502,BV1Hu4y1d7K2,1,BV19oZKBDEBM,1,0.44454,2
198,983,BV1j94y1k7kT,1,BV1Hb4y1s7AX,1,0.54112,1
198,1552,BV1j94y1k7kT,1,BV1Yg4y1C79Z,1,0.45722,4
198,1698,BV1j94y1k7kT,1,BV1Aw411K7mt,1,0.46235,3
198,2407,BV1j94y1k7kT,1,BV1Fj421X734,1,0.48442,1
198,4131,BV1j94y1k7kT,1,BV13UPKeuEmi,1,0.47771,3
198,4733,BV1j94y1k7kT,1,BV1ujazzoEJa,1,0.42957,3
198,4817,BV1j94y1k7kT,1,BV1Cye2zBEAN,1,0.46761,4
198,5151,BV1j94y1k7kT,1,BV1uF85zyEFA,1,0.42255,4
198,5173,BV1j94y1k7kT,1,BV1Ed3MzTE6B,1,0.45842,3
199,368,BV1jr4y1Z7o4,1,BV1bm4y177Xr,1,0.55286,2
199,637,BV1jr4y1Z7o4,1,BV13P411M737,1,0.56115,1
199,1091,BV1jr4y1Z7o4,1,BV1Ku4m1K7Hs,1,0.40291,3
199,1931,BV1jr4y1Z7o4,1,BV1gV411P7ZK,1,0.46637,2
199,2270,BV1jr4y1Z7o4,1,BV1qx4y1C7jB,1,0.44518,2
199,2612,BV1jr4y1Z7o4,1,BV1xd6hYMENF,3,0.41898,2
199,2852,BV1jr4y1Z7o4,1,BV1ckzAYJEaZ,1,0.52762,1
199,3189,BV1jr4y1Z7o4,1,BV1rbxheyEaZ,1,0.5365,1
199,3654,BV1jr4y1Z7o4,1,BV1JfE9z7ECC,1,0.44089,2
199,3804,BV1jr4y1Z7o4,1,BV1FcdSYQETU,1,0.39915,3
199,4065,BV1jr4y1Z7o4,1,BV19q9BY6E2E,1,0.56987,1
199,4691,BV1jr4y1Z7o4,1,BV1C9YGz6EwJ,1,0.55777,1
199,5136,BV1jr4y1Z7o4,1,BV1AzhAzGEoD,1,0.39994,1
199,5822,BV1jr4y1Z7o4,1,BV1GtqjBfEV1,1,0.43708,2
200,641,BV1Uu411E7oT,1,BV1LG411N7RB,1,0.54829,4
200,754,BV1Uu411E7oT,1,BV1ee4y1e7uk,1,0.54821,1
200,2307,BV1Uu411E7oT,1,BV1xz421d7oq,1,0.58812,3
200,3729,BV1Uu411E7oT,1,BV1eYVizCEDi,1,0.72725,1
200,4310,BV1Uu411E7oT,1,BV1PWFseeEJg,1,0.41156,4
200,4742,BV1Uu411E7oT,1,BV1QSaAztEwP,1,0.48749,3
200,5091,BV1Uu411E7oT,1,BV1cxtMz1E6Z,1,0.45733,3
200,5316,BV1Uu411E7oT,1,BV1uqw8z4EfC,1,0.59905,2
201,656,BV1n8411d79q,1,BV1C14y1E7pP,1,0.52115,1
201,2901,BV1n8411d79q,1,BV1KJUaYcEBe,1,0.49942,2
201,3185,BV1n8411d79q,1,BV1xJxheQESG,1,0.48013,3
201,3302,BV1n8411d79q,1,BV1en4femE9c,1,0.48007,4
202,583,BV1mm4y1p7xN,1,BV1FX4y1U7zA,1,0.39444,3
202,2253,BV1mm4y1p7xN,1,BV17w4m1Z7Hy,1,0.39322,4
202,3351,BV1mm4y1p7xN,1,BV1PZpMe2ENo,2,0.42331,1
202,3622,BV1mm4y1p7xN,1,BV14Uj1zNEBg,1,0.41373,2
203,1214,BV1S84y1Z7FV,1,BV1My421a7ZB,1,0.48661,4
203,1849,BV1S84y1Z7FV,1,BV1434y1A7VF,1,0.4402,4
203,1995,BV1S84y1Z7FV,1,BV1KJveeQEgf,1,0.46058,4
203,2833,BV1S84y1Z7FV,1,BV1jLzjYLEFj,1,0.54562,2
203,2847,BV1S84y1Z7FV,1,BV1xYBQYdEoH,1,0.43101,3
203,3064,BV1S84y1Z7FV,1,BV1W1CoYDEx9,1,0.56344,1
203,5238,BV1S84y1Z7FV,1,BV1bV3Ez2Eyk,1,0.63893,1
203,5751,BV1S84y1Z7FV,1,BV1V1vvBGEDW,1,0.51189,3
203,5826,BV1S84y1Z7FV,1,BV1wZUfBbEs2,1,0.60628,1
204,339,BV1vm4y1p7aY,1,BV1Gs41157VV,1,0.41711,3
204,1080,BV1vm4y1p7aY,1,BV15Z421B7uV,1,0.38858,4
204,1251,BV1vm4y1p7aY,1,BV1fg4y127bx,1,0.43488,1
204,2251,BV1vm4y1p7aY,1,BV1Jx421k7AD,1,0.43224,2
204,4511,BV1vm4y1p7aY,1,BV1RcHxzPEuA,1,0.41631,4
205,881,BV1GW4y1d7tk,1,BV1GB4y1B7g2,1,0.48483,1
205,2239,BV1GW4y1d7tk,1,BV1fJ4m177bE,1,0.47688,3
205,4136,BV1GW4y1d7tk,1,BV1nhAeehEKP,1,0.51962,1
205,5264,BV1GW4y1d7tk,1,BV1Kqu5zoEAv,1,0.46339,4
206,1449,BV1Gp4y1g7Gq,1,BV1ae411z7D2,1,0.3773,1
206,4471,BV1Gp4y1g7Gq,1,BV1Lvxjz9EFP,1,0.36222,4
206,5018,BV1Gp4y1g7Gq,1,BV1qjbLzZEP4,1,0.36305,3
206,5094,BV1Gp4y1g7Gq,1,BV1W1huzaEok,1,0.37667,2
207,2640,BV1Zr4y1o7k1,1,BV1cPCrYeEKP,1,0.36182,1
207,2696,BV1Zr4y1o7k1,1,BV1fnB5YuE2T,1,0.33744,3
207,4533,BV1Zr4y1o7k1,1,BV1acn7zME5X,1,0.33262,4
207,5561,BV1Zr4y1o7k1,1,BV1REcbzdEcf,1,0.34155,2
208,453,BV1Su411E7ec,1,BV1Hh4y1y7He,1,0.43342,2
208,590,BV1Su411E7ec,1,BV1qP411F7Qx,1,0.46278,2
208,1821,BV1Su411E7ec,1,BV1Th4y1B7pN,1,0.4887,1
208,2238,BV1Su411E7ec,1,BV1DQ4y157go,1,0.37836,1
208,2414,BV1Su411E7ec,1,BV1b6421M77u,1,0.40958,4
208,2971,BV1Su411E7ec,1,BV1zVD1YbEny,1,0.44966,3
208,3492,BV1Su411E7ec,1,BV1njM2zqEde,1,0.38926,4
209,2221,BV1Gm4y177t7,1,BV1xx421S7Ys,1,0.44032,3
209,2762,BV1Gm4y177t7,1,BV1YtzaYHERP,1,0.46976,2
209,3729,BV1Gm4y177t7,1,BV1eYVizCEDi,1,0.43628,4
209,4736,BV1Gm4y177t7,1,BV1PCaVzVETV,1,0.5296,1
210,1146,BV1m8411R7os,1,BV1ry421h7nt,1,0.50403,1
210,2349,BV1m8411R7os,1,BV1L4421c7AR,1,0.49874,2
210,4226,BV1m8411R7os,1,BV1NfNGeSEML,1,0.49864,3
210,4727,BV1m8411R7os,1,BV1u6h1zrEdR,1,0.4485,3
211,283,BV1br4y1Z7A7,1,BV1xu411E7vo,1,0.52785,1
211,868,BV1br4y1Z7A7,1,BV1ov4y1T7BK,1,0.40876,1
211,998,BV1br4y1Z7A7,1,BV1FUyxBQEXU,1,0.49891,1
211,1195,BV1br4y1Z7A7,1,BV1aJ4m1b7Rv,1,0.47163,4
211,1274,BV1br4y1Z7A7,1,BV1Lk4y1Q7cW,1,0.50059,2
211,1895,BV1br4y1Z7A7,1,BV15K4y1w72A,1,0.49389,4
211,2141,BV1br4y1Z7A7,1,BV1pT421C75w,1,0.44431,3
211,2755,BV1br4y1Z7A7,1,BV1rbz6YXEMr,1,0.47052,2
211,4229,BV1br4y1Z7A7,1,BV15xNVewEiP,1,0.44533,1
211,4886,BV1br4y1Z7A7,1,BV1pXYyzhEMy,1,0.36439,3
212,982,BV1Fp4y1g7HE,1,BV1NY411n7gw,1,0.51372,1
212,1378,BV1Fp4y1g7HE,1,BV1eQ4y1j7pJ,1,0.47922,2
212,1706,BV1Fp4y1g7HE,1,BV1ca4y1U7DP,1,0.37995,1
212,1991,BV1Fp4y1g7HE,1,BV1rPCbBsEub,1,0.39958,4
212,2269,BV1Fp4y1g7HE,1,BV1sH4y1p7Dy,1,0.46435,4
212,2348,BV1Fp4y1g7HE,1,BV1WS421A7wT,1,0.43036,2
212,4933,BV1Fp4y1g7HE,1,BV1duJ6zME1X,1,0.44567,2
212,5752,BV1Fp4y1g7HE,1,BV1V1vvBGEDW,2,0.48956,2
213,739,BV1cX4y1x7Bk,1,BV1iD4y1C7VQ,1,0.49177,4
213,789,BV1cX4y1x7Bk,1,BV1oG4y1674W,1,0.49642,3
213,1245,BV1cX4y1x7Bk,1,BV1o3411p7ct,1,0.37296,4
213,2598,BV1cX4y1x7Bk,1,BV12i6RYMENw,1,0.50452,2
213,2870,BV1cX4y1x7Bk,1,BV1UgBCYzE4T,1,0.50811,1
214,1104,BV1W94y1k7bK,1,BV1AU421o7q7,1,0.48298,2
214,1585,BV1W94y1k7bK,1,BV13g4y117Sb,1,0.44752,3
214,1853,BV1W94y1k7bK,1,BV1aN4y1Z78L,1,0.44368,2
214,2373,BV1W94y1k7bK,1,BV1sj421D7q2,1,0.36437,4
214,5092,BV1W94y1k7bK,1,BV19MtAzQEfk,1,0.48337,1
215,1315,BV1Vu4y1d7RR,1,BV1f5411C7mu,1,0.42388,4
215,1819,BV1Vu4y1d7RR,1,BV1gy4y1K7z2,1,0.44215,2
215,1997,BV1Vu4y1d7RR,1,BV1kceme7EJL,1,0.36406,4
215,2543,BV1Vu4y1d7RR,1,BV1stcGeTEuu,1,0.4317,3
215,2548,BV1Vu4y1d7RR,1,BV1Sj411P7w5,1,0.40989,2
215,4482,BV1Vu4y1d7RR,1,BV175xMzKEiH,1,0.45396,1
216,770,BV1Du4y1i7eB,1,BV1nd4y127ge,1,0.47583,2
216,891,BV1Du4y1i7eB,1,BV1Ja411n7ao,1,0.40051,1
216,1704,BV1Du4y1i7eB,1,BV18Q4y1p7bm,1,0.47453,3
216,3553,BV1Du4y1i7eB,1,BV1wcTezKECR,1,0.47036,4
216,3634,BV1Du4y1i7eB,1,BV1CejHz4EjH,1,0.38255,4
216,4551,BV1Du4y1i7eB,1,BV1Fdn3zTEpu,2,0.52539,1
217,1262,BV1jF411Z7j3,1,BV1Gc411v7Bd,1,0.42083,4
217,1457,BV1jF411Z7j3,1,BV1bT4y1W7Lb,1,0.4756,1
217,2633,BV1jF411Z7j3,1,BV1EAk9YfEw1,1,0.43805,2
217,4265,BV1jF411Z7j3,1,BV1w5FEejEv3,1,0.431,3
217,5800,BV1jF411Z7j3,1,BV1dTm6BdEK3,1,0.3765,3
218,1468,BV1xV4y1Y7YJ,1,BV1gp4y1R7kj,1,0.51046,1
218,3200,BV1xV4y1Y7YJ,1,BV1eoxNe8Ef2,1,0.45544,4
218,3705,BV1xV4y1Y7YJ,1,BV1cBVZzSEcU,1,0.46799,3
218,3711,BV1xV4y1Y7YJ,1,BV1bdVhzpEWM,1,0.47499,2
218,4282,BV1xV4y1Y7YJ,1,BV1aSFLeREkr,1,0.36153,4
218,4493,BV1xV4y1Y7YJ,1,BV18VxnzsEdD,1,0.40994,2
218,5084,BV1xV4y1Y7YJ,1,BV16Ch5zME5r,1,0.38136,2
219,815,BV1iX4y1j7SF,1,BV1YT411w7KM,1,0.41471,3
219,3009,BV1iX4y1j7SF,1,BV1WsS7YWE6Z,1,0.50355,3
219,3247,BV1iX4y1j7SF,1,BV1sHtCedEFP,1,0.4731,1
219,3354,BV1iX4y1j7SF,1,BV1CNpweoEu7,1,0.52026,2
219,4046,BV1iX4y1j7SF,1,BV1QCArevEkv,1,0.48052,2
219,4083,BV1iX4y1j7SF,1,BV1VWwSetEb2,1,0.44646,4
219,4397,BV1iX4y1j7SF,1,BV1w5WCzKEKQ,1,0.49648,1
219,4816,BV1iX4y1j7SF,1,BV1PYeJzwE76,1,0.39785,4
219,5420,BV1iX4y1j7SF,1,BV1WbfJB3ENL,1,0.55967,1
220,1014,BV18F411Z7ja,1,BV1q7yzBJEdv,1,0.47536,4
220,1347,BV18F411Z7ja,1,BV1sT4y1h7kY,1,0.41601,2
220,1395,BV18F411Z7ja,1,BV1jN4y1i7MV,1,0.51106,1
220,1519,BV18F411Z7ja,1,BV1Yw41147rP,1,0.50814,2
220,1578,BV18F411Z7ja,1,BV1QN4y1b7Xy,1,0.4456,4
220,5421,BV18F411Z7ja,1,BV1XGfgBcEE5,1,0.3914,3
221,276,BV1RV41137aR,1,BV1LV4y1Y7sK,1,0.46361,1
221,1321,BV1RV41137aR,1,BV1vW4y1F7mW,1,0.41635,3
221,1534,BV1RV41137aR,1,BV1Fe411C7T9,1,0.3488,4
221,1785,BV1RV41137aR,1,BV14Q4y1H7Vc,1,0.44761,4
221,3561,BV1RV41137aR,1,BV1ZrTtzCENf,1,0.45225,2
221,5310,BV1RV41137aR,1,BV1LEwAzREk3,1,0.45161,3
222,586,BV1YP411x7X8,1,BV1H8411J7m8,1,0.40919,4
222,2058,BV1YP411x7X8,1,BV1LJ4m1u7jN,1,0.42676,1
222,3249,BV1YP411x7X8,1,BV1bjtfe5Efh,1,0.42369,2
222,3387,BV1YP411x7X8,1,BV1G2nReXEmV,1,0.41719,3
222,5661,BV1YP411x7X8,1,BV15riTBNEhw,1,0.38734,4
223,295,BV1jF411Z7W4,1,BV1eD4y1B7rA,1,0.44211,2
223,401,BV1jF411Z7W4,1,BV1dW411q7MU,1,0.40631,4
223,732,BV1jF411Z7W4,1,BV1gG4y1H7eS,1,0.39063,2
223,2593,BV1jF411Z7W4,1,BV1S46RY5EAN,1,0.47934,1
223,3407,BV1jF411Z7W4,1,BV1Z7m2BVEtv,1,0.4396,3
223,3450,BV1jF411Z7W4,1,BV17VKDzMEnh,1,0.39763,3
223,5666,BV1jF411Z7W4,1,BV1EN6QBGEXC,1,0.43856,4
224,681,BV1Ku4y1d7Xy,1,BV1mY411o7fy,1,0.52371,3
224,1612,BV1Ku4y1d7Xy,1,BV1hH4y1k7Yb,1,0.53794,3
224,1797,BV1Ku4y1d7Xy,1,BV1tN411W7Qj,1,0.59317,1
224,2126,BV1Ku4y1d7Xy,1,BV1kT421D7YQ,1,0.62996,4
224,2325,BV1Ku4y1d7Xy,1,BV1xK421x7wy,1,0.58903,3
224,3343,BV1Ku4y1d7Xy,1,BV16Tp3e7En6,1,0.63987,3
224,4749,BV1Ku4y1d7Xy,1,BV1kaajz7EkA,1,0.64158,2
224,4836,BV1Ku4y1d7Xy,1,BV1C1ejzxERZ,1,0.64621,1
224,5766,BV1Ku4y1d7Xy,1,BV1ewB9BNERe,1,0.49174,4
224,5788,BV1Ku4y1d7Xy,1,BV1oW2yBqE8f,1,0.47559,4
224,5795,BV1Ku4y1d7Xy,1,BV1o8B4BcEEf,1,0.58131,1
225,468,BV1Ku4y1d7Xy,2,BV1PW4y1o7ku,1,0.38214,3
225,778,BV1Ku4y1d7Xy,2,BV1Be411j7S2,1,0.37278,4
225,2301,BV1Ku4y1d7Xy,2,BV1vi421o7A3,1,0.40171,1
225,3609,BV1Ku4y1d7Xy,2,BV1xkjrzXEvV,1,0.34728,2
225,3866,BV1Ku4y1d7Xy,2,BV1RRd6YXEx6,1,0.39491,1
226,333,BV1qV41137fp,1,BV1zo4y157AX,1,0.4696,1
226,1958,BV1qV41137fp,1,BV1bN411v75G,1,0.41703,3
226,2853,BV1qV41137fp,1,BV1ZGBHYZERU,1,0.42719,3
226,3240,BV1qV41137fp,1,BV1cotUeTEkN,1,0.46628,2
226,3986,BV1qV41137fp,1,BV1ErXKY9EmK,1,0.39326,3
226,5526,BV1qV41137fp,1,BV1vA6wB8E7D,1,0.35508,3
227,673,BV1Wp4y1g7q8,1,BV1G14y1n7x8,1,0.42552,4
227,1075,BV1Wp4y1g7q8,1,BV1spWrekEbL,1,0.45298,2
227,2009,BV1Wp4y1g7q8,1,BV1LRvkefE2A,1,0.51682,1
227,2431,BV1Wp4y1g7q8,1,BV115UPBuEqu,1,0.43366,3
227,3112,BV1Wp4y1g7q8,1,BV1CD23YhEbv,1,0.41138,1
228,834,BV1G44y1A7yz,1,BV1Za4y1f7yU,1,0.32,4
228,919,BV1G44y1A7yz,1,BV1cW4y1C7xr,1,0.5045,4
228,3213,BV1G44y1A7yz,1,BV1SvpweTE3Q,1,0.51486,3
228,3334,BV1G44y1A7yz,1,BV1ZnHXeRE4r,1,0.53935,1
228,5572,BV1G44y1A7yz,1,BV1yyFozUEch,1,0.5927,1
229,1334,BV1gV4y1Y7Ge,1,BV1vT4y1b7xS,1,0.4472,2
229,2909,BV1gV4y1Y7Ge,1,BV1UEUeYBERN,1,0.44091,3
229,3487,BV1gV4y1Y7Ge,1,BV12QN8zoEdN,1,0.50383,1
229,4541,BV1gV4y1Y7Ge,1,BV1wnWVzSErT,1,0.43095,4
230,423,BV1X14y1q7hq,1,BV1kW4y1d7zz,1,0.52918,4
230,1074,BV1X14y1q7hq,1,BV1X4WkeZEfY,1,0.47182,1
230,1513,BV1X14y1q7hq,1,BV1di4y187sx,1,0.58965,2
230,2493,BV1X14y1q7hq,1,BV1TRwAeDEyQ,1,0.40267,4
230,2532,BV1X14y1q7hq,1,BV16ScXeVEEg,1,0.52872,1
230,2577,BV1X14y1q7hq,1,BV1oHB5YBEow,1,0.44681,4
230,4197,BV1X14y1q7hq,1,BV1wEK5eSEA1,1,0.40935,4
230,4363,BV1X14y1q7hq,1,BV12jf8YSE5P,1,0.48366,1
230,4806,BV1X14y1q7hq,1,BV1WCe2zuEPG,1,0.37453,4
230,4821,BV1X14y1q7hq,1,BV11KeXzZE5D,1,0.5599,2
230,5103,BV1X14y1q7hq,1,BV1Cqh5zGE17,1,0.61848,1
230,5216,BV1X14y1q7hq,1,BV1VRudzxESE,1,0.44301,4
230,5537,BV1X14y1q7hq,1,BV1Y2cnzvE5K,1,0.41906,1
230,5643,BV1X14y1q7hq,1,BV1iukaBREGK,1,0.36097,4
231,1042,BV1x14y1v7wB,1,BV1gTsHzsERr,1,0.40446,1
231,3103,BV1x14y1v7wB,1,BV1Si2aYhEm2,1,0.46221,1
231,5678,BV1x14y1v7wB,1,BV1MDrPBFEnB,1,0.41503,2
232,1900,BV1N84y1f7gS,1,BV1p54y1Y7MB,1,0.55404,1
232,2078,BV1N84y1f7gS,1,BV1My411a7wC,1,0.68913,1
232,2173,BV1N84y1f7gS,1,BV1wZ421E7PT,1,0.49019,1
232,2372,BV1N84y1f7gS,1,BV1Rp421R7Xz,1,0.51366,3
232,2590,BV1N84y1f7gS,1,BV1RK6UYeE5z,1,0.68128,1
232,2721,BV1N84y1f7gS,1,BV1ziqtYkEaH,1,0.67296,3
232,3547,BV1N84y1f7gS,1,BV1Y1TWzsE6B,1,0.6281,2
232,3890,BV1N84y1f7gS,1,BV1cTfKYzEbN,1,0.64363,3
232,4334,BV1N84y1f7gS,1,BV1j3ffY2E9S,1,0.50241,4
232,5445,BV1N84y1f7gS,1,BV1JoZZBkE9N,1,0.64429,4
232,5784,BV1N84y1f7gS,1,BV1c1BTBJENn,1,0.4913,4
232,5789,BV1N84y1f7gS,1,BV1vqBMBCETk,1,0.63711,4
233,279,BV1Tj411B7xQ,1,BV1yF411f7aJ,1,0.38775,4
233,3475,BV1Tj411B7xQ,1,BV1TENizyEQa,1,0.4536,2
233,3737,BV1Tj411B7xQ,1,BV1rvVczsEfe,1,0.44489,3
233,4005,BV1Tj411B7xQ,1,BV1T3QNYaE8Q,1,0.38742,4
233,4865,BV1Tj411B7xQ,1,BV1vB7HzmEL9,1,0.49756,1
234,540,BV1dX4y1s7XP,1,BV1MX4y1e7wK,1,0.5608,1
234,1189,BV1dX4y1s7XP,1,BV1ST4m1S7Gv,1,0.35333,1
234,1518,BV1dX4y1s7XP,1,BV1WC4y1g7Vn,1,0.47375,2
234,5462,BV1dX4y1s7XP,1,BV1cpZXBhEZ2,1,0.47568,1
234,5474,BV1dX4y1s7XP,1,BV1fe63BFEyM,1,0.52926,1
234,5519,BV1dX4y1s7XP,1,BV17LFmzmEUg,1,0.53174,3
234,5750,BV1dX4y1s7XP,1,BV1UTmFBeEXn,1,0.54716,2
235,436,BV13N411z74K,1,BV1tP411y7dZ,1,0.50225,1
235,620,BV13N411z74K,1,BV1d84y1t7DU,1,0.60324,4
235,1679,BV13N411z74K,1,BV1RN4y127rt,1,0.63761,2
235,3888,BV13N411z74K,1,BV162dJYBEFx,1,0.45849,1
235,4170,BV13N411z74K,1,BV1WkwSeLEQg,1,0.71389,1
235,5033,BV13N411z74K,1,BV1yFbLzzEvU,1,0.60665,3
235,5834,BV13N411z74K,1,BV1XzScBEEqU,1,0.52692,3
236,535,BV1Fp4y1g74A,1,BV1FW4y1f7u1,1,0.53054,4
236,559,BV1Fp4y1g74A,1,BV1tk4y1T7xt,1,0.45568,3
236,1305,BV1Fp4y1g74A,1,BV13p4y1R7x3,1,0.54162,1
236,2201,BV1Fp4y1g74A,1,BV1rc411C7bC,1,0.51108,1
236,2249,BV1Fp4y1g74A,1,BV1Nx421Q7LG,1,0.51942,1
236,2527,BV1Fp4y1g74A,1,BV1qrcgeUEws,1,0.51517,1
236,2557,BV1Fp4y1g74A,1,BV17hc7e6Eer,1,0.61089,1
236,2815,BV1Fp4y1g74A,1,BV1B7DVYiE4M,1,0.48049,3
236,3374,BV1Fp4y1g74A,1,BV1b4HveZEn3,1,0.56192,2
236,4148,BV1Fp4y1g74A,1,BV1HKAHeFEK4,1,0.43993,2
237,885,BV1o8411R71t,1,BV1a44y1T7du,1,0.4539,3
237,2591,BV1o8411R71t,1,BV15t6SYuEQR,1,0.52657,2
237,2711,BV1o8411R71t,1,BV1opBGYFEcr,1,0.45112,3
237,3370,BV1o8411R71t,1,BV1PDHCe5EZU,1,0.54192,1
237,3524,BV1o8411R71t,1,BV1xajvzKEi1,1,0.50511,3
237,3535,BV1o8411R71t,1,BV1DNTWzQEp3,1,0.50274,4
237,5235,BV1o8411R71t,1,BV1hVKhziE6k,1,0.38418,1
237,5272,BV1o8411R71t,1,BV1diG3zrEGb,1,0.44455,1
238,518,BV1r44y1c7Lm,1,BV1pV4y127wT,1,0.53025,4
238,611,BV1r44y1c7Lm,1,BV1wM411z7pu,1,0.62412,1
238,774,BV1r44y1c7Lm,1,BV14d4y117FV,1,0.58378,2
238,928,BV1r44y1c7Lm,1,BV19S4y1B7Sh,1,0.55224,2
238,1739,BV1r44y1c7Lm,1,BV16H4y1B7yt,1,0.44374,4
238,5653,BV1r44y1c7Lm,1,BV17ukFBvEax,1,0.46232,2
238,5663,BV1r44y1c7Lm,1,BV1E2rvBPEGV,1,0.45211,2
239,747,BV1UX4y1s7bY,1,BV1Uv4y1S7za,1,0.44524,3
239,1920,BV1UX4y1s7bY,1,BV1aF411U7fA,1,0.45433,2
239,4674,BV1UX4y1s7bY,1,BV1RbY5zvE28,1,0.46737,1
239,5254,BV1UX4y1s7bY,1,BV16KMQzUE2W,1,0.42857,4
240,731,BV18V4y1Y7NM,1,BV1tg411B7ER,1,0.47615,2
240,1536,BV18V4y1Y7NM,1,BV1wc41117t4,1,0.44767,3
240,2451,BV18V4y1Y7NM,1,BV1j9ycB3ENV,1,0.54172,1
240,4028,BV18V4y1Y7NM,1,BV1v5RpYPEQF,1,0.37971,1
240,4195,BV18V4y1Y7NM,1,BV1ZrP9eEE5h,1,0.51496,3
240,5332,BV18V4y1Y7NM,1,BV1bmwRzdET9,1,0.45431,2
240,5406,BV18V4y1Y7NM,1,BV1h1fiBeEJA,1,0.50557,4
240,5631,BV18V4y1Y7NM,1,BV1RozfBdExN,1,0.54072,2
241,350,BV14z4y1g7W3,1,BV1sT4y1e7UF,1,0.38163,2
241,846,BV14z4y1g7W3,1,BV1hd4y1K7Nj,1,0.38226,2
241,1602,BV14z4y1g7W3,1,BV1PN4y1h7pC,1,0.3576,4
241,1959,BV14z4y1g7W3,1,BV1Uu411N7DK,1,0.35028,3
241,2840,BV14z4y1g7W3,1,BV1Edz8YsErv,1,0.3502,1
241,3217,BV14z4y1g7W3,1,BV1U2x7eRERp,1,0.39837,1
241,3904,BV14z4y1g7W3,1,BV1cEXrY4EbT,1,0.3884,2
241,5570,BV14z4y1g7W3,1,BV1B7cgzyEEk,1,0.37352,3
242,3005,BV1n8411R7J4,1,BV1mTS3YrE2k,1,0.3605,4
242,3434,BV1n8411R7J4,1,BV1RJSsBJEA4,1,0.41587,2
242,4026,BV1n8411R7J4,1,BV16tRGYyEp3,1,0.36681,3
242,4473,BV1n8411R7J4,1,BV1CzxLzwEph,1,0.43076,1
243,2115,BV12M4y1H7oA,1,BV1vE421G7AX,1,0.46562,1
243,2481,BV12M4y1H7oA,1,BV1exCyBxEC8,1,0.43337,2
243,2927,BV12M4y1H7oA,1,BV1WnUTYpETm,1,0.40572,3
243,4155,BV12M4y1H7oA,1,BV1MQAaeuE2B,1,0.42106,4
243,4777,BV12M4y1H7oA,1,BV17MhqzhEhn,1,0.4236,3
244,781,BV1694y1k7nx,1,BV1DS4y1A7a4,1,0.56189,2
244,899,BV1694y1k7nx,1,BV1f44y1J7mh,1,0.59391,1
244,2658,BV1694y1k7nx,1,BV1JKkdYvE1e,1,0.4369,3
244,3229,BV1694y1k7nx,1,BV1g6tDedE55,1,0.39035,4
245,672,BV1Uz4y1g761,1,BV1vG4y147L4,1,0.40974,1
245,1237,BV1Uz4y1g761,1,BV1fv421y7GY,1,0.52587,1
245,2186,BV1Uz4y1g761,1,BV1Fm421W7La,1,0.4783,2
245,2305,BV1Uz4y1g761,1,BV1Ft421G7gs,1,0.46114,4
245,3297,BV1Uz4y1g761,1,BV1BStMeSEt2,1,0.38955,3
245,4160,BV1Uz4y1g761,1,BV1G7PdeCETU,1,0.38318,1
245,5266,BV1Uz4y1g761,1,BV1zVGAzsEni,1,0.48629,2
246,447,BV18F411o71r,1,BV1Z8411m7DC,1,0.39627,1
246,1935,BV18F411o71r,1,BV1aX4y1o72y,1,0.35425,4
246,3253,BV18F411o71r,1,BV1hJt6e8Ezt,1,0.37392,3
246,5068,BV18F411o71r,1,BV1rqhGzeEKS,1,0.37774,2
247,442,BV1pm4y1p785,1,BV1Xx4y197th,1,0.43607,1
247,1783,BV1pm4y1p785,1,BV1pu4y1W7Fm,1,0.43268,2
247,1890,BV1pm4y1p785,1,BV1b8411y7sk,1,0.43,4
247,3088,BV1pm4y1p785,1,BV1vnmLYhEhM,1,0.42706,1
247,3738,BV1pm4y1p785,1,BV1X5VAz2EGn,1,0.43705,3
247,4256,BV1pm4y1p785,1,BV1xKFzeGERG,1,0.43792,1
247,5308,BV1pm4y1p785,1,BV12qksBpEG1,1,0.43755,2
248,619,BV1XX4y1L7WW,1,BV1WP4y1B7UR,1,0.53194,1
248,3043,BV1XX4y1L7WW,1,BV1tzy6YyEt4,1,0.48239,3
248,3264,BV1XX4y1L7WW,1,BV1gQtpeyEFg,1,0.46954,4
248,4517,BV1XX4y1L7WW,1,BV1WhJQzXEip,1,0.50626,1
249,361,BV1XX4y1L7WW,2,BV1Mj411r7c3,1,0.4215,2
249,3080,BV1XX4y1L7WW,2,BV1ERmLYMECV,1,0.50169,2
249,4364,BV1XX4y1L7WW,2,BV12jf8YSE5P,2,0.49305,1
249,5116,BV1XX4y1L7WW,2,BV1Wf8CzoEUG,1,0.50294,1
249,5196,BV1XX4y1L7WW,2,BV1r38AzqE79,1,0.49156,4
249,5279,BV1XX4y1L7WW,2,BV1zxGEzhE7w,1,0.35701,4
250,307,BV1vX4y1j7X6,1,BV1CK4y1D7yJ,1,0.48043,3
250,523,BV1vX4y1j7X6,1,BV1jm4y1n7Ge,1,0.52656,4
250,1019,BV1vX4y1j7X6,1,BV1DPH5zaESH,1,0.65454,1
250,1852,BV1vX4y1j7X6,1,BV1Xh4y167Hb,1,0.55883,4
250,3371,BV1vX4y1j7X6,1,BV1TsnfeWE3Z,1,0.54102,4
250,5377,BV1vX4y1j7X6,1,BV1DLfMBnEGd,1,0.58024,3
250,5453,BV1vX4y1j7X6,1,BV1qHfuBKEpV,1,0.58993,1
251,443,BV1f94y1C7wK,1,BV1yV4y1876n,1,0.47667,1
251,1018,BV1f94y1C7wK,1,BV1RwsZzeEHC,1,0.54941,3
251,1695,BV1f94y1C7wK,1,BV1Zw411N7wF,1,0.42762,3
251,2221,BV1f94y1C7wK,1,BV1xx421S7Ys,1,0.59226,1
251,2555,BV1f94y1C7wK,1,BV16grkYhEBJ,1,0.53819,4
251,2765,BV1f94y1C7wK,1,BV1uEzYY7Eom,1,0.45769,2
251,2815,BV1f94y1C7wK,1,BV1B7DVYiE4M,1,0.49388,2
251,3175,BV1f94y1C7wK,1,BV18m4AeQEhw,1,0.39956,3
251,3619,BV1f94y1C7wK,1,BV1EHjRzyEPn,1,0.47061,4
251,4813,BV1f94y1C7wK,1,BV1vdeyzpEDy,1,0.48623,1
251,4917,BV1f94y1C7wK,1,BV18obazvEfx,1,0.48085,4
251,4964,BV1f94y1C7wK,1,BV1ezt9zYE93,1,0.42623,4
251,5186,BV1f94y1C7wK,1,BV18K8uzNEgU,1,0.41553,4
251,5450,BV1f94y1C7wK,1,BV12LZaByELD,1,0.59223,1
251,5669,BV1f94y1C7wK,1,BV1vcr6BuENM,1,0.56255,2
252,619,BV1J84y1f7S4,1,BV1WP4y1B7UR,1,0.46416,4
252,1993,BV1J84y1f7S4,1,BV1aoCsBYEUa,1,0.41962,3
252,2818,BV1J84y1f7S4,1,BV1nezHYqERH,1,0.52088,1
252,2878,BV1J84y1f7S4,1,BV1KGUDYmE5W,1,0.46228,1
252,3121,BV1J84y1f7S4,1,BV1vZijeRE6d,1,0.50198,2
252,4058,BV1J84y1f7S4,1,BV14Q94YhEc1,1,0.40897,4
252,5587,BV1J84y1f7S4,1,BV17vFZzyEvp,1,0.46489,3
253,353,BV1Y94y1k7RY,1,BV1ZZ4y1y7mp,1,0.55832,2
253,814,BV1Y94y1k7RY,1,BV1Xg41167A6,1,0.48249,4
253,877,BV1Y94y1k7RY,1,BV12V4y1n7Y3,1,0.45389,2
253,1468,BV1Y94y1k7RY,1,BV1gp4y1R7kj,1,0.53636,2
253,1630,BV1Y94y1k7RY,1,BV1bu4y1G7oJ,1,0.49669,2
253,2187,BV1Y94y1k7RY,1,BV1sT421X73X,1,0.48088,3
253,2514,BV1Y94y1k7RY,1,BV1X3wEeNE4o,1,0.54278,3
253,2844,BV1Y94y1k7RY,1,BV1uGzhYCERS,1,0.49904,1
253,3204,BV1Y94y1k7RY,1,BV1vTt4ecEfR,1,0.49107,2
253,3325,BV1Y94y1k7RY,1,BV1nipteaEm2,1,0.48717,3
253,4471,BV1Y94y1k7RY,1,BV1Lvxjz9EFP,1,0.56979,1
253,4548,BV1Y94y1k7RY,1,BV11gnLzWE4i,1,0.51387,1
253,4695,BV1Y94y1k7RY,1,BV1aVYVzoE6P,2,0.53779,4
253,5436,BV1Y94y1k7RY,1,BV1T4ZKBGEZx,1,0.50416,4
253,5629,BV1Y94y1k7RY,1,BV1BK67BCEGu,1,0.43929,3
253,5761,BV1Y94y1k7RY,1,BV116bKznERC,1,0.40137,4
254,1704,BV1yV41137AD,1,BV18Q4y1p7bm,1,0.46706,1
254,5293,BV1yV41137AD,1,BV15egQz7E7D,1,0.46311,1
254,5487,BV1yV41137AD,1,BV1y6ZMBgEc2,1,0.43778,4
255,861,BV1PN411h7MH,1,BV1y14y1b7vj,1,0.50104,2
255,1431,BV1PN411h7MH,1,BV1wt4y1f7ra,1,0.49013,1
255,2471,BV1PN411h7MH,1,BV1C5C5BHEdZ,1,0.45698,4
255,2547,BV1PN411h7MH,1,BV1pYcWeaESc,1,0.55811,1
255,2682,BV1PN411h7MH,1,BV1EBkKY8E54,1,0.44778,3
255,4612,BV1PN411h7MH,1,BV1HtpezrEre,1,0.44433,1
256,1785,BV1D8411R79e,1,BV14Q4y1H7Vc,1,0.47806,4
256,2334,BV1D8411R79e,1,BV1Wx42117XN,1,0.49087,1
256,4086,BV1D8411R79e,1,BV1fiNZewEd6,1,0.39835,3
256,4108,BV1D8411R79e,1,BV1qDPve8E1y,1,0.36448,2
256,4125,BV1D8411R79e,1,BV1UDACeBEZ5,1,0.42557,2
257,333,BV1614y1q7Q8,1,BV1zo4y157AX,1,0.3844,1
257,2871,BV1614y1q7Q8,1,BV1kxBeYqEA8,1,0.36002,2
257,3690,BV1614y1q7Q8,1,BV1NYEszkEF5,1,0.35905,3
257,3806,BV1614y1q7Q8,1,BV1pKRBYREMB,1,0.34342,4
258,1112,BV1Zr4y1o7yS,1,BV12a4y1277m,1,0.36847,4
258,1158,BV1Zr4y1o7yS,1,BV15H4y1h7sN,1,0.3765,3
258,2998,BV1Zr4y1o7yS,1,BV16NSZYbEz4,1,0.38103,2
258,5635,BV1Zr4y1o7yS,1,BV1HzzeBwEXJ,1,0.39689,1
259,379,BV1Z8411R7tp,1,BV1hx411o7h5,1,0.4116,2
259,1504,BV1Z8411R7tp,1,BV1Mw411t77k,1,0.45071,1
259,1546,BV1Z8411R7tp,1,BV1hu4y1J7YV,1,0.41013,3
259,3958,BV1Z8411R7tp,1,BV1egZNY9EQh,1,0.40885,4
259,5634,BV1Z8411R7tp,1,BV1PVzYBcE3a,1,0.32267,4
260,933,BV1zu4y1B7Nd,1,BV1H34y1E7PH,1,0.36911,4
260,1242,BV1zu4y1B7Nd,1,BV1ze411v7ow,1,0.56697,2
260,2132,BV1zu4y1B7Nd,1,BV1BD421P7xF,1,0.43293,2
260,2457,BV1zu4y1B7Nd,1,BV1jzyPBEEw6,1,0.58567,2
260,3157,BV1zu4y1B7Nd,1,BV1uVteegEEm,1,0.58671,1
260,3219,BV1zu4y1B7Nd,1,BV16kxjezExZ,1,0.54252,3
260,3245,BV1zu4y1B7Nd,1,BV15tt2eEEKu,1,0.51496,1
260,5014,BV1zu4y1B7Nd,1,BV1wPbVzFEn7,1,0.4611,1
261,659,BV1zP411W7sR,1,BV1Jg411B7Bh,1,0.47573,4
261,1912,BV1zP411W7sR,1,BV1dj411k7nz,1,0.37974,3
261,5493,BV1zP411W7sR,1,BV19VFXzWEni,1,0.38003,3
261,5546,BV1zP411W7sR,1,BV1MiZHBHE2j,1,0.50155,1
261,5728,BV1zP411W7sR,1,BV1k7v9BVE8f,1,0.48304,3
261,5812,BV1zP411W7sR,1,BV1JJmzBfEUY,1,0.49715,2
262,436,BV19F411o7Xr,1,BV1tP411y7dZ,1,0.44565,2
262,1312,BV19F411o7Xr,1,BV1yT4y1b7yH,1,0.64479,3
262,2068,BV19F411o7Xr,1,BV12M4m1U7zk,1,0.64447,4
262,2340,BV19F411o7Xr,1,BV1sZ42127Xh,1,0.67274,2
262,2611,BV19F411o7Xr,1,BV1xd6hYMENF,2,0.62003,4
262,2625,BV19F411o7Xr,1,BV19BBEYVEQs,1,0.68228,1
262,2993,BV19F411o7Xr,1,BV1ew1eYzEd9,1,0.63458,3
263,518,BV1M84y1f7L1,1,BV1pV4y127wT,1,0.50098,2
263,2657,BV1M84y1f7L1,1,BV18nCjY1E1H,1,0.47125,3
263,3781,BV1M84y1f7L1,1,BV1TbL6zSE15,1,0.5075,1
263,4911,BV1M84y1f7L1,1,BV1MWtUzuEkJ,1,0.4658,4
264,932,BV1dN41187jx,1,BV1NL4y1c7Tg,1,0.43706,2
264,1322,BV1dN41187jx,1,BV14a4y1k7df,1,0.52197,4
264,1818,BV1dN41187jx,1,BV16Q4y1s7ZG,1,0.47731,2
264,2313,BV1dN41187jx,1,BV19D42177M2,1,0.5263,3
264,2951,BV1dN41187jx,1,BV1yoD6Y9EwS,1,0.36028,3
264,3288,BV1dN41187jx,1,BV1qZ4SehEGZ,1,0.51647,2
264,3299,BV1dN41187jx,1,BV1DdnoeWEPw,1,0.52741,2
264,3629,BV1dN41187jx,1,BV1Woj1zfEWy,1,0.46866,2
264,3825,BV1dN41187jx,1,BV1KLL8zUEhS,1,0.50258,4
264,3864,BV1dN41187jx,1,BV1ihdzYnEHu,1,0.58524,1
264,5255,BV1dN41187jx,1,BV1pyM9zhEzw,1,0.45371,2
264,5515,BV1dN41187jx,1,BV1seZQBPE2j,1,0.52612,3
264,5589,BV1dN41187jx,1,BV1WFFpzQEHh,1,0.43753,3
265,474,BV1LV4y1Y711,1,BV1pX4y1Y7jH,1,0.48399,2
265,2154,BV1LV4y1Y711,1,BV1QZ421j7sA,1,0.44667,3
265,2245,BV1LV4y1Y711,1,BV1oJ4m1h7AW,1,0.51962,1
265,4009,BV1LV4y1Y711,1,BV19uQpYdErb,1,0.47839,3
265,4571,BV1LV4y1Y711,1,BV1TsnAzxETo,1,0.3496,3
265,4614,BV1LV4y1Y711,1,BV1LCpizuEoP,1,0.47222,4
266,753,BV1S94y1v7WS,1,BV1RP4y127Wa,1,0.45357,2
266,942,BV1S94y1v7WS,1,BV1pA4y1X7p6,1,0.59521,3
266,1521,BV1S94y1v7WS,1,BV1wj411W71Z,1,0.46807,3
266,1650,BV1S94y1v7WS,1,BV1xj411j7gJ,1,0.47197,2
266,2131,BV1S94y1v7WS,1,BV1Q4421f7oB,1,0.50933,3
266,2910,BV1S94y1v7WS,1,BV1owUeYJESp,1,0.44867,3
266,4056,BV1S94y1v7WS,1,BV1Zz9HYPEyD,1,0.42857,3
266,4400,BV1S94y1v7WS,1,BV19pWzzVEKx,1,0.5302,3
266,4594,BV1S94y1v7WS,1,BV1ycpdzzEYS,1,0.60951,1
266,4735,BV1S94y1v7WS,1,BV19ZauzjEz3,1,0.599,1
266,4991,BV1S94y1v7WS,1,BV1AYt2zsEBe,1,0.58352,4
266,5083,BV1S94y1v7WS,1,BV1J6hHzWEE1,1,0.52803,4
267,2955,BV1ez4y1g7Vp,1,BV1QVD2Y7EHo,1,0.53367,1
267,3141,BV1ez4y1g7Vp,1,BV1KE1eYZEhQ,1,0.49891,4
267,3301,BV1ez4y1g7Vp,1,BV1Pt48enEpr,1,0.50643,3
267,4560,BV1ez4y1g7Vp,1,BV1bdngz7E4B,1,0.51938,2
268,993,BV1cj411B7sk,1,BV1WS4y1D7M9,1,0.42331,4
268,3734,BV1cj411B7sk,1,BV17kVyzzEL5,1,0.50916,3
268,4064,BV1cj411B7sk,1,BV16APxerEFM,1,0.53994,2
268,4122,BV1cj411B7sk,1,BV12sAferEFL,1,0.66064,1
268,4666,BV1cj411B7sk,1,BV1VjHRz2EBT,1,0.5677,1
268,5067,BV1cj411B7sk,1,BV18ztmzuEdK,1,0.59242,2
268,5149,BV1cj411B7sk,1,BV14487zXEpf,1,0.41561,4
269,1136,BV1Rp4y1u7S3,1,BV1Fu4m1K7ih,1,0.3469,4
269,1193,BV1Rp4y1u7S3,1,BV1YH4y1e72s,1,0.42847,2
269,1604,BV1Rp4y1u7S3,1,BV1U94y1G7fP,1,0.37415,1
269,2482,BV1Rp4y1u7S3,1,BV16bCuBiEDP,1,0.41093,2
269,5292,BV1Rp4y1u7S3,1,BV1Gk3NzJEDy,1,0.43862,1
270,846,BV1Rp4y1u7S3,2,BV1hd4y1K7Nj,1,0.36762,1
270,2024,BV1Rp4y1u7S3,2,BV12Lvpe9Eeu,2,0.35982,3
270,2053,BV1Rp4y1u7S3,2,BV1d4VveEEwS,1,0.34157,4
270,5011,BV1Rp4y1u7S3,2,BV1PktXzkEVQ,1,0.36181,2
271,554,BV1Pc411c7i1,1,BV1NP411e79s,1,0.43535,2
271,1554,BV1Pc411c7i1,1,BV11c411m7jt,1,0.43609,3
271,3057,BV1Pc411c7i1,1,BV15TyaYeEj6,1,0.43714,2
271,3286,BV1Pc411c7i1,1,BV1px4UeeEgp,1,0.48305,1
272,721,BV1Nj411B7sD,1,BV1kK411U7ZJ,1,0.47871,4
272,1257,BV1Nj411B7sD,1,BV1qw41157in,1,0.48154,2
272,1260,BV1Nj411B7sD,1,BV1Vc411v73S,1,0.64718,2
272,2078,BV1Nj411B7sD,1,BV1My411a7wC,1,0.68577,2
272,2178,BV1Nj411B7sD,1,BV1dH4y1P768,1,0.57586,4
272,2419,BV1Nj411B7sD,1,BV1oK421r7WA,1,0.70223,1
272,2620,BV1Nj411B7sD,1,BV1HaC5Y8Eof,1,0.67929,3
272,3565,BV1Nj411B7sD,1,BV1Wsjbz2E6y,1,0.57208,2
272,3675,BV1Nj411B7sD,1,BV1zi5zzwEH3,1,0.66963,4
272,3922,BV1Nj411B7sD,1,BV1SrZ6YJEYQ,1,0.51742,2
273,1150,BV1h14y1X7tk,1,BV1JZ421U7YJ,1,0.52393,1
273,1294,BV1h14y1X7tk,1,BV1Mx411g76K,1,0.5156,2
273,1399,BV1h14y1X7tk,1,BV1oi4y117HM,1,0.48881,1
273,4726,BV1h14y1X7tk,1,BV1tCaKzFEuT,1,0.43137,4
273,5202,BV1h14y1X7tk,1,BV1P3gfzjEwJ,1,0.46977,1
273,5230,BV1h14y1X7tk,1,BV1WS411P7ok,1,0.43474,1
273,5399,BV1h14y1X7tk,1,BV1QVfkBSEYP,1,0.45642,4
273,5487,BV1h14y1X7tk,1,BV1y6ZMBgEc2,1,0.48008,4
274,747,BV1Pr4y1Z7Hy,1,BV1Uv4y1S7za,1,0.39676,2
274,908,BV1Pr4y1Z7Hy,1,BV14Y4y1V7Nr,1,0.4127,1
274,1659,BV1Pr4y1Z7Hy,1,BV1Bx41127Nr,1,0.39386,3
274,1787,BV1Pr4y1Z7Hy,1,BV1dw411q7Ej,1,0.36864,3
275,502,BV1bu411G7Qz,1,BV1f84y1H7nE,1,0.58698,1
275,1407,BV1bu411G7Qz,1,BV1Ta4y1z72p,1,0.49069,2
275,3230,BV1bu411G7Qz,1,BV1YPs1eNEaQ,1,0.48034,3
275,3345,BV1bu411G7Qz,1,BV1vEpFegEmE,1,0.38237,4
275,3671,BV1bu411G7Qz,1,BV1pYE1zAEXy,1,0.45714,4
276,1321,BV1LV4y1Y7sK,1,BV1vW4y1F7mW,1,0.50549,1
276,1785,BV1LV4y1Y7sK,1,BV14Q4y1H7Vc,1,0.54174,1
276,2637,BV1LV4y1Y7sK,1,BV1fdCFY2EnM,1,0.51012,2
276,2757,BV1LV4y1Y7sK,1,BV1hBzoYQEEE,1,0.52214,1
276,5799,BV1LV4y1Y7sK,1,BV183qSBUES5,1,0.51606,3
277,611,BV18m4y1p7qw,1,BV1wM411z7pu,1,0.55864,3
277,662,BV18m4y1p7qw,1,BV1M84y1y7ed,1,0.50217,4
277,1197,BV18m4y1p7qw,1,BV1pT4m1S7G1,1,0.55219,4
277,3041,BV18m4y1p7qw,1,BV11hyRYjE2U,1,0.45259,2
277,3413,BV18m4y1p7qw,1,BV14YSwBGEHL,1,0.5771,1
277,3861,BV18m4y1p7qw,1,BV1CEdjYcEjP,1,0.46743,4
277,4423,BV18m4y1p7qw,1,BV1By4JzMEx8,1,0.54638,2
277,5519,BV18m4y1p7qw,1,BV17LFmzmEUg,1,0.56071,2
278,2172,BV1nz4y1W7Ep,1,BV11w4m1C75z,1,0.42488,1
278,2784,BV1nz4y1W7Ep,1,BV1vFikY6ESk,1,0.42693,1
278,3170,BV1nz4y1W7Ep,1,BV1cH4ge9EsR,1,0.39273,4
278,3864,BV1nz4y1W7Ep,1,BV1ihdzYnEHu,1,0.40486,3
279,2521,BV1yF411f7aJ,1,BV1PLcBe3E7B,1,0.4002,3
279,3637,BV1yF411f7aJ,1,BV1fcJ6zkEov,1,0.39839,4
279,5095,BV1yF411f7aJ,1,BV1eWhuz2Eyi,1,0.41455,2
279,5361,BV1yF411f7aJ,1,BV1RaPkzKEcu,1,0.36533,4
279,5743,BV1yF411f7aJ,1,BV12Wi3BAEud,1,0.52819,1
280,743,BV1i8411d74P,1,BV1Te4y1E7Dv,1,0.44216,1
280,2951,BV1i8411d74P,1,BV1yoD6Y9EwS,1,0.37173,2
280,3321,BV1i8411d74P,1,BV1hmHLekEKg,1,0.47883,2
280,3325,BV1i8411d74P,1,BV1nipteaEm2,1,0.45646,4
280,4455,BV1i8411d74P,1,BV1YhxyzcEjM,1,0.47001,1
280,4913,BV1i8411d74P,1,BV1cYbEzyEm6,1,0.51697,1
280,5252,BV1i8411d74P,1,BV1zYuPzUE9C,1,0.40604,4
281,371,BV1Cz4y1g7gZ,1,BV1VN411h7dY,1,0.45644,3
281,389,BV1Cz4y1g7gZ,1,BV1Ns411p7As,2,0.42258,4
281,886,BV1Cz4y1g7gZ,1,BV1LU4y1B7Rg,1,0.45017,1
281,949,BV1Cz4y1g7gZ,1,BV1nF411M7gJ,1,0.45673,2
281,1526,BV1Cz4y1g7gZ,1,BV1nG411Y7t2,1,0.48244,1
281,3363,BV1Cz4y1g7gZ,1,BV1rwePeoEXG,2,0.38344,1
281,3731,BV1Cz4y1g7gZ,1,BV1965AzXEdJ,1,0.42047,2
281,3963,BV1Cz4y1g7gZ,1,BV1Lco6Y9EQL,1,0.39387,3
282,516,BV1ph4y1k7vR,1,BV1xm4y1a7Gi,1,0.36811,4
282,2211,BV1ph4y1k7vR,1,BV1xH4y1K73F,1,0.51639,1
282,2998,BV1ph4y1k7vR,1,BV16NSZYbEz4,1,0.42003,2
282,5479,BV1ph4y1k7vR,1,BV1YBZTBXENH,1,0.37441,3
283,998,BV1xu411E7vo,1,BV1FUyxBQEXU,1,0.43404,4
283,1443,BV1xu411E7vo,1,BV1Ha4y1m7S1,1,0.45637,2
283,2463,BV1xu411E7vo,1,BV1AVCvBCEK1,1,0.42115,3
283,4229,BV1xu411E7vo,1,BV15xNVewEiP,1,0.43972,3
284,657,BV1Bp4y1g7VH,1,BV1fG4y197kz,1,0.3866,3
284,1192,BV1Bp4y1g7VH,1,BV1Bp421Z7HY,1,0.44186,1
284,2097,BV1Bp4y1g7VH,1,BV1vf421R72w,1,0.48034,2
284,3079,BV1Bp4y1g7VH,1,BV1gKmGY5Exb,1,0.4595,4
284,3136,BV1Bp4y1g7VH,1,BV1Ua1dYtE2Y,1,0.46424,3
284,4071,BV1Bp4y1g7VH,1,BV1anX9YCEnr,1,0.53273,1
285,3076,BV1nh4y1Q7iK,1,BV1vqyAYnELR,1,0.42129,1
285,3440,BV1nh4y1Q7iK,1,BV1CJUKBCEVH,1,0.38466,2
285,4996,BV1nh4y1Q7iK,1,BV1FEtmz9Ek5,1,0.36776,3
286,1751,BV17V411G7ks,1,BV1fw411s7Yb,1,0.68706,1
286,2193,BV17V411G7ks,1,BV14p421X7tx,1,0.52662,1
286,3087,BV17V411G7ks,1,BV1rKyPYhEKj,1,0.44535,4
286,3810,BV17V411G7ks,1,BV1jzLnz3Eek,1,0.58473,1
286,4996,BV17V411G7ks,1,BV1FEtmz9Ek5,1,0.5898,3
286,5812,BV17V411G7ks,1,BV1JJmzBfEUY,1,0.6729,2
287,1053,BV16u4y1i76f,1,BV1QexdzoEQS,1,0.46948,4
287,1193,BV16u4y1i76f,1,BV1YH4y1e72s,1,0.57908,2
287,1473,BV16u4y1i76f,1,BV1xe411C7GM,1,0.62396,2
287,1607,BV16u4y1i76f,1,BV12C4y1X7im,1,0.4936,4
287,2697,BV16u4y1i76f,1,BV1GpqfYXEUH,1,0.53583,2
287,2911,BV16u4y1i76f,1,BV1WPmfYwEbQ,1,0.6652,2
287,3295,BV16u4y1i76f,1,BV1mwtAejExk,1,0.59314,4
287,3688,BV16u4y1i76f,1,BV1F2E4zrEHn,1,0.53146,4
287,3735,BV16u4y1i76f,1,BV1H7VwzdE21,1,0.50598,1
287,3858,BV16u4y1i76f,1,BV1wGdZYjErt,1,0.64811,4
287,4384,BV16u4y1i76f,1,BV1GuxFzqEZE,1,0.62286,2
287,4725,BV16u4y1i76f,1,BV1DiYyzGEd8,1,0.67257,1
287,4741,BV16u4y1i76f,1,BV14wgLzYEiJ,1,0.51975,3
287,4751,BV16u4y1i76f,1,BV11ShozPEa1,1,0.65069,3
288,308,BV1nj41167Fa,1,BV1js4y1Z7N6,1,0.39844,2
288,1249,BV1nj41167Fa,1,BV1jC4y1k7Mw,1,0.39051,3
288,1348,BV1nj41167Fa,1,BV17T4y1H7fQ,1,0.36839,4
288,2254,BV1nj41167Fa,1,BV1up42117wC,1,0.42417,1
289,587,BV1tX4y1j7iR,1,BV1ZG4y1j72R,1,0.49249,1
289,1624,BV1tX4y1j7iR,1,BV17a4y1d7gJ,1,0.45862,3
289,1698,BV1tX4y1j7iR,1,BV1Aw411K7mt,1,0.45063,4
289,5515,BV1tX4y1j7iR,1,BV1seZQBPE2j,1,0.46571,2
290,681,BV1nN411Y72Y,1,BV1mY411o7fy,1,0.47546,1
290,2294,BV1nN411Y72Y,1,BV1Ni421f7dB,1,0.45634,3
290,3154,BV1nN411Y72Y,1,BV1574weWEAf,1,0.4111,4
290,5624,BV1nN411Y72Y,1,BV1AV6zBEEw3,1,0.45966,2
291,979,BV1ch411L7Gn,1,BV1fS4y1S7XL,1,0.46453,4
291,2380,BV1ch411L7Gn,1,BV14S421K7y5,1,0.5046,1
291,2820,BV1ch411L7Gn,1,BV1KuzVYXEg6,1,0.47987,2
291,3640,BV1ch411L7Gn,1,BV1cyEfzAEyN,1,0.47083,3
292,617,BV1mx4y1G7rF,1,BV1r8411L7cv,1,0.42804,3
292,1112,BV1mx4y1G7rF,1,BV12a4y1277m,1,0.39043,4
292,1314,BV1mx4y1G7rF,1,BV1Ze411J7an,1,0.4284,2
292,3722,BV1mx4y1G7rF,1,BV1Ca5TzyEgs,1,0.41366,4
292,3929,BV1mx4y1G7rF,1,BV1vYQ2YtE2q,1,0.44945,1
293,801,BV1Tk4y1E7NH,1,BV18W4y1872Z,1,0.37595,3
293,1687,BV1Tk4y1E7NH,1,BV1bQ4y147dN,1,0.43788,3
293,1795,BV1Tk4y1E7NH,1,BV1Pc411f7rF,1,0.36454,3
293,2585,BV1Tk4y1E7NH,1,BV15jr4YGEJs,1,0.43061,1
293,2795,BV1Tk4y1E7NH,1,BV1fuzUYBEnF,1,0.48391,2
293,3528,BV1Tk4y1E7NH,1,BV1hPMjzPEWL,1,0.57036,1
294,551,BV1TV4y1Q7u6,1,BV1Ts4y1c7sE,1,0.37391,4
294,1387,BV1TV4y1Q7u6,1,BV1qN4y1s7tB,1,0.38762,2
294,2950,BV1TV4y1Q7u6,1,BV1HhDZYvEGw,1,0.37598,3
294,5105,BV1TV4y1Q7u6,1,BV1YMgxzuEZ7,1,0.412,1
294,5145,BV1TV4y1Q7u6,1,BV1KT8Dz1E7n,1,0.36461,2
295,1129,BV1eD4y1B7rA,1,BV1D4421c73n,1,0.52385,2
295,1418,BV1eD4y1B7rA,1,BV1K94y1P7VP,1,0.36534,3
295,1638,BV1eD4y1B7rA,1,BV1Vu4y1L7L9,1,0.53544,1
295,1693,BV1eD4y1B7rA,1,BV1Ua4y1U7pt,1,0.50898,3
295,2693,BV1eD4y1B7rA,1,BV13fkgYaEUf,1,0.37371,3
295,3407,BV1eD4y1B7rA,1,BV1Z7m2BVEtv,1,0.46867,4
295,3568,BV1eD4y1B7rA,1,BV1YyjSzsE4U,1,0.45691,4
295,3958,BV1eD4y1B7rA,1,BV1egZNY9EQh,1,0.45209,3
296,478,BV1bu4y127Tq,1,BV1C14y1o7d4,1,0.44524,3
296,764,BV1bu4y127Tq,1,BV1NT411N7kr,1,0.40171,4
296,1019,BV1bu4y127Tq,1,BV1DPH5zaESH,1,0.46437,3
296,1852,BV1bu4y127Tq,1,BV1Xh4y167Hb,1,0.44724,4
296,1945,BV1bu4y127Tq,1,BV1iN4y197eh,1,0.48009,2
296,2099,BV1bu4y127Tq,1,BV1Vi421Q7L9,1,0.48191,1
296,3198,BV1bu4y127Tq,1,BV1XkxJeKEfh,1,0.36291,4
297,949,BV1bu4y127Tq,2,BV1nF411M7gJ,1,0.63257,2
297,1182,BV1bu4y127Tq,2,BV1RF4m1M7BD,1,0.40391,2
297,1751,BV1bu4y127Tq,2,BV1fw411s7Yb,1,0.68742,1
297,4401,BV1bu4y127Tq,2,BV1y2WEzTEsy,1,0.64279,2
297,4566,BV1bu4y127Tq,2,BV1YFJRz6E9W,2,0.56257,4
297,4748,BV1bu4y127Tq,2,BV1hZaEzMEZQ,1,0.53564,4
297,5259,BV1bu4y127Tq,2,BV13LMfzdEim,1,0.54942,3
297,5336,BV1bu4y127Tq,2,BV16oNAzzEHV,1,0.61377,1
297,5409,BV1bu4y127Tq,2,BV1sXfiBfEBh,1,0.52994,2
298,718,BV1bu4y127Tq,3,BV1ce4y1v7vv,1,0.59312,4
298,731,BV1bu4y127Tq,3,BV1tg411B7ER,1,0.48039,1
298,970,BV1bu4y127Tq,3,BV1U3411p7ga,1,0.45511,1
298,1971,BV1bu4y127Tq,3,BV18H4y1Q7Xd,1,0.44619,2
298,2042,BV1bu4y127Tq,3,BV1X2ezeCEcS,1,0.60338,1
298,2351,BV1bu4y127Tq,3,BV1Lj421U7DW,1,0.50087,3
298,2651,BV1bu4y127Tq,3,BV1EGkZYuEi3,1,0.51423,1
298,2987,BV1bu4y127Tq,3,BV1VbykYFEEd,1,0.42244,2
298,3543,BV1bu4y127Tq,3,BV1S67KzcEsU,1,0.60909,2
298,3766,BV1bu4y127Tq,3,BV1EiGizmEt2,1,0.53693,2
298,4101,BV1bu4y127Tq,3,BV1nJNkeZEUx,1,0.61939,1
298,4136,BV1bu4y127Tq,3,BV1nhAeehEKP,1,0.4734,3
298,4289,BV1bu4y127Tq,3,BV1rcFHeQEhj,1,0.52806,1
298,4514,BV1bu4y127Tq,3,BV1nJHHzvEmx,1,0.52343,2
298,5417,BV1bu4y127Tq,3,BV1ugZRB7EZZ,1,0.53132,1
298,5418,BV1bu4y127Tq,3,BV1icfJB8EZ8,1,0.4462,1
298,5631,BV1bu4y127Tq,3,BV1RozfBdExN,1,0.54359,2
299,1248,BV1XY411t78j,1,BV1Xz4y187gm,1,0.39381,4
299,1977,BV1XY411t78j,1,BV19u411A7kR,1,0.40906,3
299,2059,BV1XY411t78j,1,BV1n7421o79a,1,0.41622,2
299,5252,BV1XY411t78j,1,BV1zYuPzUE9C,1,0.4405,1
300,547,BV1eW4y1Z799,1,BV1UP411e7Pk,1,0.54762,2
300,999,BV1eW4y1Z799,1,BV1BJWnzYEjA,1,0.49469,3
300,1053,BV1eW4y1Z799,1,BV1QexdzoEQS,1,0.46963,3
300,3275,BV1eW4y1Z799,1,BV1x8t4eLEEJ,1,0.47026,4
300,5143,BV1eW4y1Z799,1,BV1Np8ozfE92,1,0.39328,4
300,5765,BV1eW4y1Z799,1,BV1tSBQBsEeo,1,0.54847,1
301,1021,BV1zu4y1B7Jb,1,BV1w24Uz8Evg,1,0.34725,2
301,3269,BV1zu4y1B7Jb,1,BV15M4m117zb,1,0.32549,4
301,5020,BV1zu4y1B7Jb,1,BV1WqtzzBExP,1,0.33249,3
301,5600,BV1zu4y1B7Jb,1,BV1SKFkzEEzp,1,0.36847,1
302,467,BV1XP411r7nv,1,BV1kW4y1d7Tk,1,0.43675,3
302,636,BV1XP411r7nv,1,BV1zv4y197JW,1,0.46886,2
302,2814,BV1XP411r7nv,1,BV1oxBtYgEFe,1,0.49373,1
302,3459,BV1XP411r7nv,1,BV1aZNQzAEX5,1,0.42358,4
302,5551,BV1XP411r7nv,1,BV1BCcizXEfZ,1,0.39648,4
303,2132,BV1su411n7cc,1,BV1BD421P7xF,1,0.42437,3
303,2619,BV1su411n7cc,1,BV1mnCAYMEz6,1,0.45776,4
303,3147,BV1su411n7cc,1,BV1n81eYnEfb,1,0.46192,3
303,5315,BV1su411n7cc,1,BV1XEyWBYE4X,1,0.43599,4
303,5519,BV1su411n7cc,1,BV17LFmzmEUg,1,0.47677,1
304,1906,BV1JT41167Sc,1,BV1qW411p72m,1,0.40639,3
304,2563,BV1JT41167Sc,1,BV1HhraYTEHV,1,0.41868,1
304,3385,BV1JT41167Sc,1,BV1gQH7emE1y,1,0.4052,4
304,5197,BV1JT41167Sc,1,BV1ptgWzmEXX,1,0.40957,2
305,435,BV1Yv4y1Y7VY,1,BV1qX4y1E73u,1,0.38088,4
305,1478,BV1Yv4y1Y7VY,1,BV1FC4y1T7Fh,1,0.46174,1
305,2444,BV1Yv4y1Y7VY,1,BV1JsULBAED5,2,0.42042,3
305,4131,BV1Yv4y1Y7VY,1,BV13UPKeuEmi,1,0.43854,2
306,518,BV1hY4y117za,1,BV1pV4y127wT,1,0.66906,1
306,848,BV1hY4y117za,1,BV1sB4y167tt,1,0.57096,1
306,3400,BV1hY4y117za,1,BV1GYHueZEJ8,1,0.39348,3
306,3503,BV1hY4y117za,1,BV1kQMGzyEwt,1,0.37443,4
306,3508,BV1hY4y117za,1,BV1iu7rzuEZU,1,0.45341,1
306,3826,BV1hY4y117za,1,BV1C6LbzkETu,1,0.50201,4
306,4351,BV1hY4y117za,1,BV1T6fJYsE1Y,1,0.63804,2
306,4403,BV1hY4y117za,1,BV1CDWCzrEfL,1,0.58086,3
307,450,BV1CK4y1D7yJ,1,BV1zV4y1q7fj,1,0.52004,2
307,2838,BV1CK4y1D7yJ,1,BV1bBzaYyEgv,1,0.36002,4
307,3940,BV1CK4y1D7yJ,1,BV1DxoZY8Ek6,1,0.40014,3
307,5043,BV1CK4y1D7yJ,1,BV1Fsb5zeEmq,1,0.52966,1
307,5377,BV1CK4y1D7yJ,1,BV1DLfMBnEGd,1,0.47254,4
308,455,BV1js4y1Z7N6,1,BV1yL411k7Zk,1,0.54537,1
308,2982,BV1js4y1Z7N6,1,BV1x7SmYrENB,1,0.51833,1
308,3181,BV1js4y1Z7N6,1,BV1Xt421M7pH,1,0.51493,3
308,3404,BV1js4y1Z7N6,1,BV1UnHgeREh9,1,0.46315,4
308,4684,BV1js4y1Z7N6,1,BV1mYYMzBEtF,1,0.44966,2
309,762,BV1gN411A7Ek,1,BV15e4y1t72w,1,0.42085,4
309,2385,BV1gN411A7Ek,1,BV1sF4m1M7aV,1,0.49787,3
309,3083,BV1gN411A7Ek,1,BV1vnmVYXEws,1,0.46144,3
309,3545,BV1gN411A7Ek,1,BV1Pr7nzoE3e,1,0.49535,1
309,3685,BV1gN411A7Ek,1,BV1PFEBzkEi7,1,0.51507,2
309,4087,BV1gN411A7Ek,1,BV1iP9GYTEME,1,0.41018,2
309,4092,BV1gN411A7Ek,1,BV1VG9cYAEMJ,1,0.55149,1
310,1682,BV1tL411U71J,1,BV1ZN4y117ZD,1,0.49927,1
310,3761,BV1tL411U71J,1,BV1sMGzzeEeM,1,0.39475,2
310,4183,BV1tL411U71J,1,BV1yEKTevEnm,2,0.3914,3
310,4199,BV1tL411U71J,1,BV1fNKLejETA,1,0.38899,4
311,2873,BV19D4y1E7Vf,1,BV1w4UnYdEJS,1,0.37986,3
311,3534,BV19D4y1E7Vf,1,BV1qyE1zREJz,1,0.37507,4
311,5130,BV19D4y1E7Vf,1,BV1Vz8Cz6EUJ,1,0.4861,1
311,5197,BV19D4y1E7Vf,1,BV1ptgWzmEXX,1,0.4029,2
311,5833,BV19D4y1E7Vf,1,BV1iimeBkE85,1,0.34537,3
312,3071,BV1qL411Y7NX,1,BV1aYmKYaEeZ,1,0.47707,1
312,3162,BV1qL411Y7NX,1,BV1N8xZefEp6,1,0.45802,3
312,3275,BV1qL411Y7NX,1,BV1x8t4eLEEJ,1,0.46991,2
312,3573,BV1qL411Y7NX,1,BV1Ej7fztEvc,1,0.41849,1
312,5741,BV1qL411Y7NX,1,BV1vgtAznEKD,1,0.37523,3
313,790,BV1qL411Y7NX,2,BV1iB4y1g77j,1,0.505,4
313,1185,BV1qL411Y7NX,2,BV1n7421T7Zy,1,0.5568,2
313,2871,BV1qL411Y7NX,2,BV1kxBeYqEA8,1,0.4704,3
313,3830,BV1qL411Y7NX,2,BV1pb5UzZEeV,1,0.43577,3
313,3860,BV1qL411Y7NX,2,BV1M8dkYUEUS,1,0.55707,1
313,4753,BV1qL411Y7NX,2,BV1sMa7zXEq5,1,0.37341,2
313,5328,BV1qL411Y7NX,2,BV1tBNAzQE4x,1,0.51831,3
314,470,BV1wT411R7Rn,1,BV18X4y1Y74D,1,0.54399,1
314,1417,BV1wT411R7Rn,1,BV1Fe411i7g2,1,0.49825,2
314,3041,BV1wT411R7Rn,1,BV11hyRYjE2U,1,0.44487,3
314,3413,BV1wT411R7Rn,1,BV14YSwBGEHL,1,0.58589,1
314,5750,BV1wT411R7Rn,1,BV1UTmFBeEXn,1,0.49364,4
315,2430,BV1bV411G7S7,1,BV1GcUKBoEAL,1,0.39098,1
315,4504,BV1bV411G7S7,1,BV1bynizDEKK,1,0.38289,3
315,5302,BV1bV411G7S7,1,BV1Y6Pvz2EpF,1,0.40506,1
316,1403,BV1mX4y1s7yc,1,BV1R5411q7JG,1,0.40688,2
316,3204,BV1mX4y1s7yc,1,BV1vTt4ecEfR,1,0.3984,3
316,3449,BV1mX4y1s7yc,1,BV1LVKUz8EGa,1,0.48168,1
316,5099,BV1mX4y1s7yc,1,BV1w1tuzQECf,1,0.39329,3
317,1430,BV15k4y1g78h,1,BV1rg4y1D7c4,1,0.38824,3
317,1461,BV15k4y1g78h,1,BV1jg4y1r7qa,1,0.39764,3
317,2930,BV15k4y1g78h,1,BV1ENmpYREoN,1,0.38319,3
317,3410,BV15k4y1g78h,1,BV1Hom8BkErG,1,0.40756,1
317,3848,BV15k4y1g78h,1,BV1QgoMYtESV,1,0.41286,1
318,1163,BV13x4y1V7wp,1,BV1hv42117FX,1,0.46639,4
318,1277,BV13x4y1V7wp,1,BV1L5411i716,1,0.43782,3
318,1319,BV13x4y1V7wp,1,BV1MC4y1C7VC,1,0.4879,2
318,2535,BV13x4y1V7wp,1,BV1eaCsYgEKd,1,0.3643,2
318,5295,BV13x4y1V7wp,1,BV1FCgzzXEaQ,1,0.47832,3
318,5632,BV13x4y1V7wp,1,BV1inksBPEpk,1,0.49037,1
319,2019,BV13s4y1A7SZ,1,BV1yi421h7rP,1,0.43224,1
319,2333,BV13s4y1A7SZ,1,BV1Hy42187Yd,1,0.3096,2
319,3218,BV13s4y1A7SZ,1,BV1NQxLeyE1Z,1,0.32573,4
319,4026,BV13s4y1A7SZ,1,BV16tRGYyEp3,1,0.346,2
319,5570,BV13s4y1A7SZ,1,BV1B7cgzyEEk,1,0.32657,3
320,890,BV1cz4y1W72f,1,BV1q34y1n7x2,1,0.44386,1
320,3373,BV1cz4y1W72f,1,BV1exWkebELD,1,0.40459,3
320,3817,BV1cz4y1W72f,1,BV1PwLHzxELA,1,0.388,3
320,3846,BV1cz4y1W72f,1,BV1SE5zzCEEF,1,0.42989,2
320,4250,BV1cz4y1W72f,1,BV1ugFfe3Edr,1,0.40811,3
321,2475,BV1EP411x7cA,1,BV1bZCRB5EDg,1,0.91979,1
321,3594,BV1EP411x7cA,1,BV11D76zHEiP,1,0.91621,2
321,5041,BV1EP411x7cA,1,BV1yLtSzYEHv,1,0.90897,4
322,1834,BV1Dp4y1u7Ea,1,BV1NG41127je,1,0.34677,3
322,1947,BV1Dp4y1u7Ea,1,BV19v4y1W7x1,1,0.34592,4
322,2992,BV1Dp4y1u7Ea,1,BV15RSgYDEYs,1,0.3547,2
322,4956,BV1Dp4y1u7Ea,1,BV1Ykt9zhE1A,1,0.36604,1
323,2688,BV1cP411x7bx,1,BV1f7kEYaEe6,1,0.4,1
323,2884,BV1cP411x7bx,1,BV1hqSuYVEG3,1,0.316,3
323,3289,BV1cP411x7bx,1,BV1PA4SeuEnY,1,0.34647,3
323,4721,BV1cP411x7bx,1,BV1eMatzYE27,1,0.33895,4
323,5579,BV1cP411x7bx,1,BV1R8cczyEzy,1,0.35486,2
324,734,BV1Kx411L7Ha,1,BV12g411i7es,1,0.36313,4
324,893,BV1Kx411L7Ha,1,BV1bY411N7Ny,1,0.38426,3
324,1590,BV1Kx411L7Ha,1,BV1pj411s7Wc,1,0.35891,4
324,2215,BV1Kx411L7Ha,1,BV1kJ4m1n7vw,1,0.39238,2
324,5361,BV1Kx411L7Ha,1,BV1RaPkzKEcu,1,0.41894,1
325,3720,BV1oM4y1r7FX,1,BV1tNVPzkEs1,1,0.37431,2
325,4219,BV1oM4y1r7FX,1,BV1bPN9eBEYP,1,0.39986,1
325,4353,BV1oM4y1r7FX,1,BV1XiwheiEud,1,0.39605,2
325,4488,BV1oM4y1r7FX,1,BV1H8xnzCE4L,1,0.45878,1
325,5142,BV1oM4y1r7FX,1,BV11ghwzGEo6,1,0.36408,4
325,5590,BV1oM4y1r7FX,1,BV1mDfoBQEbM,1,0.37193,4
326,1315,BV1oM4y1r7FX,2,BV1f5411C7mu,1,0.58707,1
326,1885,BV1oM4y1r7FX,2,BV1Nw411Y7BL,1,0.54768,3
326,2005,BV1oM4y1r7FX,2,BV1gz421B7pN,1,0.5273,2
326,2471,BV1oM4y1r7FX,2,BV1C5C5BHEdZ,1,0.53785,3
326,2543,BV1oM4y1r7FX,2,BV1stcGeTEuu,1,0.48346,2
326,3047,BV1oM4y1r7FX,2,BV1LyynYzED6,1,0.49018,1
326,3360,BV1oM4y1r7FX,2,BV1D7HyeRE26,1,0.47941,4
326,3633,BV1oM4y1r7FX,2,BV1MEjMzcEmx,1,0.56046,2
326,5037,BV1oM4y1r7FX,2,BV1wHb5ziErL,1,0.45274,3
327,329,BV1F8411R7j4,1,BV1mV411G7d3,1,0.42773,2
327,1615,BV1F8411R7j4,1,BV1T64y1L7RN,1,0.46555,1
327,2211,BV1F8411R7j4,1,BV1xH4y1K73F,1,0.41078,3
327,3768,BV1F8411R7j4,1,BV11AoTYVEDe,1,0.40986,4
327,5307,BV1F8411R7j4,1,BV1mSwRzsEVV,1,0.39189,1
327,5782,BV1F8411R7j4,1,BV17mUZBjEgG,1,0.39974,2
328,1178,BV14p4y1G76e,1,BV1DB421k7BX,1,0.70581,1
328,2340,BV14p4y1G76e,1,BV1sZ42127Xh,1,0.69352,2
328,2625,BV14p4y1G76e,1,BV19BBEYVEQs,1,0.64516,4
328,2647,BV14p4y1G76e,1,BV1cmkZYLEfX,1,0.47925,1
328,3800,BV14p4y1G76e,1,BV1KEdaYjEtH,1,0.62325,4
328,4293,BV14p4y1G76e,1,BV1b1F8e9Ewj,1,0.66091,3
328,4808,BV14p4y1G76e,1,BV1GQh9zKEm1,1,0.5374,1
328,5249,BV14p4y1G76e,1,BV1sXuazzE6R,1,0.59063,3
328,5564,BV14p4y1G76e,1,BV1SWc4zyEdq,1,0.62208,4
329,507,BV1mV411G7d3,1,BV1tX4y1v7J7,1,0.48286,4
329,1719,BV1mV411G7d3,1,BV1Je411Q7M5,1,0.41984,2
329,2372,BV1mV411G7d3,1,BV1Rp421R7Xz,1,0.53095,2
329,2613,BV1mV411G7d3,1,BV1696sY5E4J,1,0.39968,2
329,3162,BV1mV411G7d3,1,BV1N8xZefEp6,1,0.52012,1
329,3364,BV1mV411G7d3,1,BV1rwePeoEXG,3,0.46235,4
329,5756,BV1mV411G7d3,1,BV1gHBjBoE6A,1,0.46321,2
330,3235,BV13N411C7YK,1,BV118skeSE7V,1,0.49747,3
330,3565,BV13N411C7YK,1,BV1Wsjbz2E6y,1,0.58688,1
330,4592,BV13N411C7YK,1,BV1cGWuzzEKZ,1,0.49381,1
330,5434,BV13N411C7YK,1,BV1JrZ4BpE5W,1,0.55317,2
330,5571,BV13N411C7YK,1,BV1kgFSzfEfN,1,0.44562,2
331,1933,BV1XN411b79F,1,BV1224y1V7uN,1,0.35231,3
331,2233,BV1XN411b79F,1,BV1tm411R7Hm,1,0.38251,1
331,4804,BV1XN411b79F,1,BV19AhQzcEuq,1,0.3726,2
332,668,BV1WV4y1e7my,1,BV13D4y187aU,1,0.48226,1
332,3599,BV1WV4y1e7my,1,BV13e7PztEct,1,0.41336,4
332,3658,BV1WV4y1e7my,1,BV186JtztET6,1,0.33736,2
332,4356,BV1WV4y1e7my,1,BV1e1pvezEMR,1,0.4613,2
332,5722,BV1WV4y1e7my,1,BV1FkvDB8EN5,1,0.43613,1
333,612,BV1zo4y157AX,1,BV1fe411N7yw,1,0.38818,4
333,1274,BV1zo4y157AX,1,BV1Lk4y1Q7cW,1,0.47822,3
333,1679,BV1zo4y157AX,1,BV1RN4y127rt,1,0.47672,4
333,3959,BV1zo4y157AX,1,BV1q3o2Y3E4B,1,0.48529,1
333,4595,BV1zo4y157AX,1,BV1YApRzJEVH,1,0.48215,2
334,3119,BV18u4y1Z7XW,1,BV1uw2wYVECQ,1,0.51689,3
334,4208,BV18u4y1Z7XW,1,BV1KUN6ecEvP,1,0.51982,2
334,4293,BV18u4y1Z7XW,1,BV1b1F8e9Ewj,1,0.50909,4
334,5564,BV18u4y1Z7XW,1,BV1SWc4zyEdq,1,0.61323,1
335,1358,BV16u4y117kE,1,BV1We411n7KZ,1,0.5174,1
335,3088,BV16u4y117kE,1,BV1vnmLYhEhM,1,0.40305,3
335,4381,BV16u4y117kE,1,BV1RjC7B2Eu6,1,0.50071,2
335,4668,BV16u4y117kE,1,BV1vdaRzLER2,1,0.44337,4
335,5096,BV16u4y117kE,1,BV1k6h5zgECV,1,0.44509,2
336,882,BV1xF411o7TB,1,BV1m3411F7d3,1,0.42214,2
336,1827,BV1xF411o7TB,1,BV1WG41127mP,1,0.4306,1
336,1971,BV1xF411o7TB,1,BV18H4y1Q7Xd,1,0.38198,3
336,2984,BV1xF411o7TB,1,BV1KLS4YHE9v,1,0.37113,4
337,2110,BV1P8411o7WZ,1,BV1NE42157kP,1,0.44483,1
337,3927,BV1P8411o7WZ,1,BV1DkZ6YUEs5,1,0.40162,4
337,3951,BV1P8411o7WZ,1,BV1v2o9Y8EfR,1,0.4326,2
338,935,BV1BX4y177JB,1,BV1i34y117b5,1,0.58321,1
338,1417,BV1BX4y177JB,1,BV1Fe411i7g2,1,0.49504,3
338,1917,BV1BX4y177JB,1,BV1DP411t7cV,1,0.4411,2
338,2322,BV1BX4y177JB,1,BV1yZ42187YJ,1,0.53477,4
338,5155,BV1BX4y177JB,1,BV16n8tzqEUi,1,0.57137,1
339,1025,BV1Gs41157VV,1,BV1hRszzLEf3,1,0.42547,1
339,1600,BV1Gs41157VV,1,BV1wK411178v,1,0.40729,3
339,2135,BV1Gs41157VV,1,BV1DT421S7q2,1,0.40751,4
339,4436,BV1Gs41157VV,1,BV1WU4NzuETi,1,0.42035,2
339,4565,BV1Gs41157VV,1,BV1YFJRz6E9W,1,0.39427,3
340,1630,BV1mt4y1H7jq,1,BV1bu4y1G7oJ,1,0.44958,1
340,2860,BV1mt4y1H7jq,1,BV1boURYPEhS,1,0.42542,3
340,3868,BV1mt4y1H7jq,1,BV199dBY1Enx,1,0.42626,2
340,4443,BV1mt4y1H7jq,1,BV1zEHbzJEVh,1,0.40209,4
340,5296,BV1mt4y1H7jq,1,BV1BNKcz8EsH,1,0.41838,4
341,2543,BV1fS4y1e7Yz,1,BV1stcGeTEuu,1,0.53009,1
341,2679,BV1fS4y1e7Yz,1,BV1G2kwYBEPD,1,0.39972,4
341,3045,BV1fS4y1e7Yz,1,BV1iVysYjEMn,1,0.51565,1
341,3286,BV1fS4y1e7Yz,1,BV1px4UeeEgp,1,0.46348,4
341,3333,BV1fS4y1e7Yz,1,BV1XVpte7EQX,1,0.49212,4
341,3628,BV1fS4y1e7Yz,1,BV1tmJ8zhEWG,1,0.44434,2
341,3762,BV1fS4y1e7Yz,1,BV1yxGizsEw6,1,0.49348,3
342,542,BV1Jg411Y79G,1,BV1vW4y1f79n,1,0.58878,2
342,1142,BV1Jg411Y79G,1,BV17B42167Bt,1,0.44079,3
342,1452,BV1Jg411Y79G,1,BV1AN4y1q7Li,1,0.54914,3
342,1883,BV1Jg411Y79G,1,BV1Sj411t7yR,1,0.59131,1
342,2716,BV1Jg411Y79G,1,BV14sBLYxEsq,1,0.38078,1
342,2782,BV1Jg411Y79G,1,BV1ZPiUYwEtY,1,0.50653,3
342,5397,BV1Jg411Y79G,1,BV15eABzsECc,1,0.42296,4
342,5418,BV1Jg411Y79G,1,BV1icfJB8EZ8,1,0.40669,4
343,856,BV1cW411b7Bo,1,BV1hg411y7T6,1,0.38883,3
343,4700,BV1cW411b7Bo,1,BV11xaUzrEF2,1,0.38867,4
343,5199,BV1cW411b7Bo,1,BV1Js3WzCE43,1,0.35689,4
343,5442,BV1cW411b7Bo,1,BV1SxfGBFEMh,1,0.39114,2
344,3008,BV1Mv411w7SZ,1,BV1kDSEYsENJ,1,0.56305,2
344,3890,BV1Mv411w7SZ,1,BV1cTfKYzEbN,1,0.5448,4
344,4347,BV1Mv411w7SZ,1,BV13VfpYzEC5,1,0.60668,1
344,4414,BV1Mv411w7SZ,1,BV1k1HPz9ErH,1,0.56122,3
344,5624,BV1Mv411w7SZ,1,BV1AV6zBEEw3,1,0.51781,1
345,1497,BV1cs411j7ga,1,BV1UC4y1M7LA,1,0.32444,2
345,1992,BV1cs411j7ga,1,BV1PkkmBEEJM,1,0.48665,1
345,2309,BV1cs411j7ga,1,BV1YC411p7FX,1,0.46643,2
345,3058,BV1cs411j7ga,1,BV1RH28YAEwu,1,0.44515,3
345,4144,BV1cs411j7ga,1,BV1DSApeUEH2,1,0.45428,3
345,4157,BV1cs411j7ga,1,BV1rZAze7Eyt,1,0.39982,3
346,482,BV1fA411P7Ge,1,BV1fj411o7fn,1,0.373,4
346,2345,BV1fA411P7Ge,1,BV1kA4m1G762,1,0.49044,1
346,2512,BV1fA411P7Ge,1,BV1nVcoesEr5,1,0.38569,2
346,3572,BV1fA411P7Ge,1,BV1SB7BzQE3t,1,0.46622,2
346,5615,BV1fA411P7Ge,1,BV1Ty6tBtEDe,1,0.42905,4
347,836,BV1Bx411q7fE,1,BV1fS4y1t7M6,1,0.4147,3
347,2313,BV1Bx411q7fE,1,BV19D42177M2,1,0.38121,4
347,3084,BV1Bx411q7fE,1,BV1MNmMYbEYQ,1,0.41549,2
347,4298,BV1Bx411q7fE,1,BV1vtF8eKEvE,1,0.42469,1
347,5206,BV1Bx411q7fE,1,BV1V5gTzpERs,1,0.37931,3
348,1242,BV1PZ4y1k71z,1,BV1ze411v7ow,1,0.52665,2
348,1948,BV1PZ4y1k71z,1,BV1KD4y1A7cX,1,0.38183,4
348,1969,BV1PZ4y1k71z,1,BV1AN411q7eW,1,0.4871,4
348,2457,BV1PZ4y1k71z,1,BV1jzyPBEEw6,1,0.55752,1
348,4486,BV1PZ4y1k71z,1,BV1WNn3z3ExU,1,0.49645,3
348,5696,BV1PZ4y1k71z,1,BV1TWUYBdEwA,1,0.47198,1
349,1235,BV1mX4y177LT,1,BV1N642137TW,1,0.51706,1
349,1848,BV1mX4y177LT,1,BV1uu4y1s7fu,1,0.42831,4
349,1915,BV1mX4y177LT,1,BV11u411c7eh,1,0.39542,3
349,2176,BV1mX4y177LT,1,BV1bw4m1178G,1,0.42886,4
349,2198,BV1mX4y177LT,1,BV1xp421S7AA,1,0.45952,3
349,5096,BV1mX4y177LT,1,BV1k6h5zgECV,1,0.41739,4
349,5301,BV1mX4y177LT,1,BV14TAKzXEjc,1,0.51109,2
350,481,BV1sT4y1e7UF,1,BV1q94y1B7Me,1,0.35837,3
350,2097,BV1sT4y1e7UF,1,BV1vf421R72w,1,0.35266,4
350,5583,BV1sT4y1e7UF,1,BV1SrfoBoEAT,1,0.44259,1
351,1210,BV1KS4y1m7bZ,1,BV1C4421w7GN,1,0.45488,4
351,2844,BV1KS4y1m7bZ,1,BV1uGzhYCERS,1,0.46715,3
351,4022,BV1KS4y1m7bZ,1,BV1u8QLYFEZf,1,0.4719,2
351,5237,BV1KS4y1m7bZ,1,BV1jGuAz5E1L,1,0.48472,1
352,563,BV1T84y1g7hD,1,BV1Gm4y1t7gV,1,0.46518,3
352,873,BV1T84y1g7hD,1,BV1Pr4y177dT,1,0.37981,2
352,1135,BV1T84y1g7hD,1,BV1n6421u7eJ,1,0.49445,1
352,2642,BV1T84y1g7hD,1,BV1eJkZYeEAZ,1,0.46111,4
352,4447,BV1T84y1g7hD,1,BV1jR4czUE7E,1,0.35861,3
352,5297,BV1T84y1g7hD,1,BV1jJAaz6Ex8,1,0.47512,2
353,1648,BV1ZZ4y1y7mp,1,BV15u4y1V7m8,1,0.46575,4
353,1751,BV1ZZ4y1y7mp,1,BV1fw411s7Yb,1,0.60079,2
353,3580,BV1ZZ4y1y7mp,1,BV1UgEzz9E6u,1,0.71102,1
353,3770,BV1ZZ4y1y7mp,1,BV1K55WzwEpF,1,0.59916,3
353,4606,BV1ZZ4y1y7mp,1,BV1hZWGzvEfp,1,0.54845,1
353,4863,BV1ZZ4y1y7mp,1,BV1ehbYzGEo1,1,0.56662,2
354,2451,BV1VZ4y1U7DM,1,BV1j9ycB3ENV,1,0.57292,3
354,2461,BV1VZ4y1U7DM,1,BV1fNyHBeEKF,1,0.5343,2
354,2911,BV1VZ4y1U7DM,1,BV1WPmfYwEbQ,1,0.57929,1
354,3969,BV1VZ4y1U7DM,1,BV1fRXxY1EkH,1,0.55585,1
354,5180,BV1VZ4y1U7DM,1,BV1R3b1zCEm5,1,0.57017,4
354,5677,BV1VZ4y1U7DM,1,BV1FGi9BrE3P,1,0.57777,2
355,1930,BV1wu411p79k,1,BV1Nj411y7SJ,1,0.51069,2
355,2980,BV1wu411p79k,1,BV1fLDpYZEju,1,0.53638,1
355,3292,BV1wu411p79k,1,BV1JMtgexEqf,1,0.47105,1
355,4060,BV1wu411p79k,1,BV1zEXDY7EAr,1,0.40611,4
355,4314,BV1wu411p79k,1,BV1RjFHerEin,1,0.45507,4
356,1907,BV1QM4y1H7Zh,1,BV1rx411y7Gc,1,0.41142,3
356,2039,BV1QM4y1H7Zh,1,BV1uU411S79G,1,0.36231,3
356,2233,BV1QM4y1H7Zh,1,BV1tm411R7Hm,1,0.43151,2
356,5029,BV1QM4y1H7Zh,1,BV1gitwzyEKD,1,0.4456,1
356,5076,BV1QM4y1H7Zh,1,BV1jCt2zmEk5,1,0.38746,4
356,5841,BV1QM4y1H7Zh,1,BV1zQUTBrE5D,1,0.35467,2
357,3696,BV1L841127r7,1,BV1brVozZEix,1,0.43642,3
357,3761,BV1L841127r7,1,BV1sMGzzeEeM,1,0.4364,4
357,4404,BV1L841127r7,1,BV1yH4VzfEHR,1,0.43203,4
357,4947,BV1L841127r7,1,BV1bwtfzPE96,1,0.44178,1
357,5477,BV1L841127r7,1,BV1hZZiBaEjG,1,0.44144,2
358,961,BV1nF411f7Yy,1,BV1Xi4y117w4,1,0.38068,1
358,3069,BV1nF411f7Yy,1,BV1tb2UY3EaN,1,0.36975,4
358,5620,BV1nF411f7Yy,1,BV1RrkxBBEYc,1,0.37307,2
358,5838,BV1nF411f7Yy,1,BV1SRmwBgEJE,1,0.3698,3
359,506,BV1uh4y1C7Sp,1,BV1Dm4y127E8,1,0.64506,1
359,1827,BV1uh4y1C7Sp,1,BV1WG41127mP,1,0.56204,1
359,2111,BV1uh4y1C7Sp,1,BV1K1421B7P1,1,0.58363,2
359,2542,BV1uh4y1C7Sp,1,BV1zKCrYAECm,1,0.63882,2
359,2769,BV1uh4y1C7Sp,1,BV18FifYyEm3,1,0.52765,4
359,3113,BV1uh4y1C7Sp,1,BV1Hk2NYkEBi,1,0.55961,3
359,3783,BV1uh4y1C7Sp,1,BV1GAG1zwEqP,1,0.59977,2
359,3908,BV1uh4y1C7Sp,1,BV1V4ZfYkEkX,1,0.45046,3
359,4016,BV1uh4y1C7Sp,1,BV16jQJYsELp,1,0.62731,4
359,5039,BV1uh4y1C7Sp,1,BV1TAbMzsENN,1,0.6357,3
359,5292,BV1uh4y1C7Sp,1,BV1Gk3NzJEDy,1,0.57814,2
359,5706,BV1uh4y1C7Sp,1,BV1aZqMBKE6Z,1,0.52967,4
360,1322,BV1c8411m7RK,1,BV14a4y1k7df,1,0.4929,2
360,1836,BV1c8411m7RK,1,BV1N8411y7SR,1,0.51888,1
360,2915,BV1c8411m7RK,1,BV1WcUhYWEku,1,0.45688,4
360,3356,BV1c8411m7RK,1,BV1ugH4eqEcP,1,0.46342,3
361,1858,BV1Mj411r7c3,1,BV1GP411h7ZS,1,0.43893,1
361,3622,BV1Mj411r7c3,1,BV14Uj1zNEBg,1,0.38787,4
361,5223,BV1Mj411r7c3,1,BV1B8Etz3EBS,1,0.39221,3
362,1311,BV1Yh4y1r77J,1,BV1sK4y1i739,1,0.55488,3
362,1334,BV1Yh4y1r77J,1,BV1vT4y1b7xS,1,0.47373,3
362,1612,BV1Yh4y1r77J,1,BV1hH4y1k7Yb,1,0.53185,4
362,1777,BV1Yh4y1r77J,1,BV11Q4y1J74M,1,0.6155,1
362,2901,BV1Yh4y1r77J,1,BV1KJUaYcEBe,1,0.50159,4
362,3238,BV1Yh4y1r77J,1,BV1gNsCedEHn,1,0.61039,2
362,3771,BV1Yh4y1r77J,1,BV1wk5CzyEjn,1,0.58137,4
362,4384,BV1Yh4y1r77J,1,BV1GuxFzqEZE,1,0.5904,3
362,5810,BV1Yh4y1r77J,1,BV1q3qZBDE9y,1,0.5093,4
363,699,BV1jM4y1x7Sk,1,BV16e4y1W7Kn,1,0.8798,4
363,1272,BV1jM4y1x7Sk,1,BV1mQ4y157gS,2,0.89439,1
363,2139,BV1jM4y1x7Sk,1,BV1w1421z7Gk,1,0.871,2
363,2475,BV1jM4y1x7Sk,1,BV1bZCRB5EDg,1,0.88116,3
363,2744,BV1jM4y1x7Sk,1,BV1USq5YxEY4,1,0.86485,4
363,3156,BV1jM4y1x7Sk,1,BV1fyxZeEEt2,1,0.84071,1
363,3649,BV1jM4y1x7Sk,1,BV1QLJ6zAE4Y,1,0.88687,2
364,913,BV1Cj411972A,1,BV1RZ4y147nc,1,0.3795,2
364,3037,BV1Cj411972A,1,BV1KRyUYiEX2,1,0.35328,3
364,3129,BV1Cj411972A,1,BV1Fo1vYQENB,1,0.36788,4
364,4073,BV1Cj411972A,1,BV1YK9MYJEjP,1,0.39336,1
364,5779,BV1Cj411972A,1,BV1AyUTBjEB3,1,0.37832,3
365,1751,BV1wz4y1s7XM,1,BV1fw411s7Yb,1,0.58177,1
365,2641,BV1wz4y1s7XM,1,BV1fTCrYhEAN,1,0.3613,4
365,3580,BV1wz4y1s7XM,1,BV1UgEzz9E6u,1,0.5074,3
365,3722,BV1wz4y1s7XM,1,BV1Ca5TzyEgs,1,0.50374,4
365,4401,BV1wz4y1s7XM,1,BV1y2WEzTEsy,1,0.51652,2
365,5407,BV1wz4y1s7XM,1,BV12XfiBfETe,1,0.36929,2
366,494,BV1Xk4y1378i,1,BV1AT4y1A7aY,1,0.36572,2
366,1940,BV1Xk4y1378i,1,BV1Kp4y1j7By,1,0.57682,2
366,1945,BV1Xk4y1378i,1,BV1iN4y197eh,1,0.50796,4
366,2037,BV1Xk4y1378i,1,BV1fb421E7nM,1,0.5738,1
366,2052,BV1Xk4y1378i,1,BV14Wg7e2Em7,1,0.59182,1
366,2623,BV1Xk4y1378i,1,BV1HKCaY3EgK,1,0.53464,1
366,3384,BV1Xk4y1378i,1,BV1Ka411o75u,1,0.52834,3
366,3727,BV1Xk4y1378i,1,BV1uz5MzfExY,1,0.57526,3
367,1690,BV1sN411h7g5,1,BV1wH4y1m7Pc,1,0.39376,1
367,2863,BV1sN411h7g5,1,BV1wTU9YUEPa,1,0.37208,4
367,3482,BV1sN411h7g5,1,BV1k1NYzbEGt,1,0.39289,2
367,5502,BV1sN411h7g5,1,BV19oZKBDEBM,1,0.37437,3
368,1507,BV1bm4y177Xr,1,BV1m64y1p7Dk,1,0.46135,4
368,1736,BV1bm4y177Xr,1,BV1p84y1G7Vo,1,0.41973,2
368,1931,BV1bm4y177Xr,1,BV1gV411P7ZK,1,0.44675,3
368,4065,BV1bm4y177Xr,1,BV19q9BY6E2E,1,0.55679,1
368,5400,BV1bm4y177Xr,1,BV1cYfbBhEnS,1,0.46815,3
369,1620,BV1rX4y1j7t5,1,BV1TN4y1Y7EC,1,0.49934,3
369,2340,BV1rX4y1j7t5,1,BV1sZ42127Xh,1,0.63851,4
369,2625,BV1rX4y1j7t5,1,BV19BBEYVEQs,1,0.64522,3
369,3675,BV1rX4y1j7t5,1,BV1zi5zzwEH3,1,0.67481,1
369,5352,BV1rX4y1j7t5,1,BV1yBfUBoEzh,1,0.65311,2
370,2243,BV1aV41157Jy,1,BV19H4y1n78F,1,0.43039,2
370,2481,BV1aV41157Jy,1,BV1exCyBxEC8,1,0.50307,4
370,4982,BV1aV41157Jy,1,BV1NCtRzSEKa,1,0.48042,3
370,4985,BV1aV41157Jy,1,BV161t8z3E8T,1,0.5271,2
370,5081,BV1aV41157Jy,1,BV1PDtizAEYR,1,0.50491,3
370,5242,BV1aV41157Jy,1,BV1D9ubz3Ep8,1,0.54937,1
371,2182,BV1VN411h7dY,1,BV1tZ42177hZ,1,0.43371,1
371,4132,BV1VN411h7dY,1,BV1hTPKeTEWp,1,0.55717,1
371,4283,BV1VN411h7dY,1,BV1aFFpeGECw,1,0.50946,2
371,4520,BV1VN411h7dY,1,BV1x5J1zuEQm,1,0.4824,2
371,4566,BV1VN411h7dY,1,BV1YFJRz6E9W,2,0.48749,3
371,4819,BV1VN411h7dY,1,BV1L8h1zEEbQ,1,0.4737,2
371,5047,BV1VN411h7dY,1,BV1g7tUzVEfF,1,0.41391,3
372,1304,BV1ok4y137pj,1,BV18T4y1s7ap,1,0.38297,4
372,2280,BV1ok4y137pj,1,BV18F4m1L7Ft,1,0.37733,2
372,3525,BV1ok4y137pj,1,BV1GdTTzCEdZ,1,0.41134,1
372,4366,BV1ok4y137pj,1,BV1s4UYB9EBQ,2,0.39816,3
372,4436,BV1ok4y137pj,1,BV1WU4NzuETi,1,0.40452,2
373,2678,BV1PV4y1B7RE,1,BV1gfkkYQEnf,1,0.35978,4
373,3604,BV1PV4y1B7RE,1,BV1L17AzcEeq,1,0.32486,3
373,3977,BV1PV4y1B7RE,1,BV18UXRYVESt,1,0.3719,3
373,4366,BV1PV4y1B7RE,1,BV1s4UYB9EBQ,2,0.37875,1
374,794,BV1cV411577U,1,BV1gB4y147gn,1,0.43774,3
374,951,BV1cV411577U,1,BV15U4y1U71E,1,0.35139,4
374,2047,BV1cV411577U,1,BV1Cb421J7Fn,1,0.48258,2
374,2574,BV1cV411577U,1,BV1yeCNYTEUp,1,0.52699,1
374,3249,BV1cV411577U,1,BV1bjtfe5Efh,1,0.43081,3
374,3614,BV1cV411577U,1,BV17ZjUzdE3h,1,0.39931,4
374,4695,BV1cV411577U,1,BV1aVYVzoE6P,2,0.61208,1
374,4863,BV1cV411577U,1,BV1ehbYzGEo1,1,0.54717,2
374,5812,BV1cV411577U,1,BV1JJmzBfEUY,1,0.50042,4
375,758,BV1g7411C7em,1,BV1nd4y1r7GB,1,0.53437,1
375,1325,BV1g7411C7em,1,BV1Q5411C73X,1,0.48822,3
375,1495,BV1g7411C7em,1,BV1Lg4y1y7Sn,1,0.39634,4
375,1549,BV1g7411C7em,1,BV1ni4y1a7aV,1,0.51167,1
375,2212,BV1g7411C7em,1,BV1aJ4m157PJ,1,0.34072,3
375,2763,BV1g7411C7em,1,BV1kHi6YmEtn,1,0.43683,2
375,2991,BV1g7411C7em,1,BV1cZSnYbEd5,1,0.46658,4
375,4268,BV1g7411C7em,1,BV1xU4y1k7Cf,1,0.34898,4
375,5361,BV1g7411C7em,1,BV1RaPkzKEcu,1,0.3951,2
376,1352,BV1Ls411s7hE,1,BV1Ds411w7vo,1,0.38641,3
376,3665,BV1Ls411s7hE,1,BV1CqJgziEBz,1,0.38552,3
376,3906,BV1Ls411s7hE,1,BV1QEZ8YsEtp,1,0.39084,2
376,4436,BV1Ls411s7hE,1,BV1WU4NzuETi,1,0.3857,4
377,832,BV1vW411p73o,1,BV1hW4y1a7ao,1,0.37433,4
377,2122,BV1vW411p73o,1,BV1my411Y7td,1,0.45987,3
377,2557,BV1vW411p73o,1,BV17hc7e6Eer,1,0.50334,1
377,3517,BV1vW411p73o,1,BV191MnzDEAi,1,0.46498,2
377,4951,BV1vW411p73o,1,BV1VQtqznE99,1,0.38974,4
378,766,BV1bV411i7L9,1,BV11D4y1b7aD,1,0.43094,4
378,1616,BV1bV411i7L9,1,BV1gg4y1Z7ek,1,0.44118,3
378,1639,BV1bV411i7L9,1,BV1qg4y1f7B7,1,0.48126,1
378,4023,BV1bV411i7L9,1,BV1iGRpYvEa4,1,0.48049,2
378,4207,BV1bV411i7L9,1,BV1XANYemE3G,1,0.41653,3
379,435,BV1hx411o7h5,1,BV1qX4y1E73u,1,0.44262,1
379,1248,BV1hx411o7h5,1,BV1Xz4y187gm,1,0.43235,3
379,1922,BV1hx411o7h5,1,BV1E3411M7Jb,1,0.41809,3
379,2166,BV1hx411o7h5,1,BV1cM4m1Z7bx,1,0.47728,2
379,2171,BV1hx411o7h5,1,BV1V1421673e,1,0.45399,2
379,3203,BV1hx411o7h5,1,BV1p8tseqEgp,1,0.51892,1
379,4073,BV1hx411o7h5,1,BV1YK9MYJEjP,1,0.45453,3
379,4182,BV1hx411o7h5,1,BV1yEKTevEnm,1,0.51766,1
379,4930,BV1hx411o7h5,1,BV1VNt9zoEAQ,1,0.46873,2
380,551,BV1bW411e7Nb,1,BV1Ts4y1c7sE,1,0.42109,4
380,1273,BV1bW411e7Nb,1,BV1fN4y1v7Es,1,0.50206,3
380,2396,BV1bW411e7Nb,1,BV1fZ42127hr,1,0.54409,1
380,3994,BV1bW411e7Nb,1,BV1x1QgYCEMB,1,0.47665,4
380,4391,BV1bW411e7Nb,1,BV1aH4gzAE3q,2,0.51664,2
381,2528,BV1Wb41117zX,1,BV15J63YcEZL,1,0.42993,3
381,3864,BV1Wb41117zX,1,BV1ihdzYnEHu,1,0.4811,2
381,3898,BV1Wb41117zX,1,BV1RXRRYtERY,1,0.48507,1
381,4298,BV1Wb41117zX,1,BV1vtF8eKEvE,1,0.42197,4
381,5313,BV1Wb41117zX,1,BV1omANziEYA,1,0.39723,3
382,665,BV1d441157A5,1,BV1JK411d7NE,1,0.40152,2
382,917,BV1d441157A5,1,BV1DF411G7VX,1,0.38266,4
382,4575,BV1d441157A5,1,BV1GpnTzVEM2,1,0.39666,1
382,4981,BV1d441157A5,1,BV1FDbKzyE96,1,0.44841,1
383,1164,BV1d441157A5,2,BV1cJ4m1t7hF,1,0.47918,1
383,1337,BV1d441157A5,2,BV1Y64y1w7Wh,1,0.38098,3
383,1421,BV1d441157A5,2,BV1HN4y1q7n5,1,0.5709,1
383,1831,BV1d441157A5,2,BV11j411b7Yj,1,0.46235,4
383,2255,BV1d441157A5,2,BV1dK421Y7A9,1,0.5631,3
383,4232,BV1d441157A5,2,BV1g3NxeFEvG,1,0.54314,1
383,4550,BV1d441157A5,2,BV1Fdn3zTEpu,1,0.53273,1
383,4695,BV1d441157A5,2,BV1aVYVzoE6P,2,0.55948,4
383,4803,BV1d441157A5,2,BV1yWhQz2EA4,1,0.44292,4
383,5812,BV1d441157A5,2,BV1JJmzBfEUY,1,0.56373,2
384,548,BV1ct411t71t,1,BV1Na4y1w7nY,1,0.46216,3
384,1525,BV1ct411t71t,1,BV1Qg4y1C7Cz,1,0.46755,2
384,2277,BV1ct411t71t,1,BV1Nt421L7mX,1,0.5199,1
384,2660,BV1ct411t71t,1,BV1Hdk8YKEbj,1,0.42384,3
384,4014,BV1ct411t71t,1,BV1tmQ5YZEvf,1,0.45163,4
385,670,BV1ct411t71t,2,BV1Bg411s73u,1,0.43878,3
385,1624,BV1ct411t71t,2,BV17a4y1d7gJ,1,0.44239,2
385,2593,BV1ct411t71t,2,BV1S46RY5EAN,1,0.45147,1
385,5515,BV1ct411t71t,2,BV1seZQBPE2j,1,0.4032,4
386,3166,BV1ct411t71t,3,BV15DxZeLE4o,1,0.46422,4
386,3552,BV1ct411t71t,3,BV1HATRzsEsU,1,0.47507,3
386,3771,BV1ct411t71t,3,BV1wk5CzyEjn,1,0.58294,1
386,3953,BV1ct411t71t,3,BV1aBoRYREKs,1,0.44468,2
386,4392,BV1ct411t71t,3,BV18vWnzpE4Z,1,0.45075,2
386,4538,BV1ct411t71t,3,BV1HbnJzoEFN,1,0.49827,2
386,4630,BV1ct411t71t,3,BV12fpuzVEAP,1,0.44953,1
387,768,BV1Tt411G7Tz,1,BV1TB4y1j72p,1,0.5302,2
387,789,BV1Tt411G7Tz,1,BV1oG4y1674W,1,0.53389,1
387,2910,BV1Tt411G7Tz,1,BV1owUeYJESp,1,0.46395,2
387,3228,BV1Tt411G7Tz,1,BV1sasQegEw4,1,0.49694,3
387,4971,BV1Tt411G7Tz,1,BV1eetSznEc8,1,0.35579,2
388,1590,BV1Ns411p7As,1,BV1pj411s7Wc,1,0.36381,1
388,5125,BV1Ns411p7As,1,BV1SK88zREu2,1,0.34519,3
388,5582,BV1Ns411p7As,1,BV17pzJB2EJ3,1,0.353,2
388,5725,BV1Ns411p7As,1,BV1kzvaBUE9u,1,0.34273,4
389,2184,BV1Ns411p7As,2,BV1u142197qJ,1,0.46572,1
389,2517,BV1Ns411p7As,2,BV16iwnedEmP,1,0.35065,2
389,3381,BV1Ns411p7As,2,BV1SSHPerEPg,1,0.42692,3
389,4245,BV1Ns411p7As,2,BV1TBNweWE6D,1,0.44086,2
390,1692,BV1yW411B78h,1,BV1NH4y12732,1,0.43844,2
390,4359,BV1yW411B78h,1,BV1cZfYYJE6g,1,0.42729,4
390,4574,BV1yW411B78h,1,BV1z4JCzpE9v,1,0.49043,1
391,1029,BV16b411J7yY,1,BV1UgxNz3EN3,1,0.55531,1
391,1975,BV16b411J7yY,1,BV1Qu4y1D7TT,1,0.43021,3
391,2745,BV16b411J7yY,1,BV1USq5YxEY4,2,0.52205,3
391,2756,BV16b411J7yY,1,BV1nNzqYkE69,1,0.5514,2
391,4725,BV16b411J7yY,1,BV1DiYyzGEd8,1,0.50941,4
392,435,BV1Nt411W7tR,1,BV1qX4y1E73u,1,0.37663,4
392,2696,BV1Nt411W7tR,1,BV1fnB5YuE2T,1,0.38059,3
392,4318,BV1Nt411W7tR,1,BV1deFnegEvo,1,0.42421,1
392,4699,BV1Nt411W7tR,1,BV1skYgzgE8W,1,0.39104,2
393,737,BV1Et411r7uF,1,BV1kG4y1h7tn,1,0.42477,2
393,1867,BV1Et411r7uF,1,BV19w411C77Z,1,0.38647,3
393,3683,BV1Et411r7uF,1,BV15KJPzeE4K,1,0.40025,3
393,5187,BV1Et411r7uF,1,BV1Hn8uzREUH,1,0.44938,1
394,1267,BV1Hx411s7dX,1,BV1Tt4y1d7Uh,1,0.41099,2
394,1321,BV1Hx411s7dX,1,BV1vW4y1F7mW,1,0.40526,4
394,3547,BV1Hx411s7dX,1,BV1Y1TWzsE6B,1,0.43322,1
394,4227,BV1Hx411s7dX,1,BV1LkNGehEct,1,0.40901,3
395,2179,BV1Gs411T7sa,1,BV1tJ4m1H78U,1,0.62125,1
395,4016,BV1Gs411T7sa,1,BV16jQJYsELp,1,0.59967,2
395,4379,BV1Gs411T7sa,1,BV1RPmwB5Ejg,1,0.56301,3
395,5757,BV1Gs411T7sa,1,BV1Sgm3BwEh5,1,0.55713,4
396,974,BV1UW411g7dc,1,BV18F411t7CC,1,0.43267,2
396,1561,BV1UW411g7dc,1,BV1bw41187Tw,1,0.40798,4
396,2109,BV1UW411g7dc,1,BV1Zw4m1S7ef,1,0.43788,1
396,2958,BV1UW411g7dc,1,BV1AzDEYoEfE,1,0.41632,3
396,4850,BV1UW411g7dc,1,BV1kCevzzEZN,1,0.40607,3
397,3016,BV1Ut411d7Wj,1,BV1Gy2bYbE8u,1,0.37284,3
397,3521,BV1Ut411d7Wj,1,BV1VKMnzEEHT,1,0.46695,1
397,3912,BV1Ut411d7Wj,1,BV1hCZ9YxEWT,1,0.40358,1
397,5843,BV1Ut411d7Wj,1,BV18LmSBGEbY,1,0.35785,4
398,437,BV1ha4y1e7n7,1,BV1nV4y1B7mL,1,0.4327,3
398,1205,BV1ha4y1e7n7,1,BV1bm41197wE,1,0.3397,4
398,1456,BV1ha4y1e7n7,1,BV1HK41147rN,1,0.43787,1
398,2230,BV1ha4y1e7n7,1,BV15w4m1d7oJ,1,0.47087,1
398,5202,BV1ha4y1e7n7,1,BV1P3gfzjEwJ,1,0.43206,3
399,1486,BV1rW41147LH,1,BV1nC4y1D7ne,1,0.36364,3
399,1900,BV1rW41147LH,1,BV1p54y1Y7MB,1,0.36368,2
399,3343,BV1rW41147LH,1,BV16Tp3e7En6,1,0.36288,4
399,5799,BV1rW41147LH,1,BV183qSBUES5,1,0.36906,1
400,3009,BV1N7411n7fF,1,BV1WsS7YWE6Z,1,0.40595,1
400,4973,BV1N7411n7fF,1,BV1bQt9zsEqA,1,0.38732,3
400,5175,BV1N7411n7fF,1,BV1Sp8MzeEqa,1,0.37854,4
400,5280,BV1N7411n7fF,1,BV1Sc32ztEQp,1,0.39337,2
401,1778,BV1dW411q7MU,1,BV1Nu4y1J7KX,1,0.43297,2
401,3879,BV1dW411q7MU,1,BV155ZrYZE8J,1,0.41112,3
401,4613,BV1dW411q7MU,1,BV1K5puzLEQs,1,0.44745,1
402,2341,BV1FA411H7a8,1,BV1pH4y1a7uP,1,0.46768,1
402,2345,BV1FA411H7a8,1,BV1kA4m1G762,1,0.62084,1
402,2439,BV1FA411H7a8,1,BV1vzU7B8EXP,1,0.49168,3
402,2473,BV1FA411H7a8,1,BV1MHyQBKE1Y,1,0.46895,4
402,3486,BV1FA411H7a8,1,BV1weNizeEAj,1,0.48645,3
402,3959,BV1FA411H7a8,1,BV1q3o2Y3E4B,1,0.60766,2
402,3985,BV1FA411H7a8,1,BV1b4QmYHEMQ,1,0.37059,3
402,4422,BV1FA411H7a8,1,BV12Q4ezfEXY,1,0.53848,1
402,4673,BV1FA411H7a8,1,BV1mKHyzkEkj,1,0.58816,3
402,5172,BV1FA411H7a8,1,BV1J3gCzcEeg,1,0.38555,2
402,5486,BV1FA411H7a8,1,BV1aPZuB9EUB,1,0.49525,4
403,1670,BV1a64y1C7aQ,1,BV1nv411F7ix,1,0.55241,2
403,2034,BV1a64y1C7aQ,1,BV1dZ421T7vv,1,0.38962,3
403,2144,BV1a64y1C7aQ,1,BV1Vi421C77i,1,0.55428,2
403,4011,BV1a64y1C7aQ,1,BV1iDQpYZENu,1,0.54166,4
403,4233,BV1a64y1C7aQ,1,BV1ZKP2eFE6A,1,0.57384,1
403,4477,BV1a64y1C7aQ,1,BV1oGx4zJEwG,1,0.4426,4
403,5188,BV1a64y1C7aQ,1,BV1BU8Mz2Eka,1,0.4103,1
404,2553,BV1a64y1C7aQ,2,BV17BcHenEyd,1,0.854,1
404,3717,BV1a64y1C7aQ,2,BV1xhV2zREgd,1,0.81233,2
404,4129,BV1a64y1C7aQ,2,BV1FhA1ecEYB,1,0.83837,2
404,4379,BV1a64y1C7aQ,2,BV1RPmwB5Ejg,1,0.84795,2
404,4529,BV1a64y1C7aQ,2,BV1FDnnzaEod,1,0.70137,4
404,4812,BV1a64y1C7aQ,2,BV1CDeXzZEWq,1,0.77809,4
404,5390,BV1a64y1C7aQ,2,BV1QJAzzXEup,1,0.74461,3
404,5758,BV1a64y1C7aQ,2,BV1AyBCBdEPq,1,0.83684,4
405,999,BV1H54y1v76G,1,BV1BJWnzYEjA,1,0.43221,1
405,1772,BV1H54y1v76G,1,BV1uj411v7Un,1,0.43075,2
405,2080,BV1H54y1v76G,1,BV1ps42137PN,1,0.40425,4
405,2095,BV1H54y1v76G,1,BV1my411a72U,1,0.37968,4
405,2607,BV1H54y1v76G,1,BV1to6GY9EGn,1,0.41357,2
405,3353,BV1H54y1v76G,1,BV17VHqeLE7A,1,0.41212,3
405,3983,BV1H54y1v76G,1,BV18MQzYaE4K,1,0.39557,3
405,4047,BV1H54y1v76G,1,BV12dXRYBErN,1,0.42968,3
406,513,BV1YK411K7yR,1,BV1t14y1d7qc,1,0.48994,2
406,683,BV1YK411K7yR,1,BV1jG4y147do,1,0.42796,2
406,2502,BV1YK411K7yR,1,BV1ctwqeTExz,1,0.51494,1
406,3362,BV1YK411K7yR,1,BV1rwePeoEXG,1,0.48367,4
406,4086,BV1YK411K7yR,1,BV1fiNZewEd6,1,0.38975,4
406,4452,BV1YK411K7yR,1,BV1tmxvztEgm,1,0.48779,3
407,1470,BV1MT4y1u7PY,1,BV1R64y1J7wJ,1,0.49044,3
407,1628,BV1MT4y1u7PY,1,BV17w41187P9,1,0.51587,2
407,2737,BV1MT4y1u7PY,1,BV19FzKYyEBJ,1,0.48248,4
407,2946,BV1MT4y1u7PY,1,BV1yLDkY8Ev6,1,0.44412,2
407,4514,BV1MT4y1u7PY,1,BV1nJHHzvEmx,1,0.54576,1
407,4839,BV1MT4y1u7PY,1,BV1mweEzYE65,1,0.47125,3
408,857,BV1cW411T7V2,1,BV1AT411A75z,1,0.4272,1
408,2307,BV1cW411T7V2,1,BV1xz421d7oq,1,0.35988,3
408,4399,BV1cW411T7V2,1,BV18aWEz2ES8,1,0.36667,2
409,995,BV14A411w7j4,1,BV1wa15BoEDv,1,0.44927,4
409,2534,BV14A411w7j4,1,BV1hdCvYeEZe,1,0.48184,2
409,2624,BV14A411w7j4,1,BV1ZPkhYfEbV,1,0.45517,3
409,5160,BV14A411w7j4,1,BV1t5bUzuEVY,1,0.5134,1
410,1165,BV1Rx411H7wb,1,BV12A4m1V7DT,1,0.40808,4
410,1423,BV1Rx411H7wb,1,BV13e411D74p,1,0.42734,1
410,1721,BV1Rx411H7wb,1,BV1HH4y1q7fi,1,0.33824,2
410,4234,BV1Rx411H7wb,1,BV1F6NTetEpq,1,0.41343,1
410,4492,BV1Rx411H7wb,1,BV169xJzMEQX,1,0.34171,2
410,4603,BV1Rx411H7wb,1,BV1cNWjztEWb,1,0.45067,1
410,5422,BV1Rx411H7wb,1,BV1cNZMBNEB8,1,0.38632,1
410,5755,BV1Rx411H7wb,1,BV1W7m3B4E1e,1,0.40218,1
411,984,BV1g54y1J7UL,1,BV18F411E7LC,1,0.36293,4
411,3657,BV1g54y1J7UL,1,BV186JtztEjF,1,0.39089,2
411,3721,BV1g54y1J7UL,1,BV1QW5Vz5EWX,1,0.42846,1
411,5843,BV1g54y1J7UL,1,BV18LmSBGEbY,1,0.38024,3
412,1580,BV1zy4y1n7tV,1,BV1uw41147Ue,1,0.38621,1
412,4190,BV1zy4y1n7tV,1,BV1R3KLeGEor,1,0.37024,2
412,5006,BV1zy4y1n7tV,1,BV13ZtAzEEDW,1,0.34805,4
412,5708,BV1zy4y1n7tV,1,BV1QUvWB6Ery,1,0.36967,3
413,1296,BV1fu411Q7Fz,1,BV1B5411z7Co,2,0.47892,3
413,2786,BV1fu411Q7Fz,1,BV1Gci6YwEuL,1,0.44989,4
413,2966,BV1fu411Q7Fz,1,BV1hCDMYVE79,1,0.37678,2
413,3737,BV1fu411Q7Fz,1,BV1rvVczsEfe,1,0.48683,2
413,4979,BV1fu411Q7Fz,1,BV1j7tRzqEuq,1,0.57088,1
414,581,BV1Ku411X7je,1,BV1om4y1e7fJ,1,0.57954,1
414,611,BV1Ku411X7je,1,BV1wM411z7pu,1,0.58763,3
414,899,BV1Ku411X7je,1,BV1f44y1J7mh,1,0.5762,4
414,2213,BV1Ku411X7je,1,BV1mM4m1D71v,1,0.42796,4
414,2722,BV1Ku411X7je,1,BV1Vsq4YwEPa,1,0.59978,1
414,3254,BV1Ku411X7je,1,BV1tZpvehEvK,1,0.5937,2
414,4305,BV1Ku411X7je,1,BV1UPF8eQEGn,1,0.5068,2
414,4558,BV1Ku411X7je,1,BV1qynGzYEsS,1,0.5008,4
414,4770,BV1Ku411X7je,1,BV1cFvNzHEBD,1,0.54308,1
414,4889,BV1Ku411X7je,1,BV1odYJzHE4A,1,0.53201,4
414,5116,BV1Ku411X7je,1,BV1Wf8CzoEUG,1,0.52217,4
415,722,BV1e94y1o7Ne,1,BV18K411S7mJ,1,0.66212,3
415,853,BV1e94y1o7Ne,1,BV1Cd4y1m7wE,1,0.63232,4
415,1632,BV1e94y1o7Ne,1,BV13u4y137m2,1,0.40319,3
415,1791,BV1e94y1o7Ne,1,BV1zw411q7QA,1,0.58496,3
415,2156,BV1e94y1o7Ne,1,BV1oJ4m1H7aV,1,0.48444,2
415,2487,BV1e94y1o7Ne,1,BV1iDkrBmEYj,1,0.57844,2
415,2530,BV1e94y1o7Ne,1,BV1RKc2eEEvm,1,0.6681,2
415,2808,BV1e94y1o7Ne,1,BV1z36wYyEcX,1,0.49138,1
415,2814,BV1e94y1o7Ne,1,BV1oxBtYgEFe,1,0.51103,2
415,3459,BV1e94y1o7Ne,1,BV1aZNQzAEX5,1,0.62106,1
415,4154,BV1e94y1o7Ne,1,BV1asAkeqEX7,1,0.62013,2
415,5002,BV1e94y1o7Ne,1,BV1Wib3zbEp5,1,0.45094,4
415,5134,BV1e94y1o7Ne,1,BV1NX8EzREuk,1,0.70085,1
415,5523,BV1e94y1o7Ne,1,BV1K2FLzTE5M,1,0.44316,4
415,5690,BV1e94y1o7Ne,1,BV1BerKBUENt,1,0.5064,3
415,5780,BV1e94y1o7Ne,1,BV1VnmcByE4F,1,0.5749,2
416,508,BV1nS4y1F77R,1,BV13u41187vF,1,0.52952,3
416,2405,BV1nS4y1F77R,1,BV1Jz421d7bj,1,0.47394,2
416,2698,BV1nS4y1F77R,1,BV1bEBLY8EUE,1,0.48648,3
416,3388,BV1nS4y1F77R,1,BV1eQs7ebE3k,1,0.53503,2
416,3516,BV1nS4y1F77R,1,BV1i7MHzfERn,1,0.56453,1
416,4712,BV1nS4y1F77R,1,BV1tTaJzwEMu,1,0.46805,4
416,4749,BV1nS4y1F77R,1,BV1kaajz7EkA,1,0.52024,4
417,545,BV1vd4y1g7X6,1,BV1Bh4y177yT,1,0.42911,1
417,2899,BV1vd4y1g7X6,1,BV1gqUvYLEby,1,0.36572,4
417,3018,BV1vd4y1g7X6,1,BV1NW42197aj,1,0.31815,3
417,5269,BV1vd4y1g7X6,1,BV19A3Tz9EPe,1,0.36808,3
417,5777,BV1vd4y1g7X6,1,BV1pKUnBSE47,1,0.37364,2
418,1649,BV1Mz4y147bS,1,BV1vg4y1f7Vu,1,0.46379,3
418,4400,BV1Mz4y147bS,1,BV19pWzzVEKx,1,0.50807,2
418,4593,BV1Mz4y147bS,1,BV1vjW5z3Efk,1,0.4359,1
418,4898,BV1Mz4y147bS,1,BV1ppYrzsEMQ,1,0.53452,1
418,5453,BV1Mz4y147bS,1,BV1qHfuBKEpV,1,0.45174,4
419,2544,BV1714y1d7wE,1,BV1uSqZYjEnk,1,0.40614,1
419,3484,BV1714y1d7wE,1,BV1MRTqzdEUs,1,0.39682,3
419,3601,BV1714y1d7wE,1,BV1HRjuzsEkc,1,0.41907,1
419,5019,BV1714y1d7wE,1,BV1csb5zeEuv,1,0.36659,2
419,5529,BV1714y1d7wE,1,BV1iUcszSE7x,1,0.38635,4
420,1408,BV14Y411q7CV,1,BV1ub4y1V7kY,1,0.54496,1
420,1702,BV14Y411q7CV,1,BV14u411F7Ac,1,0.46456,2
420,1857,BV14Y411q7CV,1,BV1WN4y1y7AS,1,0.41823,3
420,4276,BV14Y411q7CV,1,BV1EJFTeVEUj,1,0.50945,3
420,5082,BV14Y411q7CV,1,BV1kPtuzUECf,1,0.57967,1
420,5321,BV14Y411q7CV,1,BV1SrAfzgEMs,1,0.38954,4
421,1081,BV1uh4y157pH,1,BV1mx4y1h71T,1,0.43862,1
421,2027,BV1uh4y157pH,1,BV1ei421h7av,1,0.42724,3
421,2977,BV1uh4y157pH,1,BV18dS6YhEGX,2,0.41823,3
421,3369,BV1uh4y157pH,1,BV1oAHke4Exc,1,0.44301,1
422,471,BV16N411e79x,1,BV1pk4y1G7zG,1,0.41785,1
422,990,BV16N411e79x,1,BV1D3411p7CG,1,0.33222,4
422,1534,BV16N411e79x,1,BV1Fe411C7T9,1,0.351,3
422,3555,BV16N411e79x,1,BV1jaTgzoEuW,1,0.32724,4
422,4098,BV16N411e79x,1,BV11LKTeqEjN,1,0.36171,4
422,4878,BV16N411e79x,1,BV1EaePz2EbL,1,0.39109,2
422,5792,BV16N411e79x,1,BV1CX2yBmEn2,1,0.37619,3
423,1513,BV1kW4y1d7zz,1,BV1di4y187sx,1,0.60063,1
423,1669,BV1kW4y1d7zz,1,BV1n34y1w72L,1,0.43981,3
423,2945,BV1kW4y1d7zz,1,BV1j1mzYaE2K,1,0.46098,1
423,2957,BV1kW4y1d7zz,1,BV1pHDQY7EcR,1,0.4817,4
423,4197,BV1kW4y1d7zz,1,BV1wEK5eSEA1,1,0.42413,3
423,4478,BV1kW4y1d7zz,1,BV1LExMzYEpr,1,0.45681,3
423,4815,BV1kW4y1d7zz,1,BV1M1h1zMEWc,1,0.53356,1
423,5103,BV1kW4y1d7zz,1,BV1Cqh5zGE17,1,0.55488,2
423,5813,BV1kW4y1d7zz,1,BV13uBcBSEps,1,0.41226,2
424,1942,BV1Sx41117dD,1,BV1F34y1t7Jz,1,0.40627,3
424,2458,BV1Sx41117dD,1,BV1UHyHBXEQ1,1,0.37613,2
424,2487,BV1Sx41117dD,1,BV1iDkrBmEYj,1,0.41539,2
424,2613,BV1Sx41117dD,1,BV1696sY5E4J,1,0.36735,4
424,3664,BV1Sx41117dD,1,BV1A5JTzdE65,1,0.42049,1
424,3932,BV1Sx41117dD,1,BV1kXZiYxEwA,1,0.37244,2
424,5307,BV1Sx41117dD,1,BV1mSwRzsEVV,1,0.37018,3
425,1843,BV13N411h7GE,1,BV1SY4y1w7Gb,1,0.44539,3
425,4321,BV13N411h7GE,1,BV17ZwPeqEjy,1,0.45077,2
425,5043,BV13N411h7GE,1,BV1Fsb5zeEmq,1,0.44275,4
425,5060,BV13N411h7GE,1,BV147bNz7E4X,1,0.50608,1
426,2341,BV188411S7zU,1,BV1pH4y1a7uP,1,0.38112,1
426,3624,BV188411S7zU,1,BV1bTjszkExZ,1,0.37632,2
426,4435,BV188411S7zU,1,BV1ym4TzmEtL,1,0.32991,4
426,4773,BV188411S7zU,1,BV1eweBzNEzB,1,0.33653,3
427,1789,BV1NV411j76S,1,BV1uj411v7HK,1,0.43093,3
427,1960,BV1NV411j76S,1,BV1534y1T7vH,1,0.5014,1
427,2142,BV1NV411j76S,1,BV1mb421b7Xy,1,0.43848,4
427,2674,BV1NV411j76S,1,BV1mokmYtEUQ,1,0.46422,3
427,2845,BV1NV411j76S,1,BV1aNBRYkEuq,1,0.47147,3
427,3993,BV1NV411j76S,1,BV1ezXRYJEug,1,0.47406,2
427,4014,BV1NV411j76S,1,BV1tmQ5YZEvf,1,0.46706,4
428,1200,BV1EN411Y7Wr,1,BV1dt421W7Us,1,0.45991,1
428,1782,BV1EN411Y7Wr,1,BV1W8411r7jP,1,0.38123,4
428,4839,BV1EN411Y7Wr,1,BV1mweEzYE65,1,0.40365,2
428,5264,BV1EN411Y7Wr,1,BV1Kqu5zoEAv,1,0.38433,3
429,1812,BV1Y841127yv,1,BV1Ty4y1N7cz,1,0.81289,2
429,3195,BV1Y841127yv,1,BV1cFxqefEp3,1,0.79428,4
429,4379,BV1Y841127yv,1,BV1RPmwB5Ejg,1,0.79518,3
429,4732,BV1Y841127yv,1,BV1F2a3zYECH,1,0.88326,1
430,872,BV1jP41167sB,1,BV1oe4y1X7h3,1,0.47716,2
430,1003,BV1jP41167sB,1,BV1xjsdzjEPa,1,0.46145,4
430,1779,BV1jP41167sB,1,BV14u4y1J7op,1,0.49161,1
430,4471,BV1jP41167sB,1,BV1Lvxjz9EFP,1,0.46586,3
431,1455,BV1qh4y157e2,1,BV1w64y1L7Xu,1,0.3779,3
431,1989,BV1qh4y157e2,1,BV1pj4Rz5EXE,1,0.44277,1
431,2454,BV1qh4y157e2,1,BV1aEU5B7EeF,1,0.41629,4
431,4745,BV1qh4y157e2,1,BV16GaPzkEnD,1,0.53188,1
431,5372,BV1qh4y157e2,1,BV13JPFz5Eqw,1,0.39613,4
431,5621,BV1qh4y157e2,1,BV17fz6BkEgz,1,0.42106,3
432,2457,BV1fm4y1s77x,1,BV1jzyPBEEw6,1,0.47853,3
432,3960,BV1fm4y1s77x,1,BV19gohYdEN5,1,0.57847,1
432,4409,BV1fm4y1s77x,1,BV1fR42zLEuR,1,0.5751,2
432,5051,BV1fm4y1s77x,1,BV1A5bGzYEfR,1,0.47747,4
433,647,BV1NX4y1E7vE,1,BV1c84y1r7eU,1,0.49052,3
433,765,BV1NX4y1E7vE,1,BV1ce411V72F,1,0.42122,3
433,773,BV1NX4y1E7vE,1,BV1m14y1j75y,1,0.49283,1
433,833,BV1NX4y1E7vE,1,BV1uF411P73o,1,0.44867,4
433,883,BV1NX4y1E7vE,1,BV1N94y1Q7kS,1,0.44672,4
433,2717,BV1NX4y1E7vE,1,BV1EdqSYuEnn,1,0.49027,3
433,5846,BV1NX4y1E7vE,1,BV1UWUxBkEW5,1,0.51268,1
434,484,BV1Bm4y1s77Z,1,BV1hz4y147Mx,1,0.42393,3
434,906,BV1Bm4y1s77Z,1,BV1nP4y1F7Fz,1,0.45799,1
434,2371,BV1Bm4y1s77Z,1,BV1Hj421X7L7,1,0.31095,3
434,3159,BV1Bm4y1s77Z,1,BV1964ceUEpi,1,0.40255,4
434,4277,BV1Bm4y1s77Z,1,BV1y8FKe2E7o,1,0.45202,2
435,1205,BV1qX4y1E73u,1,BV1bm41197wE,1,0.36656,1
435,3202,BV1qX4y1E73u,1,BV1prxNerETV,1,0.39438,3
435,3911,BV1qX4y1E73u,1,BV1nafTY3Esd,1,0.39752,3
435,3952,BV1qX4y1E73u,1,BV1BXRVYjEKN,1,0.39595,3
435,5324,BV1qX4y1E73u,1,BV1JJwuzEEiV,1,0.39847,3
436,841,BV1tP411y7dZ,1,BV1AY4y1c7t4,1,0.43045,4
436,3745,BV1tP411y7dZ,1,BV1AZLtzGEkq,1,0.4353,3
436,3888,BV1tP411y7dZ,1,BV162dJYBEFx,1,0.424,4
437,1088,BV1nV4y1B7mL,1,BV1Nz421Z7V2,1,0.38894,3
437,1614,BV1nV4y1B7mL,1,BV1vc4111736,1,0.43541,4
437,1668,BV1nV4y1B7mL,1,BV1La4y1Z771,1,0.50392,3
437,1831,BV1nV4y1B7mL,1,BV11j411b7Yj,1,0.48869,1
437,3935,BV1nV4y1B7mL,1,BV1cTZaYrE3H,1,0.52192,2
437,4030,BV1nV4y1B7mL,1,BV1FcRuYiEzo,1,0.43649,3
437,4840,BV1nV4y1B7mL,1,BV1hiYWzQELK,1,0.52268,1
437,4890,BV1nV4y1B7mL,1,BV1UdbtzSEwq,1,0.49534,3
437,5341,BV1nV4y1B7mL,1,BV1TAcczPEL6,1,0.36041,4
438,536,BV1Ej41197EG,1,BV1Au411j7UG,1,0.36311,2
438,1150,BV1Ej41197EG,1,BV1JZ421U7YJ,1,0.36284,3
438,2939,BV1Ej41197EG,1,BV1SJmzYJE4f,1,0.38925,1
438,4515,BV1Ej41197EG,1,BV1DZHnzSEe2,1,0.36073,4
439,648,BV1Sc411F7uB,1,BV1v44y1m7Bp,1,0.43549,3
439,767,BV1Sc411F7uB,1,BV1a84y1i72t,1,0.43544,4
439,961,BV1Sc411F7uB,1,BV1Xi4y117w4,1,0.42083,1
439,2570,BV1Sc411F7uB,1,BV1tWrVYFEpo,1,0.4662,1
439,5189,BV1Sc411F7uB,1,BV1WVbyzWEJu,1,0.46462,1
440,616,BV1ou411G7jw,1,BV1144y1m7DQ,1,0.50496,3
440,950,BV1ou411G7jw,1,BV1MA4y1S7Mo,1,0.51338,2
440,1405,BV1ou411G7jw,1,BV16i4y1q7AN,1,0.44615,4
440,2714,BV1ou411G7jw,1,BV1R3BLYNEEb,1,0.38839,2
440,3165,BV1ou411G7jw,1,BV1FBxZeWEE2,1,0.49134,4
440,3746,BV1ou411G7jw,1,BV15PVHzTEyF,1,0.6367,1
440,5104,BV1ou411G7jw,1,BV1t8hxz2EBW,1,0.49833,2
441,2345,BV1f94y1e7Zn,1,BV1kA4m1G762,1,0.41436,2
441,2507,BV1f94y1e7Zn,1,BV1w7cfe8E24,1,0.41129,3
441,4364,BV1f94y1e7Zn,1,BV12jf8YSE5P,2,0.40235,4
441,5534,BV1f94y1e7Zn,1,BV1xFcMzJEXm,1,0.45912,1
442,2354,BV1Xx4y197th,1,BV1jx421f7YR,1,0.34912,3
442,4615,BV1Xx4y197th,1,BV1Dr421K7s4,1,0.39976,4
442,4734,BV1Xx4y197th,1,BV1ipaKzCEkR,1,0.42821,1
442,5544,BV1Xx4y197th,1,BV1FccizpEDp,1,0.40323,3
442,5584,BV1Xx4y197th,1,BV1RpFfzrE5k,1,0.3981,2
443,1551,BV1yV4y1876n,1,BV1vC4y1g7Gw,1,0.44853,2
443,1695,BV1yV4y1876n,1,BV1Zw411N7wF,1,0.41378,4
443,2765,BV1yV4y1876n,1,BV1uEzYY7Eom,1,0.42431,3
444,1470,BV15p4y157KW,1,BV1R64y1J7wJ,1,0.46118,4
444,1745,BV15p4y157KW,1,BV1iu4y1t7cq,1,0.48332,1
444,1827,BV15p4y157KW,1,BV1WG41127mP,1,0.53839,1
444,4937,BV15p4y157KW,1,BV1ZwtZz5ERU,1,0.41007,2
444,5432,BV15p4y157KW,1,BV1KYfABeE8D,1,0.46165,3
445,1468,BV1Qa4y1F7rG,1,BV1gp4y1R7kj,1,0.39547,1
445,2775,BV1Qa4y1F7rG,1,BV1WrqLYDEg3,1,0.38023,2
445,2863,BV1Qa4y1F7rG,1,BV1wTU9YUEPa,1,0.36067,4
445,4557,BV1Qa4y1F7rG,1,BV1EanhzsE1c,1,0.37186,3
446,1140,BV1Gc411w7tg,1,BV1Qy421a7jh,1,0.34982,1
446,2044,BV1Gc411w7tg,1,BV1Po8ge6E1K,1,0.39076,3
446,2936,BV1Gc411w7tg,1,BV1pAS2YwEsh,1,0.42864,1
446,3493,BV1Gc411w7tg,1,BV1hBM2zpEsr,1,0.39243,2
446,4675,BV1Gc411w7tg,1,BV1zXYMzRE2E,1,0.37277,3
447,1928,BV1Z8411m7DC,1,BV1qp4y1N7D2,1,0.44149,2
447,2232,BV1Z8411m7DC,1,BV1qi421o7ic,1,0.37316,4
447,5209,BV1Z8411m7DC,1,BV1tvgezXE6c,1,0.36785,4
447,5224,BV1Z8411m7DC,1,BV1X4uUzhEJP,1,0.47731,1
448,2223,BV1T94y1v77p,1,BV1qi42197zG,1,0.382,3
448,3269,BV1T94y1v77p,1,BV15M4m117zb,1,0.42135,1
448,5081,BV1T94y1v77p,1,BV1PDtizAEYR,1,0.3752,4
448,5625,BV1T94y1v77p,1,BV1NuzgBvEWJ,1,0.38756,2
449,493,BV1b3411o7GW,1,BV1Hs4y167qu,1,0.59065,1
449,934,BV1b3411o7GW,1,BV1VB4y197Qz,1,0.4623,3
449,1289,BV1b3411o7GW,1,BV1u64y1K7Qd,1,0.44252,3
449,1642,BV1b3411o7GW,1,BV1YN411L7cC,1,0.34044,3
449,2435,BV1b3411o7GW,1,BV1Xw19BSExh,1,0.47756,4
449,2446,BV1b3411o7GW,1,BV1LbC2BwE1E,1,0.4821,3
449,2725,BV1b3411o7GW,1,BV1qvikY2EQk,1,0.41027,3
449,3353,BV1b3411o7GW,1,BV17VHqeLE7A,1,0.41645,2
449,3365,BV1b3411o7GW,1,BV1o5HqeyEW3,1,0.45305,1
449,3695,BV1b3411o7GW,1,BV1SmEjzFEUq,1,0.42075,4
449,4035,BV1b3411o7GW,1,BV1w79mYLEgR,1,0.53784,2
449,4106,BV1b3411o7GW,1,BV1WaKseSEX2,1,0.44212,4
449,5764,BV1b3411o7GW,1,BV1cpqpB4EsM,1,0.45426,2
450,1019,BV1zV4y1q7fj,1,BV1DPH5zaESH,1,0.56731,1
450,1859,BV1zV4y1q7fj,1,BV1Au4y1x7cs,1,0.46156,4
450,1972,BV1zV4y1q7fj,1,BV1aw411S7t3,1,0.51989,1
450,2084,BV1zV4y1q7fj,1,BV1NHKkeCEz3,1,0.55185,4
450,2885,BV1zV4y1q7fj,1,BV1XAyUY3Ed5,1,0.46599,3
450,3371,BV1zV4y1q7fj,1,BV1TsnfeWE3Z,1,0.54311,3
450,3927,BV1zV4y1q7fj,1,BV1DkZ6YUEs5,1,0.50414,3
450,4451,BV1zV4y1q7fj,1,BV1saxfzdEmY,1,0.38931,3
450,5377,BV1zV4y1q7fj,1,BV1DLfMBnEGd,1,0.55996,2
450,5453,BV1zV4y1q7fj,1,BV1qHfuBKEpV,1,0.55691,2
451,932,BV1jN411U7wE,1,BV1NL4y1c7Tg,1,0.43044,3
451,1707,BV1jN411U7wE,1,BV1DG411S7UY,1,0.43445,2
451,1943,BV1jN411U7wE,1,BV1JP41187Eo,1,0.40254,4
451,4045,BV1jN411U7wE,1,BV11aAbesE3W,1,0.40495,4
451,4078,BV1jN411U7wE,1,BV1tSPsenE4y,1,0.47858,1
452,2641,BV1wh4y1y72u,1,BV1fTCrYhEAN,1,0.38928,2
452,2862,BV1wh4y1y72u,1,BV1fbUXYCEov,1,0.51282,1
452,5407,BV1wh4y1y72u,1,BV12XfiBfETe,1,0.35837,4
452,5456,BV1wh4y1y72u,1,BV1ouZ6BDE6z,1,0.51227,1
453,1828,BV1Hh4y1y7He,1,BV1DH4y1d7m1,1,0.43984,1
453,2826,BV1Hh4y1y7He,1,BV1i8zpYFErF,1,0.41318,4
453,3747,BV1Hh4y1y7He,1,BV17nGZzMEM6,1,0.42807,3
454,2964,BV1K94y1q7Pg,1,BV1D8DRYBEC2,1,0.45904,4
454,4191,BV1K94y1q7Pg,1,BV1T3KNeYEYq,1,0.48457,2
454,5042,BV1K94y1q7Pg,1,BV1ZmtUzQEnD,1,0.48588,1
454,5840,BV1K94y1q7Pg,1,BV1th2LBgEgk,1,0.46633,2
455,538,BV1yL411k7Zk,1,BV1UF411d7Qh,1,0.47709,2
455,972,BV1yL411k7Zk,1,BV1u34y1v7EE,1,0.49476,2
455,2277,BV1yL411k7Zk,1,BV1Nt421L7mX,1,0.49078,4
455,2506,BV1yL411k7Zk,1,BV1W569YeEq1,1,0.50163,2
455,3404,BV1yL411k7Zk,1,BV1UnHgeREh9,1,0.48785,3
455,3844,BV1yL411k7Zk,1,BV1cL57zTER4,1,0.43703,4
455,4830,BV1yL411k7Zk,1,BV1XGvNzGEmJ,1,0.42765,3
455,5429,BV1yL411k7Zk,1,BV1eUZ1B8Egm,1,0.41406,2
456,580,BV1w24y1F7vY,1,BV1Sg4y1N7D1,1,0.48234,2
456,1096,BV1w24y1F7vY,1,BV15m411X7hY,1,0.48125,4
456,1371,BV1w24y1F7vY,1,BV13W4y1P7GJ,1,0.44083,1
456,2633,BV1w24y1F7vY,1,BV1EAk9YfEw1,1,0.48925,2
456,2703,BV1w24y1F7vY,1,BV18mBuYjEo4,1,0.49406,1
457,616,BV1kM4y1p7Wr,1,BV1144y1m7DQ,1,0.52572,2
457,741,BV1kM4y1p7Wr,1,BV1Wv4y1U7x9,1,0.49085,4
457,1076,BV1kM4y1p7Wr,1,BV1TdWzeGEbT,1,0.4625,3
457,1224,BV1kM4y1p7Wr,1,BV1Zg4y1e74j,1,0.49793,2
457,1335,BV1kM4y1p7Wr,1,BV14K411Y7uK,1,0.47424,2
457,1690,BV1kM4y1p7Wr,1,BV1wH4y1m7Pc,1,0.47704,3
457,1693,BV1kM4y1p7Wr,1,BV1Ua4y1U7pt,1,0.52693,3
457,3879,BV1kM4y1p7Wr,1,BV155ZrYZE8J,1,0.47361,4
457,3956,BV1kM4y1p7Wr,1,BV1ftoiYUEyJ,1,0.45906,2
457,4031,BV1kM4y1p7Wr,1,BV1XnRpYFExc,1,0.42606,4
457,4198,BV1kM4y1p7Wr,1,BV1rqKpeBExU,1,0.55289,2
457,4406,BV1kM4y1p7Wr,1,BV1cTWzzsERa,1,0.45381,1
457,5490,BV1kM4y1p7Wr,1,BV1y9ZDBhEtZ,1,0.56244,1
457,5720,BV1kM4y1p7Wr,1,BV1X9ipB3Ex9,1,0.4269,3
458,471,BV13M4y1W7oH,1,BV1pk4y1G7zG,1,0.47792,2
458,2190,BV13M4y1W7oH,1,BV1kw4m1f7DA,1,0.57262,1
458,2418,BV13M4y1W7oH,1,BV1kv421y7fC,1,0.48297,3
458,2772,BV13M4y1W7oH,1,BV1HkqVYGEK2,1,0.50007,3
458,2787,BV13M4y1W7oH,1,BV1G8iRYBEw5,1,0.43666,3
458,3296,BV13M4y1W7oH,1,BV1KKtNepEXH,1,0.54675,2
458,4029,BV13M4y1W7oH,1,BV1oGRVYCEYp,1,0.43103,1
458,4131,BV13M4y1W7oH,1,BV13UPKeuEmi,1,0.53358,3
458,4146,BV13M4y1W7oH,1,BV1HoAjeSEdz,1,0.49371,1
458,5509,BV13M4y1W7oH,1,BV1tcZqB8Ea3,1,0.52954,4
459,782,BV1bz4y1t7RE,1,BV18G411x7YE,1,0.4858,4
459,1607,BV1bz4y1t7RE,1,BV12C4y1X7im,1,0.50344,1
459,4476,BV1bz4y1t7RE,1,BV1KZHAzoEWg,1,0.48684,3
459,4834,BV1bz4y1t7RE,1,BV1HAYSzgEbT,1,0.49443,1
460,474,BV13j411R7sX,1,BV1pX4y1Y7jH,1,0.59527,1
460,1592,BV13j411R7sX,1,BV1rG411a7WJ,1,0.44183,4
460,1707,BV13j411R7sX,1,BV1DG411S7UY,1,0.54608,2
460,1752,BV13j411R7sX,1,BV1iC4y1U7dK,1,0.39078,4
460,2474,BV13j411R7sX,1,BV1f5C9B9EY8,1,0.52801,3
460,2650,BV13j411R7sX,1,BV1rHkRYvEvu,1,0.52195,4
460,2820,BV13j411R7sX,1,BV1KuzVYXEg6,1,0.53182,4
460,3057,BV13j411R7sX,1,BV15TyaYeEj6,1,0.5847,3
460,3832,BV13j411R7sX,1,BV1wvLwzwEEt,1,0.43425,3
460,4169,BV13j411R7sX,1,BV1WJwZeAEXp,1,0.5429,3
460,4510,BV13j411R7sX,1,BV1eCn9zLExc,1,0.51993,2
460,4573,BV13j411R7sX,1,BV11dJRzwESu,1,0.44475,4
460,5207,BV13j411R7sX,1,BV1vEgazdEw5,1,0.58984,3
460,5628,BV13j411R7sX,1,BV1Qt6vBHEb4,1,0.61833,1
460,5747,BV13j411R7sX,1,BV1vXiPBFEkR,1,0.57142,3
460,5774,BV13j411R7sX,1,BV1GtB1BLEdz,1,0.53512,2
461,1208,BV1yW4y1d7nJ,1,BV1DH4y1a7zu,1,0.4414,1
461,2994,BV1yW4y1d7nJ,1,BV1tCSaYqEea,1,0.42797,3
461,4817,BV1yW4y1d7nJ,1,BV1Cye2zBEAN,1,0.43445,3
461,4904,BV1yW4y1d7nJ,1,BV1tJYezVEzW,1,0.35198,4
461,5370,BV1yW4y1d7nJ,1,BV18wf1BRE1i,1,0.44095,2
461,5403,BV1yW4y1d7nJ,1,BV1qrfMBYEQs,1,0.37389,4
462,631,BV11h4y157mH,1,BV1W84y1s7Ed,1,0.39016,2
462,820,BV11h4y157mH,1,BV1pS4y1W76x,1,0.4476,1
462,1493,BV11h4y157mH,1,BV1aa4y167y3,1,0.37693,4
462,1685,BV11h4y157mH,1,BV1Vv411F7yZ,1,0.37844,3
462,2491,BV11h4y157mH,1,BV13bwmejEFv,1,0.37701,4
462,2715,BV11h4y157mH,1,BV1xVBuYzEru,1,0.33113,4
462,3590,BV11h4y157mH,1,BV1Ed71zWEiR,1,0.29013,3
463,629,BV1jz4y1t7eJ,1,BV1LP411T7i6,1,0.45514,3
463,952,BV1jz4y1t7eJ,1,BV12T4y1z7p6,1,0.39062,2
463,1877,BV1jz4y1t7eJ,1,BV1gH4y1Z7Rw,1,0.46797,1
463,1883,BV1jz4y1t7eJ,1,BV1Sj411t7yR,1,0.50561,3
463,2339,BV1jz4y1t7eJ,1,BV1e2421M7xJ,1,0.4836,3
463,2782,BV1jz4y1t7eJ,1,BV1ZPiUYwEtY,1,0.50752,2
463,3554,BV1jz4y1t7eJ,1,BV1j7TizAE3o,1,0.36067,4
463,4126,BV1jz4y1t7eJ,1,BV1KvAJeaEG7,1,0.50359,1
463,4938,BV1jz4y1t7eJ,1,BV19gtdzwEFX,1,0.55865,1
464,908,BV1Rm4y1j7EU,1,BV14Y4y1V7Nr,1,0.33951,4
464,2621,BV1Rm4y1j7EU,1,BV1qVCaYiE88,1,0.35343,3
464,3351,BV1Rm4y1j7EU,1,BV1PZpMe2ENo,2,0.35478,2
464,5438,BV1Rm4y1j7EU,1,BV1adfGBzEiT,1,0.35617,1
465,744,BV1HN411D7bp,1,BV1M84y1B7eq,1,0.49602,1
465,996,BV1HN411D7bp,1,BV1Q2yBB6EE5,1,0.46748,2
465,1816,BV1HN411D7bp,1,BV1o34y1g7Nv,1,0.4841,2
465,2187,BV1HN411D7bp,1,BV1sT421X73X,1,0.48019,4
465,2766,BV1HN411D7bp,1,BV14oi9YcErv,1,0.48331,1
465,3125,BV1HN411D7bp,1,BV1UJ2HYaEMV,1,0.39126,4
466,3369,BV1Cm4y177kJ,1,BV1oAHke4Exc,1,0.36709,3
466,3967,BV1Cm4y177kJ,1,BV1faX1YAE9z,1,0.35609,4
466,5842,BV1Cm4y177kJ,1,BV1EYSqBFE1T,1,0.37107,2
467,696,BV1kW4y1d7Tk,1,BV1g14y1H7QS,1,0.40757,1
467,793,BV1kW4y1d7Tk,1,BV1Ev4y1c7jg,1,0.35949,3
467,1049,BV1kW4y1d7Tk,1,BV1HrsnzGEAg,1,0.46945,2
467,1871,BV1kW4y1d7Tk,1,BV1wj411b7YM,1,0.47045,1
467,2257,BV1kW4y1d7Tk,1,BV1kw4m1Z7ad,1,0.37982,2
467,2814,BV1kW4y1d7Tk,1,BV1oxBtYgEFe,1,0.45903,3
468,588,BV1PW4y1o7ku,1,BV14K411C77R,1,0.40819,2
468,3062,BV1PW4y1o7ku,1,BV1A3CfYXENY,1,0.33885,3
468,3777,BV1PW4y1o7ku,1,BV1pSGUz4E5U,1,0.40249,1
468,4746,BV1PW4y1o7ku,1,BV1b9a5zsE1R,1,0.4236,1
468,5300,BV1PW4y1o7ku,1,BV1pGAmzhEWb,1,0.38581,4
469,2331,BV1bV411K7zN,1,BV1Vx4y1r7yY,1,0.42888,1
469,2685,BV1bV411K7zN,1,BV1kCkcYDEwa,1,0.41399,2
469,2851,BV1bV411K7zN,1,BV1GVB4YYEst,1,0.3838,4
469,4991,BV1bV411K7zN,1,BV1AYt2zsEBe,1,0.38454,3
470,1232,BV18X4y1Y74D,1,BV1mB421k7dY,1,0.45004,1
470,2121,BV18X4y1Y74D,1,BV1Sb421b7u8,1,0.44926,3
470,2621,BV18X4y1Y74D,1,BV1qVCaYiE88,1,0.44787,1
470,3463,BV18X4y1Y74D,1,BV1AWN1zAE6N,1,0.53283,2
470,4948,BV18X4y1Y74D,1,BV1hBtSzmE9J,1,0.47842,4
470,5161,BV18X4y1Y74D,1,BV1Fnb9z6EyM,1,0.48123,1
471,1350,BV1pk4y1G7zG,1,BV1Cg4y1D78K,1,0.34077,4
471,1520,BV1pk4y1G7zG,1,BV1Lu4y1M7qH,1,0.39348,3
471,1760,BV1pk4y1G7zG,1,BV1NQ4y187NK,1,0.40435,1
471,2612,BV1pk4y1G7zG,1,BV1xd6hYMENF,3,0.43946,1
471,2842,BV1pk4y1G7zG,1,BV1RQt6eqEdb,2,0.43306,4
471,3296,BV1pk4y1G7zG,1,BV1KKtNepEXH,1,0.51044,1
471,4063,BV1pk4y1G7zG,1,BV1qE9nYfEVm,1,0.46588,3
471,4068,BV1pk4y1G7zG,1,BV1v6XoY4Ehq,1,0.43629,1
471,5737,BV1pk4y1G7zG,1,BV1AWvWBZEE2,1,0.4534,4
472,788,BV1ZV4y147zk,1,BV1JP411G76s,1,0.44187,1
472,2819,BV1ZV4y147zk,1,BV1iNzdYsEny,1,0.3652,4
472,4786,BV1ZV4y147zk,1,BV13BhozkEU5,1,0.41887,2
472,5073,BV1ZV4y147zk,1,BV1Zwtqz9EyQ,1,0.37837,3
473,1804,BV1th4y1f78g,1,BV16c411o7u8,1,0.42407,2
473,2914,BV1th4y1f78g,1,BV1toUFYyExZ,1,0.46501,1
473,4983,BV1th4y1f78g,1,BV1WctRzEESc,1,0.40516,4
473,5223,BV1th4y1f78g,1,BV1B8Etz3EBS,1,0.40995,3
474,916,BV1pX4y1Y7jH,1,BV1W441197GE,1,0.49722,1
474,2245,BV1pX4y1Y7jH,1,BV1oJ4m1h7AW,1,0.50076,4
474,3116,BV1pX4y1Y7jH,1,BV1uP2PYSEgA,1,0.49256,3
474,4009,BV1pX4y1Y7jH,1,BV19uQpYdErb,1,0.54356,2
474,4609,BV1pX4y1Y7jH,1,BV1jsWuzhEHR,1,0.38288,2
474,4614,BV1pX4y1Y7jH,1,BV1LCpizuEoP,1,0.5448,3
474,4802,BV1pX4y1Y7jH,1,BV1twhRzbEnk,1,0.47445,4
474,4861,BV1pX4y1Y7jH,1,BV1CGhVz6E2Z,1,0.49841,1
474,5207,BV1pX4y1Y7jH,1,BV1vEgazdEw5,1,0.55127,2
474,5383,BV1pX4y1Y7jH,1,BV1YZAzzoEGj,1,0.49027,4
475,595,BV11N411U7Ce,1,BV1WA411Z7es,1,0.41359,3
475,701,BV11N411U7Ce,1,BV1SG4y187Lg,1,0.47506,1
475,1868,BV11N411U7Ce,1,BV1Pw411y7iT,1,0.41083,4
475,2271,BV11N411U7Ce,1,BV1B6421F7KJ,1,0.34603,1
475,5238,BV11N411U7Ce,1,BV1bV3Ez2Eyk,1,0.43001,2
476,1580,BV1b14y1d7tt,1,BV1uw41147Ue,1,0.39552,3
476,2787,BV1b14y1d7tt,1,BV1G8iRYBEw5,1,0.41536,3
476,3174,BV1b14y1d7tt,1,BV1uy4Ge1EUB,1,0.40314,4
477,850,BV19V4y1b7Zz,1,BV1ed4y1o7Gg,1,0.44501,1
477,1344,BV19V4y1b7Zz,1,BV1Be411n7Fv,1,0.43844,2
477,1836,BV19V4y1b7Zz,1,BV1N8411y7SR,1,0.4278,4
477,3159,BV19V4y1b7Zz,1,BV1964ceUEpi,1,0.42868,3
478,1188,BV1C14y1o7d4,1,BV1G7421T7GN,1,0.37294,4
478,1852,BV1C14y1o7d4,1,BV1Xh4y167Hb,1,0.45398,2
478,2044,BV1C14y1o7d4,1,BV1Po8ge6E1K,1,0.46588,1
478,5694,BV1C14y1o7d4,1,BV1fpBLBTEeS,1,0.44411,4
479,555,BV1SX4y1J7Uu,1,BV1Hg4y1K7qU,1,0.50375,1
479,640,BV1SX4y1J7Uu,1,BV17e4y1T7hS,1,0.39564,4
479,773,BV1SX4y1J7Uu,1,BV1m14y1j75y,1,0.42965,2
479,1299,BV1SX4y1J7Uu,1,BV1fC4y1N7uA,1,0.48903,2
479,4503,BV1SX4y1J7Uu,1,BV1LNHTzUE3U,1,0.37175,3
479,4524,BV1SX4y1J7Uu,1,BV1xDnizmEu9,1,0.4183,4
480,731,BV1Qm4y1j764,1,BV1tg411B7ER,1,0.46731,4
480,1800,BV1Qm4y1j764,1,BV1yB4y1d7KL,1,0.42419,1
480,2461,BV1Qm4y1j764,1,BV1fNyHBeEKF,1,0.48186,1
480,3453,BV1Qm4y1j764,1,BV1HJKmzqENB,1,0.43994,4
480,3543,BV1Qm4y1j764,1,BV1S67KzcEsU,1,0.4723,2
480,3860,BV1Qm4y1j764,1,BV1M8dkYUEUS,1,0.46945,3
481,2823,BV1q94y1B7Me,1,BV1p2UhYXExj,1,0.3875,1
481,4203,BV1q94y1B7Me,1,BV1cMNmerEiU,1,0.39113,1
481,4794,BV1q94y1B7Me,1,BV1T8h2zMEwQ,1,0.36972,1
482,3127,BV1fj411o7fn,1,BV1Yix4eWEua,1,0.37552,3
482,3753,BV1fj411o7fn,1,BV1oToWYyEns,1,0.40908,1
482,4958,BV1fj411o7fn,1,BV1vytZz1ERZ,1,0.40196,2
483,1814,BV1uP411e7xg,1,BV1Eh4y1B7Lu,1,0.8861,2
483,2475,BV1uP411e7xg,1,BV1bZCRB5EDg,1,0.91767,4
483,2798,BV1uP411e7xg,1,BV1zYzQYSEnK,1,0.92412,3
483,3430,BV1uP411e7xg,1,BV1XkSyBKEBC,1,0.9532,1
483,4417,BV1uP411e7xg,1,BV18r4EzHEM6,1,0.91213,3
483,5695,BV1uP411e7xg,1,BV1XyiXBfEqB,1,0.92433,3
483,5749,BV1uP411e7xg,1,BV1wVv6BzEBR,1,0.92771,2
484,976,BV1hz4y147Mx,1,BV17L4y157FK,1,0.44498,1
484,2315,BV1hz4y147Mx,1,BV1Wv421C7np,1,0.38328,3
484,3546,BV1hz4y147Mx,1,BV1JV7fz8EdG,1,0.52113,3
484,4277,BV1hz4y147Mx,1,BV1y8FKe2E7o,1,0.53464,2
484,4469,BV1hz4y147Mx,1,BV1GpHVzhECQ,1,0.42398,3
484,5023,BV1hz4y147Mx,1,BV1aBtSzmEMr,1,0.50526,4
485,3676,BV1Bm4y1j7k7,1,BV15SECzCERP,1,0.4756,3
485,3878,BV1Bm4y1j7k7,1,BV1YCdXYSEKK,1,0.46834,4
485,4478,BV1Bm4y1j7k7,1,BV1LExMzYEpr,1,0.48178,1
485,4870,BV1Bm4y1j7k7,1,BV172eMzXEwY,1,0.52732,1
485,5338,BV1Bm4y1j7k7,1,BV1mScqzqE2X,1,0.44733,4
486,617,BV1um4y177wW,1,BV1r8411L7cv,1,0.47999,1
486,847,BV1um4y177wW,1,BV18e4y1D76v,1,0.4046,4
486,1156,BV1um4y177wW,1,BV1ZC411z7xF,1,0.49065,3
486,1367,BV1um4y177wW,1,BV1Hi4y1i7jv,1,0.48243,3
486,1475,BV1um4y177wW,1,BV1a64y1n7He,1,0.41432,2
486,2760,BV1um4y177wW,1,BV1yVqHYPE4P,1,0.48492,1
486,3148,BV1um4y177wW,1,BV1AG2FYZEF5,1,0.39132,3
486,3282,BV1um4y177wW,1,BV1sV4dedEBn,1,0.46157,3
486,3381,BV1um4y177wW,1,BV1SSHPerEPg,1,0.49425,2
486,3448,BV1um4y177wW,1,BV1mTg6zKEeE,1,0.50465,1
486,3474,BV1um4y177wW,1,BV1QiNxzHEL2,1,0.41468,3
486,4097,BV1um4y177wW,1,BV1oo9TYxEZq,1,0.44368,4
486,4926,BV1um4y177wW,1,BV13rt4z7EV9,1,0.44987,1
486,4930,BV1um4y177wW,1,BV1VNt9zoEAQ,1,0.47509,1
486,5182,BV1um4y177wW,1,BV1wTgpzVEJT,1,0.4391,1
487,3033,BV1qh411A7pe,1,BV1Sg1pYeEEb,1,0.39233,3
487,3506,BV1qh411A7pe,1,BV1Y2MuzHEUc,1,0.5123,4
487,3566,BV1qh411A7pe,1,BV1NT7Kz9Eb4,1,0.50084,3
487,4351,BV1qh411A7pe,1,BV1T6fJYsE1Y,1,0.5763,1
487,4862,BV1qh411A7pe,1,BV1GwYXzBERT,1,0.53654,2
487,5103,BV1qh411A7pe,1,BV1Cqh5zGE17,1,0.52537,3
488,1376,BV1Cz4y1H79e,1,BV1AK4y1z7nG,1,0.35971,4
488,1771,BV1Cz4y1H79e,1,BV1CC4y1E7vC,1,0.4423,2
488,3607,BV1Cz4y1H79e,1,BV1Zq7Gz4EHy,1,0.42546,4
488,4300,BV1Cz4y1H79e,1,BV1CBFHe4Ekm,1,0.50615,1
488,5280,BV1Cz4y1H79e,1,BV1Sc32ztEQp,1,0.43793,3
489,660,BV1Th411N7mw,1,BV1dP411u718,1,0.53064,1
489,2881,BV1Th411N7mw,1,BV1RBUXYqEVr,1,0.4629,2
489,3324,BV1Th411N7mw,1,BV1UcpBeKEK8,1,0.42145,4
489,5453,BV1Th411N7mw,1,BV1qHfuBKEpV,1,0.48696,2
490,882,BV16s4y1r7oW,1,BV1m3411F7d3,1,0.40281,4
490,1338,BV16s4y1r7oW,1,BV1oK411872B,1,0.41512,3
490,1837,BV16s4y1r7oW,1,BV1dc411J7nf,1,0.42454,2
490,2552,BV16s4y1r7oW,1,BV1ozrrYQEPU,1,0.42602,1
491,3238,BV1Ag4y1N7Ez,1,BV1gNsCedEHn,1,0.41521,4
491,3928,BV1Ag4y1N7Ez,1,BV1v3ZrYfEug,1,0.42101,2
491,3972,BV1Ag4y1N7Ez,1,BV1iZXyY4EFT,1,0.42207,1
491,4108,BV1Ag4y1N7Ez,1,BV1qDPve8E1y,1,0.39318,1
491,5799,BV1Ag4y1N7Ez,1,BV183qSBUES5,1,0.4203,3
492,730,BV1CX4y1p7NX,1,BV1hg411e7H6,1,0.44688,3
492,918,BV1CX4y1p7NX,1,BV1kg411d7gK,1,0.49475,1
492,1677,BV1CX4y1p7NX,1,BV1be411Z7JF,1,0.45036,2
492,2415,BV1CX4y1p7NX,1,BV1Cz421d7pG,1,0.39517,3
492,4503,BV1CX4y1p7NX,1,BV1LNHTzUE3U,1,0.36094,4
492,5091,BV1CX4y1p7NX,1,BV1cxtMz1E6Z,1,0.43929,4
493,1081,BV1Hs4y167qu,1,BV1mx4y1h71T,1,0.43334,2
493,2265,BV1Hs4y167qu,1,BV17D42177ak,1,0.46324,3
493,3490,BV1Hs4y167qu,1,BV1KQMUzHEBF,1,0.4903,3
493,3654,BV1Hs4y167qu,1,BV1JfE9z7ECC,1,0.42133,3
493,3669,BV1Hs4y167qu,1,BV1Uh5VzzEDe,1,0.4326,3
493,4035,BV1Hs4y167qu,1,BV1w79mYLEgR,1,0.5479,1
493,4106,BV1Hs4y167qu,1,BV1WaKseSEX2,1,0.44367,3
493,5624,BV1Hs4y167qu,1,BV1AV6zBEEw3,1,0.46516,3
494,1007,BV1AT4y1A7aY,1,BV1Sy1MBWEiG,1,0.38516,1
494,4371,BV1AT4y1A7aY,1,BV1iauwzrEkN,1,0.35485,4
494,4625,BV1AT4y1A7aY,1,BV1hJp6z3Eft,1,0.3571,3
495,516,BV1yG4y1U7mk,1,BV1xm4y1a7Gi,1,0.52662,1
495,529,BV1yG4y1U7mk,1,BV12k4y1K768,1,0.37562,2
495,828,BV1yG4y1U7mk,1,BV1gY4y1c7kw,1,0.39293,1
495,1905,BV1yG4y1U7mk,1,BV1pW411r7Wh,1,0.42722,3
495,2537,BV1yG4y1U7mk,1,BV1qickeGE7y,1,0.42235,2
495,2585,BV1yG4y1U7mk,1,BV15jr4YGEJs,1,0.42121,2
495,3652,BV1yG4y1U7mk,1,BV1C9EdzbEPP,2,0.4348,2
495,4678,BV1yG4y1U7mk,1,BV1qyYozsE4e,1,0.40778,3
496,1317,BV1p84y1M7ky,1,BV1wV411Q7nU,1,0.48018,1
496,5090,BV1p84y1M7ky,1,BV1dttPzoEgb,1,0.43363,3
496,5536,BV1p84y1M7ky,1,BV1qd6cBNERK,1,0.42429,4
496,5754,BV1p84y1M7ky,1,BV1scmcBtEcU,1,0.51906,1
497,2484,BV1zS4y1n7NA,1,BV1acCtBBEzG,1,0.47723,3
497,5577,BV1zS4y1n7NA,1,BV1GYcczCEUE,1,0.48367,1
497,5846,BV1zS4y1n7NA,1,BV1UWUxBkEW5,1,0.47718,4
498,3981,BV12V4y1u7MT,1,BV1ZpQcYqEzM,1,0.42602,4
498,4092,BV12V4y1u7MT,1,BV1VG9cYAEMJ,1,0.43294,2
498,5324,BV12V4y1u7MT,1,BV1JJwuzEEiV,1,0.45238,1
498,5400,BV12V4y1u7MT,1,BV1cYfbBhEnS,1,0.42706,3
499,3152,BV1Xs4y137qv,1,BV1hR1mY6E4L,1,0.36878,3
499,3784,BV1Xs4y137qv,1,BV1FhGmzDESi,1,0.37147,3
499,4266,BV1Xs4y137qv,1,BV1kcFdeSEVD,1,0.37635,3
499,4290,BV1Xs4y137qv,1,BV1oCF4etEaE,1,0.38246,3
499,4514,BV1Xs4y137qv,1,BV1nJHHzvEmx,1,0.40562,2
499,4675,BV1Xs4y137qv,1,BV1zXYMzRE2E,1,0.38161,2
499,5004,BV1Xs4y137qv,1,BV1ubtXzHEwg,1,0.40444,2
499,5530,BV1Xs4y137qv,1,BV1ihcqzDEJn,1,0.41993,1
499,5576,BV1Xs4y137qv,1,BV1SHFDzgE4D,1,0.39785,4
500,1434,BV1v3411W79e,1,BV1qN4y1i7ib,1,0.4719,4
500,2400,BV1v3411W79e,1,BV1Dm411D7kv,1,0.58497,1
500,3043,BV1v3411W79e,1,BV1tzy6YyEt4,1,0.51949,3
500,3264,BV1v3411W79e,1,BV1gQtpeyEFg,1,0.51333,4
500,3272,BV1v3411W79e,1,BV17Qthe2EZd,1,0.38826,3
500,3919,BV1v3411W79e,1,BV1qmZtYoEFy,1,0.5268,2
501,518,BV1DV4y1s7N1,1,BV1pV4y127wT,1,0.4323,4
501,2306,BV1DV4y1s7N1,1,BV1ty421q7f7,1,0.43112,2
501,3452,BV1DV4y1s7N1,1,BV1n3N2zFEWo,1,0.34463,4
501,3464,BV1DV4y1s7N1,1,BV1aCNCz6EqV,1,0.453,2
501,3781,BV1DV4y1s7N1,1,BV1TbL6zSE15,1,0.44001,3
501,4804,BV1DV4y1s7N1,1,BV19AhQzcEuq,1,0.49298,1
502,1375,BV1f84y1H7nE,1,BV1PQ4y1E7Cm,1,0.57977,1
502,1407,BV1f84y1H7nE,1,BV1Ta4y1z72p,1,0.62133,1
502,3377,BV1f84y1H7nE,1,BV1pyYCeBExh,1,0.56486,2
502,3922,BV1f84y1H7nE,1,BV1SrZ6YJEYQ,1,0.49287,4
502,3944,BV1f84y1H7nE,1,BV11mZLYuEE1,1,0.43109,4
502,5567,BV1f84y1H7nE,1,BV1XbcYzvEXV,1,0.42303,2
503,3308,BV1FM411M7GJ,1,BV1jF4zehEVJ,1,0.41923,2
503,3983,BV1FM411M7GJ,1,BV18MQzYaE4K,1,0.38905,4
503,4007,BV1FM411M7GJ,1,BV1apQPYNEYw,1,0.48421,1
503,4034,BV1FM411M7GJ,1,BV1HoRhYqEV2,1,0.3896,3
504,986,BV1JT411Z7Mu,1,BV1tL411K7GD,1,0.3975,3
504,3558,BV1JT411Z7Mu,1,BV1imE1zXE6b,1,0.41384,2
504,5110,BV1JT411Z7Mu,1,BV1YqhPzaEUN,1,0.39632,4
504,5320,BV1JT411Z7Mu,1,BV1W3APzGExU,1,0.4254,1
505,1058,BV1Es4y1q7Nw,1,BV1Lws4eXEKz,1,0.50078,1
505,1102,BV1Es4y1q7Nw,1,BV1XB421B7cW,2,0.40263,3
505,2433,BV1Es4y1q7Nw,1,BV1XYUwBEEzQ,1,0.54069,1
505,3597,BV1Es4y1q7Nw,1,BV19i7kzzEyB,1,0.45139,4
505,4521,BV1Es4y1q7Nw,1,BV1jVnzzzEgV,1,0.40895,2
505,4669,BV1Es4y1q7Nw,1,BV1Y3HXzGEuw,1,0.53615,1
506,2404,BV1Dm4y127E8,1,BV1Bt421872V,1,0.46197,3
506,2542,BV1Dm4y127E8,1,BV1zKCrYAECm,1,0.66675,1
506,3662,BV1Dm4y127E8,1,BV1G6J3zWEky,1,0.6,4
506,4725,BV1Dm4y127E8,1,BV1DiYyzGEd8,1,0.6529,3
506,5180,BV1Dm4y127E8,1,BV1R3b1zCEm5,1,0.66245,2
506,5368,BV1Dm4y127E8,1,BV1QeZ2BZEcx,1,0.64432,1
507,1860,BV1tX4y1v7J7,1,BV1Jw411c7zb,1,0.50164,3
507,2779,BV1tX4y1v7J7,1,BV1DbqLYfENW,1,0.51326,4
507,3205,BV1tX4y1v7J7,1,BV1vm4ne1Efv,1,0.55865,4
507,3327,BV1tX4y1v7J7,1,BV1RWpiekEkU,1,0.56639,3
507,3994,BV1tX4y1v7J7,1,BV1x1QgYCEMB,1,0.59096,1
507,4377,BV1tX4y1v7J7,1,BV1fv2EBPEtS,1,0.36991,4
507,4672,BV1tX4y1v7J7,1,BV1m9e1zkEKz,1,0.38739,2
508,999,BV13u41187vF,1,BV1BJWnzYEjA,1,0.57112,3
508,1868,BV13u41187vF,1,BV1Pw411y7iT,1,0.46016,3
508,1905,BV13u41187vF,1,BV1pW411r7Wh,1,0.53148,4
508,2405,BV13u41187vF,1,BV1Jz421d7bj,1,0.46826,3
508,2952,BV13u41187vF,1,BV1A2SzYUE6z,1,0.59889,1
508,3716,BV13u41187vF,1,BV1DDVQzjEZY,1,0.51692,3
508,4730,BV13u41187vF,1,BV1SWh2z3EHt,1,0.50871,4
508,4741,BV13u41187vF,1,BV14wgLzYEiJ,1,0.58096,1
509,553,BV19j411S7Nv,1,BV11g4y1A7EK,1,0.40123,3
509,1077,BV19j411S7Nv,1,BV1cx4y1z7hJ,1,0.43532,3
509,4084,BV19j411S7Nv,1,BV1GsPteNE4U,1,0.43252,4
510,1065,BV1tV411g7pF,1,BV1Vgs7e4EAV,1,0.49113,1
510,2717,BV1tV411g7pF,1,BV1EdqSYuEnn,1,0.43697,3
510,4079,BV1tV411g7pF,1,BV1gR9gYsExL,1,0.43228,4
510,4436,BV1tV411g7pF,1,BV1WU4NzuETi,1,0.46091,2
511,524,BV1jh411A7iV,1,BV14m4y1n7Ru,1,0.37687,4
511,1590,BV1jh411A7iV,1,BV1pj411s7Wc,1,0.42983,1
511,2052,BV1jh411A7iV,1,BV14Wg7e2Em7,1,0.54763,1
511,2831,BV1jh411A7iV,1,BV1icU1YSEhY,1,0.47683,2
511,2990,BV1jh411A7iV,1,BV1ntSfYYE5B,1,0.44248,3
512,1138,BV1Q8411D7AL,1,BV13x4y1178k,1,0.48365,2
512,2806,BV1Q8411D7AL,1,BV1Rm6NY2EiW,1,0.45397,2
512,4691,BV1Q8411D7AL,1,BV1C9YGz6EwJ,1,0.43731,4
512,5585,BV1Q8411D7AL,1,BV1zaFZz2EtZ,1,0.3704,3
512,5670,BV1Q8411D7AL,1,BV1Q3rYBEEr7,1,0.42864,1
513,3367,BV1t14y1d7qc,1,BV1M4HveZE2j,1,0.55164,3
513,3564,BV1t14y1d7qc,1,BV1my7KztELH,1,0.52839,4
513,4991,BV1t14y1d7qc,1,BV1AYt2zsEBe,1,0.57614,1
513,5098,BV1t14y1d7qc,1,BV1e1tgz6EDM,1,0.40348,3
513,5167,BV1t14y1d7qc,1,BV1HY38zaEJz,1,0.554,2
514,2176,BV1Mk4y1N7t1,1,BV1bw4m1178G,1,0.45296,2
514,2412,BV1Mk4y1N7t1,1,BV1N6421g7AM,1,0.42939,1
514,2865,BV1Mk4y1N7t1,1,BV1B9BkYHEjW,1,0.44001,3
514,3955,BV1Mk4y1N7t1,1,BV1EPXJY4ENE,1,0.50297,1
515,695,BV1JP411y7Zc,1,BV1qe4y127Jj,1,0.49939,2
515,802,BV1JP411y7Zc,1,BV1Ud4y1w7x5,1,0.50331,3
515,1274,BV1JP411y7Zc,1,BV1Lk4y1Q7cW,1,0.51559,2
515,1983,BV1JP411y7Zc,1,BV1c4CTBcE3U,1,0.51802,1
515,3144,BV1JP411y7Zc,1,BV1tM1XY7EEw,1,0.39969,4
516,1176,BV1xm4y1a7Gi,1,BV1dv421y7nQ,1,0.38075,4
516,1975,BV1xm4y1a7Gi,1,BV1Qu4y1D7TT,1,0.50325,1
516,2370,BV1xm4y1a7Gi,1,BV1Wv421y77C,1,0.42836,2
516,4600,BV1xm4y1a7Gi,1,BV1ftWLzQEh2,1,0.4736,3
517,3073,BV1Lu411j7gB,1,BV1RUyuYTE9C,1,0.52639,1
517,3160,BV1Lu411j7gB,1,BV1v2xye6ESU,1,0.42046,4
517,3539,BV1Lu411j7gB,1,BV1CQT6zsE8P,1,0.5082,2
517,3741,BV1Lu411j7gB,1,BV13WVzz7EP7,1,0.47438,4
517,4461,BV1Lu411j7gB,1,BV1GMxaztEHn,1,0.49386,3
518,799,BV1pV4y127wT,1,BV1jU4y1r7SQ,1,0.49839,3
518,848,BV1pV4y127wT,1,BV1sB4y167tt,1,0.51917,3
518,1800,BV1pV4y127wT,1,BV1yB4y1d7KL,1,0.39227,3
518,2091,BV1pV4y127wT,1,BV1Sbu3eUE5o,1,0.38872,4
518,2153,BV1pV4y127wT,1,BV1xS411c7k3,1,0.39945,2
518,2294,BV1pV4y127wT,1,BV1Ni421f7dB,1,0.54636,3
518,2657,BV1pV4y127wT,1,BV18nCjY1E1H,1,0.52216,2
518,2913,BV1pV4y127wT,1,BV1iDSyYnEbH,1,0.47957,3
518,3508,BV1pV4y127wT,1,BV1iu7rzuEZU,1,0.41856,3
518,3781,BV1pV4y127wT,1,BV1TbL6zSE15,1,0.55753,2
518,4133,BV1pV4y127wT,1,BV1KnNWeLEpv,1,0.54377,4
518,4463,BV1pV4y127wT,1,BV1LzxXzoEpu,1,0.3914,4
518,5387,BV1pV4y127wT,1,BV11jAhzXE8Q,1,0.48857,4
519,1227,BV1Jk4y1K7L7,1,BV1SV411S7qG,1,0.48279,2
519,1513,BV1Jk4y1K7L7,1,BV1di4y187sx,1,0.45388,4
519,5242,BV1Jk4y1K7L7,1,BV1D9ubz3Ep8,1,0.45503,3
519,5616,BV1Jk4y1K7L7,1,BV1cK6YBfE1F,1,0.51485,1
520,1306,BV1kN411m7Nm,1,BV1v64y1A7Ww,1,0.43787,2
520,3080,BV1kN411m7Nm,1,BV1ERmLYMECV,1,0.43534,3
520,4328,BV1kN411m7Nm,1,BV1Qqf2YgEui,1,0.41547,4
520,4677,BV1kN411m7Nm,1,BV1cWYjzmEe3,1,0.51809,1
520,5821,BV1kN411m7Nm,1,BV1vtmzBWE7z,1,0.3376,2
521,818,BV1p8411D7vS,1,BV1qd4y1R7wj,1,0.43801,1
521,821,BV1p8411D7vS,1,BV1QS4y1s7mH,1,0.51938,3
521,1338,BV1p8411D7vS,1,BV1oK411872B,1,0.58406,1
521,1679,BV1p8411D7vS,1,BV1RN4y127rt,1,0.6825,2
521,1715,BV1p8411D7vS,1,BV1pu4y1N7jq,1,0.45183,2
521,2086,BV1p8411D7vS,1,BV1W4uReuEjW,1,0.50425,1
521,2387,BV1p8411D7vS,1,BV1HA4m1V7mc,1,0.53699,1
521,2459,BV1p8411D7vS,1,BV1MVyPBKEgF,1,0.56211,3
521,3149,BV1p8411D7vS,1,BV1fm19YzETm,1,0.53751,3
521,3439,BV1p8411D7vS,1,BV1d8UsBUE4n,1,0.57704,4
521,3445,BV1p8411D7vS,1,BV13ik6BuEmW,1,0.53132,2
521,3671,BV1p8411D7vS,1,BV1pYE1zAEXy,1,0.61661,3
521,3686,BV1p8411D7vS,1,BV1m4EezqELo,1,0.38706,3
521,4059,BV1p8411D7vS,1,BV1g39HYWEzS,1,0.55212,1
521,4125,BV1p8411D7vS,1,BV1UDACeBEZ5,1,0.42408,3
521,4209,BV1p8411D7vS,1,BV1zfNSe5ELh,1,0.47695,1
521,4428,BV1p8411D7vS,1,BV1smxYzSEv1,1,0.59144,3
521,4642,BV1p8411D7vS,1,BV1c2pJzAEds,1,0.46347,3
521,4739,BV1p8411D7vS,1,BV1e4aPzAEiu,1,0.49141,4
521,5066,BV1p8411D7vS,1,BV1YAthzfEK8,1,0.61698,4
521,5126,BV1p8411D7vS,1,BV1uu411i7D2,1,0.61776,3
521,5382,BV1p8411D7vS,1,BV1svADzGE5m,1,0.69956,1
522,585,BV17N411U7Qe,1,BV1tc411V7CA,1,0.42979,4
522,678,BV17N411U7Qe,1,BV1HM411r7MZ,1,0.56311,1
522,3443,BV17N411U7Qe,1,BV1oyCeBaEtC,1,0.4502,2
522,4274,BV17N411U7Qe,1,BV1LhFueCEY2,1,0.37211,1
522,4348,BV17N411U7Qe,1,BV1etfHYgEzi,1,0.44244,3
523,1019,BV1jm4y1n7Ge,1,BV1DPH5zaESH,1,0.54781,3
523,1176,BV1jm4y1n7Ge,1,BV1dv421y7nQ,1,0.38177,3
523,1430,BV1jm4y1n7Ge,1,BV1rg4y1D7c4,1,0.40244,2
523,2370,BV1jm4y1n7Ge,1,BV1Wv421y77C,1,0.40283,4
523,3046,BV1jm4y1n7Ge,1,BV1EdmLYqEYL,1,0.56515,1
523,3410,BV1jm4y1n7Ge,1,BV1Hom8BkErG,1,0.36679,4
523,4768,BV1jm4y1n7Ge,1,BV1MphyzNEKz,1,0.60254,1
524,1731,BV14m4y1n7Ru,1,BV1ag4y197Mn,1,0.43148,1
524,3188,BV14m4y1n7Ru,1,BV1RzxbeFEyE,1,0.40561,3
524,5676,BV14m4y1n7Ru,1,BV1iM6QBgEbs,1,0.41582,2
525,903,BV1MP411y7Me,1,BV1SY4y1V72E,1,0.39144,1
525,1575,BV1MP411y7Me,1,BV1gi4y1a7v3,1,0.37929,3
525,2548,BV1MP411y7Me,1,BV1Sj411P7w5,1,0.38261,3
525,3505,BV1MP411y7Me,1,BV1oPMPzyEZC,1,0.38923,2
525,4515,BV1MP411y7Me,1,BV1DZHnzSEe2,1,0.38182,4
526,1377,BV1MP411y7Me,2,BV1Vi4y1i7mW,1,0.40236,3
526,2506,BV1MP411y7Me,2,BV1W569YeEq1,1,0.41519,1
526,3186,BV1MP411y7Me,2,BV1B6xveXEq7,1,0.36465,4
526,3773,BV1MP411y7Me,2,BV1BNBbY1E55,1,0.41455,2
527,745,BV1DM4y1E7zM,1,BV1od4y1c7Se,1,0.36886,4
527,913,BV1DM4y1E7zM,1,BV1RZ4y147nc,1,0.40236,1
527,3320,BV1DM4y1E7zM,1,BV1A2pVebEn5,1,0.4016,1
527,4664,BV1DM4y1E7zM,1,BV1sve2zyEUh,1,0.38391,1
528,2058,BV1yV4y187n9,1,BV1LJ4m1u7jN,1,0.43143,1
528,3375,BV1yV4y187n9,1,BV173YrepE7y,1,0.41866,3
528,4041,BV1yV4y187n9,1,BV1zvRNYdE9i,1,0.41228,3
528,4944,BV1yV4y187n9,1,BV1RktdzuE9s,1,0.42484,1
529,631,BV12k4y1K768,1,BV1W84y1s7Ed,1,0.37523,3
529,1469,BV12k4y1K768,1,BV1ta4y1q79r,1,0.43855,1
529,4162,BV12k4y1K768,1,BV1xVA8e4Eje,1,0.36818,4
530,665,BV1cz4y1J7JS,1,BV1JK411d7NE,1,0.47864,1
530,1607,BV1cz4y1J7JS,1,BV12C4y1X7im,1,0.45991,2
530,1741,BV1cz4y1J7JS,1,BV16H4y1B7jA,1,0.38277,3
530,3507,BV1cz4y1J7JS,1,BV12wTLzQE7Q,1,0.45118,3
530,3650,BV1cz4y1J7JS,1,BV1cMEQzyEee,1,0.41796,4
530,5700,BV1cz4y1J7JS,1,BV1JPqcBFE2B,1,0.43287,4
531,1081,BV1BN411m7kR,1,BV1mx4y1h71T,1,0.41316,2
531,1206,BV1BN411m7kR,1,BV14F4m1u7jM,1,0.40863,3
531,1937,BV1BN411m7kR,1,BV1G34y1K7Le,1,0.48465,1
531,2725,BV1BN411m7kR,1,BV1qvikY2EQk,1,0.39705,4
532,2510,BV1nk4y1K7eg,1,BV1RC6qYzE4t,1,0.3667,3
532,3056,BV1nk4y1K7eg,1,BV1FCyeYmE38,1,0.36359,4
532,3060,BV1nk4y1K7eg,1,BV1K6CRY7EaW,1,0.35882,4
532,3756,BV1nk4y1K7eg,1,BV133VHzaErX,1,0.42193,2
532,4433,BV1nk4y1K7eg,1,BV1pD4Tz1EeL,1,0.44386,1
533,1594,BV1Ta4y1F7Q1,1,BV1cu4y1M7rW,1,0.50436,2
533,3171,BV1Ta4y1F7Q1,1,BV1SP4geNEv1,1,0.60012,1
533,3886,BV1Ta4y1F7Q1,1,BV17qdpYGEE8,1,0.48578,4
533,4080,BV1Ta4y1F7Q1,1,BV1hcPieXEuN,1,0.49812,3
534,1338,BV1xz4y1E7rq,1,BV1oK411872B,1,0.5604,2
534,1679,BV1xz4y1E7rq,1,BV1RN4y127rt,1,0.64958,1
534,1841,BV1xz4y1E7rq,1,BV1yP4y1M79k,1,0.58768,2
534,1895,BV1xz4y1E7rq,1,BV15K4y1w72A,1,0.54284,4
534,1983,BV1xz4y1E7rq,1,BV1c4CTBcE3U,1,0.63054,1
534,3235,BV1xz4y1E7rq,1,BV118skeSE7V,1,0.59339,4
534,3415,BV1xz4y1E7rq,1,BV17NUvB2E1S,1,0.60804,3
534,4312,BV1xz4y1E7rq,1,BV1oeFsedEBe,1,0.54453,4
534,4336,BV1xz4y1E7rq,1,BV13jfoYvEFV,1,0.51365,1
534,5784,BV1xz4y1E7rq,1,BV1c1BTBJENn,1,0.50133,2
535,981,BV1FW4y1f7u1,1,BV1gb4y1W7aL,1,0.68628,1
535,1410,BV1FW4y1f7u1,1,BV18a4y117p2,1,0.50989,3
535,2567,BV1FW4y1f7u1,1,BV1YW6iYeESj,1,0.48946,3
535,2900,BV1FW4y1f7u1,1,BV1MuUEY8EPW,1,0.60138,2
535,3914,BV1FW4y1f7u1,1,BV18QZdYZEMR,1,0.4001,3
535,3949,BV1FW4y1f7u1,1,BV13xQ7Y6Ep5,1,0.52557,1
535,4148,BV1FW4y1f7u1,1,BV1HKAHeFEK4,1,0.40618,3
536,2494,BV1Au411j7UG,1,BV1K2wke8EKg,1,0.47555,1
536,3265,BV1Au411j7UG,1,BV1JatpetEnp,1,0.45272,3
536,4674,BV1Au411j7UG,1,BV1RbY5zvE28,1,0.45168,4
536,5487,BV1Au411j7UG,1,BV1y6ZMBgEc2,1,0.47511,2
537,1832,BV13X4y1i72v,1,BV1u34y1g7tt,1,0.37046,4
537,2601,BV13X4y1i72v,1,BV1sd6gY2EJr,1,0.42468,1
537,4158,BV13X4y1i72v,1,BV1D6AzefEJA,1,0.38128,2
537,4419,BV13X4y1i72v,1,BV1VU4bz4EB5,1,0.3673,4
537,4605,BV13X4y1i72v,1,BV1jiWLz7EzS,1,0.37253,3
537,5410,BV13X4y1i72v,1,BV1gWfqBBEbV,1,0.35913,2
538,2180,BV1UF411d7Qh,1,BV1Fm421W7vG,1,0.40418,4
538,3407,BV1UF411d7Qh,1,BV1Z7m2BVEtv,1,0.41215,3
538,5492,BV1UF411d7Qh,1,BV1bKZuBpEQP,1,0.3646,3
538,5539,BV1UF411d7Qh,1,BV1pEZEBKEYs,1,0.49346,1
539,2266,BV1Sh411A7Z5,1,BV1pv421r7X4,1,0.46255,1
539,4469,BV1Sh411A7Z5,1,BV1GpHVzhECQ,1,0.41243,4
539,5210,BV1Sh411A7Z5,1,BV1vtgizKEvq,1,0.42369,2
539,5408,BV1Sh411A7Z5,1,BV1WRfiBtEXo,1,0.41887,3
540,977,BV1MX4y1e7wK,1,BV1RS4y1P7ST,1,0.39208,3
540,1518,BV1MX4y1e7wK,1,BV1WC4y1g7Vn,1,0.50973,1
540,2990,BV1MX4y1e7wK,1,BV1ntSfYYE5B,1,0.57502,1
540,4848,BV1MX4y1e7wK,1,BV1RNYRzVEBN,1,0.52285,2
540,5519,BV1MX4y1e7wK,1,BV17LFmzmEUg,1,0.54889,3
540,5526,BV1MX4y1e7wK,1,BV1vA6wB8E7D,1,0.35765,2
541,970,BV1fg4y1c7pD,1,BV1U3411p7ga,1,0.35087,4
541,1369,BV1fg4y1c7pD,1,BV1VK4y1r73v,1,0.41621,1
541,2548,BV1fg4y1c7pD,1,BV1Sj411P7w5,1,0.37701,3
541,3335,BV1fg4y1c7pD,1,BV1HqHderE68,1,0.37345,4
541,4282,BV1fg4y1c7pD,1,BV1aSFLeREkr,1,0.40446,1
542,1425,BV1vW4y1f79n,1,BV16N4y1x7e4,1,0.66711,1
542,1597,BV1vW4y1f79n,1,BV1Bb4y1L7cU,1,0.61401,4
542,1935,BV1vW4y1f79n,1,BV1aX4y1o72y,1,0.43962,4
542,2111,BV1vW4y1f79n,1,BV1K1421B7P1,1,0.55534,4
542,2542,BV1vW4y1f79n,1,BV1zKCrYAECm,1,0.67417,1
542,3302,BV1vW4y1f79n,1,BV1en4femE9c,1,0.65061,4
542,3783,BV1vW4y1f79n,1,BV1GAG1zwEqP,1,0.59144,4
542,4126,BV1vW4y1f79n,1,BV1KvAJeaEG7,1,0.47215,2
542,4384,BV1vW4y1f79n,1,BV1GuxFzqEZE,1,0.621,3
542,5605,BV1vW4y1f79n,1,BV1qJFizLEHZ,1,0.559,4
542,5672,BV1vW4y1f79n,1,BV13P6RB6E4U,1,0.619,2
542,5689,BV1vW4y1f79n,1,BV1fTvaB6EDk,1,0.65929,1
542,5700,BV1vW4y1f79n,1,BV1JPqcBFE2B,1,0.51389,4
543,1891,BV1vs4y1k7bF,1,BV1d94y1p7WQ,1,0.47194,1
543,2169,BV1vs4y1k7bF,1,BV1Vr421g7Ag,1,0.45125,2
543,4742,BV1vs4y1k7bF,1,BV1QSaAztEwP,1,0.43419,4
544,2985,BV1aW4y197x6,1,BV1qJDwYvEWH,1,0.46248,3
544,3633,BV1aW4y197x6,1,BV1MEjMzcEmx,1,0.48277,2
544,4489,BV1aW4y197x6,1,BV1UfxazpEby,1,0.45158,4
544,4658,BV1aW4y197x6,1,BV1JHH9zWEUC,1,0.52295,1
545,1036,BV1Bh4y177yT,1,BV1hUsGzvEWm,1,0.41155,3
545,2899,BV1Bh4y177yT,1,BV1gqUvYLEby,1,0.42751,2
545,4388,BV1Bh4y177yT,1,BV1cnWszJEQ3,1,0.40032,3
546,585,BV1xc411g7P7,1,BV1tc411V7CA,1,0.49692,2
546,714,BV1xc411g7P7,1,BV1GG4y1t76Y,1,0.43403,2
546,1045,BV1xc411g7P7,1,BV1WTxgzUEYn,1,0.44144,2
546,1055,BV1xc411g7P7,1,BV1mTW1zUEJ8,1,0.4274,3
546,1851,BV1xc411g7P7,1,BV1e94y1h73Y,1,0.41222,4
546,2917,BV1xc411g7P7,1,BV14ZmZYKEJv,1,0.4959,3
546,3968,BV1xc411g7P7,1,BV1cxoBYfECd,1,0.4614,3
546,4274,BV1xc411g7P7,1,BV1LhFueCEY2,1,0.34794,3
546,4684,BV1xc411g7P7,1,BV1mYYMzBEtF,1,0.43755,4
546,5177,BV1xc411g7P7,1,BV1qTgtzmEGt,1,0.48805,4
546,5308,BV1xc411g7P7,1,BV12qksBpEG1,1,0.50122,1
547,551,BV1UP411e7Pk,1,BV1Ts4y1c7sE,1,0.43252,2
547,583,BV1UP411e7Pk,1,BV1FX4y1U7zA,1,0.54965,3
547,999,BV1UP411e7Pk,1,BV1BJWnzYEjA,1,0.60136,3
547,1218,BV1UP411e7Pk,1,BV1dp421Z7wL,1,0.5135,3
547,1345,BV1UP411e7Pk,1,BV1ue411Y7mo,1,0.60363,2
547,1516,BV1UP411e7Pk,1,BV1NQ4y137U6,1,0.64205,1
547,2042,BV1UP411e7Pk,1,BV1X2ezeCEcS,1,0.56554,3
547,2614,BV1UP411e7Pk,1,BV1Xn63Y8Ex3,1,0.4474,3
547,4660,BV1UP411e7Pk,1,BV1NAezzWEDX,1,0.58713,3
547,5289,BV1UP411e7Pk,1,BV1DG3Xz5Ea5,1,0.46203,2
547,5552,BV1UP411e7Pk,1,BV1cEZjBtEqF,1,0.59025,3
548,623,BV1Na4y1w7nY,1,BV1JG4y1G7pL,1,0.56952,3
548,1324,BV1Na4y1w7nY,1,BV1Gg4y127tK,1,0.46693,3
548,1525,BV1Na4y1w7nY,1,BV1Qg4y1C7Cz,1,0.55108,3
548,1749,BV1Na4y1w7nY,1,BV16w411T7R5,1,0.45593,4
548,2181,BV1Na4y1w7nY,1,BV16x4y1B7QS,1,0.44194,2
548,2182,BV1Na4y1w7nY,1,BV1tZ42177hZ,1,0.39202,4
548,2346,BV1Na4y1w7nY,1,BV1FC411s7s4,1,0.42552,2
548,2595,BV1Na4y1w7nY,1,BV1T46zYFEHx,1,0.58687,1
548,4256,BV1Na4y1w7nY,1,BV1xKFzeGERG,1,0.5137,3
548,4421,BV1Na4y1w7nY,1,BV1yP4zzTE95,1,0.58457,2
548,5265,BV1Na4y1w7nY,1,BV18DuwzbEPX,1,0.43417,4
548,5408,BV1Na4y1w7nY,1,BV1WRfiBtEXo,1,0.49662,1
549,1097,BV15X4y1H7N3,1,BV1jU421o7s2,1,0.31455,4
549,1881,BV15X4y1H7N3,1,BV1hN411n7wH,1,0.41827,1
549,2438,BV15X4y1H7N3,1,BV1rvUWB4Ent,1,0.31814,3
549,4146,BV15X4y1H7N3,1,BV1HoAjeSEdz,1,0.33339,2
550,1000,BV1zV4y1y7C9,1,BV1Q3sZztEeU,1,0.46316,2
550,1065,BV1zV4y1y7C9,1,BV1Vgs7e4EAV,1,0.44903,3
550,1138,BV1zV4y1y7C9,1,BV13x4y1178k,1,0.38042,4
550,2192,BV1zV4y1y7C9,1,BV1eu4m1F7Ys,1,0.37402,4
550,2430,BV1zV4y1y7C9,1,BV1GcUKBoEAL,1,0.38145,2
550,2882,BV1zV4y1y7C9,1,BV1e6mZYmE2m,1,0.48345,1
550,4646,BV1zV4y1y7C9,1,BV1nmpgz6Exq,1,0.44724,1
551,3573,BV1Ts4y1c7sE,1,BV1Ej7fztEvc,1,0.36406,4
551,5264,BV1Ts4y1c7sE,1,BV1Kqu5zoEAv,1,0.44115,1
551,5434,BV1Ts4y1c7sE,1,BV1JrZ4BpE5W,1,0.4325,3
552,1693,BV1js4y1k7Hm,1,BV1Ua4y1U7pt,1,0.49079,3
552,1793,BV1js4y1k7Hm,1,BV1Xw411B7ue,1,0.45728,4
552,1794,BV1js4y1k7Hm,1,BV1vp4y1u7FC,1,0.44494,3
552,2314,BV1js4y1k7Hm,1,BV1Pv421y76Z,1,0.36035,2
552,4178,BV1js4y1k7Hm,1,BV154A5eYEWG,1,0.46686,4
552,4193,BV1js4y1k7Hm,1,BV1zZAAerE1m,1,0.52434,1
552,4676,BV1js4y1k7Hm,1,BV1MwYAzsETg,1,0.49216,2
552,5285,BV1js4y1k7Hm,1,BV1Ah3Cz3Evs,1,0.3775,3
553,1008,BV11g4y1A7EK,1,BV15eyeBPEyq,1,0.3827,4
553,2270,BV11g4y1A7EK,1,BV1qx4y1C7jB,1,0.4072,2
553,2296,BV11g4y1A7EK,1,BV1pi421o7Ys,1,0.41522,1
554,1755,BV1NP411e79s,1,BV1HG41117jH,1,0.43887,1
554,1788,BV1NP411e79s,1,BV16j411e7YY,1,0.38726,4
554,3850,BV1NP411e79s,1,BV1avouYFEZw,1,0.40945,3
555,1299,BV1Hg4y1K7qU,1,BV1fC4y1N7uA,1,0.45285,4
555,2189,BV1Hg4y1K7qU,1,BV1Fy421677R,1,0.41276,3
555,3061,BV1Hg4y1K7qU,1,BV1XtCRYsEh7,1,0.46065,3
555,3132,BV1Hg4y1K7qU,1,BV1fk16YvEXW,1,0.45809,1
555,4011,BV1Hg4y1K7qU,1,BV1iDQpYZENu,1,0.46699,2
556,1411,BV1wV4y1172w,1,BV14G411Y7M9,1,0.45085,2
556,2815,BV1wV4y1172w,1,BV1B7DVYiE4M,1,0.44191,3
556,2900,BV1wV4y1172w,1,BV1MuUEY8EPW,1,0.42689,4
556,5556,BV1wV4y1172w,1,BV1eXzeBpEQB,1,0.45487,1
557,985,BV1hM4y177Wc,1,BV1iP4y1F7nP,1,0.50842,4
557,1485,BV1hM4y177Wc,1,BV16K411t7Sq,1,0.54223,2
557,2004,BV1hM4y177Wc,1,BV19mvse6EbN,1,0.42542,2
557,2654,BV1hM4y177Wc,1,BV14KCPYqEV5,1,0.54868,1
557,3875,BV1hM4y177Wc,1,BV1DWdQYCEM9,1,0.40949,4
557,4343,BV1hM4y177Wc,1,BV1fYwNekER5,1,0.39507,1
557,4372,BV1hM4y177Wc,1,BV1VxUCBNE65,1,0.53435,1
558,1020,BV1wk4y1u7wL,1,BV1H4s2zmEKJ,1,0.34919,2
558,1380,BV1wk4y1u7wL,1,BV1Sa4y1q758,1,0.33232,3
558,2880,BV1wk4y1u7wL,1,BV17PSgYRE4X,1,0.36538,1
558,4613,BV1wk4y1u7wL,1,BV1K5puzLEQs,1,0.33089,4
559,2471,BV1tk4y1T7xt,1,BV1C5C5BHEdZ,1,0.48353,2
559,3696,BV1tk4y1T7xt,1,BV1brVozZEix,1,0.42571,4
559,4894,BV1tk4y1T7xt,1,BV1fYYrz2E8i,1,0.49027,1
560,1019,BV1vW4y1X7zL,1,BV1DPH5zaESH,1,0.55462,3
560,1204,BV1vW4y1X7zL,1,BV1ex42197h6,1,0.58446,2
560,3046,BV1vW4y1X7zL,1,BV1EdmLYqEYL,1,0.55323,2
560,5377,BV1vW4y1X7zL,1,BV1DLfMBnEGd,1,0.58477,1
561,1273,BV15X4y1a7Fq,1,BV1fN4y1v7Es,1,0.46233,2
561,3218,BV15X4y1a7Fq,1,BV1NQxLeyE1Z,1,0.41267,1
561,4717,BV15X4y1a7Fq,1,BV1UrabzfEU7,1,0.49421,1
561,4937,BV15X4y1a7Fq,1,BV1ZwtZz5ERU,1,0.39103,3
561,5568,BV15X4y1a7Fq,1,BV1avFSzkEB6,1,0.37533,1
561,5637,BV15X4y1a7Fq,1,BV1KozxBmE9G,1,0.45224,3
562,569,BV1MW4y1R7tY,1,BV1cj41137F1,1,0.39304,3
562,601,BV1MW4y1R7tY,1,BV14g411t7xN,1,0.52911,3
562,1982,BV1MW4y1R7tY,1,BV1wnCtBREUx,1,0.48039,3
562,2008,BV1MW4y1R7tY,1,BV13Mv1efEwe,1,0.49399,2
562,2294,BV1MW4y1R7tY,1,BV1Ni421f7dB,1,0.63574,2
562,2301,BV1MW4y1R7tY,1,BV1vi421o7A3,1,0.50403,3
562,2396,BV1MW4y1R7tY,1,BV1fZ42127hr,1,0.56677,4
562,2704,BV1MW4y1R7tY,1,BV17wqRYDEyN,1,0.62483,3
562,2743,BV1MW4y1R7tY,1,BV1ALzpY6EMb,1,0.49484,1
562,3323,BV1MW4y1R7tY,1,BV1tJpqeNEfd,1,0.5231,4
562,3858,BV1MW4y1R7tY,1,BV1wGdZYjErt,1,0.67344,3
562,4010,BV1MW4y1R7tY,1,BV1KoR5YYEWn,1,0.45413,4
562,4877,BV1MW4y1R7tY,1,BV1iTYizFEgy,1,0.63459,2
562,5406,BV1MW4y1R7tY,1,BV1h1fiBeEJA,1,0.64897,2
562,5752,BV1MW4y1R7tY,1,BV1V1vvBGEDW,2,0.72994,1
563,1090,BV1Gm4y1t7gV,1,BV1r2421A7xs,1,0.49412,1
563,1264,BV1Gm4y1t7gV,1,BV1KK4y1q7MJ,1,0.50228,3
563,1920,BV1Gm4y1t7gV,1,BV1aF411U7fA,1,0.50616,2
563,1970,BV1Gm4y1t7gV,1,BV1Xw411m7z9,1,0.64668,1
563,3300,BV1Gm4y1t7gV,1,BV1STtueTE2L,1,0.49786,4
563,5559,BV1Gm4y1t7gV,1,BV1HYcezQEQx,1,0.41192,2
564,1561,BV1fz4y1H7eE,1,BV1bw41187Tw,1,0.5578,3
564,1969,BV1fz4y1H7eE,1,BV1AN411q7eW,1,0.62414,1
564,2970,BV1fz4y1H7eE,1,BV1wCyBYPE2W,1,0.41394,2
564,3427,BV1fz4y1H7eE,1,BV1Yv2WBzEjF,1,0.47754,4
564,3561,BV1fz4y1H7eE,1,BV1ZrTtzCENf,1,0.46873,2
564,3638,BV1fz4y1H7eE,1,BV1w4Jsz6ETH,1,0.41312,3
564,4305,BV1fz4y1H7eE,1,BV1UPF8eQEGn,1,0.55907,1
565,972,BV1pa4y1A7xS,1,BV1u34y1v7EE,1,0.47588,4
565,2971,BV1pa4y1A7xS,1,BV1zVD1YbEny,1,0.53729,3
565,3886,BV1pa4y1A7xS,1,BV17qdpYGEE8,1,0.57395,1
565,4232,BV1pa4y1A7xS,1,BV1g3NxeFEvG,1,0.51633,2
565,4468,BV1pa4y1A7xS,1,BV1gMxjzVEsx,1,0.48763,3
565,4694,BV1pa4y1A7xS,1,BV1aVYVzoE6P,1,0.55478,1
565,4901,BV1pa4y1A7xS,1,BV1fPYizwEDN,1,0.47836,1
565,5608,BV1pa4y1A7xS,1,BV1zjFiz7EVp,1,0.40795,4
565,5671,BV1pa4y1A7xS,1,BV1QA6RBgE5g,1,0.49575,1
566,2021,BV11L411f7h3,1,BV1wW421R7QE,1,0.50956,1
566,2325,BV11L411f7h3,1,BV1xK421x7wy,1,0.5671,3
566,2911,BV11L411f7h3,1,BV1WPmfYwEbQ,1,0.59608,1
566,3419,BV11L411f7h3,1,BV1VH2sBuEcG,1,0.3979,4
566,4064,BV11L411f7h3,1,BV16APxerEFM,1,0.53441,3
566,4546,BV11L411f7h3,1,BV1yunVzjE3D,1,0.56008,4
566,4666,BV11L411f7h3,1,BV1VjHRz2EBT,1,0.53248,3
566,4923,BV11L411f7h3,1,BV1sRbvzeExH,1,0.59306,2
567,2115,BV1Xz4y1q7w7,1,BV1vE421G7AX,1,0.43115,4
567,3486,BV1Xz4y1q7w7,1,BV1weNizeEAj,1,0.48469,1
567,3489,BV1Xz4y1q7w7,1,BV1VeMqzPE2m,1,0.47839,2
567,5804,BV1Xz4y1q7w7,1,BV15vq1B2E1x,1,0.43369,3
568,3008,BV1Gj411X7hb,1,BV1kDSEYsENJ,1,0.46789,3
568,3642,BV1Gj411X7hb,1,BV1AEJnz8EuN,1,0.5141,1
568,4336,BV1Gj411X7hb,1,BV13jfoYvEFV,1,0.47466,2
568,4361,BV1Gj411X7hb,1,BV15Y411b7jd,1,0.4594,4
569,1435,BV1cj41137F1,1,BV1Cp4y1o7Wn,1,0.37775,4
569,3336,BV1cj41137F1,1,BV1QaHXe7ERX,1,0.42443,1
569,5144,BV1cj41137F1,1,BV1jQ8Jz5E3H,1,0.40496,2
570,846,BV1tk4y1H7tL,1,BV1hd4y1K7Nj,1,0.35959,3
570,895,BV1tk4y1H7tL,1,BV1jS4y1v75k,1,0.34757,4
570,1363,BV1tk4y1H7tL,1,BV1Se411z7tD,1,0.38565,1
570,3340,BV1tk4y1H7tL,1,BV1DaHDezEP7,1,0.39575,1
570,5075,BV1tk4y1H7tL,1,BV1fzt2zJER2,1,0.34336,4
571,918,BV1Yu411W7vm,1,BV1kg411d7gK,1,0.3875,4
571,1009,BV1Yu411W7vm,1,BV1MU1MBQEWJ,1,0.41465,2
571,3113,BV1Yu411W7vm,1,BV1Hk2NYkEBi,1,0.439,1
571,4805,BV1Yu411W7vm,1,BV1zvhQzuEJj,1,0.39346,3
572,594,BV1gL411y7PR,1,BV1JG4y1J7vB,1,0.51416,4
572,821,BV1gL411y7PR,1,BV1QS4y1s7mH,1,0.50863,4
572,897,BV1gL411y7PR,1,BV1fY411M7aG,1,0.4531,3
572,2563,BV1gL411y7PR,1,BV1HhraYTEHV,1,0.53225,3
572,3439,BV1gL411y7PR,1,BV1d8UsBUE4n,1,0.58373,1
572,4463,BV1gL411y7PR,1,BV1LzxXzoEpu,1,0.40432,1
572,4999,BV1gL411y7PR,1,BV1t2tSzGE3a,1,0.56472,1
573,842,BV11X4y1W7er,1,BV1JS4y1t77W,1,0.53971,2
573,1047,BV11X4y1W7er,1,BV173xBzSEjH,1,0.3846,3
573,1125,BV11X4y1W7er,1,BV1F2421A7se,1,0.5935,1
573,1778,BV11X4y1W7er,1,BV1Nu4y1J7KX,1,0.51887,3
573,2089,BV11X4y1W7er,1,BV1Lf42127TE,1,0.52468,3
573,2163,BV11X4y1W7er,1,BV1rs421N7XQ,1,0.50259,2
573,4613,BV11X4y1W7er,1,BV1K5puzLEQs,1,0.48817,4
573,4785,BV11X4y1W7er,1,BV1SwbYzwE1x,1,0.44881,4
573,5357,BV11X4y1W7er,1,BV1kHPqzqEjW,1,0.45542,3
574,983,BV1WK411C7Jk,1,BV1Hb4y1s7AX,1,0.5218,2
574,1014,BV1WK411C7Jk,1,BV1q7yzBJEdv,1,0.5891,1
574,1158,BV1WK411C7Jk,1,BV15H4y1h7sN,1,0.44758,2
574,1395,BV1WK411C7Jk,1,BV1jN4y1i7MV,1,0.47267,3
574,2269,BV1WK411C7Jk,1,BV1sH4y1p7Dy,1,0.45448,4
574,2407,BV1WK411C7Jk,1,BV1Fj421X734,1,0.41916,4
574,4997,BV1WK411C7Jk,1,BV1X9tUzmERx,1,0.42929,2
575,1730,BV1DL411i7yA,1,BV1Tw411T7op,1,0.37422,4
575,2663,BV1DL411i7yA,1,BV1mKCKYLEY8,1,0.49313,1
575,3348,BV1DL411i7yA,1,BV1R6pGeCEiV,1,0.48988,1
575,4764,BV1DL411i7yA,1,BV1ffhCzSEmn,1,0.39476,3
576,4559,BV1To4y1J74j,1,BV1zYngzAEbQ,1,0.37236,1
576,4831,BV1To4y1J74j,1,BV1wDvwzSE25,1,0.35095,4
576,5092,BV1To4y1J74j,1,BV19MtAzQEfk,1,0.36055,3
577,1478,BV1qs4y1i7vE,1,BV1FC4y1T7Fh,1,0.4418,1
577,2691,BV1qs4y1i7vE,1,BV1gNBnYyEXu,1,0.35697,2
577,4098,BV1qs4y1i7vE,1,BV11LKTeqEjN,1,0.38612,2
577,4807,BV1qs4y1i7vE,1,BV1xjhSzCEVq,1,0.35295,4
578,1396,BV1h84y1J725,1,BV1oa4y167jA,1,0.37463,4
578,1845,BV1h84y1J725,1,BV14v4y1h7Ew,1,0.42093,2
578,3678,BV1h84y1J725,1,BV1G4JAzcEqB,1,0.40039,3
578,4205,BV1h84y1J725,1,BV1QfNreGE7V,1,0.47285,1
579,1801,BV13u4y1f7Tk,1,BV1bu4y1n7nR,1,0.45967,3
579,3366,BV13u4y1f7Tk,1,BV1W5H1emEet,1,0.45842,4
579,3681,BV13u4y1f7Tk,1,BV114EazfEch,1,0.49615,1
579,5148,BV13u4y1f7Tk,1,BV19v8jztEVg,1,0.46644,2
580,1086,BV1Sg4y1N7D1,1,BV1eC411575m,1,0.40451,4
580,1389,BV1Sg4y1N7D1,1,BV1q5411q7uY,1,0.49472,1
580,1507,BV1Sg4y1N7D1,1,BV1m64y1p7Dk,1,0.44775,3
580,1895,BV1Sg4y1N7D1,1,BV15K4y1w72A,1,0.42625,4
581,1123,BV1om4y1e7fJ,1,BV1sU421d7A4,1,0.41784,4
581,2476,BV1om4y1e7fJ,1,BV1yECTBvEBp,1,0.45228,3
581,4009,BV1om4y1e7fJ,1,BV19uQpYdErb,1,0.51277,4
581,4889,BV1om4y1e7fJ,1,BV1odYJzHE4A,1,0.53263,2
581,4960,BV1om4y1e7fJ,1,BV1GhbMzKEYV,1,0.51954,3
581,5028,BV1om4y1e7fJ,1,BV1Lv4RzwE4D,1,0.47049,4
582,821,BV1EM411x7h3,1,BV1QS4y1s7mH,1,0.54259,1
582,1457,BV1EM411x7h3,1,BV1bT4y1W7Lb,1,0.52601,2
582,1889,BV1EM411x7h3,1,BV1CC4y1Z7uk,1,0.52078,3
582,2451,BV1EM411x7h3,1,BV1j9ycB3ENV,1,0.55665,3
582,4351,BV1EM411x7h3,1,BV1T6fJYsE1Y,1,0.57038,2
582,5066,BV1EM411x7h3,1,BV1YAthzfEK8,1,0.64119,1
583,1054,BV1FX4y1U7zA,1,BV13Rs5zuEPL,1,0.57898,1
583,1108,BV1FX4y1U7zA,1,BV1Np421o7hJ,1,0.52263,2
583,1516,BV1FX4y1U7zA,1,BV1NQ4y137U6,1,0.53419,4
583,1633,BV1FX4y1U7zA,1,BV1iN4y1a7Jk,1,0.39401,3
583,2127,BV1FX4y1U7zA,1,BV17Z421E7tf,1,0.44024,1
583,2361,BV1FX4y1U7zA,1,BV1ZZ42117L2,1,0.55142,1
583,2805,BV1FX4y1U7zA,1,BV1yaUBYLEkX,2,0.44839,1
583,3509,BV1FX4y1U7zA,1,BV1JQMJzZEvV,1,0.48505,2
583,3801,BV1FX4y1U7zA,1,BV1qERfYTEtR,1,0.42781,4
583,4833,BV1FX4y1U7zA,1,BV12heHz3Et7,1,0.42889,2
584,3994,BV14c411g7Xn,1,BV1x1QgYCEMB,1,0.56762,1
584,4600,BV14c411g7Xn,1,BV1ftWLzQEh2,1,0.46691,4
584,4957,BV14c411g7Xn,1,BV1ZAtZzCEs5,1,0.40435,1
584,5525,BV14c411g7Xn,1,BV1YBZtBVE3z,1,0.49834,3
585,1209,BV1tc411V7CA,1,BV1PA4m1j7Vu,1,0.38028,4
585,1805,BV1tc411V7CA,1,BV1QQ4y1s7tH,1,0.55057,2
585,2442,BV1tc411V7CA,1,BV1QuUHBiE1E,1,0.54739,3
585,2780,BV1tc411V7CA,1,BV1i4ioYEET4,1,0.54298,2
585,3236,BV1tc411V7CA,1,BV1DhtyeBEBa,1,0.55639,2
585,3708,BV1tc411V7CA,1,BV1Ky5KzmEr4,1,0.55178,3
585,3970,BV1tc411V7CA,1,BV1UVXsYREWE,1,0.50761,1
585,4274,BV1tc411V7CA,1,BV1LhFueCEY2,1,0.34395,4
585,5007,BV1tc411V7CA,1,BV1ittSzsEod,1,0.59917,1
586,604,BV1H8411J7m8,1,BV1BK411i7eF,1,0.4145,3
586,814,BV1H8411J7m8,1,BV1Xg41167A6,1,0.44603,1
586,1117,BV1H8411J7m8,1,BV1q7421N7TP,1,0.43438,2
586,5673,BV1H8411J7m8,1,BV1gmq1BBEtX,1,0.41252,4
587,1065,BV1ZG4y1j72R,1,BV1Vgs7e4EAV,1,0.5078,3
587,1440,BV1ZG4y1j72R,1,BV1he411r72y,1,0.5687,1
587,1625,BV1ZG4y1j72R,1,BV1Cb4y1M7Po,1,0.48671,2
587,1698,BV1ZG4y1j72R,1,BV1Aw411K7mt,1,0.4522,4
587,1955,BV1ZG4y1j72R,1,BV1Cz4y1u79T,1,0.43953,2
587,2136,BV1ZG4y1j72R,1,BV14S4y1F7Bu,1,0.53554,1
587,2514,BV1ZG4y1j72R,1,BV1X3wEeNE4o,1,0.55055,4
587,2964,BV1ZG4y1j72R,1,BV1D8DRYBEC2,1,0.46876,4
587,3742,BV1ZG4y1j72R,1,BV1t9GozdEV1,1,0.59741,1
587,3843,BV1ZG4y1j72R,1,BV1145zzMEEZ,1,0.38706,3
587,4789,BV1ZG4y1j72R,1,BV18ovczdEco,1,0.46904,2
587,5629,BV1ZG4y1j72R,1,BV1BK67BCEGu,1,0.43816,4
588,837,BV14K411C77R,1,BV18t4y1g7gC,1,0.41871,2
588,2803,BV14K411C77R,1,BV1zfzRYbEP2,1,0.46221,1
588,5182,BV14K411C77R,1,BV1wTgpzVEJT,1,0.37929,4
588,5594,BV14K411C77R,1,BV1wHFhzzE5K,1,0.3675,3
589,1710,BV1J84y1x7oo,1,BV1pw411H7K9,1,0.49719,1
589,2851,BV1J84y1x7oo,1,BV1GVB4YYEst,1,0.5095,3
589,3040,BV1J84y1x7oo,1,BV1rmySYFEc5,1,0.37463,4
589,3443,BV1J84y1x7oo,1,BV1oyCeBaEtC,1,0.52428,3
589,3592,BV1J84y1x7oo,1,BV1kM7mzPEim,1,0.39634,4
589,3886,BV1J84y1x7oo,1,BV17qdpYGEE8,1,0.54663,2
589,4684,BV1J84y1x7oo,1,BV1mYYMzBEtF,1,0.43784,3
589,5348,BV1J84y1x7oo,1,BV1t2PczyEU8,1,0.56009,1
590,1586,BV1qP411F7Qx,1,BV1Kb4y1V7FA,1,0.46542,1
590,1825,BV1qP411F7Qx,1,BV1xF41127Ae,1,0.39174,1
590,1920,BV1qP411F7Qx,1,BV1aF411U7fA,1,0.44433,3
590,2329,BV1qP411F7Qx,1,BV1nr421W7CT,1,0.38743,3
590,5088,BV1qP411F7Qx,1,BV194hnzVEmk,1,0.44257,4
591,1476,BV1W3411U7UU,1,BV1b5411B7Ab,1,0.37222,4
591,3602,BV1W3411U7UU,1,BV1em7AzfEjR,1,0.37439,3
591,5213,BV1W3411U7UU,1,BV1LQudztE1E,1,0.4408,2
591,5716,BV1W3411U7UU,1,BV1fdBCB7EKH,1,0.44804,1
592,1294,BV1JM411F7LK,1,BV1Mx411g76K,1,0.50247,4
592,1339,BV1JM411F7LK,1,BV1di4y1H7cR,1,0.489,3
592,1361,BV1JM411F7LK,1,BV14k4y1D7Ay,1,0.36485,4
592,2083,BV1JM411F7LK,1,BV1eZ421s7yA,1,0.53469,1
592,3741,BV1JM411F7LK,1,BV13WVzz7EP7,1,0.50987,2
592,5601,BV1JM411F7LK,1,BV1AvFTzkEZz,1,0.38718,2
592,5711,BV1JM411F7LK,1,BV1jGibBeEBN,1,0.50983,1
593,900,BV1QG4y127jK,1,BV1fi4y117na,1,0.40728,2
593,1047,BV1QG4y127jK,1,BV173xBzSEjH,1,0.37985,4
593,4106,BV1QG4y127jK,1,BV1WaKseSEX2,1,0.38263,3
593,4365,BV1QG4y127jK,1,BV1s4UYB9EBQ,1,0.43209,1
594,612,BV1JG4y1J7vB,1,BV1fe411N7yw,1,0.40618,2
594,935,BV1JG4y1J7vB,1,BV1i34y117b5,1,0.62013,2
594,1262,BV1JG4y1J7vB,1,BV1Gc411v7Bd,1,0.6122,1
594,1636,BV1JG4y1J7vB,1,BV1g34y1F7Wq,1,0.37856,1
594,1841,BV1JG4y1J7vB,1,BV1yP4y1M79k,1,0.58847,1
594,2871,BV1JG4y1J7vB,1,BV1kxBeYqEA8,1,0.48488,2
594,3806,BV1JG4y1J7vB,1,BV1pKRBYREMB,1,0.49757,1
594,5108,BV1JG4y1J7vB,1,BV1hrhPzfEic,1,0.62979,1
594,5155,BV1JG4y1J7vB,1,BV16n8tzqEUi,1,0.53701,4
595,1214,BV1WA411Z7es,1,BV1My421a7ZB,1,0.45895,2
595,1868,BV1WA411Z7es,1,BV1Pw411y7iT,1,0.46475,1
595,3998,BV1WA411Z7es,1,BV15TQCYUEVk,1,0.45489,3
595,5843,BV1WA411Z7es,1,BV18LmSBGEbY,1,0.4323,4
596,3343,BV1T8411K7TX,1,BV16Tp3e7En6,1,0.40696,3
596,3434,BV1T8411K7TX,1,BV1RJSsBJEA4,1,0.43289,2
596,3703,BV1T8411K7TX,1,BV1vFETz3ESw,1,0.40661,4
596,4281,BV1T8411K7TX,1,BV1dYfUYQEZB,1,0.37565,2
596,5223,BV1T8411K7TX,1,BV1B8Etz3EBS,1,0.46167,1
597,1327,BV1uY41117pd,1,BV1Za4y1y7Vy,1,0.44283,2
597,1707,BV1uY41117pd,1,BV1DG411S7UY,1,0.42856,4
597,2119,BV1uY41117pd,1,BV1fw4m117N4,1,0.46837,1
597,2376,BV1uY41117pd,1,BV1Fy421h7j6,1,0.4242,2
597,5774,BV1uY41117pd,1,BV1GtB1BLEdz,1,0.44385,2
598,3225,BV1JG4y1m76j,1,BV1qtsRezEXc,1,0.39943,3
598,4431,BV1JG4y1m76j,1,BV1Z843z1E9o,1,0.43504,2
598,4947,BV1JG4y1m76j,1,BV1bwtfzPE96,1,0.43276,3
598,5625,BV1JG4y1m76j,1,BV1NuzgBvEWJ,1,0.43916,1
598,5692,BV1JG4y1m76j,1,BV1y7v9BVEvA,1,0.41609,4
599,881,BV1xY411m7v5,1,BV1GB4y1B7g2,1,0.46089,2
599,952,BV1xY411m7v5,1,BV12T4y1z7p6,1,0.38458,4
599,1607,BV1xY411m7v5,1,BV12C4y1X7im,1,0.49991,3
599,1683,BV1xY411m7v5,1,BV18u4y1w7Yh,1,0.41163,3
599,2450,BV1xY411m7v5,1,BV1pwy5BWER2,1,0.50096,2
599,3469,BV1xY411m7v5,1,BV1xJNpziELD,1,0.42903,2
599,4091,BV1xY411m7v5,1,BV1VV9AYgESB,1,0.38165,2
599,5157,BV1xY411m7v5,1,BV1az8tzsEcf,1,0.4555,4
599,5498,BV1xY411m7v5,1,BV1zAZ7B4Eev,1,0.56996,1
599,5735,BV1xY411m7v5,1,BV1PzvoBdEmL,1,0.50036,3
600,1328,BV1ng411t7sR,1,BV12V411D7kJ,1,0.40664,4
600,3660,BV1ng411t7sR,1,BV1kNEQz1EnA,1,0.50371,1
600,3763,BV1ng411t7sR,1,BV16mGYzkEhw,1,0.43322,3
600,4876,BV1ng411t7sR,1,BV1M9ePzaEwW,1,0.41704,4
600,5434,BV1ng411t7sR,1,BV1JrZ4BpE5W,1,0.44524,2
601,1211,BV14g411t7xN,1,BV1Pw411g7jX,1,0.39429,3
601,2664,BV14g411t7xN,1,BV1pizdYNE6u,1,0.51201,4
601,2756,BV14g411t7xN,1,BV1nNzqYkE69,1,0.53126,1
601,3307,BV14g411t7xN,1,BV11wpme4EWQ,1,0.49354,2
601,3677,BV14g411t7xN,1,BV15kLnzuESG,1,0.40763,4
601,4028,BV14g411t7xN,1,BV1v5RpYPEQF,1,0.36072,4
601,4114,BV14g411t7xN,1,BV1odPxeNE4X,1,0.37403,1
601,4133,BV14g411t7xN,1,BV1KnNWeLEpv,1,0.52943,2
601,4272,BV14g411t7xN,1,BV14sFQemEQT,1,0.3555,2
602,4722,BV1Rg411s7jC,1,BV11ohBz2EpV,1,0.39618,4
602,5490,BV1Rg411s7jC,1,BV1y9ZDBhEtZ,1,0.47539,1
602,5709,BV1Rg411s7jC,1,BV1FxvkBuEGD,1,0.41163,2
603,895,BV1Rg411s7jC,2,BV1jS4y1v75k,1,0.37337,2
603,2337,BV1Rg411s7jC,2,BV1jU411F7aU,1,0.35042,4
603,2354,BV1Rg411s7jC,2,BV1jx421f7YR,1,0.40072,1
603,5620,BV1Rg411s7jC,2,BV1RrkxBBEYc,1,0.353,3
604,1104,BV1BK411i7eF,1,BV1AU421o7q7,1,0.42327,3
604,1666,BV1BK411i7eF,1,BV1cw411n7tr,1,0.4469,1
604,2240,BV1BK411i7eF,1,BV1pp42127py,1,0.42018,4
604,3872,BV1BK411i7eF,1,BV1uwR9YCE68,1,0.44299,2
605,660,BV1pY411U7Hn,1,BV1dP411u718,1,0.46406,2
605,2930,BV1pY411U7Hn,1,BV1ENmpYREoN,1,0.41445,2
605,3753,BV1pY411U7Hn,1,BV1oToWYyEns,1,0.48006,1
605,4668,BV1pY411U7Hn,1,BV1vdaRzLER2,1,0.45597,3
605,5234,BV1pY411U7Hn,1,BV1TuKmz5ESC,1,0.45283,4
605,5762,BV1pY411U7Hn,1,BV1D3vqBVEtW,1,0.44099,4
606,1708,BV1YD4y1j76s,1,BV1Pu4y1b7mg,1,0.42421,1
606,1818,BV1YD4y1j76s,1,BV16Q4y1s7ZG,1,0.3948,2
606,2548,BV1YD4y1j76s,1,BV1Sj411P7w5,1,0.36218,3
606,4041,BV1YD4y1j76s,1,BV1zvRNYdE9i,1,0.34956,4
607,643,BV1hv4y1z7i4,1,BV1G24y1k76J,1,0.44175,4
607,1535,BV1hv4y1z7i4,1,BV1eu4y1J73d,1,0.52721,1
607,2361,BV1hv4y1z7i4,1,BV1ZZ42117L2,1,0.46889,2
607,3170,BV1hv4y1z7i4,1,BV1cH4ge9EsR,1,0.43154,3
607,4318,BV1hv4y1z7i4,1,BV1deFnegEvo,1,0.45225,2
607,4582,BV1hv4y1z7i4,1,BV1iKnAzBERM,1,0.3801,3
607,5541,BV1hv4y1z7i4,1,BV1YnZJBXEoq,1,0.40137,1
607,5833,BV1hv4y1z7i4,1,BV1iimeBkE85,1,0.35063,1
608,1439,BV1WP4y1X7dR,1,BV18e411v7Dv,1,0.61607,2
608,1909,BV1WP4y1X7dR,1,BV1ps41187Cp,1,0.61665,1
608,3052,BV1WP4y1X7dR,1,BV1M2yGYKEYN,1,0.60729,3
608,3706,BV1WP4y1X7dR,1,BV1yL5czwE9K,1,0.59747,4
609,1966,BV16g411E7vb,1,BV1qP411h76u,1,0.41488,4
609,2739,BV16g411E7vb,1,BV1qvz6YUEXN,1,0.42278,3
609,3982,BV16g411E7vb,1,BV1kMX5YEEGC,1,0.45318,2
609,4064,BV16g411E7vb,1,BV16APxerEFM,1,0.45397,1
609,5533,BV16g411E7vb,1,BV15RELziEZZ,1,0.39186,2
610,2880,BV1ZG4y1G7M7,1,BV17PSgYRE4X,1,0.37464,3
610,3892,BV1ZG4y1G7M7,1,BV1siXgYCEvU,1,0.37401,4
610,4670,BV1ZG4y1G7M7,1,BV1AXh1zYEi4,1,0.42128,1
610,5147,BV1ZG4y1G7M7,1,BV1PQ8Dz1Ea1,1,0.38324,2
611,726,BV1wM411z7pu,1,BV1yY411f7CY,1,0.59404,1
611,774,BV1wM411z7pu,1,BV14d4y117FV,1,0.63023,2
611,928,BV1wM411z7pu,1,BV19S4y1B7Sh,1,0.59016,1
611,1739,BV1wM411z7pu,1,BV16H4y1B7yt,1,0.48562,2
611,2037,BV1wM411z7pu,1,BV1fb421E7nM,1,0.49668,4
611,2121,BV1wM411z7pu,1,BV1Sb421b7u8,1,0.45913,2
611,2722,BV1wM411z7pu,1,BV1Vsq4YwEPa,1,0.58533,3
611,3616,BV1wM411z7pu,1,BV1o8jezmEiz,1,0.52976,2
611,4810,BV1wM411z7pu,1,BV1gShQzfES6,1,0.5082,3
611,5087,BV1wM411z7pu,1,BV1SntqzrEF2,1,0.6868,1
611,5653,BV1wM411z7pu,1,BV17ukFBvEax,1,0.43921,4
611,5663,BV1wM411z7pu,1,BV1E2rvBPEGV,1,0.51844,1
612,1281,BV1fe411N7yw,1,BV1EK4y1r7Sz,1,0.343,3
612,3420,BV1fe411N7yw,1,BV1qW29B8EJW,1,0.35617,4
612,3561,BV1fe411N7yw,1,BV1ZrTtzCENf,1,0.39332,3
612,5155,BV1fe411N7yw,1,BV16n8tzqEUi,1,0.4312,1
613,1478,BV1Ad4y1e7CL,1,BV1FC4y1T7Fh,1,0.40253,2
613,4410,BV1Ad4y1e7CL,1,BV1i14JzqEfv,1,0.37625,4
613,4900,BV1Ad4y1e7CL,1,BV1EKbsz4Etq,1,0.40264,1
613,5607,BV1Ad4y1e7CL,1,BV14bfZBREEn,1,0.39754,3
614,1014,BV1De411c7jJ,1,BV1q7yzBJEdv,1,0.39142,2
614,1168,BV1De411c7jJ,1,BV132421c76L,1,0.39102,1
614,2059,BV1De411c7jJ,1,BV1n7421o79a,1,0.41848,1
614,3555,BV1De411c7jJ,1,BV1jaTgzoEuW,1,0.35534,2
614,5029,BV1De411c7jJ,1,BV1gitwzyEKD,1,0.37578,4
615,1420,BV1S24y1Q75M,1,BV1gC4y1v77M,1,0.42956,4
615,2169,BV1S24y1Q75M,1,BV1Vr421g7Ag,1,0.44326,3
615,3119,BV1S24y1Q75M,1,BV1uw2wYVECQ,1,0.50186,1
615,4781,BV1S24y1Q75M,1,BV1vNh9zqEj7,1,0.47632,1
615,4920,BV1S24y1Q75M,1,BV1zzb8zuEba,1,0.49137,3
615,5564,BV1S24y1Q75M,1,BV1SWc4zyEdq,1,0.50164,2
616,1600,BV1144y1m7DQ,1,BV1wK411178v,1,0.47899,1
616,1678,BV1144y1m7DQ,1,BV1YH4y117un,1,0.45039,2
616,2058,BV1144y1m7DQ,1,BV1LJ4m1u7jN,1,0.48787,4
616,2533,BV1144y1m7DQ,1,BV1XdcUeXE34,1,0.4377,3
616,2677,BV1144y1m7DQ,1,BV1ZxkCYAEmC,1,0.43529,2
616,2804,BV1144y1m7DQ,1,BV1yaUBYLEkX,1,0.39883,3
616,3035,BV1144y1m7DQ,1,BV17myoYVEnL,1,0.42908,4
616,3548,BV1144y1m7DQ,1,BV13yTvzRESn,1,0.41043,4
616,3935,BV1144y1m7DQ,1,BV1cTZaYrE3H,1,0.52926,1
616,4404,BV1144y1m7DQ,1,BV1yH4VzfEHR,1,0.45678,2
616,4859,BV1144y1m7DQ,1,BV1wsYzzLEJc,1,0.37722,3
617,1112,BV1r8411L7cv,1,BV12a4y1277m,1,0.39066,3
617,1970,BV1r8411L7cv,1,BV1Xw411m7z9,1,0.44904,3
617,3461,BV1r8411L7cv,1,BV1cuNZzcE2B,1,0.41246,3
617,3761,BV1r8411L7cv,1,BV1sMGzzeEeM,1,0.4755,2
617,4071,BV1r8411L7cv,1,BV1anX9YCEnr,1,0.43764,4
617,4277,BV1r8411L7cv,1,BV1y8FKe2E7o,1,0.43829,4
617,5284,BV1r8411L7cv,1,BV1tp3ezREXR,1,0.4237,2
618,711,BV1GW4y1K7FS,1,BV1nv4y1S7Zs,1,0.43449,2
618,780,BV1GW4y1K7FS,1,BV1VG4y1W7H8,1,0.37963,1
618,1202,BV1GW4y1K7FS,1,BV1AU421Z7Ur,1,0.40062,2
618,1763,BV1GW4y1K7FS,1,BV1uu4y187uX,1,0.31363,4
618,1964,BV1GW4y1K7FS,1,BV1Qp4y177tP,1,0.41435,4
618,2348,BV1GW4y1K7FS,1,BV1WS421A7wT,1,0.4107,3
618,4728,BV1GW4y1K7FS,1,BV1uoaNzaEe6,1,0.37819,4
618,4862,BV1GW4y1K7FS,1,BV1GwYXzBERT,1,0.43029,3
618,5520,BV1GW4y1K7FS,1,BV1DrZDBzEW3,1,0.45652,1
619,919,BV1WP4y1B7UR,1,BV1cW4y1C7xr,1,0.65564,1
619,1160,BV1WP4y1B7UR,1,BV1k4421c7Y7,1,0.62613,2
619,2400,BV1WP4y1B7UR,1,BV1Dm411D7kv,1,0.57896,4
619,3181,BV1WP4y1B7UR,1,BV1Xt421M7pH,1,0.59463,2
619,3213,BV1WP4y1B7UR,1,BV1SvpweTE3Q,1,0.52377,2
619,3264,BV1WP4y1B7UR,1,BV1gQtpeyEFg,1,0.6312,3
619,3527,BV1WP4y1B7UR,1,BV1Fz7jzkEXF,1,0.41204,3
619,3603,BV1WP4y1B7UR,1,BV1Ay7FzNEmH,1,0.64033,2
619,3673,BV1WP4y1B7UR,1,BV1XDJPzYEUD,1,0.52854,3
619,4243,BV1WP4y1B7UR,1,BV1AkNweDEDX,1,0.47241,2
619,5333,BV1WP4y1B7UR,1,BV1VfwyzBEFL,1,0.53859,4
619,5572,BV1WP4y1B7UR,1,BV1yyFozUEch,1,0.57497,3
620,1178,BV1d84y1t7DU,1,BV1DB421k7BX,1,0.68712,4
620,1382,BV1d84y1t7DU,1,BV1me411z7tm,1,0.71406,1
620,2324,BV1d84y1t7DU,1,BV12r421s7jK,1,0.77419,1
620,2611,BV1d84y1t7DU,1,BV1xd6hYMENF,2,0.64436,2
620,3188,BV1d84y1t7DU,1,BV1RzxbeFEyE,1,0.53829,2
620,5033,BV1d84y1t7DU,1,BV1yFbLzzEvU,1,0.68837,3
621,870,BV17g411W7Dz,1,BV1Ta411U7Qu,1,0.48508,2
621,910,BV17g411W7Dz,1,BV1GT4y1z76g,1,0.52138,1
621,2409,BV17g411W7Dz,1,BV1PH4y1a7GP,1,0.63082,1
621,3591,BV17g411W7Dz,1,BV1H872zcEXE,1,0.62204,2
621,4421,BV17g411W7Dz,1,BV1yP4zzTE95,1,0.57958,3
621,5009,BV17g411W7Dz,1,BV1RZtXzhE8D,1,0.5916,3
622,898,BV1rA411X7nP,1,BV1BT4y1D7pu,1,0.5805,1
622,1110,BV1rA411X7nP,1,BV1Sx4y1C7AM,1,0.45851,4
622,1501,BV1rA411X7nP,1,BV1EN4y147Ds,3,0.47728,3
622,2880,BV1rA411X7nP,1,BV17PSgYRE4X,1,0.46502,2
622,4262,BV1rA411X7nP,1,BV1rdFEe7EsN,1,0.43162,1
622,4613,BV1rA411X7nP,1,BV1K5puzLEQs,1,0.55481,1
622,4985,BV1rA411X7nP,1,BV161t8z3E8T,1,0.55578,2
622,5379,BV1rA411X7nP,1,BV1kyArz5EJB,1,0.48755,2
622,5467,BV1rA411X7nP,1,BV1FRZvB1EtR,1,0.54145,1
623,2196,BV1JG4y1G7pL,1,BV12p421X7oF,1,0.54206,4
623,2219,BV1JG4y1G7pL,1,BV1C1421U7bC,1,0.38416,4
623,2287,BV1JG4y1G7pL,1,BV1r1421Z7SM,1,0.4854,3
623,2318,BV1JG4y1G7pL,1,BV1GS421w7AU,1,0.45212,3
623,2401,BV1JG4y1G7pL,1,BV12J4m1x7rD,1,0.61946,2
623,2595,BV1JG4y1G7pL,1,BV1T46zYFEHx,1,0.70738,1
623,2699,BV1JG4y1G7pL,1,BV13uqjYaE42,1,0.49983,3
623,2839,BV1JG4y1G7pL,1,BV1h8zzYPEqs,1,0.55575,4
623,3535,BV1JG4y1G7pL,1,BV1DNTWzQEp3,1,0.59553,2
623,3738,BV1JG4y1G7pL,1,BV1X5VAz2EGn,1,0.55294,4
623,4128,BV1JG4y1G7pL,1,BV1AtA1eAEZU,1,0.40749,3
623,4256,BV1JG4y1G7pL,1,BV1xKFzeGERG,1,0.50794,4
623,4320,BV1JG4y1G7pL,1,BV12Sf2YwEnV,1,0.55213,1
623,4373,BV1JG4y1G7pL,1,BV15fSeByEwQ,1,0.57263,1
623,4534,BV1JG4y1G7pL,1,BV1fnnfzvErk,1,0.48038,4
623,4680,BV1JG4y1G7pL,1,BV1NXa9zbETB,1,0.50328,2
623,4860,BV1JG4y1G7pL,1,BV11jeVzUEcs,1,0.55673,1
623,5448,BV1JG4y1G7pL,1,BV1XQfgBeEGT,1,0.61137,1
623,5786,BV1JG4y1G7pL,1,BV1GKq4B9ELq,1,0.57385,1
624,838,BV1bV4y1P7th,1,BV1mB4y1t7U5,1,0.44915,4
624,952,BV1bV4y1P7th,1,BV12T4y1z7p6,1,0.38773,3
624,1306,BV1bV4y1P7th,1,BV1v64y1A7Ww,1,0.44498,4
624,1390,BV1bV4y1P7th,1,BV1Dg4y1r77q,1,0.56394,1
624,1647,BV1bV4y1P7th,1,BV1qQ4y1H7KZ,1,0.50335,3
624,2451,BV1bV4y1P7th,1,BV1j9ycB3ENV,1,0.4923,4
624,4595,BV1bV4y1P7th,1,BV1YApRzJEVH,1,0.51785,2
624,5279,BV1bV4y1P7th,1,BV1zxGEzhE7w,1,0.35929,2
625,753,BV1Hg411p7Hs,1,BV1RP4y127Wa,1,0.43102,4
625,1090,BV1Hg411p7Hs,1,BV1r2421A7xs,1,0.46995,4
625,1227,BV1Hg411p7Hs,1,BV1SV411S7qG,1,0.48494,3
625,2308,BV1Hg411p7Hs,1,BV1UH4y157gD,1,0.56094,1
625,2518,BV1Hg411p7Hs,1,BV1nCkyY6EvB,1,0.47823,4
625,2910,BV1Hg411p7Hs,1,BV1owUeYJESp,1,0.47112,1
625,4141,BV1Hg411p7Hs,1,BV1DQApe7ESa,1,0.52387,2
626,1794,BV1Pd4y147Gq,1,BV1vp4y1u7FC,1,0.41218,3
626,2527,BV1Pd4y147Gq,1,BV1qrcgeUEws,1,0.41582,2
626,3108,BV1Pd4y147Gq,1,BV1qW2VYoEqn,1,0.48127,1
626,5730,BV1Pd4y147Gq,1,BV1YVvDBJEXy,1,0.3909,1
627,1566,BV1q14y1K7Zh,1,BV1Qp4y1o7hp,1,0.56214,3
627,2480,BV1q14y1K7Zh,1,BV1mhCQBNE5m,1,0.54381,4
627,3139,BV1q14y1K7Zh,1,BV1Mj1eYFE8T,1,0.5736,2
627,3539,BV1q14y1K7Zh,1,BV1CQT6zsE8P,1,0.61839,1
628,1085,BV1CP4y197QK,1,BV1Vx421U7TZ,1,0.43702,1
628,1363,BV1CP4y197QK,1,BV1Se411z7tD,1,0.35601,3
628,1425,BV1CP4y197QK,1,BV16N4y1x7e4,1,0.42199,4
628,3270,BV1CP4y197QK,1,BV1xS42197sE,1,0.41519,2
628,3308,BV1CP4y197QK,1,BV1jF4zehEVJ,1,0.42039,4
628,3369,BV1CP4y197QK,1,BV1oAHke4Exc,1,0.42373,3
628,5418,BV1CP4y197QK,1,BV1icfJB8EZ8,1,0.43571,2
629,988,BV1LP411T7i6,1,BV1pL4y1t7W6,1,0.3199,4
629,1799,BV1LP411T7i6,1,BV1e84y1R7NR,1,0.43266,4
629,2450,BV1LP411T7i6,1,BV1pwy5BWER2,1,0.47216,1
629,3298,BV1LP411T7i6,1,BV1bU4YeYEcz,1,0.35587,3
629,4330,BV1LP411T7i6,1,BV1VSfCYvEjo,1,0.41557,1
629,4966,BV1LP411T7i6,1,BV1jntozVExy,1,0.44483,4
629,5394,BV1LP411T7i6,1,BV1JKA8zrEfC,1,0.40168,3
629,5605,BV1LP411T7i6,1,BV1qJFizLEHZ,1,0.46619,2
630,1688,BV1NG411F7Mu,1,BV1dG411D7TM,1,0.43178,3
630,2786,BV1NG411F7Mu,1,BV1Gci6YwEuL,1,0.40892,4
630,3072,BV1NG411F7Mu,1,BV1Q8C1YwEAg,1,0.37725,3
630,3475,BV1NG411F7Mu,1,BV1TENizyEQa,1,0.47525,1
630,3737,BV1NG411F7Mu,1,BV1rvVczsEfe,1,0.44539,2
630,3866,BV1NG411F7Mu,1,BV1RRd6YXEx6,1,0.39304,3
631,1469,BV1W84y1s7Ed,1,BV1ta4y1q79r,1,0.40178,4
631,2878,BV1W84y1s7Ed,1,BV1KGUDYmE5W,1,0.41871,2
631,3860,BV1W84y1s7Ed,1,BV1M8dkYUEUS,1,0.43596,1
631,4355,BV1W84y1s7Ed,1,BV1B9fBY4EVA,1,0.41369,3
632,1949,BV1sP411K7qK,1,BV1VY411J7b9,1,0.44909,1
632,2538,BV1sP411K7qK,1,BV16vcyeDEC7,1,0.45112,2
632,3413,BV1sP411K7qK,1,BV14YSwBGEHL,1,0.44758,4
632,4828,BV1sP411K7qK,1,BV1ffvwzVErx,1,0.45434,1
633,1888,BV1W8411j7o9,1,BV1kj41187cv,1,0.31145,4
633,4101,BV1W8411j7o9,1,BV1nJNkeZEUx,1,0.39819,2
633,4285,BV1W8411j7o9,1,BV1uQFVe1EDJ,1,0.39488,3
633,4699,BV1W8411j7o9,1,BV1skYgzgE8W,1,0.3862,4
634,1927,BV1L24y1D77J,1,BV1Vp4y1P7ee,1,0.43191,3
634,3967,BV1L24y1D77J,1,BV1faX1YAE9z,1,0.51191,1
634,4561,BV1L24y1D77J,1,BV1cVnezNEnF,1,0.42698,4
634,4798,BV1L24y1D77J,1,BV1PuhRz9EpC,1,0.48538,2
635,1191,BV19M41127KZ,1,BV1Hp421Z7BL,1,0.35286,4
635,3769,BV19M41127KZ,1,BV1MsLmziEKk,1,0.39662,3
635,4037,BV19M41127KZ,1,BV1dLRsY3EZ8,1,0.37005,4
635,4271,BV19M41127KZ,1,BV1CoFXeyEnk,1,0.40429,2
635,4499,BV19M41127KZ,1,BV1ZSxKzYErf,1,0.36653,2
635,5218,BV19M41127KZ,1,BV1xig8ziEAH,1,0.44591,1
636,825,BV1zv4y197JW,1,BV1BP411L7GF,1,0.46107,1
636,1169,BV1zv4y197JW,1,BV1WJ4m1t7C8,1,0.3582,3
636,2238,BV1zv4y197JW,1,BV1DQ4y157go,1,0.354,4
636,4169,BV1zv4y197JW,1,BV1WJwZeAEXp,1,0.52694,1
637,1134,BV13P411M737,1,BV1nH4y1Y7gu,1,0.45622,3
637,3406,BV13P411M737,1,BV1b3sVegEio,1,0.44383,4
637,3961,BV13P411M737,1,BV1Sqo8YEEEP,1,0.41236,3
638,797,BV1444y1Q7z6,1,BV14d4y1A7oy,1,0.45191,4
638,2929,BV1444y1Q7z6,1,BV1dMmaYCEfz,1,0.45676,3
638,4884,BV1444y1Q7z6,1,BV1GhbhzeELZ,1,0.52746,1
639,1226,BV1C84y167Ae,1,BV1JZ4y1E7rp,1,0.40233,3
639,1348,BV1C84y167Ae,1,BV17T4y1H7fQ,1,0.39527,4
639,2254,BV1C84y167Ae,1,BV1up42117wC,1,0.44477,2
639,3426,BV1C84y167Ae,1,BV1aymFBuELu,1,0.47558,1
640,945,BV17e4y1T7hS,1,BV1Gu411676k,1,0.44015,2
640,2258,BV17e4y1T7hS,1,BV1Yu4m1T7aQ,1,0.44959,1
640,3749,BV17e4y1T7hS,1,BV1wDVFzxEov,1,0.42917,3
641,701,BV1LG411N7RB,1,BV1SG4y187Lg,1,0.45555,4
641,785,BV1LG411N7RB,1,BV1Be411M75U,1,0.56659,2
641,1569,BV1LG411N7RB,1,BV17G411Y7oX,1,0.52771,3
641,1885,BV1LG411N7RB,1,BV1Nw411Y7BL,1,0.56937,1
641,3047,BV1LG411N7RB,1,BV1LyynYzED6,1,0.46808,4
641,3633,BV1LG411N7RB,1,BV1MEjMzcEmx,1,0.63809,1
641,3895,BV1LG411N7RB,1,BV1tRRvYsEYx,1,0.3635,2
641,4690,BV1LG411N7RB,1,BV1PDYGzCEf6,1,0.4033,4
641,5097,BV1LG411N7RB,1,BV1srtuzsENP,1,0.58224,2
641,5586,BV1LG411N7RB,1,BV1KTcczhE4y,1,0.46347,4
641,5731,BV1LG411N7RB,1,BV1FZiYBJEGK,1,0.5166,4
641,5826,BV1LG411N7RB,1,BV1wZUfBbEs2,1,0.54225,4
642,705,BV1Y8411p7m5,1,BV1Gd4y1r7pd,1,0.42225,3
642,804,BV1Y8411p7m5,1,BV1Z14y1x7t2,1,0.45654,1
642,4950,BV1Y8411p7m5,1,BV14FtozZEzU,1,0.393,4
643,1378,BV1G24y1k76J,1,BV1eQ4y1j7pJ,1,0.45993,2
643,1711,BV1G24y1k76J,1,BV1Ru411F73a,1,0.4562,1
643,1966,BV1G24y1k76J,1,BV1qP411h76u,1,0.46724,1
643,4069,BV1G24y1k76J,1,BV1uU9BYAEpo,1,0.44913,4
643,5764,BV1G24y1k76J,1,BV1cpqpB4EsM,1,0.44232,4
644,1143,BV1ne411N7V4,1,BV1Su4m1N79w,1,0.36203,4
644,3376,BV1ne411N7V4,1,BV1b4YTe5ELE,1,0.41006,3
644,3532,BV1ne411N7V4,1,BV1f9MgzvE9p,1,0.48738,1
644,4182,BV1ne411N7V4,1,BV1yEKTevEnm,1,0.42379,3
644,4285,BV1ne411N7V4,1,BV1uQFVe1EDJ,1,0.46504,1
644,5661,BV1ne411N7V4,1,BV15riTBNEhw,1,0.42131,2
645,3389,BV1S84y1x7EJ,1,BV1oBH7e4EhX,1,0.42876,2
645,3788,BV1S84y1x7EJ,1,BV13fLmzVEqm,1,0.4898,1
645,5734,BV1S84y1x7EJ,1,BV1EjvfBJEN9,1,0.4221,3
645,5744,BV1S84y1x7EJ,1,BV1XjBjBFE79,1,0.40351,4
646,1075,BV1uG4y157rH,1,BV1spWrekEbL,1,0.45279,2
646,2288,BV1uG4y157rH,1,BV1H6421M7vE,1,0.4074,3
646,3076,BV1uG4y157rH,1,BV1vqyAYnELR,1,0.40563,4
646,3687,BV1uG4y157rH,1,BV1qqEtziE51,1,0.50989,1
646,5346,BV1uG4y157rH,1,BV1CSZWBJEPf,1,0.38651,2
647,2512,BV1c84y1r7eU,1,BV1nVcoesEr5,1,0.37363,3
647,3448,BV1c84y1r7eU,1,BV1mTg6zKEeE,1,0.50395,2
647,3981,BV1c84y1r7eU,1,BV1ZpQcYqEzM,1,0.47296,3
647,4297,BV1c84y1r7eU,1,BV1xQfWYaE3a,1,0.45954,2
647,5286,BV1c84y1r7eU,1,BV1Nx3CzyEJH,1,0.50989,1
648,3674,BV1v44y1m7Bp,1,BV1hGEazgE4H,1,0.43953,2
648,4543,BV1v44y1m7Bp,1,BV1qFnHzsEDD,1,0.461,1
649,3213,BV1yD4y1s7fN,1,BV1SvpweTE3Q,1,0.38627,4
649,3245,BV1yD4y1s7fN,1,BV15tt2eEEKu,1,0.44202,2
649,3746,BV1yD4y1s7fN,1,BV15PVHzTEyF,1,0.38921,3
649,5194,BV1yD4y1s7fN,1,BV1yCgpzmEy2,1,0.44235,1
650,719,BV1DK411d78x,1,BV1de4y1v7EW,1,0.40293,4
650,1012,BV1DK411d78x,1,BV1HeyhBiEB8,1,0.43514,2
650,1887,BV1DK411d78x,1,BV1DK4y1F72Z,1,0.44095,1
650,2369,BV1DK411d78x,1,BV1ov421C7hP,1,0.49164,2
650,2909,BV1DK411d78x,1,BV1UEUeYBERN,1,0.55782,2
650,4049,BV1DK411d78x,1,BV1XW9EYmEbX,1,0.50047,4
650,4357,BV1DK411d78x,1,BV1EwfeY2EEP,1,0.58926,1
650,5150,BV1DK411d78x,1,BV1dEbSzsE8s,1,0.52558,1
650,5184,BV1DK411d78x,1,BV1bzgLzMEUx,1,0.53555,4
650,5616,BV1DK411d78x,1,BV1cK6YBfE1F,1,0.53926,2
651,1617,BV1ed4y1472G,1,BV1gg4y1Z7ek,2,0.435,4
651,2058,BV1ed4y1472G,1,BV1LJ4m1u7jN,1,0.4525,1
651,3375,BV1ed4y1472G,1,BV173YrepE7y,1,0.44488,3
651,3799,BV1ed4y1472G,1,BV1S4LJz8EQn,1,0.45204,2
652,971,BV1fW4y1p749,1,BV1i5411o715,1,0.39892,4
652,1465,BV1fW4y1p749,1,BV1Sw411g7kw,1,0.57463,1
652,2274,BV1fW4y1p749,1,BV1Y1421S7Bh,1,0.49658,2
652,3924,BV1fW4y1p749,1,BV1h5ZAYVEyD,1,0.54661,1
652,4874,BV1fW4y1p749,1,BV1eqe3z4Eca,1,0.4226,2
652,5058,BV1fW4y1p749,1,BV1j7bKzTEfe,1,0.433,1
652,5119,BV1fW4y1p749,1,BV1ZFhhzkEPA,1,0.4356,4
652,5552,BV1fW4y1p749,1,BV1cEZjBtEqF,1,0.55222,2
652,5810,BV1fW4y1p749,1,BV1q3qZBDE9y,1,0.55002,1
653,1452,BV1b14y1H7rk,1,BV1AN4y1q7Li,1,0.42864,3
653,5368,BV1b14y1H7rk,1,BV1QeZ2BZEcx,1,0.43701,2
654,768,BV1Le4y1x7qT,1,BV1TB4y1j72p,1,0.54082,4
654,1923,BV1Le4y1x7qT,1,BV1rL411r7gc,1,0.53116,2
654,2131,BV1Le4y1x7qT,1,BV1Q4421f7oB,1,0.58736,1
654,2502,BV1Le4y1x7qT,1,BV1ctwqeTExz,1,0.54484,2
654,3374,BV1Le4y1x7qT,1,BV1b4HveZEn3,1,0.56691,2
654,4224,BV1Le4y1x7qT,1,BV1i2NTepE9H,1,0.43643,3
655,2786,BV1xW4y1p7mv,1,BV1Gci6YwEuL,1,0.41973,4
655,5809,BV1xW4y1p7mv,1,BV1BdBFBbE7H,1,0.44055,2
655,5826,BV1xW4y1p7mv,1,BV1wZUfBbEs2,1,0.42249,3
656,914,BV1C14y1E7pP,1,BV1bv411N7PT,1,0.58366,1
656,1451,BV1C14y1E7pP,1,BV1vC4y1K74G,1,0.59648,3
656,1772,BV1C14y1E7pP,1,BV1uj411v7Un,1,0.62464,2
656,2451,BV1C14y1E7pP,1,BV1j9ycB3ENV,1,0.64724,2
656,2905,BV1C14y1E7pP,1,BV1ziUaYEEP9,1,0.63288,4
656,2911,BV1C14y1E7pP,1,BV1WPmfYwEbQ,1,0.64278,3
656,3185,BV1C14y1E7pP,1,BV1xJxheQESG,1,0.55094,3
656,3884,BV1C14y1E7pP,1,BV1jFdpYBEwf,1,0.65594,1
656,5070,BV1C14y1E7pP,1,BV1Wd4RzmELG,1,0.57103,2
656,5655,BV1C14y1E7pP,1,BV1yEkcB7EKP,1,0.54266,4
657,702,BV1fG4y197kz,1,BV1ct4y1g7vs,1,0.39155,2
657,4275,BV1fG4y197kz,1,BV1Y1FmemEBP,1,0.40389,1
657,5675,BV1fG4y197kz,1,BV1ZZr8BJE2q,1,0.38519,4
658,982,BV1MW4y177Vi,1,BV1NY411n7gw,1,0.46518,3
658,4016,BV1MW4y177Vi,1,BV16jQJYsELp,1,0.46315,4
658,5581,BV1MW4y177Vi,1,BV1SicgzaEzL,1,0.51039,1
659,1301,BV1Jg411B7Bh,1,BV1Ea4y1z72c,1,0.66465,1
659,1303,BV1Jg411B7Bh,1,BV1u64y1n71N,1,0.56763,3
659,1421,BV1Jg411B7Bh,1,BV1HN4y1q7n5,1,0.59753,3
659,2035,BV1Jg411B7Bh,1,BV14M4m127wE,1,0.4708,1
659,2217,BV1Jg411B7Bh,1,BV12t421778Y,1,0.63358,2
659,4705,BV1Jg411B7Bh,1,BV1TMahzcEAP,1,0.53528,3
660,3668,BV1dP411u718,1,BV1hKJ3z2Evp,1,0.42624,3
660,3753,BV1dP411u718,1,BV1oToWYyEns,1,0.44294,4
660,5453,BV1dP411u718,1,BV1qHfuBKEpV,1,0.51679,2
661,939,BV1tR4y1Z7RU,1,BV1U5411R7kX,1,0.41017,2
661,2066,BV1tR4y1Z7RU,1,BV1FZ421x79c,1,0.43977,1
661,4315,BV1tR4y1Z7RU,1,BV1rtfzYPED5,1,0.40787,3
661,5183,BV1tR4y1Z7RU,1,BV1eJ8MzqEWP,1,0.37486,4
662,1518,BV1M84y1y7ed,1,BV1WC4y1g7Vn,1,0.45952,4
662,2322,BV1M84y1y7ed,1,BV1yZ42187YJ,1,0.56692,2
662,5126,BV1M84y1y7ed,1,BV1uu411i7D2,1,0.57356,1
662,5382,BV1M84y1y7ed,1,BV1svADzGE5m,1,0.522,3
663,2791,BV1n24y1y7hd,1,BV1mBieYrEZd,1,0.4396,4
663,2943,BV1n24y1y7hd,1,BV1QQmzYtE2W,1,0.45439,2
663,4801,BV1n24y1y7hd,1,BV15rhQzNEz5,1,0.51436,1
663,5517,BV1n24y1y7hd,1,BV1otZDBEEBm,1,0.44946,3
664,1129,BV1LK411o7zA,1,BV1D4421c73n,1,0.39491,2
664,2512,BV1LK411o7zA,1,BV1nVcoesEr5,1,0.36908,4
664,4220,BV1LK411o7zA,1,BV1fsNQeLEHq,1,0.38623,4
664,4978,BV1LK411o7zA,1,BV1JEtozyEFF,1,0.4157,1
664,5354,BV1LK411o7zA,1,BV1GVfYBfEMT,1,0.38813,3
665,1456,BV1JK411d7NE,1,BV1HK41147rN,1,0.40135,4
665,2230,BV1JK411d7NE,1,BV15w4m1d7oJ,1,0.50602,1
665,3507,BV1JK411d7NE,1,BV12wTLzQE7Q,1,0.45795,4
665,3657,BV1JK411d7NE,1,BV186JtztEjF,1,0.4182,2
665,4576,BV1JK411d7NE,1,BV1innFzhEUy,1,0.44291,4
665,4686,BV1JK411d7NE,1,BV1bRe4zFEnL,1,0.47745,1
666,2063,BV1W8411L726,1,BV1rr421c7i9,1,0.37722,4
666,2097,BV1W8411L726,1,BV1vf421R72w,1,0.37857,3
666,2533,BV1W8411L726,1,BV1XdcUeXE34,1,0.38776,2
666,3009,BV1W8411L726,1,BV1WsS7YWE6Z,1,0.39042,1
666,3298,BV1W8411L726,1,BV1bU4YeYEcz,1,0.36034,2
667,1926,BV1PR4y1Z7vX,1,BV1Gu4y1r7YC,1,0.41653,3
667,2124,BV1PR4y1Z7vX,1,BV1GM4m1y7Jk,1,0.38429,4
667,3347,BV1PR4y1Z7vX,1,BV1zbpgeVEeu,1,0.38647,4
667,3407,BV1PR4y1Z7vX,1,BV1Z7m2BVEtv,1,0.48648,1
667,4918,BV1PR4y1Z7vX,1,BV19HbBzXEEg,1,0.36954,2
667,4964,BV1PR4y1Z7vX,1,BV1ezt9zYE93,1,0.43121,2
668,1307,BV13D4y187aU,1,BV1f8411v7fb,1,0.44659,3
668,1833,BV13D4y187aU,1,BV11p4y1u72v,1,0.44287,2
668,3981,BV13D4y187aU,1,BV1ZpQcYqEzM,1,0.46974,3
668,4356,BV13D4y187aU,1,BV1e1pvezEMR,1,0.4949,1
669,3653,BV11K41197uY,1,BV1M6JNzFEFR,1,0.45632,2
669,4450,BV11K41197uY,1,BV1waxezSE4o,1,0.39386,3
669,5707,BV11K41197uY,1,BV1eciuBgEZj,1,0.43054,4
669,5748,BV11K41197uY,1,BV1g8vsBkEB6,1,0.45725,1
669,5789,BV11K41197uY,1,BV1vqBMBCETk,1,0.4475,3
670,1623,BV1Bg411s73u,1,BV1eN4y1a73J,1,0.54223,2
670,2277,BV1Bg411s73u,1,BV1Nt421L7mX,1,0.53051,4
670,2466,BV1Bg411s73u,1,BV14GCXBTEfS,1,0.5303,2
670,2676,BV1Bg411s73u,1,BV1oSkyYiEvs,1,0.42147,2
670,2786,BV1Bg411s73u,1,BV1Gci6YwEuL,1,0.63274,1
670,3140,BV1Bg411s73u,1,BV1cC4weiEEy,1,0.45701,2
670,3443,BV1Bg411s73u,1,BV1oyCeBaEtC,1,0.56626,3
670,3862,BV1Bg411s73u,1,BV1sydYY7EY6,1,0.48396,3
670,5022,BV1Bg411s73u,1,BV1MSb5z7EDv,1,0.46763,4
670,5139,BV1Bg411s73u,1,BV1gG72zkEFk,1,0.56078,2
670,5241,BV1Bg411s73u,1,BV1raNmzeEtW,1,0.43689,2
670,5267,BV1Bg411s73u,1,BV1DXuKzCEtn,1,0.46603,1
670,5457,BV1Bg411s73u,1,BV1r5f3BUEtk,1,0.47527,2
670,5482,BV1Bg411s73u,1,BV1E5cHzjEfW,1,0.57357,2
670,5563,BV1Bg411s73u,1,BV14AFSzvEdP,1,0.42869,2
671,1686,BV1HK411d7cG,1,BV1h34y1w7BJ,1,0.42239,4
671,3228,BV1HK411d7cG,1,BV1sasQegEw4,1,0.43842,2
671,3529,BV1HK411d7cG,1,BV1kfM5zmEK1,1,0.47068,1
671,3823,BV1HK411d7cG,1,BV1RnLJzeE5q,1,0.39079,4
671,4345,BV1HK411d7cG,1,BV1D9fRYhEU5,1,0.42441,3
671,4449,BV1HK411d7cG,1,BV1Gaxyz8EzZ,1,0.358,4
672,1512,BV1vG4y147L4,1,BV1kG411r72w,1,0.37258,3
672,3570,BV1vG4y147L4,1,BV1TTJazqEYn,1,0.40159,3
672,4203,BV1vG4y147L4,1,BV1cMNmerEiU,1,0.35957,4
672,4718,BV1vG4y147L4,1,BV1VVarzqEso,1,0.40353,2
672,5135,BV1vG4y147L4,1,BV1o386zwE5D,1,0.33163,3
673,782,BV1G14y1n7x8,1,BV18G411x7YE,1,0.52973,3
673,1273,BV1G14y1n7x8,1,BV1fN4y1v7Es,1,0.56589,1
673,1280,BV1G14y1n7x8,1,BV1a94y1T7wX,1,0.40951,2
673,2026,BV1G14y1n7x8,1,BV1odbDezESS,1,0.41882,1
673,2211,BV1G14y1n7x8,1,BV1xH4y1K73F,1,0.46156,3
673,2312,BV1G14y1n7x8,1,BV1K6421u7pK,1,0.46498,1
673,2710,BV1G14y1n7x8,1,BV1fKBMYsECn,1,0.53522,2
673,2861,BV1G14y1n7x8,1,BV1AQB2YuENH,1,0.50135,1
673,4376,BV1G14y1n7x8,1,BV1SWmMBREu5,1,0.46061,4
673,4641,BV1G14y1n7x8,1,BV1bWp7zgEtq,1,0.47563,2
673,4800,BV1G14y1n7x8,1,BV1B6ebz7Ep2,1,0.41527,2
673,5765,BV1G14y1n7x8,1,BV1tSBQBsEeo,1,0.52932,4
674,1163,BV13M411k7fy,1,BV1hv42117FX,1,0.33386,3
674,2358,BV13M411k7fy,1,BV1zw4m1f72M,1,0.35561,1
674,2448,BV13M411k7fy,1,BV1iFUHBkEik,1,0.33226,4
674,3656,BV13M411k7fy,1,BV1RcEtzcEwA,1,0.34273,2
675,1077,BV1Ud4y1t7FD,1,BV1cx4y1z7hJ,1,0.43276,4
675,2096,BV1Ud4y1t7FD,1,BV1xC411a7zb,1,0.46808,1
675,2305,BV1Ud4y1t7FD,1,BV1Ft421G7gs,1,0.46435,2
675,2890,BV1Ud4y1t7FD,1,BV13RUoYVETQ,1,0.37093,1
676,2168,BV1PD4y1s7vV,1,BV1XT421C7Up,1,0.34748,2
676,2551,BV1PD4y1s7vV,1,BV1CGcPe5EqQ,1,0.40188,2
676,2832,BV1PD4y1s7vV,1,BV174zVYgEoi,1,0.37822,4
676,3557,BV1PD4y1s7vV,1,BV1N8jyzbEDt,1,0.46082,1
676,4264,BV1PD4y1s7vV,1,BV1iEcFe9ECY,1,0.38142,3
676,4792,BV1PD4y1s7vV,1,BV1SchizjEZi,1,0.35697,2
677,2024,BV1PD4y1s7vV,2,BV12Lvpe9Eeu,2,0.48514,2
677,2218,BV1PD4y1s7vV,2,BV1rH4y1T7wi,1,0.49645,1
677,3878,BV1PD4y1s7vV,2,BV1YCdXYSEKK,1,0.3997,4
677,5648,BV1PD4y1s7vV,2,BV15MzrBiEHh,1,0.42778,3
678,2335,BV1HM411r7MZ,1,BV1Vz42197eP,1,0.45375,4
678,3177,BV1HM411r7MZ,1,BV1eC4AesE3T,1,0.43873,4
678,4437,BV1HM411r7MZ,1,BV1vvxDzQErD,1,0.54706,2
678,4828,BV1HM411r7MZ,1,BV1ffvwzVErx,1,0.49685,3
679,776,BV1rP411g7c2,1,BV1i14y177Eb,1,0.37578,1
679,2801,BV1rP411g7c2,1,BV154zCYDEXV,1,0.36842,2
679,5014,BV1rP411g7c2,1,BV1wPbVzFEn7,1,0.34803,4
679,5538,BV1rP411g7c2,1,BV1MhzfByEiw,1,0.36613,3
680,1308,BV1NP4y1R7AM,1,BV1i8411v7HW,1,0.39949,1
680,1597,BV1NP4y1R7AM,1,BV1Bb4y1L7cU,1,0.47273,4
680,2647,BV1NP4y1R7AM,1,BV1cmkZYLEfX,1,0.41968,4
680,3019,BV1NP4y1R7AM,1,BV1isCmY5ETn,1,0.48382,2
680,3155,BV1NP4y1R7AM,1,BV1BkxZeDEMJ,1,0.47484,3
680,5331,BV1NP4y1R7AM,1,BV1zwA5zFEgd,1,0.4977,1
681,2829,BV1mY411o7fy,1,BV1SZzYYSEXZ,1,0.51382,4
681,3343,BV1mY411o7fy,1,BV16Tp3e7En6,1,0.56185,1
681,3662,BV1mY411o7fy,1,BV1G6J3zWEky,1,0.52666,2
681,4328,BV1mY411o7fy,1,BV1Qqf2YgEui,1,0.47244,3
681,4545,BV1mY411o7fy,1,BV1y8n5zDESu,1,0.4807,3
682,1100,BV1CR4y1f76i,1,BV1k6421u7AF,1,0.53584,1
682,1310,BV1CR4y1f76i,1,BV1MQ4y1A779,1,0.39218,3
682,1596,BV1CR4y1f76i,1,BV17g4y117yv,1,0.48879,4
682,1914,BV1CR4y1f76i,1,BV18u4y1z7Lw,1,0.4933,1
682,1950,BV1CR4y1f76i,1,BV1aN411v7Mq,1,0.41822,2
682,2323,BV1CR4y1f76i,1,BV1Au4m137qL,1,0.47822,4
682,2401,BV1CR4y1f76i,1,BV12J4m1x7rD,1,0.61881,1
682,2582,BV1CR4y1f76i,1,BV1jMCtYWEHZ,1,0.43092,2
682,3305,BV1CR4y1f76i,1,BV1hTtFejE48,1,0.48838,4
682,3738,BV1CR4y1f76i,1,BV1X5VAz2EGn,1,0.5506,2
682,4092,BV1CR4y1f76i,1,BV1VG9cYAEMJ,1,0.49138,3
682,5021,BV1CR4y1f76i,1,BV1P7b5zuEjC,1,0.43092,2
683,1119,BV1jG4y147do,1,BV1PZ421S76G,1,0.42732,3
683,1204,BV1jG4y147do,1,BV1ex42197h6,1,0.43807,1
683,3701,BV1jG4y147do,1,BV1Tk5MzoEdi,1,0.42431,4
683,5075,BV1jG4y147do,1,BV1fzt2zJER2,1,0.34509,3
684,2016,BV1u3411f7bx,1,BV1BK421e72t,1,0.37147,3
684,2217,BV1u3411f7bx,1,BV12t421778Y,1,0.60855,1
684,3086,BV1u3411f7bx,1,BV1ncmnYSEMX,1,0.49928,3
684,3578,BV1u3411f7bx,1,BV1smEdzYEzo,1,0.57065,4
684,4022,BV1u3411f7bx,1,BV1u8QLYFEZf,1,0.60442,2
684,4311,BV1u3411f7bx,1,BV1fYfDYbEsh,1,0.43863,2
684,5278,BV1u3411f7bx,1,BV1YT3uzfEWd,1,0.54532,3
684,5693,BV1u3411f7bx,1,BV1AwrNBQE5w,1,0.57502,3
685,2678,BV1E84y1i7Z2,1,BV1gfkkYQEnf,1,0.37727,3
685,3009,BV1E84y1i7Z2,1,BV1WsS7YWE6Z,1,0.36153,4
685,3102,BV1E84y1i7Z2,1,BV1xdtCeaEZF,1,0.43275,1
685,5755,BV1E84y1i7Z2,1,BV1W7m3B4E1e,1,0.35668,3
686,741,BV1eD4y1s758,1,BV1Wv4y1U7x9,1,0.43056,3
686,2593,BV1eD4y1s758,1,BV1S46RY5EAN,1,0.51012,1
686,2860,BV1eD4y1s758,1,BV1boURYPEhS,1,0.42029,4
686,3131,BV1eD4y1s758,1,BV1uP1rYHEVo,1,0.46063,2
686,3684,BV1eD4y1s758,1,BV1f6VdzzEkY,1,0.38947,3
686,4325,BV1eD4y1s758,1,BV1mQwAeQEGE,1,0.38282,2
687,1400,BV1UG4y1o7f6,1,BV1NW4y1F7bh,1,0.44812,2
687,3117,BV1UG4y1o7f6,1,BV1qJ12Y1Et7,1,0.46275,2
687,3197,BV1UG4y1o7f6,1,BV1B2xqe4ESd,1,0.48603,1
687,5818,BV1UG4y1o7f6,1,BV1ZbqpBHEHW,1,0.48442,2
688,1076,BV16P411g7wc,1,BV1TdWzeGEbT,1,0.49951,1
688,1182,BV16P411g7wc,1,BV1RF4m1M7BD,1,0.43443,1
688,1220,BV16P411g7wc,1,BV1eF4m1u7en,1,0.38096,4
688,1730,BV16P411g7wc,1,BV1Tw411T7op,1,0.47832,2
689,1188,BV1pg411v7pC,1,BV1G7421T7GN,1,0.37815,3
689,2655,BV1pg411v7pC,1,BV1WckZY2EkX,1,0.41724,2
689,3434,BV1pg411v7pC,1,BV1RJSsBJEA4,1,0.46679,2
689,3452,BV1pg411v7pC,1,BV1n3N2zFEWo,1,0.34622,3
689,3969,BV1pg411v7pC,1,BV1fRXxY1EkH,1,0.45005,4
689,4891,BV1pg411v7pC,1,BV19qYzzKEri,1,0.47873,1
689,4986,BV1pg411v7pC,1,BV1PhhGzzExU,1,0.46408,3
689,5339,BV1pg411v7pC,1,BV1kqZBB9EYr,1,0.43629,2
690,779,BV1gR4y1f7kj,1,BV1PY4y1b7kW,1,0.38376,3
690,4531,BV1gR4y1f7kj,1,BV1T6n3z7EYq,1,0.38634,2
690,4761,BV1gR4y1f7kj,1,BV1HVhCzHEbu,1,0.44368,2
690,5111,BV1gR4y1f7kj,1,BV1gmhPzdEKa,1,0.36451,4
690,5150,BV1gR4y1f7kj,1,BV1dEbSzsE8s,1,0.41721,4
690,5386,BV1gR4y1f7kj,1,BV1jgfABJE9M,1,0.42962,3
691,1276,BV1wP4y117xQ,1,BV1VK4y1z7y2,1,0.53024,3
691,1719,BV1wP4y117xQ,1,BV1Je411Q7M5,1,0.44333,1
691,1892,BV1wP4y117xQ,1,BV1ow41127GW,1,0.57399,1
691,1988,BV1wP4y117xQ,1,BV1eJCbB5E2w,1,0.47076,3
691,2148,BV1wP4y117xQ,1,BV1sq421F73j,1,0.43693,4
691,3101,BV1wP4y117xQ,1,BV1Ji2YYnEDQ,1,0.57175,2
691,3362,BV1wP4y117xQ,1,BV1rwePeoEXG,1,0.51512,2
691,3479,BV1wP4y117xQ,1,BV1RsTBzNEqG,1,0.46465,3
691,3778,BV1wP4y117xQ,1,BV14tGQzuExS,1,0.52081,2
691,4181,BV1wP4y117xQ,1,BV12rAAepEeu,1,0.42053,1
691,4896,BV1wP4y117xQ,1,BV1XvYqzfEwy,1,0.41313,3
692,940,BV1eG411F7ts,1,BV1GU4y1S7YP,1,0.35343,4
692,1067,BV1eG411F7ts,1,BV1C2s5eNEGR,1,0.39703,2
692,2281,BV1eG411F7ts,1,BV1Ux421r7Cq,1,0.44931,1
692,2349,BV1eG411F7ts,1,BV1L4421c7AR,1,0.43199,4
692,2822,BV1eG411F7ts,1,BV1oGmRYgEry,1,0.43982,2
692,2866,BV1eG411F7ts,1,BV1dwSKYzEmz,1,0.4074,4
692,3939,BV1eG411F7ts,1,BV1vKZAYUE5g,1,0.40979,2
692,4910,BV1eG411F7ts,1,BV1qWbJzzE4c,1,0.43404,3
693,3069,BV1CG4y1x76Y,1,BV1tb2UY3EaN,1,0.49031,1
693,3808,BV1CG4y1x76Y,1,BV1APL9z5EZT,1,0.47164,3
693,4381,BV1CG4y1x76Y,1,BV1RjC7B2Eu6,1,0.46551,4
693,4398,BV1CG4y1x76Y,1,BV1TFWnz7EdV,1,0.38713,1
693,4752,BV1CG4y1x76Y,1,BV1QDa5z4Ecb,1,0.38138,3
693,5018,BV1CG4y1x76Y,1,BV1qjbLzZEP4,1,0.45789,1
693,5817,BV1CG4y1x76Y,1,BV1ABSnBQELh,1,0.47974,2
694,1007,BV14t4y1N7xp,1,BV1Sy1MBWEiG,1,0.40008,2
694,3437,BV14t4y1N7xp,1,BV1fJ2YBzEVp,1,0.43093,1
694,3788,BV14t4y1N7xp,1,BV13fLmzVEqm,1,0.37148,3
694,5254,BV14t4y1N7xp,1,BV16KMQzUE2W,1,0.3624,4
695,1797,BV1qe4y127Jj,1,BV1tN411W7Qj,1,0.50116,1
695,1979,BV1qe4y127Jj,1,BV1iw411Q7xa,1,0.41713,2
695,4326,BV1qe4y127Jj,1,BV1BKfmYnEb1,1,0.36477,1
695,4928,BV1qe4y127Jj,1,BV1HobYzsEkZ,1,0.45593,4
695,5445,BV1qe4y127Jj,1,BV1JoZZBkE9N,1,0.47222,3
696,4439,BV1g14y1H7QS,1,BV1ddH3zFEu2,1,0.40492,2
696,5362,BV1g14y1H7QS,1,BV1tkPhzfEuu,1,0.39336,3
697,2593,BV1ke41137rd,1,BV1S46RY5EAN,1,0.40973,3
697,3311,BV1ke41137rd,1,BV17d4BePESH,1,0.40507,4
697,4737,BV1ke41137rd,1,BV1sUaKzdELM,1,0.43462,1
697,5173,BV1ke41137rd,1,BV1Ed3MzTE6B,1,0.41663,2
698,1348,BV1sW4y1j7FK,1,BV17T4y1H7fQ,1,0.42489,4
698,2058,BV1sW4y1j7FK,1,BV1LJ4m1u7jN,1,0.48564,2
698,2971,BV1sW4y1j7FK,1,BV1zVD1YbEny,1,0.46049,3
698,3539,BV1sW4y1j7FK,1,BV1CQT6zsE8P,1,0.50228,1
698,4440,BV1sW4y1j7FK,1,BV1RhxvzuEWG,1,0.43183,3
698,4695,BV1sW4y1j7FK,1,BV1aVYVzoE6P,2,0.46047,4
698,5193,BV1sW4y1j7FK,1,BV1hybZzzEar,1,0.45511,2
699,1271,BV16e4y1W7Kn,1,BV1mQ4y157gS,1,0.8958,2
699,1814,BV16e4y1W7Kn,1,BV1Eh4y1B7Lu,1,0.89392,1
699,2139,BV16e4y1W7Kn,1,BV1w1421z7Gk,1,0.89039,1
699,2573,BV16e4y1W7Kn,1,BV1JmrKY8E3Y,1,0.82486,3
699,3156,BV16e4y1W7Kn,1,BV1fyxZeEEt2,1,0.82515,3
699,3201,BV16e4y1W7Kn,1,BV1vaxPeZEfJ,1,0.8548,3
699,5045,BV16e4y1W7Kn,1,BV11FbLzzE3T,1,0.89184,4
699,5758,BV16e4y1W7Kn,1,BV1AyBCBdEPq,1,0.90077,1
700,1780,BV1Nv4y1m7og,1,BV18N411s7aU,1,0.40618,1
700,1916,BV1Nv4y1m7og,1,BV1LP411b7bu,1,0.43185,2
700,3936,BV1Nv4y1m7og,1,BV13Uo4Y5E2M,1,0.4668,1
700,4050,BV1Nv4y1m7og,1,BV1qpRKY9EbX,1,0.37894,4
701,2216,BV1SG4y187Lg,1,BV1Hq421F79e,1,0.4497,4
701,2416,BV1SG4y187Lg,1,BV1ht421a7Ka,1,0.35267,4
701,3372,BV1SG4y187Lg,1,BV1XpHqeuEE1,1,0.42047,4
701,4731,BV1SG4y187Lg,1,BV1BAeyzZEm3,1,0.47075,3
701,5097,BV1SG4y187Lg,1,BV1srtuzsENP,1,0.54439,1
702,1261,BV1ct4y1g7vs,1,BV1MT4y187Xh,1,0.43643,3
702,3196,BV1ct4y1g7vs,1,BV1zRxCeLE1X,1,0.44897,4
702,3773,BV1ct4y1g7vs,1,BV1BNBbY1E55,1,0.51247,1
702,4198,BV1ct4y1g7vs,1,BV1rqKpeBExU,1,0.50555,2
702,4694,BV1ct4y1g7vs,1,BV1aVYVzoE6P,1,0.49148,3
703,2119,BV15g411q7UL,1,BV1fw4m117N4,1,0.36428,4
703,4095,BV15g411q7UL,1,BV1wrPxe1EiP,1,0.40803,2
703,4861,BV15g411q7UL,1,BV1CGhVz6E2Z,1,0.4302,1
704,816,BV1LG411A7Pj,1,BV1iG4y1a7DG,1,0.48397,1
704,1025,BV1LG411A7Pj,1,BV1hRszzLEf3,1,0.40578,3
704,2939,BV1LG411A7Pj,1,BV1SJmzYJE4f,1,0.40763,2
704,2960,BV1LG411A7Pj,1,BV1CpDHYNE4x,1,0.3355,3
704,3042,BV1LG411A7Pj,1,BV1V4y6YXE18,1,0.39086,1
704,3507,BV1LG411A7Pj,1,BV12wTLzQE7Q,1,0.40519,4
704,5262,BV1LG411A7Pj,1,BV1DouMzUEd5,1,0.39833,3
705,774,BV1Gd4y1r7pd,1,BV14d4y117FV,1,0.48795,1
705,2430,BV1Gd4y1r7pd,1,BV1GcUKBoEAL,1,0.31735,4
705,3100,BV1Gd4y1r7pd,1,BV1Fy2UYcEPc,1,0.4807,2
705,3276,BV1Gd4y1r7pd,1,BV1YWtYeCE13,1,0.45796,2
705,3995,BV1Gd4y1r7pd,1,BV1oXQmYYEsp,1,0.4859,2
705,4187,BV1Gd4y1r7pd,1,BV1xuNkevE9C,1,0.45796,2
705,4950,BV1Gd4y1r7pd,1,BV14FtozZEzU,1,0.43914,3
705,5103,BV1Gd4y1r7pd,1,BV1Cqh5zGE17,1,0.4771,4
706,869,BV15e4y177TD,1,BV1PS4y1n7fA,1,0.42319,2
706,4902,BV15e4y177TD,1,BV1t7YezyECM,1,0.36485,3
706,4938,BV15e4y177TD,1,BV19gtdzwEFX,1,0.42479,1
706,5320,BV15e4y177TD,1,BV1W3APzGExU,1,0.35236,4
706,5501,BV15e4y177TD,1,BV15yZ3BNE9A,1,0.41562,4
707,1324,BV1nK411m7G5,1,BV1Gg4y127tK,1,0.51543,1
707,2556,BV1nK411m7G5,1,BV1V1cHe1Ej6,1,0.53559,3
707,3303,BV1nK411m7G5,1,BV1W244e6E7o,1,0.51732,4
707,4052,BV1nK411m7G5,1,BV1N79JYrE2U,1,0.57267,1
707,5132,BV1nK411m7G5,1,BV1xT8qzMExv,1,0.41491,3
707,5419,BV1nK411m7G5,1,BV1iLfNB9EeR,1,0.53714,2
708,1973,BV1cV4y1G7F8,1,BV1rz4y1K7NU,1,0.49282,1
708,3698,BV1cV4y1G7F8,1,BV11BEKzxE4w,1,0.42998,4
708,4876,BV1cV4y1G7F8,1,BV1M9ePzaEwW,1,0.47714,2
708,5529,BV1cV4y1G7F8,1,BV1iUcszSE7x,1,0.44413,3
708,5654,BV1cV4y1G7F8,1,BV1kDrCBaEg7,1,0.39988,4
709,820,BV1xG4y1H7Zq,1,BV1pS4y1W76x,1,0.36474,2
709,856,BV1xG4y1H7Zq,1,BV1hg411y7T6,1,0.36426,3
709,1980,BV1xG4y1H7Zq,1,BV1yj411g7Lo,1,0.35821,4
709,4847,BV1xG4y1H7Zq,1,BV1cGezz7EcL,1,0.39754,1
710,2350,BV1kW4y1x7Uf,1,BV1pr421W7eH,1,0.34487,4
710,2492,BV1kW4y1x7Uf,1,BV1urwhePEjr,1,0.34623,3
710,2504,BV1kW4y1x7Uf,1,BV1LTcAefEkp,1,0.38861,1
710,3316,BV1kW4y1x7Uf,1,BV1oRpneKEwF,1,0.37391,2
711,1382,BV1nv4y1S7Zs,1,BV1me411z7tm,1,0.47413,3
711,1987,BV1nv4y1S7Zs,1,BV1uQyfBZERA,1,0.41019,2
711,3104,BV1nv4y1S7Zs,1,BV12T2sYMEtS,1,0.46875,4
711,3226,BV1nv4y1S7Zs,1,BV1mB4Se5Exa,1,0.43179,4
711,4273,BV1nv4y1S7Zs,1,BV1acFuePELF,1,0.40526,2
711,4432,BV1nv4y1S7Zs,1,BV1T54mzYEuK,1,0.39626,4
711,5247,BV1nv4y1S7Zs,1,BV133GVziEhM,1,0.47463,1
711,5438,BV1nv4y1S7Zs,1,BV1adfGBzEiT,1,0.38963,3
711,5703,BV1nv4y1S7Zs,1,BV14MquBbExk,1,0.49619,1
712,1693,BV1Ht4y1F7YQ,1,BV1Ua4y1U7pt,1,0.45569,4
712,2184,BV1Ht4y1F7YQ,1,BV1u142197qJ,1,0.58703,1
712,5139,BV1Ht4y1F7YQ,1,BV1gG72zkEFk,1,0.48896,2
712,5482,BV1Ht4y1F7YQ,1,BV1E5cHzjEfW,1,0.46865,3
713,2777,BV1R8411b7v1,1,BV1AazYYBE8E,1,0.38273,2
713,3700,BV1R8411b7v1,1,BV1gdEuzkE1S,1,0.37445,3
713,4273,BV1R8411b7v1,1,BV1acFuePELF,1,0.3709,4
713,4728,BV1R8411b7v1,1,BV1uoaNzaEe6,1,0.46377,1
714,1045,BV1GG4y1t76Y,1,BV1WTxgzUEYn,1,0.39901,3
714,2903,BV1GG4y1t76Y,1,BV1NMUvYKE2Q,1,0.39242,4
714,2917,BV1GG4y1t76Y,1,BV14ZmZYKEJv,1,0.4984,1
714,5170,BV1GG4y1t76Y,1,BV1mpu9zzEQ7,1,0.33262,4
715,1510,BV1eG411j74d,1,BV1Xe41167ye,1,0.46355,2
715,1794,BV1eG411j74d,1,BV1vp4y1u7FC,1,0.44319,4
715,3636,BV1eG411j74d,1,BV1uDJazMEcB,1,0.54997,1
715,4431,BV1eG411j74d,1,BV1Z843z1E9o,1,0.44161,2
715,4827,BV1eG411j74d,1,BV1bmepzEEg1,1,0.4533,3
715,5071,BV1eG411j74d,1,BV1kZtBzNEeu,1,0.34708,2
716,1709,BV1XV4y1G7Cx,1,BV1Wb4y1g787,1,0.35608,4
716,2116,BV1XV4y1G7Cx,1,BV1xf421m7Ni,1,0.38698,1
716,4691,BV1XV4y1G7Cx,1,BV1C9YGz6EwJ,1,0.38275,2
716,5617,BV1XV4y1G7Cx,1,BV165FPzbEX9,1,0.36012,3
717,1064,BV1ud4y1C7sP,1,BV18VWaeoE3x,1,0.40377,3
717,1389,BV1ud4y1C7sP,1,BV1q5411q7uY,1,0.49911,1
717,3521,BV1ud4y1C7sP,1,BV1VKMnzEEHT,1,0.36062,4
717,3944,BV1ud4y1C7sP,1,BV11mZLYuEE1,1,0.42755,2
718,1166,BV1ce4y1v7vv,1,BV1JK42117R5,1,0.56609,2
718,1827,BV1ce4y1v7vv,1,BV1WG41127mP,1,0.55682,2
718,1968,BV1ce4y1v7vv,1,BV1bp4y1K7EU,1,0.52803,4
718,2451,BV1ce4y1v7vv,1,BV1j9ycB3ENV,1,0.63144,1
718,2558,BV1ce4y1v7vv,1,BV1KErrYTExB,1,0.59621,3
718,2991,BV1ce4y1v7vv,1,BV1cZSnYbEd5,1,0.54385,3
718,3113,BV1ce4y1v7vv,1,BV1Hk2NYkEBi,1,0.55953,4
718,3275,BV1ce4y1v7vv,1,BV1x8t4eLEEJ,1,0.58921,4
718,3643,BV1ce4y1v7vv,1,BV1FzJ6zmE3A,1,0.47623,4
718,4033,BV1ce4y1v7vv,1,BV1hiRbYVET7,1,0.5405,3
718,4047,BV1ce4y1v7vv,1,BV12dXRYBErN,1,0.45512,1
718,4099,BV1ce4y1v7vv,1,BV1MHASeXERV,1,0.5141,3
718,4474,BV1ce4y1v7vv,1,BV1csHGz3E7C,1,0.61855,2
718,4692,BV1ce4y1v7vv,1,BV1hueKzgEmY,1,0.5113,2
718,5552,BV1ce4y1v7vv,1,BV1cEZjBtEqF,1,0.58924,4
719,1030,BV1de4y1v7EW,1,BV1P3s7zKEXJ,1,0.39016,3
719,2561,BV1de4y1v7EW,1,BV1AN6oYMELu,1,0.43934,1
719,3114,BV1de4y1v7EW,1,BV1rz2WY4ENZ,1,0.41175,2
719,5185,BV1de4y1v7EW,1,BV1f7gszVEo8,1,0.40643,3
720,3341,BV1ed4y1F76n,1,BV1FGHDeWEjC,1,0.43647,2
720,3727,BV1ed4y1F76n,1,BV1uz5MzfExY,1,0.43599,3
720,4305,BV1ed4y1F76n,1,BV1UPF8eQEGn,1,0.49459,1
720,4340,BV1ed4y1F76n,1,BV1dAFPe4EgG,1,0.42352,4
720,4672,BV1ed4y1F76n,1,BV1m9e1zkEKz,1,0.38726,3
721,1342,BV1kK411U7ZJ,1,BV1hK411Y7pP,1,0.44988,3
721,1679,BV1kK411U7ZJ,1,BV1RN4y127rt,1,0.49179,1
721,1908,BV1kK411U7ZJ,1,BV1fb411P7W4,1,0.4205,3
721,2694,BV1kK411U7ZJ,1,BV164qZYcEvK,1,0.48703,2
721,3583,BV1kK411U7ZJ,1,BV1hq7mz5Eg3,1,0.42046,4
721,3972,BV1kK411U7ZJ,1,BV1iZXyY4EFT,1,0.46169,3
721,4305,BV1kK411U7ZJ,1,BV1UPF8eQEGn,1,0.47973,3
722,784,BV18K411S7mJ,1,BV1kD4y1q7Ut,1,0.61506,1
722,1441,BV18K411S7mJ,1,BV1Uw411u74C,1,0.5782,2
722,1514,BV18K411S7mJ,1,BV11c411m7eR,1,0.57084,4
722,1791,BV18K411S7mJ,1,BV1zw411q7QA,1,0.65508,1
722,1829,BV18K411S7mJ,1,BV1iw411c7Gn,1,0.71809,4
722,2368,BV18K411S7mJ,1,BV1jj421X7rr,1,0.60995,4
722,2487,BV18K411S7mJ,1,BV1iDkrBmEYj,1,0.62992,1
722,2530,BV18K411S7mJ,1,BV1RKc2eEEvm,1,0.65768,4
722,2754,BV18K411S7mJ,1,BV1YJ6FYhEDc,1,0.51951,1
722,2975,BV18K411S7mJ,1,BV1muDMYiEYV,1,0.70499,4
722,3002,BV18K411S7mJ,1,BV16XSDYVEzW,1,0.51307,3
722,3995,BV18K411S7mJ,1,BV1oXQmYYEsp,1,0.56281,3
722,4025,BV18K411S7mJ,1,BV17yR8YoE6D,1,0.72447,1
722,4154,BV18K411S7mJ,1,BV1asAkeqEX7,1,0.6431,1
722,5134,BV18K411S7mJ,1,BV1NX8EzREuk,1,0.76343,1
722,5599,BV18K411S7mJ,1,BV1AokgBVEDi,1,0.72713,2
722,5780,BV18K411S7mJ,1,BV1VnmcByE4F,1,0.51775,3
723,829,BV1RP4y1m7oa,1,BV12W4y1a7JZ,1,0.45054,2
723,1451,BV1RP4y1m7oa,1,BV1vC4y1K74G,1,0.43868,3
723,1968,BV1RP4y1m7oa,1,BV1bp4y1K7EU,1,0.42965,4
723,2779,BV1RP4y1m7oa,1,BV1DbqLYfENW,1,0.45283,1
724,798,BV1tm4y1w7LE,1,BV1cT41177EK,1,0.44276,1
724,1407,BV1tm4y1w7LE,1,BV1Ta4y1z72p,1,0.42534,4
724,2081,BV1tm4y1w7LE,1,BV1Rr421j7Yh,1,0.48385,1
724,2273,BV1tm4y1w7LE,1,BV1Cu4m1M7zA,1,0.40706,4
724,3492,BV1tm4y1w7LE,1,BV1njM2zqEde,1,0.43511,1
724,3928,BV1tm4y1w7LE,1,BV1v3ZrYfEug,1,0.37191,4
724,4091,BV1tm4y1w7LE,1,BV1VV9AYgESB,1,0.35088,3
724,5601,BV1tm4y1w7LE,1,BV1AvFTzkEZz,1,0.37212,4
725,1273,BV13t4y1u7St,1,BV1fN4y1v7Es,1,0.34894,3
725,2507,BV13t4y1u7St,1,BV1w7cfe8E24,1,0.34401,4
725,2554,BV13t4y1u7St,1,BV1gzrWYfEQv,1,0.39453,2
725,2673,BV13t4y1u7St,1,BV14EkBYYEyX,1,0.40719,1
726,2322,BV1yY411f7CY,1,BV1yZ42187YJ,1,0.58237,2
726,2538,BV1yY411f7CY,1,BV16vcyeDEC7,1,0.58572,1
726,3855,BV1yY411f7CY,1,BV13xo5YrEGg,2,0.58683,2
726,4305,BV1yY411f7CY,1,BV1UPF8eQEGn,1,0.50514,3
726,5002,BV1yY411f7CY,1,BV1Wib3zbEp5,1,0.45187,3
726,5770,BV1yY411f7CY,1,BV1gqmNBJESB,1,0.45971,4
727,753,BV1vd4y117fG,1,BV1RP4y127Wa,1,0.46621,1
727,1083,BV1vd4y117fG,1,BV1Ep421y7sK,1,0.45282,3
727,3520,BV1vd4y117fG,1,BV1ZbMEz9Eoj,1,0.42776,4
727,3564,BV1vd4y117fG,1,BV1my7KztELH,1,0.44603,4
727,4991,BV1vd4y117fG,1,BV1AYt2zsEBe,1,0.54136,1
728,827,BV1vG411w7qg,1,BV1ra411d7xU,1,0.4497,1
728,1648,BV1vG411w7qg,1,BV15u4y1V7m8,1,0.44522,3
728,2948,BV1vG411w7qg,1,BV1zWD6YjEpz,1,0.45064,1
728,3493,BV1vG411w7qg,1,BV1hBM2zpEsr,1,0.43398,3
728,5595,BV1vG411w7qg,1,BV1kzFnzjEdf,1,0.37769,4
729,736,BV16R4y1Q7XW,1,BV1Kt4y1F7i2,1,0.45103,4
729,3112,BV16R4y1Q7XW,1,BV1CD23YhEbv,1,0.32687,4
729,4019,BV16R4y1Q7XW,1,BV1ckReYyEXy,1,0.47793,1
729,4888,BV16R4y1Q7XW,1,BV14kYyzMEo4,1,0.45778,3
729,5196,BV16R4y1Q7XW,1,BV1r38AzqE79,1,0.46178,2
729,5283,BV16R4y1Q7XW,1,BV11m3yzEEDX,1,0.40142,4
730,1617,BV1hg411e7H6,1,BV1gg4y1Z7ek,2,0.49864,3
730,3539,BV1hg411e7H6,1,BV1CQT6zsE8P,1,0.49425,4
730,4084,BV1hg411e7H6,1,BV1GsPteNE4U,1,0.53906,1
730,4447,BV1hg411e7H6,1,BV1jR4czUE7E,1,0.38485,2
730,5104,BV1hg411e7H6,1,BV1t8hxz2EBW,1,0.47118,4
730,5194,BV1hg411e7H6,1,BV1yCgpzmEy2,1,0.46292,4
730,5360,BV1hg411e7H6,1,BV1kmZgBVEvv,1,0.66571,1
731,1664,BV1tg411B7ER,1,BV1fQ4y1s7fo,1,0.46488,1
731,1886,BV1tg411B7ER,1,BV1K8411i7CJ,1,0.39629,3
731,2027,BV1tg411B7ER,1,BV1ei421h7av,1,0.47436,3
732,2494,BV1gG4y1H7eS,1,BV1K2wke8EKg,1,0.43342,1
732,2712,BV1gG4y1H7eS,1,BV1o7BGYYEjN,1,0.36708,3
732,4032,BV1gG4y1H7eS,1,BV1PaRaYCEGC,1,0.36063,4
733,1039,BV1X8411a7on,1,BV1eNs5zkE7p,1,0.34011,4
733,2422,BV1X8411a7on,1,BV1NH4y1a7dz,1,0.3597,2
733,3090,BV1X8411a7on,1,BV1rLycYoEdJ,1,0.42586,1
733,3897,BV1X8411a7on,1,BV1thQBYoEKe,1,0.34165,3
734,736,BV12g411i7es,1,BV1Kt4y1F7i2,1,0.48935,3
734,2141,BV12g411i7es,1,BV1pT421C75w,1,0.44146,4
734,2345,BV12g411i7es,1,BV1kA4m1G762,1,0.5235,2
734,4439,BV12g411i7es,1,BV1ddH3zFEu2,1,0.52368,1
734,5486,BV12g411i7es,1,BV1aPZuB9EUB,1,0.48137,4
735,1284,BV1Lm4y1P7xe,1,BV1kQ4y1j7sy,1,0.4146,3
735,2262,BV1Lm4y1P7xe,1,BV1gr421W7Hz,1,0.44246,1
735,3213,BV1Lm4y1P7xe,1,BV1SvpweTE3Q,1,0.41354,4
735,3910,BV1Lm4y1P7xe,1,BV1GsZpYuEoK,1,0.43564,2
736,1900,BV1Kt4y1F7i2,1,BV1p54y1Y7MB,1,0.5528,2
736,2281,BV1Kt4y1F7i2,1,BV1Ux421r7Cq,1,0.51638,3
736,2552,BV1Kt4y1F7i2,1,BV1ozrrYQEPU,1,0.6122,1
736,2761,BV1Kt4y1F7i2,1,BV1GJqsYoEQS,1,0.44821,1
736,2873,BV1Kt4y1F7i2,1,BV1w4UnYdEJS,1,0.5448,2
736,3177,BV1Kt4y1F7i2,1,BV1eC4AesE3T,1,0.45639,3
736,3690,BV1Kt4y1F7i2,1,BV1NYEszkEF5,1,0.50232,1
736,4656,BV1Kt4y1F7i2,1,BV1xxa8zfEqc,1,0.4166,3
737,2869,BV1kG4y1h7tn,1,BV1WFBkYtE4x,1,0.39288,3
737,3779,BV1kG4y1h7tn,1,BV18VGmzAExL,1,0.44477,2
737,4418,BV1kG4y1h7tn,1,BV1WN4qzfExU,1,0.51316,1
737,5187,BV1kG4y1h7tn,1,BV1Hn8uzREUH,1,0.42126,3
737,5705,BV1kG4y1h7tn,1,BV1QUBYBGEN8,1,0.37791,3
738,2146,BV1J84y1q7zT,1,BV1CT421S7qR,1,0.47818,1
738,5210,BV1J84y1q7zT,1,BV1vtgizKEvq,1,0.39216,4
738,5419,BV1J84y1q7zT,1,BV1iLfNB9EeR,1,0.4294,2
739,897,BV1iD4y1C7VQ,1,BV1fY411M7aG,1,0.47925,1
739,1127,BV1iD4y1C7VQ,1,BV1jU421o7P4,1,0.36185,3
739,1227,BV1iD4y1C7VQ,1,BV1SV411S7qG,1,0.51204,2
739,1245,BV1iD4y1C7VQ,1,BV1o3411p7ct,1,0.48092,1
739,2308,BV1iD4y1C7VQ,1,BV1UH4y157gD,1,0.50556,3
739,2799,BV1iD4y1C7VQ,1,BV1sczDYXEWU,1,0.40554,2
739,3243,BV1iD4y1C7VQ,1,BV1sEtCeZEWV,1,0.39145,4
739,3778,BV1iD4y1C7VQ,1,BV14tGQzuExS,1,0.5959,1
739,5277,BV1iD4y1C7VQ,1,BV1m3Gpz4Eey,1,0.34452,3
740,883,BV1yd4y1c76s,1,BV1N94y1Q7kS,1,0.50716,1
740,1003,BV1yd4y1c76s,1,BV1xjsdzjEPa,1,0.4513,2
740,1070,BV1yd4y1c76s,1,BV1agsLeUEch,1,0.38592,1
740,2515,BV1yd4y1c76s,1,BV1GVwnekEdE,1,0.44593,3
740,4792,BV1yd4y1c76s,1,BV1SchizjEZi,1,0.42572,1
741,1116,BV1Wv4y1U7x9,1,BV1mA4m1V7mG,1,0.43336,3
741,2352,BV1Wv4y1U7x9,1,BV1cj421S7eB,1,0.38495,3
741,2385,BV1Wv4y1U7x9,1,BV1sF4m1M7aV,1,0.48239,4
741,2593,BV1Wv4y1U7x9,1,BV1S46RY5EAN,1,0.51581,2
741,3035,BV1Wv4y1U7x9,1,BV17myoYVEnL,1,0.45564,2
741,3485,BV1Wv4y1U7x9,1,BV1rFNbzCE6D,1,0.55338,1
741,3525,BV1Wv4y1U7x9,1,BV1GdTTzCEdZ,1,0.42463,4
741,4092,BV1Wv4y1U7x9,1,BV1VG9cYAEMJ,1,0.50152,2
741,4406,BV1Wv4y1U7x9,1,BV1cTWzzsERa,1,0.41223,2
741,4750,BV1Wv4y1U7x9,1,BV1eehiz9EaX,1,0.435,2
741,5512,BV1Wv4y1U7x9,1,BV1RGZQBEEtf,1,0.46115,3
741,5570,BV1Wv4y1U7x9,1,BV1B7cgzyEEk,1,0.41374,1
742,3572,BV1tG411j7Nj,1,BV1SB7BzQE3t,1,0.40009,2
742,4019,BV1tG411j7Nj,1,BV1ckReYyEXy,1,0.39162,3
742,4549,BV1tG411j7Nj,1,BV1adncz4EJ8,1,0.40598,1
742,5615,BV1tG411j7Nj,1,BV1Ty6tBtEDe,1,0.39155,4
743,930,BV1Te4y1E7Dv,1,BV1Ju411C7ry,1,0.39829,4
743,1755,BV1Te4y1E7Dv,1,BV1HG41117jH,1,0.43038,2
743,2290,BV1Te4y1E7Dv,1,BV1YS421P7Dp,1,0.41219,1
743,2964,BV1Te4y1E7Dv,1,BV1D8DRYBEC2,1,0.44152,2
743,5010,BV1Te4y1E7Dv,1,BV1bytSzCEzA,1,0.43757,3
743,5662,BV1Te4y1E7Dv,1,BV1sHrMBvE2g,1,0.42186,1
744,1816,BV1M84y1B7eq,1,BV1o34y1g7Nv,1,0.4808,3
744,3563,BV1M84y1B7eq,1,BV1jTjgzjEce,1,0.37627,1
744,5412,BV1M84y1B7eq,1,BV1FUfqBHEd8,1,0.46743,4
745,913,BV1od4y1c7Se,1,BV1RZ4y147nc,1,0.46042,2
745,1840,BV1od4y1c7Se,1,BV1dA411y7ML,1,0.39895,3
745,1912,BV1od4y1c7Se,1,BV1dj411k7nz,1,0.41807,1
745,2076,BV1od4y1c7Se,1,BV1Vz421Y7or,1,0.42703,3
745,4000,BV1od4y1c7Se,1,BV12KQyYMEXm,1,0.50183,1
745,4048,BV1od4y1c7Se,1,BV1RT9yYsE1E,1,0.36221,1
745,4973,BV1od4y1c7Se,1,BV1bQt9zsEqA,1,0.42652,4
745,5120,BV1od4y1c7Se,1,BV1tZh7zxEF1,1,0.33456,4
746,1846,BV1rW4y147uR,1,BV1Ja4y1g7WK,1,0.42237,2
746,2002,BV1rW4y147uR,1,BV1Pmvxe8Ejs,1,0.40929,1
746,2760,BV1rW4y147uR,1,BV1yVqHYPE4P,1,0.40607,4
746,4156,BV1rW4y147uR,1,BV1asAkeqEm5,1,0.42591,1
747,1264,BV1Uv4y1S7za,1,BV1KK4y1q7MJ,1,0.51577,4
747,1547,BV1Uv4y1S7za,1,BV12G411r794,1,0.42624,2
747,1748,BV1Uv4y1S7za,1,BV1ZN4y1S75M,1,0.58954,1
747,1920,BV1Uv4y1S7za,1,BV1aF411U7fA,1,0.55154,2
747,4674,BV1Uv4y1S7za,1,BV1RbY5zvE28,1,0.52952,3
748,958,BV1Pe4y1t7ux,1,BV1VS4y1e7No,1,0.50099,1
748,1045,BV1Pe4y1t7ux,1,BV1WTxgzUEYn,1,0.41912,4
748,5747,BV1Pe4y1t7ux,1,BV1vXiPBFEkR,1,0.46979,2
749,757,BV1gR4y197i4,1,BV1vd4y1m7tj,1,0.44511,3
749,1566,BV1gR4y197i4,1,BV1Qp4y1o7hp,1,0.44574,2
749,2193,BV1gR4y197i4,1,BV14p421X7tx,1,0.47036,1
750,1720,BV1NN4y1w7i5,1,BV1je411Q7B9,1,0.52636,3
750,2101,BV1NN4y1w7i5,1,BV1Ei421k7XD,1,0.49244,3
750,2256,BV1NN4y1w7i5,1,BV1vt421t7V5,1,0.59045,1
750,2278,BV1NN4y1w7i5,1,BV1BZ421y7hb,1,0.47218,4
750,3770,BV1NN4y1w7i5,1,BV1K55WzwEpF,1,0.53975,2
750,5296,BV1NN4y1w7i5,1,BV1BNKcz8EsH,1,0.49546,2
750,5812,BV1NN4y1w7i5,1,BV1JJmzBfEUY,1,0.52158,4
751,1660,BV1oW4y1J7tG,1,BV1LC4y1c7WN,1,0.46072,3
751,1852,BV1oW4y1J7tG,1,BV1Xh4y167Hb,1,0.52225,3
751,1945,BV1oW4y1J7tG,1,BV1iN4y197eh,1,0.51871,3
751,2794,BV1oW4y1J7tG,1,BV185iYYuE6B,1,0.53725,1
751,2870,BV1oW4y1J7tG,1,BV1UgBCYzE4T,1,0.55907,1
751,3465,BV1oW4y1J7tG,1,BV1erN1zSEvL,1,0.39409,3
751,3725,BV1oW4y1J7tG,1,BV17gVxzUEKD,1,0.4642,4
751,3903,BV1oW4y1J7tG,1,BV11rRSY8Emu,1,0.47767,3
751,3989,BV1oW4y1J7tG,1,BV1ijQBYTENs,1,0.50644,4
751,4251,BV1oW4y1J7tG,1,BV1YZFkePEjA,1,0.44096,3
751,4556,BV1oW4y1J7tG,1,BV1B9n8znEFR,1,0.38337,2
751,5017,BV1oW4y1J7tG,1,BV1zQbPzNECW,1,0.51072,3
752,850,BV1Ed4y1w7eN,1,BV1ed4y1o7Gg,1,0.47026,1
752,876,BV1Ed4y1w7eN,1,BV1g34y1J7CT,1,0.45659,2
752,1019,BV1Ed4y1w7eN,1,BV1DPH5zaESH,1,0.44846,4
752,1461,BV1Ed4y1w7eN,1,BV1jg4y1r7qa,1,0.44898,3
753,2471,BV1RP4y127Wa,1,BV1C5C5BHEdZ,1,0.44181,3
754,1875,BV1ee4y1e7uk,1,BV1tu4y147HL,1,0.34446,3
754,1885,BV1ee4y1e7uk,1,BV1Nw411Y7BL,1,0.49283,4
754,3829,BV1ee4y1e7uk,1,BV1d6Z2Y5Eye,1,0.49953,3
754,4342,BV1ee4y1e7uk,1,BV15gfoYzEpr,1,0.4544,2
754,5091,BV1ee4y1e7uk,1,BV1cxtMz1E6Z,1,0.45429,4
754,5225,BV1ee4y1e7uk,1,BV1FTuUzLED8,1,0.50352,2
755,2321,BV1VG411P7iY,1,BV1Dm411Z7TG,1,0.37381,3
755,2465,BV1VG411P7iY,1,BV1sNCGBSE4z,1,0.37302,4
755,4603,BV1VG411P7iY,1,BV1cNWjztEWb,1,0.41327,1
755,5109,BV1VG411P7iY,1,BV1JVhuzWEer,1,0.39163,2
756,2156,BV1id4y1C7rp,1,BV1oJ4m1H7aV,1,0.40797,1
756,2347,BV1id4y1C7rp,1,BV1VH4y1J7AR,1,0.37679,2
756,2612,BV1id4y1C7rp,1,BV1xd6hYMENF,3,0.39469,2
757,1671,BV1vd4y1m7tj,1,BV17c411r7sm,1,0.51261,2
757,1720,BV1vd4y1m7tj,1,BV1je411Q7B9,1,0.55683,2
757,3770,BV1vd4y1m7tj,1,BV1K55WzwEpF,1,0.49746,4
757,4524,BV1vd4y1m7tj,1,BV1xDnizmEu9,1,0.47399,3
757,4854,BV1vd4y1m7tj,1,BV12tehzPEP8,1,0.47116,1
757,5812,BV1vd4y1m7tj,1,BV1JJmzBfEUY,1,0.60352,1
758,1457,BV1nd4y1r7GB,1,BV1bT4y1W7Lb,1,0.5177,3
758,1528,BV1nd4y1r7GB,1,BV1R94y1c7XH,1,0.39801,3
758,2669,BV1nd4y1r7GB,1,BV1jykKYxE8C,1,0.4642,3
758,3155,BV1nd4y1r7GB,1,BV1BkxZeDEMJ,1,0.51404,3
758,3969,BV1nd4y1r7GB,1,BV1fRXxY1EkH,1,0.51987,2
759,1774,BV1c14y1j74J,1,BV19a4y1X7Da,1,0.30077,3
759,2341,BV1c14y1j74J,1,BV1pH4y1a7uP,1,0.41756,3
759,2439,BV1c14y1j74J,1,BV1vzU7B8EXP,1,0.43068,1
759,3049,BV1c14y1j74J,1,BV1E122YQEaq,1,0.40917,1
759,5619,BV1c14y1j74J,1,BV1wHrSB2Eia,1,0.42498,2
760,787,BV11V4y1g7Z9,1,BV12V4y1H7zH,1,0.50263,1
760,827,BV11V4y1g7Z9,1,BV1ra411d7xU,1,0.4399,2
760,1960,BV11V4y1g7Z9,1,BV1534y1T7vH,1,0.46596,4
760,2150,BV11V4y1g7Z9,1,BV1Db411u77w,1,0.4034,4
760,2845,BV11V4y1g7Z9,1,BV1aNBRYkEuq,1,0.51261,2
760,3496,BV11V4y1g7Z9,1,BV1oj7eznEjc,1,0.438,1
760,3900,BV11V4y1g7Z9,1,BV1ztZ9YiErB,1,0.43962,1
760,5191,BV11V4y1g7Z9,1,BV1H5gLzsEJq,1,0.36634,3
760,5347,BV11V4y1g7Z9,1,BV1jgfqB7Eyx,1,0.43194,4
761,807,BV1je4y1E7Fy,1,BV1Kd4y1o7nB,1,0.39488,2
761,1377,BV1je4y1E7Fy,1,BV1Vi4y1i7mW,1,0.56893,4
761,1666,BV1je4y1E7Fy,1,BV1cw411n7tr,1,0.5272,2
761,1921,BV1je4y1E7Fy,1,BV1Z7411376g,1,0.60172,1
761,2818,BV1je4y1E7Fy,1,BV1nezHYqERH,1,0.55704,3
761,3186,BV1je4y1E7Fy,1,BV1B6xveXEq7,1,0.73491,1
761,4002,BV1je4y1E7Fy,1,BV162RVYnEsJ,1,0.66341,2
761,5618,BV1je4y1E7Fy,1,BV12ck4BREJK,1,0.48596,2
762,1621,BV15e4y1t72w,1,BV12e411o7BH,1,0.46872,1
762,1651,BV15e4y1t72w,1,BV1Fu4y1A7wp,1,0.43611,2
762,4301,BV15e4y1t72w,1,BV1NtfnYHEFx,1,0.42895,3
762,5341,BV15e4y1t72w,1,BV1TAcczPEL6,1,0.37716,2
763,1581,BV1Fm4y1A77h,1,BV16a4y1z7rn,1,0.45541,1
763,4998,BV1Fm4y1A77h,1,BV1ftb5zhEmp,1,0.44249,3
763,5484,BV1Fm4y1A77h,1,BV1FAZKBZEtk,1,0.42776,4
763,5698,BV1Fm4y1A77h,1,BV1MamYB4Etp,1,0.45107,2
764,2926,BV1NT411N7kr,1,BV1GBUNYAE2v,1,0.40717,2
764,3903,BV1NT411N7kr,1,BV11rRSY8Emu,1,0.41693,1
764,4286,BV1NT411N7kr,1,BV1G1FVeSE17,1,0.41666,2
765,4464,BV1ce411V72F,1,BV1FGxJzTEBr,1,0.45418,1
765,5036,BV1ce411V72F,1,BV1C7tSzwETJ,1,0.45098,2
765,5594,BV1ce411V72F,1,BV1wHFhzzE5K,1,0.3615,4
765,5759,BV1ce411V72F,1,BV1s322BsEXg,1,0.38701,2
766,1167,BV11D4y1b7aD,1,BV1UK421y7Li,1,0.41611,3
766,1421,BV11D4y1b7aD,1,BV1HN4y1q7n5,1,0.50407,2
766,2480,BV11D4y1b7aD,1,BV1mhCQBNE5m,1,0.50473,1
766,4232,BV11D4y1b7aD,1,BV1g3NxeFEvG,1,0.49628,3
766,4381,BV11D4y1b7aD,1,BV1RjC7B2Eu6,1,0.49002,4
766,5578,BV11D4y1b7aD,1,BV14zgazGETV,1,0.4781,2
767,1201,BV1a84y1i72t,1,BV16a4y187vH,1,0.54836,1
767,1850,BV1a84y1i72t,1,BV1Zw411a71V,1,0.49247,2
767,2062,BV1a84y1i72t,1,BV12f421X73R,1,0.55263,1
767,3160,BV1a84y1i72t,1,BV1v2xye6ESU,1,0.432,2
767,3546,BV1a84y1i72t,1,BV1JV7fz8EdG,1,0.5315,3
767,4674,BV1a84y1i72t,1,BV1RbY5zvE28,1,0.52755,4
768,788,BV1TB4y1j72p,1,BV1JP411G76s,1,0.43856,4
768,789,BV1TB4y1j72p,1,BV1oG4y1674W,1,0.57079,1
768,873,BV1TB4y1j72p,1,BV1Pr4y177dT,1,0.34495,4
768,2084,BV1TB4y1j72p,1,BV1NHKkeCEz3,1,0.58166,2
768,2685,BV1TB4y1j72p,1,BV1kCkcYDEwa,1,0.5741,3
768,3051,BV1TB4y1j72p,1,BV1etyhYcEGG,1,0.50711,4
768,3228,BV1TB4y1j72p,1,BV1sasQegEw4,1,0.55297,1
768,3371,BV1TB4y1j72p,1,BV1TsnfeWE3Z,1,0.56273,2
768,3564,BV1TB4y1j72p,1,BV1my7KztELH,1,0.60835,1
768,4141,BV1TB4y1j72p,1,BV1DQApe7ESa,1,0.57591,3
768,4594,BV1TB4y1j72p,1,BV1ycpdzzEYS,1,0.56145,4
768,4991,BV1TB4y1j72p,1,BV1AYt2zsEBe,1,0.60136,2
768,5640,BV1TB4y1j72p,1,BV1bfBZBkEQ8,1,0.43659,2
769,1613,BV1MN4y1N7TW,1,BV1Ug4y1Z7MR,1,0.38158,1
769,3458,BV1MN4y1N7TW,1,BV1ULKJzvEu2,1,0.35153,4
769,4680,BV1MN4y1N7TW,1,BV1NXa9zbETB,1,0.353,3
769,5090,BV1MN4y1N7TW,1,BV1dttPzoEgb,1,0.35549,2
770,2205,BV1nd4y127ge,1,BV1Sm421W74R,1,0.45004,3
770,3634,BV1nd4y127ge,1,BV1CejHz4EjH,1,0.38955,1
770,4940,BV1nd4y127ge,1,BV1pV8qzPEzG,1,0.43752,2
770,5649,BV1nd4y127ge,1,BV1RczjBPE4W,1,0.51183,1
771,1046,BV1xD4y1C7fd,1,BV1U5sGzZEVa,1,0.5508,4
771,2525,BV1xD4y1C7fd,1,BV1Dn6EYkEm3,1,0.57054,2
771,3261,BV1xD4y1C7fd,1,BV1vH44eoEyR,1,0.49132,2
771,3775,BV1xD4y1C7fd,1,BV1gXLpzgEin,1,0.40109,3
771,4098,BV1xD4y1C7fd,1,BV11LKTeqEjN,1,0.49004,4
771,5067,BV1xD4y1C7fd,1,BV18ztmzuEdK,1,0.68446,1
772,1199,BV118411Y7R3,1,BV1vm41197mE,1,0.35464,2
772,1796,BV118411Y7R3,1,BV1nw411w7BL,1,0.41682,1
772,2668,BV118411Y7R3,1,BV1cGieY8EYK,1,0.35415,3
772,5814,BV118411Y7R3,1,BV1snqLByEZq,1,0.34903,4
773,833,BV1m14y1j75y,1,BV1uF411P73o,1,0.42065,4
773,2058,BV1m14y1j75y,1,BV1LJ4m1u7jN,1,0.42409,3
774,802,BV14d4y117FV,1,BV1Ud4y1w7x5,1,0.6291,1
774,935,BV14d4y117FV,1,BV1i34y117b5,1,0.60752,4
774,1940,BV14d4y117FV,1,BV1Kp4y1j7By,1,0.59738,1
774,2722,BV14d4y117FV,1,BV1Vsq4YwEPa,1,0.5975,2
774,3119,BV14d4y117FV,1,BV1uw2wYVECQ,1,0.65083,1
774,4312,BV14d4y117FV,1,BV1oeFsedEBe,1,0.55347,3
774,4808,BV14d4y117FV,1,BV1GQh9zKEm1,1,0.5284,3
774,5784,BV14d4y117FV,1,BV1c1BTBJENn,1,0.4915,3
774,5834,BV14d4y117FV,1,BV1XzScBEEqU,1,0.52424,4
775,1325,BV1kK411Q7CJ,1,BV1Q5411C73X,1,0.52054,4
775,1481,BV1kK411Q7CJ,1,BV1JQ4y1E7tB,1,0.50378,3
775,2699,BV1kK411Q7CJ,1,BV13uqjYaE42,1,0.47936,4
775,2794,BV1kK411Q7CJ,1,BV185iYYuE6B,1,0.46666,4
775,2866,BV1kK411Q7CJ,1,BV1dwSKYzEmz,1,0.45587,1
775,3876,BV1kK411Q7CJ,1,BV1bjZ5YrEnp,1,0.4846,2
775,4019,BV1kK411Q7CJ,1,BV1ckReYyEXy,1,0.54899,3
775,4742,BV1kK411Q7CJ,1,BV1QSaAztEwP,1,0.48574,4
775,5126,BV1kK411Q7CJ,1,BV1uu411i7D2,1,0.55168,2
775,5222,BV1kK411Q7CJ,1,BV18Ju9zrEhm,1,0.58793,1
776,1246,BV1i14y177Eb,1,BV1ze411J7QD,1,0.36698,3
776,1967,BV1i14y177Eb,1,BV1h34y1T7sr,1,0.38986,3
776,1969,BV1i14y177Eb,1,BV1AN411q7eW,1,0.45665,2
776,2085,BV1i14y177Eb,1,BV1oH4y1V7gT,1,0.44994,3
776,3551,BV1i14y177Eb,1,BV137JbzAEKb,1,0.41046,3
776,3960,BV1i14y177Eb,1,BV19gohYdEN5,1,0.44754,4
776,4497,BV1i14y177Eb,1,BV1QNHxzhEJt,1,0.51557,1
777,1303,BV1yD4y117jU,1,BV1u64y1n71N,1,0.49733,1
777,3578,BV1yD4y117jU,1,BV1smEdzYEzo,1,0.43683,4
777,3593,BV1yD4y117jU,1,BV1Kq7pzME9F,1,0.43857,3
777,4201,BV1yD4y117jU,1,BV1J7KGerESK,1,0.39524,2
777,5802,BV1yD4y117jU,1,BV12c2JBjEjM,2,0.46485,2
778,1166,BV1Be411j7S2,1,BV1JK42117R5,1,0.45001,4
778,2234,BV1Be411j7S2,1,BV1nu4m137W2,1,0.41133,2
778,2301,BV1Be411j7S2,1,BV1vi421o7A3,1,0.45199,2
778,2338,BV1Be411j7S2,1,BV1BJ4m1Y7vT,1,0.42425,3
778,2446,BV1Be411j7S2,1,BV1LbC2BwE1E,1,0.47439,1
778,4324,BV1Be411j7S2,1,BV1FScEejEsV,1,0.36831,3
778,4957,BV1Be411j7S2,1,BV1ZAtZzCEs5,1,0.37619,2
779,3099,BV1PY4y1b7kW,1,BV1QT2bY9EN8,1,0.38428,2
779,4682,BV1PY4y1b7kW,1,BV1mvaozqEWV,1,0.42875,1
780,1133,BV1VG4y1W7H8,1,BV1zC411z72w,1,0.37567,2
780,2550,BV1VG4y1W7H8,1,BV1VorBYCEQJ,1,0.35925,4
780,3326,BV1VG4y1W7H8,1,BV1ToHSeeEtH,1,0.36143,3
781,899,BV1DS4y1A7a4,1,BV1f44y1J7mh,1,0.57971,1
781,2617,BV1DS4y1A7a4,1,BV1hUChYXExG,1,0.37366,3
781,2929,BV1DS4y1A7a4,1,BV1dMmaYCEfz,1,0.45958,4
781,4755,BV1DS4y1A7a4,1,BV15JaVzfEHC,1,0.46224,3
782,925,BV18G411x7YE,1,BV13T4y1q7b2,1,0.64274,1
782,1273,BV18G411x7YE,1,BV1fN4y1v7Es,1,0.56806,2
782,1548,BV18G411x7YE,1,BV1Vu4y1K75E,1,0.51155,3
782,1799,BV18G411x7YE,1,BV1e84y1R7NR,1,0.44172,3
782,2009,BV18G411x7YE,1,BV1LRvkefE2A,1,0.5464,4
782,2211,BV18G411x7YE,1,BV1xH4y1K73F,1,0.45436,4
782,3141,BV18G411x7YE,1,BV1KE1eYZEhQ,1,0.5922,4
782,3754,BV18G411x7YE,1,BV1uooKYEEYN,1,0.50103,3
782,4099,BV18G411x7YE,1,BV1MHASeXERV,1,0.51364,4
782,4165,BV18G411x7YE,1,BV13xAheMEN9,1,0.49882,3
782,4561,BV18G411x7YE,1,BV1cVnezNEnF,1,0.61153,2
782,4749,BV18G411x7YE,1,BV1kaajz7EkA,1,0.59666,3
782,5179,BV18G411x7YE,1,BV1j9bmzXExr,1,0.55372,4
782,5364,BV18G411x7YE,1,BV1MfBWByEj8,1,0.47357,4
783,1852,BV1JV4y1g7Vy,1,BV1Xh4y167Hb,1,0.61787,2
783,2099,BV1JV4y1g7Vy,1,BV1Vi421Q7L9,1,0.57733,1
783,2299,BV1JV4y1g7Vy,1,BV1dK421x7eN,1,0.40856,3
783,2929,BV1JV4y1g7Vy,1,BV1dMmaYCEfz,1,0.55227,3
783,3725,BV1JV4y1g7Vy,1,BV17gVxzUEKD,1,0.49022,2
783,3989,BV1JV4y1g7Vy,1,BV1ijQBYTENs,1,0.56215,2
783,4217,BV1JV4y1g7Vy,1,BV1h8Noe7ERt,1,0.63154,1
784,1832,BV1kD4y1q7Ut,1,BV1u34y1g7tt,1,0.55768,4
784,2975,BV1kD4y1q7Ut,1,BV1muDMYiEYV,1,0.61505,2
784,3052,BV1kD4y1q7Ut,1,BV1M2yGYKEYN,1,0.59729,3
784,5599,BV1kD4y1q7Ut,1,BV1AokgBVEDi,1,0.59058,4
785,964,BV1Be411M75U,1,BV1oi4y1S765,1,0.41703,3
785,1569,BV1Be411M75U,1,BV17G411Y7oX,1,0.51308,4
785,3633,BV1Be411M75U,1,BV1MEjMzcEmx,1,0.58055,1
785,4658,BV1Be411M75U,1,BV1JHH9zWEUC,1,0.52466,3
785,5117,BV1Be411M75U,1,BV1b8htzsEAh,1,0.4736,2
785,5586,BV1Be411M75U,1,BV1KTcczhE4y,1,0.48265,1
786,939,BV1ag411U7mw,1,BV1U5411R7kX,1,0.36617,4
786,992,BV1ag411U7mw,1,BV1uP4y1g7c3,1,0.39514,3
786,3073,BV1ag411U7mw,1,BV1RUyuYTE9C,1,0.3824,4
786,3266,BV1ag411U7mw,1,BV1p1tYebEDR,1,0.43181,2
786,3769,BV1ag411U7mw,1,BV1MsLmziEKk,1,0.44345,1
787,2948,BV12V4y1H7zH,1,BV1zWD6YjEpz,1,0.42804,3
787,3900,BV12V4y1H7zH,1,BV1ztZ9YiErB,1,0.39254,4
787,3954,BV12V4y1H7zH,1,BV1euZ5YjEup,1,0.40955,4
788,3937,BV1JP411G76s,1,BV1FcRuYiEMf,1,0.44016,3
788,5060,BV1JP411G76s,1,BV147bNz7E4X,1,0.40929,4
788,5845,BV1JP411G76s,1,BV14hm9BmESR,1,0.44512,1
789,1069,BV1oG4y1674W,1,BV1C8s7eCE8J,1,0.46531,3
789,1371,BV1oG4y1674W,1,BV13W4y1P7GJ,1,0.41938,4
789,1727,BV1oG4y1674W,1,BV1kC4y127AC,1,0.56226,2
789,1892,BV1oG4y1674W,1,BV1ow41127GW,1,0.54411,4
789,2022,BV1oG4y1674W,1,BV1tS421K76n,1,0.48915,4
789,2598,BV1oG4y1674W,1,BV12i6RYMENw,1,0.56097,1
789,2794,BV1oG4y1674W,1,BV185iYYuE6B,1,0.50263,2
789,3075,BV1oG4y1674W,1,BV1sGyGYbEZo,1,0.37357,3
789,3529,BV1oG4y1674W,1,BV1kfM5zmEK1,1,0.51536,1
789,3903,BV1oG4y1674W,1,BV11rRSY8Emu,1,0.47318,4
790,1797,BV1iB4y1g77j,1,BV1tN411W7Qj,1,0.53033,1
790,1946,BV1iB4y1g77j,1,BV14H4y1D7A1,1,0.43477,1
790,3071,BV1iB4y1g77j,1,BV1aYmKYaEeZ,1,0.46665,3
790,3495,BV1iB4y1g77j,1,BV1NFMgzkEpc,1,0.47825,4
790,4028,BV1iB4y1g77j,1,BV1v5RpYPEQF,1,0.37013,3
790,5082,BV1iB4y1g77j,1,BV1kPtuzUECf,1,0.51848,4
790,5541,BV1iB4y1g77j,1,BV1YnZJBXEoq,1,0.37791,3
790,5564,BV1iB4y1g77j,1,BV1SWc4zyEdq,1,0.52809,2
791,1111,BV1td4y1R74k,1,BV12b4y1A76G,1,0.3532,1
791,1223,BV1td4y1R74k,1,BV1TN4y1n7bU,1,0.33853,3
791,2359,BV1td4y1R74k,1,BV1am411S75u,1,0.35248,2
791,2594,BV1td4y1R74k,1,BV1L66ZYAE8k,1,0.33616,4
792,1620,BV1HB4y1G7gS,1,BV1TN4y1Y7EC,1,0.42224,1
792,2739,BV1HB4y1G7gS,1,BV1qvz6YUEXN,1,0.4005,2
792,5103,BV1HB4y1G7gS,1,BV1Cqh5zGE17,1,0.34628,4
793,1226,BV1Ev4y1c7jg,1,BV1JZ4y1E7rp,1,0.35619,4
793,1478,BV1Ev4y1c7jg,1,BV1FC4y1T7Fh,1,0.44986,1
793,4746,BV1Ev4y1c7jg,1,BV1b9a5zsE1R,1,0.42168,2
794,1196,BV1gB4y147gn,1,BV1Ux4y1Z7hn,1,0.43384,4
794,1965,BV1gB4y147gn,1,BV1L841167sj,1,0.39845,4
794,2047,BV1gB4y147gn,1,BV1Cb421J7Fn,1,0.43222,4
794,2494,BV1gB4y147gn,1,BV1K2wke8EKg,1,0.49138,1
794,3812,BV1gB4y147gn,1,BV1gXLpzgEqN,1,0.43339,2
794,3891,BV1gB4y147gn,1,BV1tKRkY3EA3,1,0.35557,2
794,4264,BV1gB4y147gn,1,BV1iEcFe9ECY,1,0.46286,2
795,2645,BV1BY4y1u7zZ,1,BV18ACBYqEWp,1,0.36457,4
795,2652,BV1BY4y1u7zZ,1,BV17ZCFYjEgh,1,0.39096,1
795,3658,BV1BY4y1u7zZ,1,BV186JtztET6,1,0.32382,4
795,4558,BV1BY4y1u7zZ,1,BV1qynGzYEsS,1,0.37837,3
795,4685,BV1BY4y1u7zZ,1,BV1PpeBzQEdY,1,0.38834,2
796,1593,BV1qD4y167TB,1,BV1rc41127Ed,1,0.59049,1
796,3073,BV1qD4y167TB,1,BV1RUyuYTE9C,1,0.51674,4
796,3513,BV1qD4y167TB,1,BV1JGMgzeEqT,1,0.45804,1
796,3803,BV1qD4y167TB,1,BV1WWLRzJEuj,1,0.51888,3
796,4018,BV1qD4y167TB,1,BV1XsRLYVE9p,1,0.53781,2
797,802,BV14d4y1A7oy,1,BV1Ud4y1w7x5,1,0.55765,3
797,1522,BV14d4y1A7oy,1,BV1Z94y1A76y,1,0.5066,3
797,1542,BV14d4y1A7oy,1,BV1ea4y1r7Ut,1,0.52693,1
797,2589,BV14d4y1A7oy,1,BV19qi6YiEa1,1,0.44268,2
797,2694,BV14d4y1A7oy,1,BV164qZYcEvK,1,0.56449,2
797,3384,BV14d4y1A7oy,1,BV1Ka411o75u,1,0.53255,2
797,3992,BV14d4y1A7oy,1,BV12HQXYFEms,1,0.56862,1
797,5064,BV14d4y1A7oy,1,BV1BmbwzFEaU,1,0.50193,4
798,2957,BV1cT41177EK,1,BV1pHDQY7EcR,1,0.35893,4
798,3972,BV1cT41177EK,1,BV1iZXyY4EFT,1,0.37105,3
798,4833,BV1cT41177EK,1,BV12heHz3Et7,1,0.38294,2
799,4122,BV1jU4y1r7SQ,1,BV12sAferEFL,1,0.49321,4
799,5067,BV1jU4y1r7SQ,1,BV18ztmzuEdK,1,0.51144,2
799,5114,BV1jU4y1r7SQ,1,BV1eghWzQEEQ,1,0.55666,1
799,5713,BV1jU4y1r7SQ,1,BV1EKqcBZEUQ,1,0.42024,4
800,3423,BV16T411c7GT,1,BV1VWmcBkENX,1,0.34012,4
800,3459,BV16T411c7GT,1,BV1aZNQzAEX5,1,0.34998,3
800,3832,BV16T411c7GT,1,BV1wvLwzwEEt,1,0.41207,1
800,5060,BV16T411c7GT,1,BV147bNz7E4X,1,0.40225,2
801,1239,BV18W4y1872Z,1,BV1Jx4y1Z7R9,1,0.37552,4
801,2715,BV18W4y1872Z,1,BV1xVBuYzEru,1,0.36792,2
801,3440,BV18W4y1872Z,1,BV1CJUKBCEVH,1,0.3823,2
802,1983,BV1Ud4y1w7x5,1,BV1c4CTBcE3U,1,0.61725,2
802,2336,BV1Ud4y1w7x5,1,BV1rr421s7XU,1,0.62351,3
802,3675,BV1Ud4y1w7x5,1,BV1zi5zzwEH3,1,0.62716,2
802,4231,BV1Ud4y1w7x5,1,BV1ym421W7PQ,1,0.51999,4
802,4583,BV1Ud4y1w7x5,1,BV1GqWwzuECE,1,0.54211,2
802,4810,BV1Ud4y1w7x5,1,BV1gShQzfES6,1,0.52647,2
803,2914,BV1cP411L7xr,1,BV1toUFYyExZ,1,0.43735,3
803,3441,BV1cP411L7xr,1,BV1cxUKB6ELn,1,0.43023,3
803,3859,BV1cP411L7xr,1,BV1LjdkYtEh6,1,0.43229,4
803,4034,BV1cP411L7xr,1,BV1HoRhYqEV2,1,0.47986,2
803,4839,BV1cP411L7xr,1,BV1mweEzYE65,1,0.50301,1
803,5427,BV1cP411L7xr,1,BV1hEfcBKEXu,1,0.36823,3
804,1144,BV1Z14y1x7t2,1,BV1kJ4m147pz,1,0.40556,2
804,2320,BV1Z14y1x7t2,1,BV19x42117yM,1,0.43344,1
804,3304,BV1Z14y1x7t2,1,BV1RB4ZejEpZ,1,0.35387,2
804,4608,BV1Z14y1x7t2,1,BV1RhW3zPEJ9,1,0.37362,4
804,4950,BV1Z14y1x7t2,1,BV14FtozZEzU,1,0.38752,4
805,1625,BV13B4y157Xx,1,BV1Cb4y1M7Po,1,0.40684,4
805,2880,BV13B4y157Xx,1,BV17PSgYRE4X,1,0.44836,1
805,3856,BV13B4y157Xx,1,BV1Wco5YZEMX,1,0.44375,2
805,4639,BV13B4y157Xx,1,BV1YBpEzUEwK,1,0.41862,3
806,1459,BV1oN4y1F75u,1,BV11K411s76U,1,0.42888,1
806,3007,BV1oN4y1F75u,1,BV1xNS8YdEHy,1,0.43213,1
806,3775,BV1oN4y1F75u,1,BV1gXLpzgEin,1,0.42999,1
806,5258,BV1oN4y1F75u,1,BV1tfu7zuEEz,1,0.40891,1
806,5410,BV1oN4y1F75u,1,BV1gWfqBBEbV,1,0.35817,3
807,2140,BV1Kd4y1o7nB,1,BV1qM4m1d7eN,1,0.42038,1
807,3186,BV1Kd4y1o7nB,1,BV1B6xveXEq7,1,0.39372,3
807,3560,BV1Kd4y1o7nB,1,BV1Y3jhzNEWv,1,0.39283,4
808,1137,BV1DV4y1p73H,1,BV1Xv421174j,1,0.44237,2
808,2446,BV1DV4y1p73H,1,BV1LbC2BwE1E,1,0.49244,1
808,2478,BV1DV4y1p73H,1,BV15NC1BfEm8,1,0.45889,3
808,3038,BV1DV4y1p73H,1,BV1HvyRYCEhW,1,0.47201,3
808,4500,BV1DV4y1p73H,1,BV1jhnmzFEPh,1,0.4911,2
808,5581,BV1DV4y1p73H,1,BV1SicgzaEzL,1,0.47125,4
809,1711,BV1Ce4y1f72C,1,BV1Ru411F73a,1,0.41814,1
809,2918,BV1Ce4y1f72C,1,BV1Q1mdYiEpx,1,0.35498,4
809,3278,BV1Ce4y1f72C,1,BV1km4bemEf7,1,0.33608,3
809,5233,BV1Ce4y1f72C,1,BV1mPuazGE74,1,0.38808,3
810,910,BV1At4y1G7od,1,BV1GT4y1z76g,1,0.48536,4
810,1494,BV1At4y1G7od,1,BV11p4y1d7v4,1,0.42631,4
810,1776,BV1At4y1G7od,1,BV1NC4y1n78p,1,0.52241,3
810,2510,BV1At4y1G7od,1,BV1RC6qYzE4t,1,0.50516,3
810,2518,BV1At4y1G7od,1,BV1nCkyY6EvB,1,0.56024,3
810,2524,BV1At4y1G7od,1,BV1VLcqeHENd,1,0.4103,4
810,2930,BV1At4y1G7od,1,BV1ENmpYREoN,1,0.43182,1
810,3630,BV1At4y1G7od,1,BV1xnjbzJE9c,1,0.40138,4
810,4594,BV1At4y1G7od,1,BV1ycpdzzEYS,1,0.52844,4
810,4764,BV1At4y1G7od,1,BV1ffhCzSEmn,1,0.43861,2
810,4991,BV1At4y1G7od,1,BV1AYt2zsEBe,1,0.58576,1
810,5009,BV1At4y1G7od,1,BV1RZtXzhE8D,1,0.57928,2
811,1559,BV1WB4y1x748,1,BV1yG4y1K7MY,1,0.39809,4
811,3696,BV1WB4y1x748,1,BV1brVozZEix,1,0.40357,2
811,3821,BV1WB4y1x748,1,BV1mnLVzgEHi,1,0.40248,3
812,2556,BV1FY4y1i7JF,1,BV1V1cHe1Ej6,1,0.47895,4
812,2595,BV1FY4y1i7JF,1,BV1T46zYFEHx,1,0.49214,2
812,4534,BV1FY4y1i7JF,1,BV1fnnfzvErk,1,0.48653,3
812,4865,BV1FY4y1i7JF,1,BV1vB7HzmEL9,1,0.51671,1
813,844,BV1ZF411P7Qs,1,BV1CG411t7wi,1,0.45295,1
813,1660,BV1ZF411P7Qs,1,BV1LC4y1c7WN,1,0.40527,4
813,1782,BV1ZF411P7Qs,1,BV1W8411r7jP,1,0.43178,3
813,5668,BV1ZF411P7Qs,1,BV1nV6ZBcEyH,1,0.37509,3
813,5686,BV1ZF411P7Qs,1,BV1QBvkBFEfe,1,0.43772,2
814,2390,BV1Xg41167A6,1,BV1hp421d7Na,1,0.48798,3
814,3580,BV1Xg41167A6,1,BV1UgEzz9E6u,1,0.52679,2
814,3581,BV1Xg41167A6,1,BV1xNjnztEq9,1,0.54824,1
814,4703,BV1Xg41167A6,1,BV1hHYKzMEDT,1,0.43346,3
815,923,BV1YT411w7KM,1,BV1EF41157mW,1,0.4963,1
815,1624,BV1YT411w7KM,1,BV17a4y1d7gJ,1,0.42405,2
815,3220,BV1YT411w7KM,1,BV1S1xLemEvY,1,0.33202,2
815,4135,BV1YT411w7KM,1,BV19vAzeAEeo,1,0.36242,4
816,1025,BV1iG4y1a7DG,1,BV1hRszzLEf3,1,0.46523,4
816,1174,BV1iG4y1a7DG,1,BV18t421W73D,1,0.46007,2
816,1479,BV1iG4y1a7DG,1,BV1Ag4y1r7b2,1,0.36106,1
816,1584,BV1iG4y1a7DG,1,BV12e411b7Cf,1,0.40123,3
816,3136,BV1iG4y1a7DG,1,BV1Ua1dYtE2Y,1,0.52357,1
816,3803,BV1iG4y1a7DG,1,BV1WWLRzJEuj,1,0.50413,4
816,4785,BV1iG4y1a7DG,1,BV1SwbYzwE1x,1,0.54024,1
816,5191,BV1iG4y1a7DG,1,BV1H5gLzsEJq,1,0.36606,4
816,5546,BV1iG4y1a7DG,1,BV1MiZHBHE2j,1,0.50685,3
817,850,BV1aS4y1W71T,1,BV1ed4y1o7Gg,1,0.46706,4
817,1324,BV1aS4y1W71T,1,BV1Gg4y127tK,1,0.456,4
817,2386,BV1aS4y1W71T,1,BV1jm411D7CM,1,0.53336,2
817,2412,BV1aS4y1W71T,1,BV1N6421g7AM,1,0.40353,4
817,2576,BV1aS4y1W71T,1,BV1Fh4y1d7Ge,1,0.55454,2
817,2942,BV1aS4y1W71T,1,BV1v9DDYiEMP,1,0.63801,1
817,3337,BV1aS4y1W71T,1,BV1VgH9epEP1,1,0.5845,2
817,3588,BV1aS4y1W71T,1,BV1A872zcE3n,1,0.50263,2
817,5164,BV1aS4y1W71T,1,BV1WSb9zSE6T,1,0.54209,4
818,3890,BV1qd4y1R7wj,1,BV1cTfKYzEbN,1,0.40528,4
818,5382,BV1qd4y1R7wj,1,BV1svADzGE5m,1,0.41408,2
818,5703,BV1qd4y1R7wj,1,BV14MquBbExk,1,0.40872,3
819,1125,BV1tG4y1e7B5,1,BV1F2421A7se,1,0.48149,4
819,1453,BV1tG4y1e7B5,1,BV1gc41187hy,1,0.48188,3
819,2089,BV1tG4y1e7B5,1,BV1Lf42127TE,1,0.5094,2
819,5287,BV1tG4y1e7B5,1,BV17Q3izCEL7,1,0.40536,4
820,1865,BV1pS4y1W76x,1,BV1LV411c7sn,1,0.41225,4
820,2740,BV1pS4y1W76x,1,BV1bnzHYjEe4,1,0.47446,1
820,4906,BV1pS4y1W76x,1,BV1Xk8RzTEZg,1,0.41518,3
821,3289,BV1QS4y1s7mH,1,BV1PA4SeuEnY,1,0.35763,4
821,3445,BV1QS4y1s7mH,1,BV13ik6BuEmW,1,0.4926,4
821,4642,BV1QS4y1s7mH,1,BV1c2pJzAEds,1,0.50149,2
821,4765,BV1QS4y1s7mH,1,BV1t4hvz6EpF,1,0.46573,1
821,5066,BV1QS4y1s7mH,1,BV1YAthzfEK8,1,0.52898,2
821,5269,BV1QS4y1s7mH,1,BV19A3Tz9EPe,1,0.39982,1
822,2085,BV1aG4y1e7Fv,1,BV1oH4y1V7gT,1,0.43634,2
822,2932,BV1aG4y1e7Fv,1,BV1jEm4YaEno,1,0.43176,3
822,3861,BV1aG4y1e7Fv,1,BV1CEdjYcEjP,1,0.41675,4
822,5553,BV1aG4y1e7Fv,1,BV16xcjzYENH,1,0.45961,1
823,3415,BV12V4y1p7cZ,1,BV17NUvB2E1S,1,0.46696,3
823,4043,BV12V4y1p7cZ,1,BV167AxeMEbB,1,0.47813,1
823,4623,BV12V4y1p7cZ,1,BV1MJMpz7Ek8,1,0.4664,4
823,4835,BV12V4y1p7cZ,1,BV1s2eEzYEmR,1,0.44528,2
823,4909,BV12V4y1p7cZ,1,BV1PPbBzKELz,1,0.47377,2
824,1745,BV1xg411k7oT,1,BV1iu4y1t7cq,1,0.47001,2
824,2379,BV1xg411k7oT,1,BV14U421d7xE,1,0.61308,1
824,3162,BV1xg411k7oT,1,BV1N8xZefEp6,1,0.41899,4
824,4625,BV1xg411k7oT,1,BV1hJp6z3Eft,1,0.46572,2
824,5837,BV1xg411k7oT,1,BV12UmEBEE4K,1,0.3608,4
825,3292,BV1BP411L7GF,1,BV1JMtgexEqf,1,0.42544,2
825,3544,BV1BP411L7GF,1,BV1S67KzcEsU,2,0.40897,4
825,4404,BV1BP411L7GF,1,BV1yH4VzfEHR,1,0.41086,3
826,1645,BV1vB4y167tH,1,BV1ZQ4y1t7AF,1,0.45141,2
826,1695,BV1vB4y167tH,1,BV1Zw411N7wF,1,0.4166,3
826,1959,BV1vB4y167tH,1,BV1Uu411N7DK,1,0.37855,1
826,2799,BV1vB4y167tH,1,BV1sczDYXEWU,1,0.37137,4
826,3531,BV1vB4y167tH,1,BV1fwTTzSEhX,1,0.52442,1
826,3720,BV1vB4y167tH,1,BV1tNVPzkEs1,1,0.36056,4
826,4081,BV1vB4y167tH,1,BV15EA9e3EZB,1,0.41597,4
827,1994,BV1ra411d7xU,1,BV1Y3CsBPEms,1,0.37773,3
827,3493,BV1ra411d7xU,1,BV1hBM2zpEsr,1,0.43706,1
827,4853,BV1ra411d7xU,1,BV1iUehzSEBZ,1,0.40806,4
828,3306,BV1gY4y1c7kw,1,BV1zd4beGEBs,1,0.36068,2
828,3349,BV1gY4y1c7kw,1,BV1yPpwetEVg,1,0.34387,3
828,4678,BV1gY4y1c7kw,1,BV1qyYozsE4e,1,0.3434,4
829,1568,BV12W4y1a7JZ,1,BV1A94y1P7Tx,1,0.47246,3
829,1864,BV12W4y1a7JZ,1,BV1Vj411b7XE,1,0.35236,4
829,1968,BV12W4y1a7JZ,1,BV1bp4y1K7EU,1,0.49794,1
829,2294,BV12W4y1a7JZ,1,BV1Ni421f7dB,1,0.46834,4
829,5179,BV12W4y1a7JZ,1,BV1j9bmzXExr,1,0.48551,2
830,1276,BV1Aa411P7bY,1,BV1VK4y1z7y2,1,0.56363,1
830,1949,BV1Aa411P7bY,1,BV1VY411J7b9,1,0.4375,2
830,3362,BV1Aa411P7bY,1,BV1rwePeoEXG,1,0.48853,4
830,3371,BV1Aa411P7bY,1,BV1TsnfeWE3Z,1,0.51652,4
830,4378,BV1Aa411P7bY,1,BV1LHmGBCEAw,1,0.38581,1
830,4506,BV1Aa411P7bY,1,BV1pJHWzVE7x,1,0.64054,1
830,4768,BV1Aa411P7bY,1,BV1MphyzNEKz,1,0.63153,2
830,4903,BV1Aa411P7bY,1,BV1rjbYzQEnp,1,0.43185,3
830,5562,BV1Aa411P7bY,1,BV1npcxz4ECs,1,0.44309,2
831,1574,BV1UP411L7Pr,1,BV16i4y1a7YN,1,0.42454,4
831,1786,BV1UP411L7Pr,1,BV1gz4y1N7mr,1,0.44701,2
831,1985,BV1UP411L7Pr,1,BV1fWCtBQESz,1,0.36509,2
831,3843,BV1UP411L7Pr,1,BV1145zzMEEZ,1,0.454,1
831,5133,BV1UP411L7Pr,1,BV1wP8kz1ETC,1,0.43151,3
832,2031,BV1hW4y1a7ao,1,BV1JT42167Si,1,0.4679,1
832,3021,BV1hW4y1a7ao,1,BV1KaypY4Er1,1,0.37091,3
832,3619,BV1hW4y1a7ao,1,BV1EHjRzyEPn,1,0.3776,3
832,4964,BV1hW4y1a7ao,1,BV1ezt9zYE93,1,0.3854,2
833,1924,BV1uF411P73o,1,BV1aF411U7nT,1,0.41251,3
833,2102,BV1uF411P73o,1,BV16b421h7gq,1,0.45653,1
833,2258,BV1uF411P73o,1,BV1Yu4m1T7aQ,1,0.39292,3
833,3282,BV1uF411P73o,1,BV1sV4dedEBn,1,0.48082,1
833,3883,BV1uF411P73o,1,BV1xuXTYvEb4,1,0.459,2
833,5085,BV1uF411P73o,1,BV1f8t6zwEDj,1,0.42076,4
834,1729,BV1Za4y1f7yU,1,BV1ag4y1Q7Ez,1,0.32261,3
834,4471,BV1Za4y1f7yU,1,BV1Lvxjz9EFP,1,0.32713,2
834,4536,BV1Za4y1f7yU,1,BV1EAnqzBEAH,1,0.41508,1
835,2481,BV1Qe4y1f73B,1,BV1exCyBxEC8,1,0.53859,3
835,3620,BV1Qe4y1f73B,1,BV1TvjUzrEim,1,0.52315,4
835,4102,BV1Qe4y1f73B,1,BV11MPoeBERf,1,0.51093,3
835,4614,BV1Qe4y1f73B,1,BV1LCpizuEoP,1,0.5254,4
835,5081,BV1Qe4y1f73B,1,BV1PDtizAEYR,1,0.55554,2
835,5747,BV1Qe4y1f73B,1,BV1vXiPBFEkR,1,0.56517,1
836,1161,BV1fS4y1t7M6,1,BV1mJ4m147FA,1,0.45266,3
836,1299,BV1fS4y1t7M6,1,BV1fC4y1N7uA,1,0.49846,2
836,2297,BV1fS4y1t7M6,1,BV1cr421H7Py,1,0.42196,1
836,2469,BV1fS4y1t7M6,1,BV1NNCdBzEM8,1,0.49878,2
836,2670,BV1fS4y1t7M6,1,BV1jykKYxE8C,2,0.52582,1
836,3009,BV1fS4y1t7M6,1,BV1WsS7YWE6Z,1,0.50542,2
836,3680,BV1fS4y1t7M6,1,BV1mLJPz4EQe,1,0.48652,3
836,4867,BV1fS4y1t7M6,1,BV1NEeVz7EdE,1,0.46717,3
836,4897,BV1fS4y1t7M6,1,BV1ZiYrz1EgZ,1,0.47737,4
836,4973,BV1fS4y1t7M6,1,BV1bQt9zsEqA,1,0.48265,2
837,4072,BV18t4y1g7gC,1,BV1u49tYqE8Y,1,0.37838,4
837,4258,BV18t4y1g7gC,1,BV1HHFCemECP,1,0.3946,4
837,4776,BV18t4y1g7gC,1,BV1wihvzeEbv,1,0.45131,1
837,4854,BV18t4y1g7gC,1,BV12tehzPEP8,1,0.40938,3
838,1166,BV1mB4y1t7U5,1,BV1JK42117R5,1,0.48731,1
838,4430,BV1mB4y1t7U5,1,BV1cZ4uzSE1h,1,0.38501,1
838,4935,BV1mB4y1t7U5,1,BV1ZftozjE2a,1,0.36417,4
838,5157,BV1mB4y1t7U5,1,BV1az8tzsEcf,1,0.45122,2
839,1288,BV1fa411P7ZF,1,BV1Yw411u7m3,1,0.57985,2
839,2777,BV1fa411P7ZF,1,BV1AazYYBE8E,1,0.43771,4
839,3141,BV1fa411P7ZF,1,BV1KE1eYZEhQ,1,0.56823,4
839,3768,BV1fa411P7ZF,1,BV11AoTYVEDe,1,0.55205,2
839,4749,BV1fa411P7ZF,1,BV1kaajz7EkA,1,0.56926,3
839,4909,BV1fa411P7ZF,1,BV1PPbBzKELz,1,0.64081,1
840,1328,BV1DW4y1a72n,1,BV12V411D7kJ,1,0.38252,3
840,1806,BV1DW4y1a72n,1,BV1u94y1L7Rg,1,0.39124,2
840,3658,BV1DW4y1a72n,1,BV186JtztET6,1,0.32791,3
840,4096,BV1DW4y1a72n,1,BV1rq9AYXEio,1,0.42155,1
840,4241,BV1DW4y1a72n,1,BV12s411q7Br,1,0.3797,4
841,1093,BV1AY4y1c7t4,1,BV14p421R7p1,1,0.51037,2
841,3433,BV1AY4y1c7t4,1,BV1ajSaBvE6r,1,0.3343,3
841,4338,BV1AY4y1c7t4,1,BV1jyfRYBEa1,1,0.48169,3
841,4623,BV1AY4y1c7t4,1,BV1MJMpz7Ek8,1,0.4713,4
841,4829,BV1AY4y1c7t4,1,BV1CivNzdEHT,1,0.51845,1
842,1704,BV1JS4y1t77W,1,BV18Q4y1p7bm,1,0.57409,1
842,1748,BV1JS4y1t77W,1,BV1ZN4y1S75M,1,0.56572,4
842,1781,BV1JS4y1t77W,1,BV1a84y1X7An,1,0.50684,1
842,2551,BV1JS4y1t77W,1,BV1CGcPe5EqQ,1,0.57016,1
842,3544,BV1JS4y1t77W,1,BV1S67KzcEsU,2,0.54339,2
842,4357,BV1JS4y1t77W,1,BV1EwfeY2EEP,1,0.5861,1
842,5540,BV1JS4y1t77W,1,BV1pvZ7BvEkN,1,0.47374,4
843,1104,BV1FG4y1e7xi,1,BV1AU421o7q7,1,0.49307,1
843,1209,BV1FG4y1e7xi,1,BV1PA4m1j7Vu,1,0.40953,3
843,1563,BV1FG4y1e7xi,1,BV1pG411Y7RG,1,0.59474,1
843,2780,BV1FG4y1e7xi,1,BV1i4ioYEET4,1,0.49144,4
843,3095,BV1FG4y1e7xi,1,BV12mmMYfENf,1,0.50566,1
843,3408,BV1FG4y1e7xi,1,BV116S4BCE6g,1,0.40636,2
843,3551,BV1FG4y1e7xi,1,BV137JbzAEKb,1,0.41229,2
843,4924,BV1FG4y1e7xi,1,BV1HBbazUEBy,1,0.59035,2
843,5177,BV1FG4y1e7xi,1,BV1qTgtzmEGt,1,0.62843,1
844,938,BV1CG411t7wi,1,BV1na41147Vz,1,0.43572,4
844,1274,BV1CG411t7wi,1,BV1Lk4y1Q7cW,1,0.56529,4
844,1841,BV1CG411t7wi,1,BV1yP4y1M79k,1,0.58754,3
844,2807,BV1CG411t7wi,1,BV1kG6KY8Eru,1,0.4643,3
844,2816,BV1CG411t7wi,1,BV1bCzVYbEDc,1,0.60708,3
844,3802,BV1CG411t7wi,1,BV1TS5yzZEnZ,1,0.72222,1
844,4605,BV1CG411t7wi,1,BV1jiWLz7EzS,1,0.48403,2
844,4623,BV1CG411t7wi,1,BV1MJMpz7Ek8,1,0.65981,2
845,1804,BV1ad4y127Dp,1,BV16c411o7u8,1,0.41535,3
845,2697,BV1ad4y127Dp,1,BV1GpqfYXEUH,1,0.41227,4
845,4099,BV1ad4y127Dp,1,BV1MHASeXERV,1,0.41875,1
845,4886,BV1ad4y127Dp,1,BV1pXYyzhEMy,1,0.39951,2
845,5836,BV1ad4y127Dp,1,BV1cJUfBsEZa,1,0.41737,2
846,2159,BV1hd4y1K7Nj,1,BV1Vp421Q7rd,1,0.37064,2
846,2643,BV1hd4y1K7Nj,1,BV1tYqmYjEKD,1,0.3692,4
846,2662,BV1hd4y1K7Nj,1,BV1TjqDYREo1,1,0.39696,1
846,5220,BV1hd4y1K7Nj,1,BV1qVuZzwEhM,1,0.34793,4
847,953,BV18e4y1D76v,1,BV1BZ4y127Nc,1,0.3804,1
847,1793,BV18e4y1D76v,1,BV1Xw411B7ue,1,0.42738,2
847,3501,BV18e4y1D76v,1,BV1nrM4zUEAT,1,0.42231,3
847,3981,BV18e4y1D76v,1,BV1ZpQcYqEzM,1,0.43216,1
848,2396,BV1sB4y167tt,1,BV1fZ42127hr,1,0.54381,2
848,2463,BV1sB4y167tt,1,BV1AVCvBCEK1,1,0.4041,4
848,2520,BV1sB4y167tt,1,BV17GkZYuEBQ,1,0.42366,3
848,4068,BV1sB4y167tt,1,BV1v6XoY4Ehq,1,0.4208,4
849,1627,BV1sB4y1t7Fj,1,BV16g411o7G8,1,0.43711,1
849,4708,BV1sB4y1t7Fj,1,BV1wiarzQEqe,1,0.42173,3
849,4833,BV1sB4y1t7Fj,1,BV12heHz3Et7,1,0.42099,4
850,2926,BV1ed4y1o7Gg,1,BV1GBUNYAE2v,1,0.40229,3
850,3596,BV1ed4y1o7Gg,1,BV1h6jpzGEcb,1,0.47549,2
850,4368,BV1ed4y1o7Gg,1,BV1FG26B8EC7,1,0.58197,1
850,5739,BV1ed4y1o7Gg,1,BV1QTvWBBEqU,1,0.45415,3
851,1564,BV13d4y1o7Gm,1,BV1FN4y187N6,1,0.41718,1
851,2537,BV13d4y1o7Gm,1,BV1qickeGE7y,1,0.40496,2
851,2885,BV13d4y1o7Gm,1,BV1XAyUY3Ed5,1,0.37577,4
851,5187,BV13d4y1o7Gm,1,BV1Hn8uzREUH,1,0.39274,3
852,3208,BV18S4y1s7sK,1,BV1P1xFeYEmQ,1,0.40057,2
852,3980,BV18S4y1s7sK,1,BV1GoX6YrE5p,1,0.39241,3
852,4556,BV18S4y1s7sK,1,BV1B9n8znEFR,1,0.37746,4
852,5029,BV18S4y1s7sK,1,BV1gitwzyEKD,1,0.41497,1
853,887,BV1Cd4y1m7wE,1,BV18r4y1E7JD,1,0.6595,3
853,1074,BV1Cd4y1m7wE,1,BV1X4WkeZEfY,1,0.45802,4
853,1514,BV1Cd4y1m7wE,1,BV11c411m7eR,1,0.62326,2
853,1679,BV1Cd4y1m7wE,1,BV1RN4y127rt,1,0.66915,2
853,2476,BV1Cd4y1m7wE,1,BV1yECTBvEBp,1,0.46047,1
853,2935,BV1Cd4y1m7wE,1,BV1m3mWYzE9d,1,0.3959,2
853,3642,BV1Cd4y1m7wE,1,BV1AEJnz8EuN,1,0.45659,4
853,4654,BV1Cd4y1m7wE,1,BV1SmHvzXEYT,1,0.5149,1
853,4683,BV1Cd4y1m7wE,1,BV1BSaRzJExW,1,0.48078,2
853,4878,BV1Cd4y1m7wE,1,BV1EaePz2EbL,1,0.51332,4
853,5134,BV1Cd4y1m7wE,1,BV1NX8EzREuk,1,0.68553,1
853,5599,BV1Cd4y1m7wE,1,BV1AokgBVEDi,1,0.65504,4
854,2779,BV1HT411A7qx,1,BV1DbqLYfENW,1,0.41361,4
854,4099,BV1HT411A7qx,1,BV1MHASeXERV,1,0.41738,3
854,4164,BV1HT411A7qx,1,BV11HAeeqEzp,1,0.49424,1
855,2042,BV18T411A7KM,1,BV1X2ezeCEcS,1,0.49577,2
855,3528,BV18T411A7KM,1,BV1hPMjzPEWL,1,0.49119,3
855,3978,BV18T411A7KM,1,BV1CsQEYFEER,1,0.48223,2
855,4716,BV18T411A7KM,1,BV1xta8ztECP,1,0.53376,1
855,5446,BV18T411A7KM,1,BV1QhFszMEkZ,1,0.48137,1
856,1308,BV1hg411y7T6,1,BV1i8411v7HW,1,0.34393,4
856,2382,BV1hg411y7T6,1,BV1Rx4y1C7NA,1,0.51762,1
856,3227,BV1hg411y7T6,1,BV1WYskemEHb,1,0.44122,3
856,4111,BV1hg411y7T6,1,BV1sLPieVEsz,1,0.48563,1
856,4117,BV1hg411y7T6,1,BV1zMPxeMEFu,1,0.38575,1
856,4715,BV1hg411y7T6,1,BV11gakztEkS,1,0.41742,4
856,5549,BV1hg411y7T6,1,BV1FvcpzQEWe,1,0.41052,1
857,1555,BV1AT411A75z,1,BV1aP4y1k7Qd,1,0.52506,3
857,2172,BV1AT411A75z,1,BV11w4m1C75z,1,0.4004,3
857,2400,BV1AT411A75z,1,BV1Dm411D7kv,1,0.54155,2
857,3499,BV1AT411A75z,1,BV1eGM4zBEpt,1,0.54391,1
857,5156,BV1AT411A75z,1,BV1Kb84zVEKh,1,0.48128,4
858,1426,BV1zU4y1v76c,1,BV1Lc411t7aS,1,0.45327,2
858,1851,BV1zU4y1v76c,1,BV1e94y1h73Y,1,0.50282,1
858,2250,BV1zU4y1v76c,1,BV1dJ4m1L7Dc,1,0.43934,4
858,4076,BV1zU4y1v76c,1,BV1hjXQYBE2z,1,0.45017,3
858,4151,BV1zU4y1v76c,1,BV1btAkevEWt,1,0.38143,3
858,4627,BV1zU4y1v76c,1,BV1mDpzzcEsQ,1,0.36507,2
859,1025,BV1Hg411k71v,1,BV1hRszzLEf3,1,0.48242,1
859,3287,BV1Hg411k71v,1,BV1124Qe2EA7,1,0.39274,4
859,3417,BV1Hg411k71v,1,BV1qHSKBKEvf,1,0.49452,3
859,3448,BV1Hg411k71v,1,BV1mTg6zKEeE,1,0.5333,1
859,4787,BV1Hg411k71v,1,BV1EhhSzPEVy,1,0.51923,2
859,5192,BV1Hg411k71v,1,BV1g4bozAENs,1,0.46011,3
860,1296,BV1Ed4y1m7s9,1,BV1B5411z7Co,2,0.51779,2
860,1331,BV1Ed4y1m7s9,1,BV1oQ4y1F7WZ,1,0.4433,2
860,1493,BV1Ed4y1m7s9,1,BV1aa4y167y3,1,0.38012,3
860,3789,BV1Ed4y1m7s9,1,BV1hddVYME5D,1,0.57248,1
860,3984,BV1Ed4y1m7s9,1,BV1d2XSYuEtG,1,0.51591,3
860,4243,BV1Ed4y1m7s9,1,BV1AkNweDEDX,1,0.44529,3
860,5553,BV1Ed4y1m7s9,1,BV16xcjzYENH,1,0.38857,3
860,5731,BV1Ed4y1m7s9,1,BV1FZiYBJEGK,1,0.50623,4
861,1431,BV1y14y1b7vj,1,BV1wt4y1f7ra,1,0.47868,2
861,2332,BV1y14y1b7vj,1,BV1hZ42117Hi,1,0.37334,4
861,3390,BV1y14y1b7vj,1,BV1JaH7ehEsP,1,0.42693,3
861,4612,BV1y14y1b7vj,1,BV1HtpezrEre,1,0.41463,3
862,863,BV1fW4y1a7DN,1,BV1Dr4y157uC,1,0.54516,1
862,1491,BV1fW4y1a7DN,1,BV1yi4y1Y7h7,1,0.45137,4
862,2624,BV1fW4y1a7DN,1,BV1ZPkhYfEbV,1,0.63778,1
862,2975,BV1fW4y1a7DN,1,BV1muDMYiEYV,1,0.60885,2
862,5134,BV1fW4y1a7DN,1,BV1NX8EzREuk,1,0.58708,3
862,5218,BV1fW4y1a7DN,1,BV1xig8ziEAH,1,0.57877,1
862,5302,BV1fW4y1a7DN,1,BV1Y6Pvz2EpF,1,0.48314,3
863,2137,BV1Dr4y157uC,1,BV1cT4y197kA,1,0.54159,1
863,2368,BV1Dr4y157uC,1,BV1jj421X7rr,1,0.50799,4
863,2975,BV1Dr4y157uC,1,BV1muDMYiEYV,1,0.53177,3
863,5095,BV1Dr4y157uC,1,BV1eWhuz2Eyi,1,0.45255,1
864,2070,BV13W4y1m7Xc,1,BV1dx4y1J7pf,1,0.52884,2
864,2826,BV13W4y1m7Xc,1,BV1i8zpYFErF,1,0.54507,1
864,3401,BV13W4y1m7Xc,1,BV1wrH5eZEBQ,1,0.5122,4
864,4202,BV13W4y1m7Xc,1,BV1uzKGe4Ey6,1,0.5248,3
864,4541,BV13W4y1m7Xc,1,BV1wnWVzSErT,1,0.47643,2
865,866,BV1kT411j7kN,1,BV1Kr4y1j7ai,1,0.41394,1
865,1459,BV1kT411j7kN,1,BV11K411s76U,1,0.42877,1
865,2844,BV1kT411j7kN,1,BV1uGzhYCERS,1,0.38219,3
865,3234,BV1kT411j7kN,1,BV1gktDesEmL,1,0.37859,4
866,1017,BV1Kr4y1j7ai,1,BV1AGsQzYECR,1,0.40674,4
866,1545,BV1Kr4y1j7ai,1,BV1A94y1P7Xp,1,0.41392,1
866,4779,BV1Kr4y1j7ai,1,BV1LCh9zrE5b,1,0.40858,3
866,5593,BV1Kr4y1j7ai,1,BV1GpFCztEMM,1,0.36525,2
867,1192,BV1YG411n7kG,1,BV1Bp421Z7HY,1,0.37386,3
867,2833,BV1YG411n7kG,1,BV1jLzjYLEFj,1,0.37023,4
867,3096,BV1YG411n7kG,1,BV1qo28YuEC7,1,0.41096,2
867,4516,BV1YG411n7kG,1,BV1chtGzZERi,1,0.41391,1
868,1862,BV1ov4y1T7BK,1,BV1Yz4y1F7x5,1,0.39891,1
868,3878,BV1ov4y1T7BK,1,BV1YCdXYSEKK,1,0.37744,4
868,4488,BV1ov4y1T7BK,1,BV1H8xnzCE4L,1,0.39967,2
869,1085,BV1PS4y1n7fA,1,BV1Vx421U7TZ,1,0.53556,1
869,1218,BV1PS4y1n7fA,1,BV1dp421Z7wL,1,0.50792,4
869,1349,BV1PS4y1n7fA,1,BV1ea4y1y7qi,1,0.4911,2
869,1515,BV1PS4y1n7fA,1,BV19N4y1b77P,1,0.42329,3
869,1516,BV1PS4y1n7fA,1,BV1NQ4y137U6,1,0.58251,3
869,1615,BV1PS4y1n7fA,1,BV1T64y1L7RN,1,0.4468,4
869,2397,BV1PS4y1n7fA,1,BV1hH4y1a7C5,1,0.52603,1
869,4016,BV1PS4y1n7fA,1,BV16jQJYsELp,1,0.5867,2
869,5552,BV1PS4y1n7fA,1,BV1cEZjBtEqF,1,0.56089,4
869,5605,BV1PS4y1n7fA,1,BV1qJFizLEHZ,1,0.61526,1
870,2409,BV1Ta411U7Qu,1,BV1PH4y1a7GP,1,0.49266,1
870,2853,BV1Ta411U7Qu,1,BV1ZGBHYZERU,1,0.43826,4
870,3853,BV1Ta411U7Qu,1,BV1HDorYuECE,1,0.27454,4
870,5222,BV1Ta411U7Qu,1,BV18Ju9zrEhm,1,0.47036,3
871,1488,BV1qd4y1Q7Mj,1,BV1Z94y1A74a,1,0.36299,3
871,3191,BV1qd4y1Q7Mj,1,BV1N5x4ezEmF,1,0.38748,2
871,5234,BV1qd4y1Q7Mj,1,BV1TuKmz5ESC,1,0.44105,1
871,5443,BV1qd4y1Q7Mj,1,BV19xFszrERr,1,0.35575,3
872,1156,BV1oe4y1X7h3,1,BV1ZC411z7xF,1,0.5329,1
872,1505,BV1oe4y1X7h3,1,BV1Yp4y1Z7Y1,1,0.44496,4
872,1624,BV1oe4y1X7h3,1,BV17a4y1d7gJ,1,0.52352,2
872,1630,BV1oe4y1X7h3,1,BV1bu4y1G7oJ,1,0.4869,3
872,1839,BV1oe4y1X7h3,1,BV1ZN411P7JT,1,0.47814,3
872,1873,BV1oe4y1X7h3,1,BV1Hj411b7Qw,1,0.46333,4
872,2075,BV1oe4y1X7h3,1,BV1zw4m1S7KZ,1,0.40349,2
872,2305,BV1oe4y1X7h3,1,BV1Ft421G7gs,1,0.51636,4
872,2543,BV1oe4y1X7h3,1,BV1stcGeTEuu,1,0.45115,3
872,2670,BV1oe4y1X7h3,1,BV1jykKYxE8C,2,0.52732,2
872,3031,BV1oe4y1X7h3,1,BV1oj1WYEEPy,1,0.48182,2
872,3405,BV1oe4y1X7h3,1,BV1LxsTeiE6r,1,0.4259,4
872,3667,BV1oe4y1X7h3,1,BV1EvJVzvEDd,1,0.51867,4
872,3761,BV1oe4y1X7h3,1,BV1sMGzzeEeM,1,0.50541,2
872,4071,BV1oe4y1X7h3,1,BV1anX9YCEnr,1,0.4414,3
872,4846,BV1oe4y1X7h3,1,BV1REeqzeEha,1,0.5005,2
872,5112,BV1oe4y1X7h3,1,BV1QM81zzE15,1,0.4764,1
873,3764,BV1Pr4y177dT,1,BV13cjwzEEEY,1,0.38241,1
873,5312,BV1Pr4y177dT,1,BV1wPwvzsErR,1,0.36298,3
873,5444,BV1Pr4y177dT,1,BV19xFszrERr,2,0.34164,2
874,962,BV1iF411K7sr,1,BV1kA4y1Q7Gt,1,0.36819,3
874,2140,BV1iF411K7sr,1,BV1qM4m1d7eN,1,0.35652,4
874,2628,BV1iF411K7sr,1,BV1hQk4Y3EJY,1,0.37342,2
874,4127,BV1iF411K7sr,1,BV1VaPuemEJi,1,0.38419,1
875,3521,BV1tB4y1Y7fU,1,BV1VKMnzEEHT,1,0.41508,4
875,3710,BV1tB4y1Y7fU,1,BV1abVnzcEFu,1,0.41699,2
875,3795,BV1tB4y1Y7fU,1,BV1onLdzgECx,1,0.45568,3
875,3878,BV1tB4y1Y7fU,1,BV1YCdXYSEKK,1,0.48879,1
875,3966,BV1tB4y1Y7fU,1,BV1xeXkYNEGJ,1,0.38299,3
875,4329,BV1tB4y1Y7fU,1,BV1PNfkY2E56,1,0.45754,1
876,931,BV1g34y1J7CT,1,BV11R4y1w7xj,1,0.49368,4
876,1019,BV1g34y1J7CT,1,BV1DPH5zaESH,1,0.60544,1
876,1204,BV1g34y1J7CT,1,BV1ex42197h6,1,0.5813,2
876,4589,BV1g34y1J7CT,1,BV1pbpizUE61,1,0.45288,1
876,4991,BV1g34y1J7CT,1,BV1AYt2zsEBe,1,0.57986,3
876,5167,BV1g34y1J7CT,1,BV1HY38zaEJz,1,0.57072,4
877,1499,BV12V4y1n7Y3,1,BV1EN4y147Ds,1,0.55693,1
877,2360,BV12V4y1n7Y3,1,BV1EH4y1a7CM,1,0.41891,4
877,2453,BV12V4y1n7Y3,1,BV1zUyABpEmP,1,0.41775,1
877,3091,BV12V4y1n7Y3,1,BV1Pd2fYYE6G,1,0.39229,4
877,3417,BV12V4y1n7Y3,1,BV1qHSKBKEvf,1,0.44826,3
877,5271,BV12V4y1n7Y3,1,BV1u8GHzxELB,1,0.43965,4
878,1286,BV1ur4y1J7U5,1,BV1mc411t7ar,1,0.3619,3
878,2986,BV1ur4y1J7U5,1,BV1osSaYSEWB,1,0.4442,1
878,4044,BV1ur4y1J7U5,1,BV1wcK7eZEXw,1,0.38968,2
878,4733,BV1ur4y1J7U5,1,BV1ujazzoEJa,1,0.35649,4
879,1033,BV1bZ4y1e7pP,1,BV142xczcEFG,1,0.45665,2
879,1471,BV1bZ4y1e7pP,1,BV1LQ4y1J7FA,1,0.41799,3
879,3047,BV1bZ4y1e7pP,1,BV1LyynYzED6,1,0.44311,3
879,3934,BV1bZ4y1e7pP,1,BV11NZVYFEc3,1,0.55245,1
879,4658,BV1bZ4y1e7pP,1,BV1JHH9zWEUC,1,0.42753,4
880,1084,BV1SL4y1w7Rh,1,BV1dj421R7QX,1,0.45598,2
880,1304,BV1SL4y1w7Rh,1,BV18T4y1s7ap,1,0.47136,4
880,2003,BV1SL4y1w7Rh,1,BV1Rt421n7Du,1,0.49001,2
880,3029,BV1SL4y1w7Rh,1,BV1bn14YVEzp,1,0.43639,3
880,3579,BV1SL4y1w7Rh,1,BV13n7XzhE5k,1,0.4597,2
880,3721,BV1SL4y1w7Rh,1,BV1QW5Vz5EWX,1,0.47226,3
880,4368,BV1SL4y1w7Rh,1,BV1FG26B8EC7,1,0.50909,1
880,4912,BV1SL4y1w7Rh,1,BV1yLtSzYE3s,1,0.46777,4
880,5755,BV1SL4y1w7Rh,1,BV1W7m3B4E1e,1,0.34848,4
881,1526,BV1GB4y1B7g2,1,BV1nG411Y7t2,1,0.4113,3
881,2591,BV1GB4y1B7g2,1,BV15t6SYuEQR,1,0.42919,4
881,4024,BV1GB4y1B7g2,1,BV1MKRYYnExh,1,0.43259,2
881,4091,BV1GB4y1B7g2,1,BV1VV9AYgESB,1,0.42168,1
882,1262,BV1m3411F7d3,1,BV1Gc411v7Bd,1,0.49021,2
882,1465,BV1m3411F7d3,1,BV1Sw411g7kw,1,0.48737,3
882,1940,BV1m3411F7d3,1,BV1Kp4y1j7By,1,0.48705,4
882,3727,BV1m3411F7d3,1,BV1uz5MzfExY,1,0.49852,1
882,4340,BV1m3411F7d3,1,BV1dAFPe4EgG,1,0.45703,4
883,1070,BV1N94y1Q7kS,1,BV1agsLeUEch,1,0.33937,3
883,3512,BV1N94y1Q7kS,1,BV1ErMwzkEpq,1,0.48128,1
883,4134,BV1N94y1Q7kS,1,BV12RAneqER3,1,0.43531,3
883,4191,BV1N94y1Q7kS,1,BV1T3KNeYEYq,1,0.46479,3
883,4871,BV1N94y1Q7kS,1,BV1SptjzSEwB,1,0.41526,1
883,5563,BV1N94y1Q7kS,1,BV14AFSzvEdP,1,0.41101,4
883,5675,BV1N94y1Q7kS,1,BV1ZZr8BJE2q,1,0.39919,4
884,1769,BV1RT4y1r7kD,1,BV1Ru4y1b7Gq,1,0.50865,2
884,2454,BV1RT4y1r7kD,1,BV1aEU5B7EeF,1,0.49499,4
884,3022,BV1RT4y1r7kD,1,BV1HM1yYLEjY,1,0.50364,1
884,3449,BV1RT4y1r7kD,1,BV1LVKUz8EGa,1,0.44048,2
884,4190,BV1RT4y1r7kD,1,BV1R3KLeGEor,1,0.51833,1
884,5347,BV1RT4y1r7kD,1,BV1jgfqB7Eyx,1,0.50884,1
885,2877,BV1a44y1T7du,1,BV1uzBqYxEWv,1,0.44812,4
885,4392,BV1a44y1T7du,1,BV18vWnzpE4Z,1,0.46043,1
885,5009,BV1a44y1T7du,1,BV1RZtXzhE8D,1,0.47829,1
886,2440,BV1LU4y1B7Rg,1,BV1TAUpBhENx,1,0.37672,4
886,2946,BV1LU4y1B7Rg,1,BV1yLDkY8Ev6,1,0.37982,3
886,4693,BV1LU4y1B7Rg,1,BV1sDYGzkEjR,1,0.40754,2
887,1096,BV18r4y1E7JD,1,BV15m411X7hY,1,0.55006,4
887,1178,BV18r4y1E7JD,1,BV1DB421k7BX,1,0.70827,4
887,1829,BV18r4y1E7JD,1,BV1iw411c7Gn,1,0.75685,1
887,2284,BV18r4y1E7JD,1,BV1YD4y1X72n,1,0.64059,1
887,2368,BV18r4y1E7JD,1,BV1jj421X7rr,1,0.62411,3
887,2973,BV18r4y1E7JD,1,BV1PjDbYpEsM,1,0.47745,1
887,2975,BV18r4y1E7JD,1,BV1muDMYiEYV,1,0.72046,3
887,3310,BV18r4y1E7JD,1,BV1LM4CerEbU,1,0.62183,3
887,5121,BV18r4y1E7JD,1,BV1pqhWzPEgv,1,0.69979,1
887,5134,BV18r4y1E7JD,1,BV1NX8EzREuk,1,0.7527,2
887,5558,BV18r4y1E7JD,1,BV1iHk4B3ETs,1,0.51865,3
888,1339,BV1dL4y1P7NU,1,BV1di4y1H7cR,1,0.43641,4
888,2460,BV1dL4y1P7NU,1,BV1A9CWB2EjN,1,0.37889,4
888,3263,BV1dL4y1P7NU,1,BV1tjteeME2c,1,0.40983,1
888,3906,BV1dL4y1P7NU,1,BV1QEZ8YsEtp,1,0.46579,3
888,5086,BV1dL4y1P7NU,1,BV1i5tzzWEAn,1,0.48238,1
888,5262,BV1dL4y1P7NU,1,BV1DouMzUEd5,1,0.48003,1
888,5601,BV1dL4y1P7NU,1,BV1AvFTzkEZz,1,0.37463,3
889,965,BV13r4y1u7gZ,1,BV19u411Q7kR,1,0.50227,1
889,2170,BV13r4y1u7gZ,1,BV1or421E7un,1,0.45791,3
889,3550,BV13r4y1u7gZ,1,BV1am7dzzEAs,1,0.40519,1
889,3901,BV13r4y1u7gZ,1,BV1ziZZY2Ej6,1,0.50927,2
889,4513,BV13r4y1u7gZ,1,BV1nJnmzqE5S,1,0.44169,2
889,5575,BV13r4y1u7gZ,1,BV1GycTz8Eka,1,0.41678,2
889,5698,BV13r4y1u7gZ,1,BV1MamYB4Etp,1,0.5275,1
890,2959,BV1q34y1n7x2,1,BV1yUDoYPEF2,1,0.44284,2
890,4718,BV1q34y1n7x2,1,BV1VVarzqEso,1,0.42966,3
890,4787,BV1q34y1n7x2,1,BV1EhhSzPEVy,1,0.40867,4
891,2979,BV1Ja411n7ao,1,BV1Q4SUYpENQ,1,0.35196,4
891,4747,BV1Ja411n7ao,1,BV1PmaLzEEeN,1,0.38825,2
891,5496,BV1Ja411n7ao,1,BV1kkUDBiEgN,1,0.35899,3
892,947,BV1BU4y1D7tr,1,BV1KF411T7BX,1,0.48464,4
892,1696,BV1BU4y1D7tr,1,BV1MN4y1m7gP,1,0.58365,1
892,2075,BV1BU4y1D7tr,1,BV1zw4m1S7KZ,1,0.45582,1
892,4418,BV1BU4y1D7tr,1,BV1WN4qzfExU,1,0.44384,4
892,4875,BV1BU4y1D7tr,1,BV17HTbzjEWT,1,0.48636,3
892,4978,BV1BU4y1D7tr,1,BV1JEtozyEFF,1,0.52587,2
893,1863,BV1bY411N7Ny,1,BV1mh4y1B74p,1,0.50871,1
893,2051,BV1bY411N7Ny,1,BV1nJ4m1T75E,1,0.40193,2
893,3142,BV1bY411N7Ny,1,BV11M1qYwEw8,1,0.39366,4
893,4430,BV1bY411N7Ny,1,BV1cZ4uzSE1h,1,0.36473,3
893,4782,BV1bY411N7Ny,1,BV1MshdzYEg4,1,0.43092,2
894,1656,BV1xA4y1R7iV,1,BV1oa4y1o7dY,1,0.44202,2
894,1831,BV1xA4y1R7iV,1,BV11j411b7Yj,1,0.39501,4
894,2528,BV1xA4y1R7iV,1,BV15J63YcEZL,1,0.49282,1
894,3731,BV1xA4y1R7iV,1,BV1965AzXEdJ,1,0.40882,3
894,4109,BV1xA4y1R7iV,1,BV1qDPve8E1y,2,0.35239,4
895,1310,BV1jS4y1v75k,1,BV1MQ4y1A779,1,0.42392,1
895,2683,BV1jS4y1v75k,1,BV1qNkJY8EP4,1,0.40432,3
895,3458,BV1jS4y1v75k,1,BV1ULKJzvEu2,1,0.44777,1
895,4119,BV1jS4y1v75k,1,BV1i8ADeKErD,1,0.40371,4
895,4145,BV1jS4y1v75k,1,BV17JFUesEGi,1,0.44403,2
896,1562,BV1JR4y1w7zR,1,BV1F94y1w73G,1,0.41699,3
896,1835,BV1JR4y1w7zR,1,BV1Cw411c7Ek,1,0.47066,1
896,2116,BV1JR4y1w7zR,1,BV1xf421m7Ni,1,0.45061,2
896,3396,BV1JR4y1w7zR,1,BV1FkHGeJER6,1,0.37936,2
896,4065,BV1JR4y1w7zR,1,BV19q9BY6E2E,1,0.45045,3
896,5400,BV1JR4y1w7zR,1,BV1cYfbBhEnS,1,0.43838,4
897,1988,BV1fY411M7aG,1,BV1eJCbB5E2w,1,0.43427,4
897,2022,BV1fY411M7aG,1,BV1tS421K76n,1,0.46817,2
898,1593,BV1BT4y1D7pu,1,BV1rc41127Ed,1,0.48878,3
898,1644,BV1BT4y1D7pu,1,BV1QC4y1A7y6,1,0.52336,2
898,3073,BV1BT4y1D7pu,1,BV1RUyuYTE9C,1,0.56728,1
898,4574,BV1BT4y1D7pu,1,BV1z4JCzpE9v,1,0.54408,1
898,4590,BV1BT4y1D7pu,1,BV1oKWcz6Ep9,1,0.53297,4
898,4613,BV1BT4y1D7pu,1,BV1K5puzLEQs,1,0.51084,3
898,4854,BV1BT4y1D7pu,1,BV12tehzPEP8,1,0.43432,3
899,2250,BV1f44y1J7mh,1,BV1dJ4m1L7Dc,1,0.48653,2
899,2929,BV1f44y1J7mh,1,BV1dMmaYCEfz,1,0.57986,1
899,4206,BV1f44y1J7mh,1,BV1xuN6eoEDL,1,0.51819,1
900,937,BV1fi4y117na,1,BV1HF41147hY,1,0.41424,2
900,1250,BV1fi4y117na,1,BV1YD4y1f7Fq,1,0.40948,3
900,3616,BV1fi4y117na,1,BV1o8jezmEiz,1,0.4151,1
900,4325,BV1fi4y117na,1,BV1mQwAeQEGE,1,0.3457,3
901,2578,BV1fi4y117na,2,BV1DP6yYJEbw,1,0.3769,4
901,3902,BV1fi4y117na,2,BV15eRdY8EXF,1,0.48974,2
901,4668,BV1fi4y117na,2,BV1vdaRzLER2,1,0.47326,3
901,4929,BV1fi4y117na,2,BV1Vgb8zFEqV,1,0.44738,4
901,5591,BV1fi4y117na,2,BV1txr2BjEmu,1,0.50968,1
902,1059,BV1kZ4y1i7Lr,1,BV15M411M7Uq,1,0.35848,4
902,2237,BV1kZ4y1i7Lr,1,BV1pj421R797,1,0.37988,3
902,3084,BV1kZ4y1i7Lr,1,BV1MNmMYbEYQ,1,0.4968,1
902,5630,BV1kZ4y1i7Lr,1,BV1urzyBrE9Q,1,0.35598,2
902,5785,BV1kZ4y1i7Lr,1,BV1vfBEBuE7o,1,0.42773,1
903,1487,BV1SY4y1V72E,1,BV12i4y1a7Bx,1,0.48047,2
903,4429,BV1SY4y1V72E,1,BV1114UzcEu6,1,0.42979,3
903,4471,BV1SY4y1V72E,1,BV1Lvxjz9EFP,1,0.49547,1
903,4598,BV1SY4y1V72E,1,BV1gUpRzUE6y,1,0.38717,4
903,5259,BV1SY4y1V72E,1,BV13LMfzdEim,1,0.47493,3
903,5266,BV1SY4y1V72E,1,BV1zVGAzsEni,1,0.46042,4
904,2104,BV1LR4y1w7Hk,1,BV1ur421j7BJ,1,0.52987,1
904,2396,BV1LR4y1w7Hk,1,BV1fZ42127hr,1,0.46686,3
904,2651,BV1LR4y1w7Hk,1,BV1EGkZYuEi3,1,0.44054,4
904,5208,BV1LR4y1w7Hk,1,BV1qBjSztEW9,1,0.47032,2
905,2222,BV1Hg41197Ty,1,BV1sJ4m187W6,1,0.38718,4
905,2376,BV1Hg41197Ty,1,BV1Fy421h7j6,1,0.41159,3
905,2543,BV1Hg41197Ty,1,BV1stcGeTEuu,1,0.42334,2
905,3045,BV1Hg41197Ty,1,BV1iVysYjEMn,1,0.50031,1
905,4487,BV1Hg41197Ty,1,BV1WzxKz3EXk,1,0.38149,3
905,4646,BV1Hg41197Ty,1,BV1nmpgz6Exq,1,0.38439,2
906,1007,BV1nP4y1F7Fz,1,BV1Sy1MBWEiG,1,0.5546,1
906,1251,BV1nP4y1F7Fz,1,BV1fg4y127bx,1,0.50801,2
906,1282,BV1nP4y1F7Fz,1,BV1CQ4y1j75F,1,0.50504,1
906,3108,BV1nP4y1F7Fz,1,BV1qW2VYoEqn,1,0.4981,2
906,4207,BV1nP4y1F7Fz,1,BV1XANYemE3G,1,0.44271,2
906,4913,BV1nP4y1F7Fz,1,BV1cYbEzyEm6,1,0.41537,3
907,3567,BV1r34y177SA,1,BV1bajUzCEHH,1,0.47309,2
907,4270,BV1r34y177SA,1,BV1kiF7eGExo,1,0.48225,1
907,4448,BV1r34y177SA,1,BV1V74HzvEE2,1,0.42537,4
907,4546,BV1r34y177SA,1,BV1yunVzjE3D,1,0.47264,3
907,5126,BV1r34y177SA,1,BV1uu411i7D2,1,0.46083,4
908,2653,BV14Y4y1V7Nr,1,BV1HAkdYqELH,1,0.36917,3
908,3538,BV14Y4y1V7Nr,1,BV1BdMgzPEQu,1,0.3601,4
908,3818,BV14Y4y1V7Nr,1,BV1wNLJz1Eqc,1,0.41065,2
908,5015,BV14Y4y1V7Nr,1,BV1VBb5zRERb,1,0.35955,2
909,1038,BV13Y4y1z7MX,1,BV1wcsnz6EiD,1,0.39363,4
909,1228,BV13Y4y1z7MX,1,BV1dU421Z71c,1,0.33309,3
909,3004,BV13Y4y1z7MX,1,BV1pYSJYdEN8,1,0.41935,2
909,3373,BV13Y4y1z7MX,1,BV1exWkebELD,1,0.46193,1
909,4005,BV13Y4y1z7MX,1,BV1T3QNYaE8Q,1,0.40294,1
909,4697,BV13Y4y1z7MX,1,BV1chY3zqEZD,1,0.34414,3
910,1333,BV1GT4y1z76g,1,BV1mC4y1r7Hy,1,0.48726,3
910,5009,BV1GT4y1z76g,1,BV1RZtXzhE8D,1,0.49978,2
911,2019,BV1Ft4y1s77z,1,BV1yi421h7rP,1,0.36022,4
911,2952,BV1Ft4y1s77z,1,BV1A2SzYUE6z,1,0.43997,1
911,3218,BV1Ft4y1s77z,1,BV1NQxLeyE1Z,1,0.36514,3
911,3342,BV1Ft4y1s77z,1,BV1mhHUeaE2H,1,0.39393,1
912,1274,BV1334y1h7M2,1,BV1Lk4y1Q7cW,1,0.45784,3
912,2521,BV1334y1h7M2,1,BV1PLcBe3E7B,1,0.47631,1
912,3248,BV1334y1h7M2,1,BV1q7tye7EYs,1,0.42282,4
912,3569,BV1334y1h7M2,1,BV1YXTEzLEeZ,1,0.40483,4
912,4963,BV1334y1h7M2,1,BV12Jt9zjEj2,1,0.46139,2
912,5508,BV1334y1h7M2,1,BV1nGZvB5E8P,1,0.41849,2
913,1840,BV1RZ4y147nc,1,BV1dA411y7ML,1,0.46883,1
913,2180,BV1RZ4y147nc,1,BV1Fm421W7vG,1,0.47573,3
913,2260,BV1RZ4y147nc,1,BV1ay421B7i3,1,0.43761,1
913,2691,BV1RZ4y147nc,1,BV1gNBnYyEXu,1,0.34826,3
913,4410,BV1RZ4y147nc,1,BV1i14JzqEfv,1,0.47837,2
913,4842,BV1RZ4y147nc,1,BV14DepzjEGy,1,0.48885,1
914,1516,BV1bv411N7PT,1,BV1NQ4y137U6,1,0.54428,2
914,1854,BV1bv411N7PT,1,BV18B4y1Z7g8,1,0.52101,4
914,2265,BV1bv411N7PT,1,BV17D42177ak,1,0.457,4
914,4121,BV1bv411N7PT,1,BV1K3ADeJEPu,1,0.4741,1
914,4561,BV1bv411N7PT,1,BV1cVnezNEnF,1,0.54191,3
914,5273,BV1bv411N7PT,1,BV15xN2zSEBC,1,0.49026,2
915,2400,BV11s411B7Wu,1,BV1Dm411D7kv,1,0.58867,1
915,3919,BV11s411B7Wu,1,BV1qmZtYoEFy,1,0.50651,2
915,5156,BV11s411B7Wu,1,BV1Kb84zVEKh,1,0.47909,4
915,5572,BV11s411B7Wu,1,BV1yyFozUEch,1,0.47935,3
916,958,BV1W441197GE,1,BV1VS4y1e7No,1,0.43299,3
916,1125,BV1W441197GE,1,BV1F2421A7se,1,0.43195,4
916,2820,BV1W441197GE,1,BV1KuzVYXEg6,1,0.44017,2
916,4292,BV1W441197GE,1,BV1gxFYeNET5,1,0.38422,3
916,4609,BV1W441197GE,1,BV1jsWuzhEHR,1,0.36887,3
917,1065,BV1DF411G7VX,1,BV1Vgs7e4EAV,1,0.39747,2
917,2735,BV1DF411G7VX,1,BV1YmqTYyEaT,1,0.3924,3
917,3913,BV1DF411G7VX,1,BV1A8ZZYQEWn,1,0.39838,1
917,4135,BV1DF411G7VX,1,BV19vAzeAEeo,1,0.38311,4
918,3571,BV1kg411d7gK,1,BV1yLjmzvEfu,1,0.41928,4
918,3746,BV1kg411d7gK,1,BV15PVHzTEyF,1,0.44677,3
918,4017,BV1kg411d7gK,1,BV1x7R5YFEKQ,1,0.38036,2
918,4831,BV1kg411d7gK,1,BV1wDvwzSE25,1,0.51838,1
919,1032,BV1cW4y1C7xr,1,BV1Ccspz7Ebg,1,0.58861,1
919,1160,BV1cW4y1C7xr,1,BV1k4421c7Y7,1,0.59087,3
919,1474,BV1cW4y1C7xr,1,BV1p64y1n7GF,1,0.48675,2
919,3059,BV1cW4y1C7xr,1,BV1sv2qYqE1j,1,0.49557,3
919,3181,BV1cW4y1C7xr,1,BV1Xt421M7pH,1,0.57532,3
919,3213,BV1cW4y1C7xr,1,BV1SvpweTE3Q,1,0.54363,1
919,3387,BV1cW4y1C7xr,1,BV1G2nReXEmV,1,0.5003,4
919,4243,BV1cW4y1C7xr,1,BV1AkNweDEDX,1,0.53033,1
919,5542,BV1cW4y1C7xr,1,BV1jQZ7B9E1D,1,0.47069,2
919,5572,BV1cW4y1C7xr,1,BV1yyFozUEch,1,0.60239,1
920,2979,BV1AU4y1m7UK,1,BV1Q4SUYpENQ,1,0.43729,2
920,4932,BV1AU4y1m7UK,1,BV1khtdz2EvJ,1,0.37271,2
920,5344,BV1AU4y1m7UK,1,BV1vjAXzAESv,1,0.39138,3
921,1606,BV1Pq4y1q7A3,1,BV1XG411Y7Qq,1,0.53756,1
921,1666,BV1Pq4y1q7A3,1,BV1cw411n7tr,1,0.47176,2
921,1924,BV1Pq4y1q7A3,1,BV1aF411U7nT,1,0.41498,2
921,2319,BV1Pq4y1q7A3,1,BV1Dx42127Xc,1,0.46436,1
921,3586,BV1Pq4y1q7A3,1,BV12QjezYEu8,1,0.44889,3
921,3872,BV1Pq4y1q7A3,1,BV1uwR9YCE68,1,0.46061,4
921,4262,BV1Pq4y1q7A3,1,BV1rdFEe7EsN,1,0.4272,2
921,4576,BV1Pq4y1q7A3,1,BV1innFzhEUy,1,0.45928,2
921,5449,BV1Pq4y1q7A3,1,BV1TYf5BPEX2,1,0.42523,1
922,3217,BV1ZF411s7kX,1,BV1U2x7eRERp,1,0.40603,1
922,4096,BV1ZF411s7kX,1,BV1rq9AYXEio,1,0.37483,4
922,5496,BV1ZF411s7kX,1,BV1kkUDBiEgN,1,0.38971,2
922,5776,BV1ZF411s7kX,1,BV1VbBVBsETY,1,0.37858,3
923,1674,BV1EF41157mW,1,BV1x64y177B4,1,0.37316,4
923,1766,BV1EF41157mW,1,BV11G411m7uX,1,0.38846,3
923,3220,BV1EF41157mW,1,BV1S1xLemEvY,1,0.31008,4
923,3812,BV1EF41157mW,1,BV1gXLpzgEqN,1,0.36022,4
923,4388,BV1EF41157mW,1,BV1cnWszJEQ3,1,0.39453,2
924,2186,BV1NY411A7uu,1,BV1Fm421W7La,1,0.44964,2
924,2876,BV1NY411A7uu,1,BV1asUJYME8P,1,0.40197,2
924,3379,BV1NY411A7uu,1,BV1oNsJeBESv,1,0.43761,3
924,3747,BV1NY411A7uu,1,BV17nGZzMEM6,1,0.42527,4
925,1273,BV13T4y1q7b2,1,BV1fN4y1v7Es,1,0.55816,4
925,1517,BV13T4y1q7b2,1,BV1zg4y117k4,1,0.64929,4
925,1548,BV13T4y1q7b2,1,BV1Vu4y1K75E,1,0.51969,2
925,3141,BV13T4y1q7b2,1,BV1KE1eYZEhQ,1,0.68458,2
925,3301,BV13T4y1q7b2,1,BV1Pt48enEpr,1,0.68033,3
925,3884,BV13T4y1q7b2,1,BV1jFdpYBEwf,1,0.70818,1
925,4446,BV13T4y1q7b2,1,BV19Wx9zdEUR,1,0.49025,2
925,5109,BV13T4y1q7b2,1,BV1JVhuzWEer,1,0.50847,2
925,5501,BV13T4y1q7b2,1,BV15yZ3BNE9A,1,0.58024,3
926,939,BV1Du411z7gk,1,BV1U5411R7kX,1,0.41441,1
926,1863,BV1Du411z7gk,1,BV1mh4y1B74p,1,0.42615,2
926,3226,BV1Du411z7gk,1,BV1mB4Se5Exa,1,0.4699,1
926,3274,BV1Du411z7gk,1,BV1Z84ZeQEBR,1,0.42166,4
926,5501,BV1Du411z7gk,1,BV15yZ3BNE9A,1,0.42505,3
927,2845,BV1Bt4y1x7mS,1,BV1aNBRYkEuq,1,0.41473,2
927,4283,BV1Bt4y1x7mS,1,BV1aFFpeGECw,1,0.39821,3
927,4853,BV1Bt4y1x7mS,1,BV1iUehzSEBZ,1,0.42344,1
927,5708,BV1Bt4y1x7mS,1,BV1QUvWB6Ery,1,0.38227,4
928,2052,BV19S4y1B7Sh,1,BV14Wg7e2Em7,1,0.54842,3
928,2833,BV19S4y1B7Sh,1,BV1jLzjYLEFj,1,0.53544,4
929,1764,BV1ZR4y1c7hn,1,BV1v94y1G7Zm,1,0.41313,2
929,3357,BV1ZR4y1c7hn,1,BV1PJH4ehEjn,1,0.37844,4
929,4223,BV1ZR4y1c7hn,1,BV1NKNLeXEBQ,1,0.40271,3
929,4696,BV1ZR4y1c7hn,1,BV1aVYVzoE6P,3,0.37656,3
929,5006,BV1ZR4y1c7hn,1,BV13ZtAzEEDW,1,0.44429,1
930,1755,BV1Ju411C7ry,1,BV1HG41117jH,1,0.41221,2
930,2050,BV1Ju411C7ry,1,BV1dt421M72p,1,0.45073,1
930,2638,BV1Ju411C7ry,1,BV1FGCnYBEKm,1,0.40556,3
930,2800,BV1Ju411C7ry,1,BV1xQ6MYrEd2,1,0.35411,4
931,3497,BV11R4y1w7xj,1,BV1rcMSz5EZ5,1,0.64482,1
931,4633,BV11R4y1w7xj,1,BV1EGpHzPEyo,1,0.52367,1
931,5326,BV11R4y1w7xj,1,BV11pAHzZEVF,1,0.54938,2
932,1186,BV1NL4y1c7Tg,1,BV1iy421a7vo,1,0.43237,3
932,1622,BV1NL4y1c7Tg,1,BV1Rz4y1c7dA,1,0.4498,1
933,1307,BV1H34y1E7PH,1,BV1f8411v7fb,1,0.39123,3
933,2238,BV1H34y1E7PH,1,BV1DQ4y157go,1,0.35428,3
933,2635,BV1H34y1E7PH,1,BV17cCWYkE5G,1,0.46255,1
933,4998,BV1H34y1E7PH,1,BV1ftb5zhEmp,1,0.4899,1
934,1038,BV1VB4y197Qz,1,BV1wcsnz6EiD,1,0.46694,2
934,1954,BV1VB4y197Qz,1,BV1Ni4y1X7pt,1,0.34183,4
934,2431,BV1VB4y197Qz,1,BV115UPBuEqu,1,0.49871,1
934,4832,BV1VB4y197Qz,1,BV1GTe4zAEut,1,0.41872,2
935,1262,BV1i34y117b5,1,BV1Gc411v7Bd,1,0.60776,2
935,1381,BV1i34y117b5,1,BV1Me411U77L,1,0.58639,3
935,1746,BV1i34y117b5,1,BV1qa4y1S7NE,1,0.65495,1
935,2078,BV1i34y117b5,1,BV1My411a7wC,1,0.6397,3
935,2558,BV1i34y117b5,1,BV1KErrYTExB,1,0.61081,1
935,2652,BV1i34y117b5,1,BV17ZCFYjEgh,1,0.62778,4
935,3119,BV1i34y117b5,1,BV1uw2wYVECQ,1,0.69963,1
935,3969,BV1i34y117b5,1,BV1fRXxY1EkH,1,0.53642,2
935,4195,BV1i34y117b5,1,BV1ZrP9eEE5h,1,0.57634,2
935,4377,BV1i34y117b5,1,BV1fv2EBPEtS,1,0.379,2
935,4402,BV1i34y117b5,1,BV1sCWEzuED7,1,0.50107,3
935,4583,BV1i34y117b5,1,BV1GqWwzuECE,1,0.57782,1
935,4810,BV1i34y117b5,1,BV1gShQzfES6,1,0.53074,1
935,5155,BV1i34y117b5,1,BV16n8tzqEUi,1,0.55146,2
935,5327,BV1i34y117b5,1,BV1S5iFBzE6f,1,0.54305,3
935,5351,BV1i34y117b5,1,BV1swACzQEX5,1,0.50775,4
935,5499,BV1i34y117b5,1,BV1gBZABTE82,1,0.54735,4
935,5807,BV1i34y117b5,1,BV1qjqqBoEfD,1,0.50546,4
936,1079,BV1qR4y1c7e5,1,BV1Xz421o7Ku,1,0.46506,1
936,3480,BV1qR4y1c7e5,1,BV1TyN5z7EA3,1,0.33532,3
936,4147,BV1qR4y1c7e5,1,BV11YAheaEd1,1,0.42186,4
936,4608,BV1qR4y1c7e5,1,BV1RhW3zPEJ9,1,0.43299,2
937,1019,BV1HF41147hY,1,BV1DPH5zaESH,1,0.58902,2
937,3371,BV1HF41147hY,1,BV1TsnfeWE3Z,1,0.59529,1
937,4475,BV1HF41147hY,1,BV1AzxLzAEKz,1,0.58181,3
937,4768,BV1HF41147hY,1,BV1MphyzNEKz,1,0.5715,4
938,2498,BV1na41147Vz,1,BV1QocqepEzF,1,0.4156,3
938,3802,BV1na41147Vz,1,BV1TS5yzZEnZ,1,0.48171,1
938,4512,BV1na41147Vz,1,BV1sxHtzREV6,1,0.41363,3
938,4623,BV1na41147Vz,1,BV1MJMpz7Ek8,1,0.44709,3
938,5406,BV1na41147Vz,1,BV1h1fiBeEJA,1,0.46799,2
938,5422,BV1na41147Vz,1,BV1cNZMBNEB8,1,0.36753,3
939,1140,BV1U5411R7kX,1,BV1Qy421a7jh,1,0.3431,2
939,3369,BV1U5411R7kX,1,BV1oAHke4Exc,1,0.39184,3
940,2903,BV1GU4y1S7YP,1,BV1NMUvYKE2Q,1,0.39211,3
940,2938,BV1GU4y1S7YP,1,BV1r5DBYyExy,1,0.43322,1
940,4587,BV1GU4y1S7YP,1,BV1TepQzaEWt,1,0.41407,2
941,2446,BV1oY4y1z7Ei,1,BV1LbC2BwE1E,1,0.47209,3
941,2914,BV1oY4y1z7Ei,1,BV1toUFYyExZ,1,0.50897,1
941,4775,BV1oY4y1z7Ei,1,BV1BThqzwEaa,1,0.38393,2
941,4893,BV1oY4y1z7Ei,1,BV1kfYqzVE1e,1,0.3681,1
941,4966,BV1oY4y1z7Ei,1,BV1jntozVExy,1,0.45204,4
941,5381,BV1oY4y1z7Ei,1,BV1HnABzPEjM,1,0.48127,1
941,5464,BV1oY4y1z7Ei,1,BV1L4f3B6E46,1,0.45843,4
941,5614,BV1oY4y1z7Ei,1,BV1SRFAzGET4,1,0.40272,4
941,5662,BV1oY4y1z7Ei,1,BV1sHrMBvE2g,1,0.38232,3
942,1083,BV1pA4y1X7p6,1,BV1Ep421y7sK,1,0.60637,2
942,1635,BV1pA4y1X7p6,1,BV1Eu4y1377t,1,0.45002,4
942,2684,BV1pA4y1X7p6,1,BV1ogrfYvENe,1,0.45631,4
942,4400,BV1pA4y1X7p6,1,BV19pWzzVEKx,1,0.50311,4
942,5016,BV1pA4y1X7p6,1,BV1U487zXEpF,1,0.62702,1
943,1623,BV1534y1E7hv,1,BV1eN4y1a73J,1,0.45703,1
943,2506,BV1534y1E7hv,1,BV1W569YeEq1,1,0.43726,3
943,2592,BV1534y1E7hv,1,BV1H9ktYfEhi,1,0.44001,2
943,2940,BV1534y1E7hv,1,BV1PLmkYSE44,1,0.31483,4
943,4294,BV1534y1E7hv,1,BV1JPFherEnF,1,0.43171,4
944,4096,BV1ba411J7vX,1,BV1rq9AYXEio,1,0.37879,1
944,5496,BV1ba411J7vX,1,BV1kkUDBiEgN,1,0.37083,2
944,5532,BV1ba411J7vX,1,BV1TiUTBQEqy,1,0.36048,4
944,5646,BV1ba411J7vX,1,BV13dkjBMEPY,1,0.37016,2
945,1464,BV1Gu411676k,1,BV1YH4y1R76m,2,0.42257,4
945,1559,BV1Gu411676k,1,BV1yG4y1K7MY,1,0.53254,1
945,2920,BV1Gu411676k,1,BV15bmbYYEk2,1,0.47974,3
945,3749,BV1Gu411676k,1,BV1wDVFzxEov,1,0.48648,2
945,4372,BV1Gu411676k,1,BV1VxUCBNE65,1,0.44417,4
945,4738,BV1Gu411676k,1,BV1euazzaEt8,1,0.46788,4
946,1174,BV1vY4y1z7Wo,1,BV18t421W73D,1,0.52602,1
946,1751,BV1vY4y1z7Wo,1,BV1fw411s7Yb,1,0.59968,1
946,1770,BV1vY4y1z7Wo,1,BV1Ay4y1c7gq,1,0.44628,4
946,1974,BV1vY4y1z7Wo,1,BV1Z34y1K7bu,1,0.55367,1
946,2342,BV1vY4y1z7Wo,1,BV1ou4m1g7EC,1,0.32828,4
946,4566,BV1vY4y1z7Wo,1,BV1YFJRz6E9W,2,0.5368,4
946,4936,BV1vY4y1z7Wo,1,BV1AZbczeE9M,1,0.43003,3
946,5536,BV1vY4y1z7Wo,1,BV1qd6cBNERK,1,0.51902,2
946,5812,BV1vY4y1z7Wo,1,BV1JJmzBfEUY,1,0.53763,3
947,1509,BV1KF411T7BX,1,BV1Pi4y1h7bs,1,0.51147,4
947,1566,BV1KF411T7BX,1,BV1Qp4y1o7hp,1,0.63077,1
947,1751,BV1KF411T7BX,1,BV1fw411s7Yb,1,0.60998,3
947,2860,BV1KF411T7BX,1,BV1boURYPEhS,1,0.58726,1
947,2920,BV1KF411T7BX,1,BV15bmbYYEk2,1,0.63537,1
947,3770,BV1KF411T7BX,1,BV1K55WzwEpF,1,0.59199,4
947,4011,BV1KF411T7BX,1,BV1iDQpYZENu,1,0.57171,3
947,4875,BV1KF411T7BX,1,BV17HTbzjEWT,1,0.54773,1
947,5345,BV1KF411T7BX,1,BV1vjAXzAESv,2,0.47056,3
947,5430,BV1KF411T7BX,1,BV1EaFWzUEg9,1,0.47921,2
948,1527,BV16a411a7R4,1,BV1u94y1P7Tm,1,0.43032,1
948,2116,BV16a411a7R4,1,BV1xf421m7Ni,1,0.41775,2
948,2306,BV16a411a7R4,1,BV1ty421q7f7,1,0.39992,4
948,2447,BV16a411a7R4,1,BV1LbC2BwE1E,2,0.40396,3
948,2588,BV16a411a7R4,1,BV1dRC8YfES6,1,0.36809,2
948,5800,BV16a411a7R4,1,BV1dTm6BdEK3,1,0.40302,1
949,2061,BV1nF411M7gJ,1,BV1Tz42187Mv,1,0.39031,1
949,2100,BV1nF411M7gJ,1,BV11i421D7Be,1,0.59563,3
949,2596,BV1nF411M7gJ,1,BV1XjCzY2Ecp,1,0.56912,1
949,3578,BV1nF411M7gJ,1,BV1smEdzYEzo,1,0.6485,1
949,4693,BV1nF411M7gJ,1,BV1sDYGzkEjR,1,0.5222,2
949,4936,BV1nF411M7gJ,1,BV1AZbczeE9M,1,0.43441,1
949,5336,BV1nF411M7gJ,1,BV16oNAzzEHV,1,0.57441,2
949,5600,BV1nF411M7gJ,1,BV1SKFkzEEzp,1,0.52469,1
949,5817,BV1nF411M7gJ,1,BV1ABSnBQELh,1,0.47293,4
950,1175,BV1MA4y1S7Mo,1,BV1D7421P7EB,1,0.59451,2
950,2954,BV1MA4y1S7Mo,1,BV1ghSjYhEWF,1,0.5621,4
950,3571,BV1MA4y1S7Mo,1,BV1yLjmzvEfu,1,0.62179,1
950,3746,BV1MA4y1S7Mo,1,BV15PVHzTEyF,1,0.58276,2
950,4480,BV1MA4y1S7Mo,1,BV18bxMzdE15,1,0.56157,4
950,4486,BV1MA4y1S7Mo,1,BV1WNn3z3ExU,1,0.5196,4
950,5194,BV1MA4y1S7Mo,1,BV1yCgpzmEy2,1,0.46491,2
951,2912,BV15U4y1U71E,1,BV1fiUaYEEv4,1,0.38947,2
951,3040,BV15U4y1U71E,1,BV1rmySYFEc5,1,0.40464,1
951,5072,BV15U4y1U71E,1,BV15jttzWENB,1,0.3588,3
952,4743,BV12T4y1z7p6,1,BV1S5aAzpEAy,1,0.38078,2
952,4994,BV12T4y1z7p6,1,BV1oXt8ziEXj,1,0.36912,4
952,5795,BV12T4y1z7p6,1,BV1o8B4BcEEf,1,0.40675,1
953,3128,BV1BZ4y127Nc,1,BV18t1kY9Esf,1,0.36519,2
953,4297,BV1BZ4y127Nc,1,BV1xQfWYaE3a,1,0.35453,4
953,5282,BV1BZ4y127Nc,1,BV1iZGHzTE83,1,0.36218,3
954,1986,BV1D3411K7AV,1,BV1NykSBREhX,1,0.39916,3
954,4763,BV1D3411K7AV,1,BV14FhCzcEQg,1,0.40146,1
954,5372,BV1D3411K7AV,1,BV13JPFz5Eqw,1,0.51017,1
955,1057,BV1tB4y117Fi,1,BV1yWs4eBEhw,1,0.42317,1
955,2049,BV1tB4y117Fi,1,BV1kGe9ePEex,1,0.37509,2
955,3972,BV1tB4y117Fi,1,BV1iZXyY4EFT,1,0.36422,3
955,4828,BV1tB4y117Fi,1,BV1ffvwzVErx,1,0.35485,4
956,1566,BV1Ea411a7rp,1,BV1Qp4y1o7hp,1,0.52617,2
956,2193,BV1Ea411a7rp,1,BV14p421X7tx,1,0.51975,2
956,2223,BV1Ea411a7rp,1,BV1qi42197zG,1,0.4815,4
956,2296,BV1Ea411a7rp,1,BV1pi421o7Ys,1,0.55107,1
956,4566,BV1Ea411a7rp,1,BV1YFJRz6E9W,2,0.52397,3
956,4602,BV1Ea411a7rp,1,BV16uWjz9EiG,1,0.47067,3
957,2378,BV1m94y1d7wc,1,BV1L2421A7MN,1,0.43754,3
957,2854,BV1m94y1d7wc,1,BV1XvBtYTES3,1,0.42428,3
957,4602,BV1m94y1d7wc,1,BV16uWjz9EiG,1,0.42848,4
957,5504,BV1m94y1d7wc,1,BV1DYZGBhE9g,1,0.4402,2
957,5738,BV1m94y1d7wc,1,BV1tZiuBwEBG,1,0.51136,1
958,979,BV1VS4y1e7No,1,BV1fS4y1S7XL,1,0.55476,4
958,2375,BV1VS4y1e7No,1,BV1ev421y794,1,0.52465,1
958,2820,BV1VS4y1e7No,1,BV1KuzVYXEg6,1,0.6127,1
958,4564,BV1VS4y1e7No,1,BV1nrJ9zXEWD,1,0.4645,2
958,5207,BV1VS4y1e7No,1,BV1vEgazdEw5,1,0.63905,1
959,2786,BV1rF411g741,1,BV1Gci6YwEuL,1,0.51572,4
959,3667,BV1rF411g741,1,BV1EvJVzvEDd,1,0.53293,1
959,4226,BV1rF411g741,1,BV1NfNGeSEML,1,0.57892,1
959,4380,BV1rF411g741,1,BV1qnmABpEMZ,1,0.43798,2
959,4727,BV1rF411g741,1,BV1u6h1zrEdR,1,0.43087,4
959,5809,BV1rF411g741,1,BV1BdBFBbE7H,1,0.54215,1
960,1186,BV1gL4y1V7aT,1,BV1iy421a7vo,1,0.36707,3
960,1194,BV1gL4y1V7aT,1,BV1sZ421z7db,1,0.36383,4
960,4460,BV1gL4y1V7aT,1,BV1pNxMzGE9v,1,0.37546,2
961,2570,BV1Xi4y117w4,1,BV1tWrVYFEpo,1,0.41476,2
961,3251,BV1Xi4y117w4,1,BV1SVtVeUE9X,1,0.38771,3
962,1491,BV1kA4y1Q7Gt,1,BV1yi4y1Y7h7,1,0.46007,3
962,1507,BV1kA4y1Q7Gt,1,BV1m64y1p7Dk,1,0.45725,4
962,2426,BV1kA4y1Q7Gt,1,BV1Uu4m1K7SP,1,0.48267,1
962,3093,BV1kA4y1Q7Gt,1,BV1kymVYTE55,1,0.4628,2
962,5447,BV1kA4y1Q7Gt,1,BV1SpfGBwEtc,1,0.40085,3
963,1450,BV1Ji4y1Q77q,1,BV1mp4y1o7x8,1,0.42244,1
963,2233,BV1Ji4y1Q77q,1,BV1tm411R7Hm,1,0.41088,3
963,2269,BV1Ji4y1Q77q,1,BV1sH4y1p7Dy,1,0.40692,4
963,4498,BV1Ji4y1Q77q,1,BV1Csxuz7Eut,1,0.40369,2
963,4997,BV1Ji4y1Q77q,1,BV1X9tUzmERx,1,0.4204,2
963,5111,BV1Ji4y1Q77q,1,BV1gmhPzdEKa,1,0.37927,2
964,2538,BV1oi4y1S765,1,BV16vcyeDEC7,1,0.39962,4
964,3413,BV1oi4y1S765,1,BV14YSwBGEHL,1,0.44696,1
964,4618,BV1oi4y1S765,1,BV1mspBzFEjd,1,0.41744,2
965,1836,BV19u411Q7kR,1,BV1N8411y7SR,1,0.49121,2
965,3901,BV19u411Q7kR,1,BV1ziZZY2Ej6,1,0.48253,3
965,4633,BV19u411Q7kR,1,BV1EGpHzPEyo,1,0.43491,3
965,5698,BV19u411Q7kR,1,BV1MamYB4Etp,1,0.46877,4
966,3122,BV1gs41137A3,1,BV1i74weWEuL,1,0.39865,2
966,3378,BV1gs41137A3,1,BV14xsMesEr8,1,0.39927,1
966,4512,BV1gs41137A3,1,BV1sxHtzREV6,1,0.35526,4
966,5049,BV1gs41137A3,1,BV1h7b3zrE9n,1,0.35754,3
967,1223,BV1U3411p74N,1,BV1TN4y1n7bU,1,0.37228,4
967,2767,BV1U3411p74N,1,BV1E1iqYeEJL,1,0.39919,2
967,3513,BV1U3411p74N,1,BV1JGMgzeEqT,1,0.39454,3
967,5771,BV1U3411p74N,1,BV17eB9BVEqS,1,0.40836,1
968,1665,BV1K5411S7GR,1,BV1wa4y1S7Gi,1,0.50633,1
968,2164,BV1K5411S7GR,1,BV1cM4m1f7wq,1,0.43124,4
968,2907,BV1K5411S7GR,1,BV1nTmoYHEXA,1,0.59321,1
968,3742,BV1K5411S7GR,1,BV1t9GozdEV1,1,0.59118,2
968,4557,BV1K5411S7GR,1,BV1EanhzsE1c,1,0.43306,3
968,4817,BV1K5411S7GR,1,BV1Cye2zBEAN,1,0.56038,3
968,5151,BV1K5411S7GR,1,BV1uF85zyEFA,1,0.44667,1
968,5832,BV1K5411S7GR,1,BV1YxmZBqEoy,1,0.38205,4
969,1516,BV1iS4y1Y7ZC,1,BV1NQ4y137U6,1,0.60906,1
969,1854,BV1iS4y1Y7ZC,1,BV18B4y1Z7g8,1,0.58712,2
969,3105,BV1iS4y1Y7ZC,1,BV11H29YnEds,1,0.58033,3
969,3154,BV1iS4y1Y7ZC,1,BV1574weWEAf,1,0.49862,2
969,3392,BV1iS4y1Y7ZC,1,BV1LkH7e9EKE,1,0.4928,3
969,4121,BV1iS4y1Y7ZC,1,BV1K3ADeJEPu,1,0.41589,4
969,5044,BV1iS4y1Y7ZC,1,BV1Cib3zbExf,1,0.57106,4
970,3044,BV1U3411p7ga,1,BV19Wy7YxEGp,1,0.3533,3
971,1553,BV1i5411o715,1,BV1e64y1p7e1,1,0.5386,1
971,5321,BV1i5411o715,1,BV1SrAfzgEMs,1,0.38987,3
971,5605,BV1i5411o715,1,BV1qJFizLEHZ,1,0.44416,2
972,2180,BV1u34y1v7EE,1,BV1Fm421W7vG,1,0.48095,3
972,2260,BV1u34y1v7EE,1,BV1ay421B7i3,1,0.4048,4
972,4528,BV1u34y1v7EE,1,BV1iUn5zBEtx,1,0.5047,1
972,5480,BV1u34y1v7EE,1,BV1hBZtBVERn,1,0.44488,4
972,5719,BV1u34y1v7EE,1,BV16QikB5ECA,1,0.3942,3
973,1124,BV1iY411j7Ha,1,BV1hK421C7fQ,1,0.41556,4
973,1620,BV1iY411j7Ha,1,BV1TN4y1Y7EC,1,0.50338,2
973,3104,BV1iY411j7Ha,1,BV12T2sYMEtS,1,0.50894,1
973,3182,BV1iY411j7Ha,1,BV1sz421f7q9,1,0.50334,1
973,4217,BV1iY411j7Ha,1,BV1h8Noe7ERt,1,0.49497,4
973,4332,BV1iY411j7Ha,1,BV1ehcweWEuq,1,0.40894,1
973,5113,BV1iY411j7Ha,1,BV11KhpzeEBm,1,0.36512,2
974,979,BV18F411t7CC,1,BV1fS4y1S7XL,1,0.47453,2
974,1186,BV18F411t7CC,1,BV1iy421a7vo,1,0.44741,4
974,2566,BV18F411t7CC,1,BV1Vgr3YcEn2,1,0.47673,1
975,1544,BV17S4y1u7HD,1,BV1He411C7BN,1,0.40376,2
975,3113,BV17S4y1u7HD,1,BV1Hk2NYkEBi,1,0.4553,1
975,5423,BV17S4y1u7HD,1,BV1CGfFBnEhq,1,0.4063,2
975,5837,BV17S4y1u7HD,1,BV12UmEBEE4K,1,0.40377,3
976,3684,BV17L4y157FK,1,BV1f6VdzzEkY,1,0.35914,3
976,4789,BV17L4y157FK,1,BV18ovczdEco,1,0.35647,4
976,5821,BV17L4y157FK,1,BV1vtmzBWE7z,1,0.3348,3
977,2990,BV1RS4y1P7ST,1,BV1ntSfYYE5B,1,0.40391,2
977,4848,BV1RS4y1P7ST,1,BV1RNYRzVEBN,1,0.41078,1
977,5519,BV1RS4y1P7ST,1,BV17LFmzmEUg,1,0.3749,4
978,2767,BV1z3411J7UW,1,BV1E1iqYeEJL,1,0.39678,4
978,2775,BV1z3411J7UW,1,BV1WrqLYDEg3,1,0.41661,2
978,3558,BV1z3411J7UW,1,BV1imE1zXE6b,1,0.40129,3
978,3997,BV1z3411J7UW,1,BV1eMQ3YZEXY,1,0.37494,4
978,4366,BV1z3411J7UW,1,BV1s4UYB9EBQ,2,0.43784,1
979,1561,BV1fS4y1S7XL,1,BV1bw41187Tw,1,0.57248,2
979,1581,BV1fS4y1S7XL,1,BV16a4y1z7rn,1,0.47709,1
979,2109,BV1fS4y1S7XL,1,BV1Zw4m1S7ef,1,0.48724,2
979,2820,BV1fS4y1S7XL,1,BV1KuzVYXEg6,1,0.60343,1
979,3026,BV1fS4y1S7XL,1,BV1vGmuYkEhb,1,0.35364,3
979,3356,BV1fS4y1S7XL,1,BV1ugH4eqEcP,1,0.49243,1
979,3640,BV1fS4y1S7XL,1,BV1cyEfzAEyN,1,0.48797,2
979,4321,BV1fS4y1S7XL,1,BV17ZwPeqEjy,1,0.57948,2
979,5207,BV1fS4y1S7XL,1,BV1vEgazdEw5,1,0.57425,3
980,1313,BV1mr4y1W72n,1,BV19a4y1y72S,1,0.34989,3
980,1378,BV1mr4y1W72n,1,BV1eQ4y1j7pJ,1,0.37871,1
980,1894,BV1mr4y1W72n,1,BV1vu411g7xo,1,0.3479,4
980,5635,BV1mr4y1W72n,1,BV1HzzeBwEXJ,1,0.35716,2
981,1190,BV1gb4y1W7aL,1,BV1gx4y1Z7ru,1,0.39811,4
981,1305,BV1gb4y1W7aL,1,BV13p4y1R7x3,1,0.49096,3
981,2122,BV1gb4y1W7aL,1,BV1my411Y7td,1,0.49462,4
981,2567,BV1gb4y1W7aL,1,BV1YW6iYeESj,1,0.47869,4
981,2900,BV1gb4y1W7aL,1,BV1MuUEY8EPW,1,0.61566,1
981,3175,BV1gb4y1W7aL,1,BV18m4AeQEhw,1,0.41257,1
981,3241,BV1gb4y1W7aL,1,BV1hktreYE51,1,0.50548,3
981,3303,BV1gb4y1W7aL,1,BV1W244e6E7o,1,0.54799,2
981,3821,BV1gb4y1W7aL,1,BV1mnLVzgEHi,1,0.48721,4
981,3863,BV1gb4y1W7aL,1,BV14coEY5Eqc,1,0.43549,4
981,3914,BV1gb4y1W7aL,1,BV18QZdYZEMR,1,0.39651,4
981,4736,BV1gb4y1W7aL,1,BV1PCaVzVETV,1,0.50931,3
981,4964,BV1gb4y1W7aL,1,BV1ezt9zYE93,1,0.43595,1
981,5844,BV1gb4y1W7aL,1,BV1Gfm9BbERE,1,0.4941,3
982,999,BV1NY411n7gw,1,BV1BJWnzYEjA,1,0.50901,4
982,3772,BV1NY411n7gw,1,BV1GMGmziESH,1,0.42402,2
982,4966,BV1NY411n7gw,1,BV1jntozVExy,1,0.4537,3
982,5752,BV1NY411n7gw,1,BV1V1vvBGEDW,2,0.51774,2
983,1213,BV1Hb4y1s7AX,1,BV1CK421y7aN,1,0.43103,4
983,1736,BV1Hb4y1s7AX,1,BV1p84y1G7Vo,1,0.40104,3
983,2639,BV1Hb4y1s7AX,1,BV1yFCnY1EuF,1,0.49795,4
983,3774,BV1Hb4y1s7AX,1,BV1GLZEYZEsL,1,0.46679,1
983,3880,BV1Hb4y1s7AX,1,BV1XidtY7Exf,1,0.46848,4
983,4131,BV1Hb4y1s7AX,1,BV13UPKeuEmi,1,0.60319,1
983,4453,BV1Hb4y1s7AX,1,BV1yXxZzpEVJ,1,0.57265,3
983,5565,BV1Hb4y1s7AX,1,BV1TtFDzTEVi,1,0.57632,1
983,5661,BV1Hb4y1s7AX,1,BV15riTBNEhw,1,0.38862,3
983,5679,BV1Hb4y1s7AX,1,BV14CraBBEpp,1,0.59886,1
984,1998,BV18F411E7LC,1,BV1ry411e7hw,1,0.45482,4
984,2032,BV18F411E7LC,1,BV1mS421X7m9,1,0.43336,4
984,2255,BV18F411E7LC,1,BV1dK421Y7A9,1,0.60202,1
984,2528,BV18F411E7LC,1,BV15J63YcEZL,1,0.50968,3
984,3324,BV18F411E7LC,1,BV1UcpBeKEK8,1,0.47094,2
984,4694,BV18F411E7LC,1,BV1aVYVzoE6P,1,0.4861,4
984,4873,BV18F411E7LC,1,BV1fneuzbE52,1,0.50978,1
985,1077,BV1iP4y1F7nP,1,BV1cx4y1z7hJ,1,0.48958,3
985,1469,BV1iP4y1F7nP,1,BV1ta4y1q79r,1,0.45143,4
985,2004,BV1iP4y1F7nP,1,BV19mvse6EbN,1,0.40679,3
985,2833,BV1iP4y1F7nP,1,BV1jLzjYLEFj,1,0.57855,1
985,2899,BV1iP4y1F7nP,1,BV1gqUvYLEby,1,0.43646,1
985,4516,BV1iP4y1F7nP,1,BV1chtGzZERi,1,0.40518,3
985,5097,BV1iP4y1F7nP,1,BV1srtuzsENP,1,0.5683,2
985,5638,BV1iP4y1F7nP,1,BV14ZztBREK8,1,0.51801,3
985,5843,BV1iP4y1F7nP,1,BV18LmSBGEbY,1,0.4859,4
986,1643,BV1tL411K7GD,1,BV1Bg4y1f7wU,1,0.46262,1
986,3532,BV1tL411K7GD,1,BV1f9MgzvE9p,1,0.45224,2
986,4280,BV1tL411K7GD,1,BV1EoF5ewEGi,1,0.44397,3
986,5079,BV1tL411K7GD,1,BV1yNt1z9ECt,1,0.43355,4
987,1316,BV1mP4y1F7ds,1,BV1t5411v7WB,1,0.37987,1
987,1565,BV1mP4y1F7ds,1,BV1J64y1W7kv,1,0.39561,1
987,1834,BV1mP4y1F7ds,1,BV1NG41127je,1,0.35882,4
987,2010,BV1mP4y1F7ds,1,BV1VEvkesEaZ,1,0.39004,2
988,1244,BV1pL4y1t7W6,1,BV1Hb4y1P7fC,1,0.34026,3
988,1248,BV1pL4y1t7W6,1,BV1Xz4y187gm,1,0.34076,2
988,2153,BV1pL4y1t7W6,1,BV1xS411c7k3,1,0.41931,1
989,1145,BV12S4y1u7zs,1,BV1BZ421U7DU,1,0.47984,3
989,4358,BV12S4y1u7zs,1,BV1nZfYYJE4V,1,0.46341,4
989,5217,BV12S4y1u7zs,1,BV1segtzFEm7,1,0.51825,1
989,5615,BV12S4y1u7zs,1,BV1Ty6tBtEDe,1,0.50911,2
990,3191,BV1D3411p7CG,1,BV1N5x4ezEmF,1,0.34724,2
990,3306,BV1D3411p7CG,1,BV1zd4beGEBs,1,0.36348,1
990,3338,BV1D3411p7CG,1,BV1WxHQeYEdJ,1,0.34619,3
991,1413,BV1gZ4y1B7rm,1,BV1dp4y1d71o,1,0.53904,4
991,1809,BV1gZ4y1B7rm,1,BV1cp4y1M78U,1,0.54051,3
991,1983,BV1gZ4y1B7rm,1,BV1c4CTBcE3U,1,0.6113,3
991,2336,BV1gZ4y1B7rm,1,BV1rr421s7XU,1,0.65713,1
991,3235,BV1gZ4y1B7rm,1,BV118skeSE7V,1,0.62529,3
991,3327,BV1gZ4y1B7rm,1,BV1RWpiekEkU,1,0.64403,1
991,3483,BV1gZ4y1B7rm,1,BV1jdNYzQEtH,1,0.62468,4
991,4312,BV1gZ4y1B7rm,1,BV1oeFsedEBe,1,0.57441,1
991,4967,BV1gZ4y1B7rm,1,BV1cGtozSE5v,1,0.5634,4
992,1237,BV1uP4y1g7c3,1,BV1fv421y7GY,1,0.41392,4
992,1261,BV1uP4y1g7c3,1,BV1MT4y187Xh,1,0.44647,2
992,2319,BV1uP4y1g7c3,1,BV1Dx42127Xc,1,0.42613,3
992,3073,BV1uP4y1g7c3,1,BV1RUyuYTE9C,1,0.49709,1
993,2116,BV1WS4y1D7M9,1,BV1xf421m7Ni,1,0.45957,3
993,3501,BV1WS4y1D7M9,1,BV1nrM4zUEAT,1,0.4643,2
993,3734,BV1WS4y1D7M9,1,BV17kVyzzEL5,1,0.4677,1
994,1016,BV1dP4y1T7TU,1,BV1wosSzREhn,1,0.53025,2
994,1968,BV1dP4y1T7TU,1,BV1bp4y1K7EU,1,0.49989,4
994,2840,BV1dP4y1T7TU,1,BV1Edz8YsErv,1,0.34502,3
994,3032,BV1dP4y1T7TU,1,BV1jR1HY1EGU,1,0.54441,1
994,3187,BV1dP4y1T7TU,1,BV1FGxaejEGo,1,0.43266,2
994,3957,BV1dP4y1T7TU,1,BV1roZPYYEqX,1,0.48989,3
994,4995,BV1dP4y1T7TU,1,BV1J4b5zAEhk,1,0.51576,3
994,5375,BV1dP4y1T7TU,1,BV1pKAazJEkA,1,0.46136,2
995,1049,BV1wa15BoEDv,1,BV1HrsnzGEAg,1,0.49751,4
995,1947,BV1wa15BoEDv,1,BV19v4y1W7x1,1,0.59987,1
995,2264,BV1wa15BoEDv,1,BV1cy4y1A7cj,1,0.40897,1
995,2368,BV1wa15BoEDv,1,BV1jj421X7rr,1,0.5979,2
995,2534,BV1wa15BoEDv,1,BV1hdCvYeEZe,1,0.51381,1
995,2575,BV1wa15BoEDv,1,BV19CkmYTEjq,1,0.54711,4
995,2855,BV1wa15BoEDv,1,BV1WTmfYcEHC,1,0.46219,3
995,4336,BV1wa15BoEDv,1,BV13jfoYvEFV,1,0.48944,2
995,5134,BV1wa15BoEDv,1,BV1NX8EzREuk,1,0.58363,3
995,5160,BV1wa15BoEDv,1,BV1t5bUzuEVY,1,0.48865,4
996,1666,BV1Q2yBB6EE5,1,BV1cw411n7tr,1,0.48702,1
996,2648,BV1Q2yBB6EE5,1,BV1WPCFYpE1s,1,0.46609,3
996,2916,BV1Q2yBB6EE5,1,BV1h91VYVEhL,1,0.38458,3
996,4409,BV1Q2yBB6EE5,1,BV1fR42zLEuR,1,0.43175,4
997,2039,BV1CSsfznEcs,1,BV1uU411S79G,1,0.35097,2
997,3840,BV1CSsfznEcs,1,BV18cfcYMExL,1,0.35334,1
997,5407,BV1CSsfznEcs,1,BV12XfiBfETe,1,0.34497,4
997,5588,BV1CSsfznEcs,1,BV1zLFPzZE41,1,0.34853,3
998,1498,BV1FUyxBQEXU,1,BV1Cj411J7zP,1,0.41201,1
998,2716,BV1FUyxBQEXU,1,BV14sBLYxEsq,1,0.37177,4
998,2755,BV1FUyxBQEXU,1,BV1rbz6YXEMr,1,0.49289,1
998,3460,BV1FUyxBQEXU,1,BV1gCNXzaEbc,1,0.4482,4
998,4595,BV1FUyxBQEXU,1,BV1YApRzJEVH,1,0.45035,4
998,5375,BV1FUyxBQEXU,1,BV1pKAazJEkA,1,0.43648,3
998,5685,BV1FUyxBQEXU,1,BV1yKi9ByEFN,1,0.45901,3
999,2542,BV1BJWnzYEjA,1,BV1zKCrYAECm,1,0.66064,1
999,3994,BV1BJWnzYEjA,1,BV1x1QgYCEMB,1,0.5683,4
999,4010,BV1BJWnzYEjA,1,BV1KoR5YYEWn,1,0.47202,1
999,4033,BV1BJWnzYEjA,1,BV1hiRbYVET7,1,0.62518,1
999,4474,BV1BJWnzYEjA,1,BV1csHGz3E7C,1,0.63329,3
999,4660,BV1BJWnzYEjA,1,BV1NAezzWEDX,1,0.57521,4
999,4716,BV1BJWnzYEjA,1,BV1xta8ztECP,1,0.51124,3
999,4749,BV1BJWnzYEjA,1,BV1kaajz7EkA,1,0.6318,4
999,4836,BV1BJWnzYEjA,1,BV1C1ejzxERZ,1,0.65127,2
1000,1013,BV1Q3sZztEeU,1,BV1WvJ9zoEjv,1,0.49191,4
1000,1014,BV1Q3sZztEeU,1,BV1q7yzBJEdv,1,0.50317,3
1000,1138,BV1Q3sZztEeU,1,BV13x4y1178k,1,0.44639,3
1000,1395,BV1Q3sZztEeU,1,BV1jN4y1i7MV,1,0.58462,1
1000,2202,BV1Q3sZztEeU,1,BV1Wr421G7VG,1,0.39314,2
1000,2248,BV1Q3sZztEeU,1,BV1Ru4m1g7pW,1,0.46214,3
1000,2772,BV1Q3sZztEeU,1,BV1HkqVYGEK2,1,0.50252,2
1000,3174,BV1Q3sZztEeU,1,BV1uy4Ge1EUB,1,0.49025,3
1000,3659,BV1Q3sZztEeU,1,BV1h9JKzuEZ6,1,0.42015,3
1000,4747,BV1Q3sZztEeU,1,BV1PmaLzEEeN,1,0.5098,2
1001,3076,BV1Dv4tzjE6R,1,BV1vqyAYnELR,1,0.40338,3
1001,4736,BV1Dv4tzjE6R,1,BV1PCaVzVETV,1,0.40637,2
1001,5037,BV1Dv4tzjE6R,1,BV1wHb5ziErL,1,0.49436,1
1001,5692,BV1Dv4tzjE6R,1,BV1y7v9BVEvA,1,0.40076,4
1002,1918,BV112y8BBEuM,1,BV11z4y1j7vL,1,0.58238,3
1002,1927,BV112y8BBEuM,1,BV1Vp4y1P7ee,1,0.50779,2
1002,2751,BV112y8BBEuM,1,BV1USq5YxEY4,8,0.58401,2
1002,3082,BV112y8BBEuM,1,BV1K6mLYUEri,1,0.46635,4
1002,3164,BV112y8BBEuM,1,BV1bw4geiEbd,1,0.60648,1
1002,3962,BV112y8BBEuM,1,BV1xioqYAEtS,1,0.54271,2
1002,4101,BV112y8BBEuM,1,BV1nJNkeZEUx,1,0.58223,4
1003,1101,BV1xjsdzjEPa,1,BV1XB421B7cW,1,0.42485,4
1003,2020,BV1xjsdzjEPa,1,BV132421Z7wV,1,0.43079,4
1003,2489,BV1xjsdzjEPa,1,BV1VoweeSEgZ,1,0.44708,3
1003,2717,BV1xjsdzjEPa,1,BV1EdqSYuEnn,1,0.4821,4
1003,2888,BV1xjsdzjEPa,1,BV1tKUAYjEuz,1,0.52056,2
1003,3129,BV1xjsdzjEPa,1,BV1Fo1vYQENB,1,0.41337,4
1003,3705,BV1xjsdzjEPa,1,BV1cBVZzSEcU,1,0.48547,1
1003,3816,BV1xjsdzjEPa,1,BV1szLJzpEi3,1,0.41364,1
1003,3875,BV1xjsdzjEPa,1,BV1DWdQYCEM9,1,0.43206,1
1003,4014,BV1xjsdzjEPa,1,BV1tmQ5YZEvf,1,0.49432,2
1003,4075,BV1xjsdzjEPa,1,BV1s698YiEyV,1,0.49099,2
1003,4466,BV1xjsdzjEPa,1,BV1p4xRzCE2L,1,0.46693,2
1003,4471,BV1xjsdzjEPa,1,BV1Lvxjz9EFP,1,0.52141,1
1003,4961,BV1xjsdzjEPa,1,BV13mb5zUE2m,1,0.43801,2
1003,5164,BV1xjsdzjEPa,1,BV1WSb9zSE6T,1,0.52039,3
1003,5455,BV1xjsdzjEPa,1,BV19jfGBKEVL,1,0.46772,4
1004,2003,BV1mMWsz4Epo,1,BV1Rt421n7Du,1,0.40769,1
1004,2180,BV1mMWsz4Epo,1,BV1Fm421W7vG,1,0.38724,2
1004,4647,BV1mMWsz4Epo,1,BV1EAYLzGE4f,1,0.37455,3
1004,4904,BV1mMWsz4Epo,1,BV1tJYezVEzW,1,0.37018,2
1005,1155,BV1Vh1PBmEfZ,1,BV1Rp421d7zt,1,0.55424,2
1005,2178,BV1Vh1PBmEfZ,1,BV1dH4y1P768,1,0.65223,1
1005,2316,BV1Vh1PBmEfZ,1,BV1zC41147jr,1,0.65727,3
1005,2419,BV1Vh1PBmEfZ,1,BV1oK421r7WA,1,0.67241,1
1005,4039,BV1Vh1PBmEfZ,1,BV1axRsYeEFR,1,0.66104,2
1006,1170,BV1Sk1PBuEgk,1,BV1Y7421N7iL,1,0.55066,2
1006,1738,BV1Sk1PBuEgk,1,BV1Fj411a7WZ,1,0.5602,1
1006,2062,BV1Sk1PBuEgk,1,BV12f421X73R,1,0.50209,3
1006,2693,BV1Sk1PBuEgk,1,BV13fkgYaEUf,1,0.36555,4
1006,2826,BV1Sk1PBuEgk,1,BV1i8zpYFErF,1,0.45774,4
1006,5284,BV1Sk1PBuEgk,1,BV1tp3ezREXR,1,0.45643,1
1007,1030,BV1Sy1MBWEiG,1,BV1P3s7zKEXJ,1,0.44209,1
1007,1251,BV1Sy1MBWEiG,1,BV1fg4y127bx,1,0.50128,3
1007,2362,BV1Sy1MBWEiG,1,BV1PW421K7SR,1,0.4082,1
1007,3304,BV1Sy1MBWEiG,1,BV1RB4ZejEpZ,1,0.33816,3
1007,3788,BV1Sy1MBWEiG,1,BV13fLmzVEqm,1,0.56806,1
1007,4438,BV1Sy1MBWEiG,1,BV1UqxdzREd1,1,0.45146,3
1007,4804,BV1Sy1MBWEiG,1,BV19AhQzcEuq,1,0.47483,4
1007,4891,BV1Sy1MBWEiG,1,BV19qYzzKEri,1,0.38676,3
1007,5613,BV1Sy1MBWEiG,1,BV1oM6hBUEfY,1,0.47479,1
1008,1086,BV15eyeBPEyq,1,BV1eC411575m,1,0.44049,2
1008,1624,BV15eyeBPEyq,1,BV17a4y1d7gJ,1,0.50398,4
1008,1651,BV15eyeBPEyq,1,BV1Fu4y1A7wp,1,0.52621,2
1008,1839,BV15eyeBPEyq,1,BV1ZN411P7JT,1,0.47778,4
1008,1926,BV15eyeBPEyq,1,BV1Gu4y1r7YC,1,0.45204,3
1008,2296,BV15eyeBPEyq,1,BV1pi421o7Ys,1,0.5192,3
1008,3873,BV15eyeBPEyq,1,BV1LvdDY7EAK,1,0.46777,1
1008,4851,BV15eyeBPEyq,1,BV1MXeizpEpp,1,0.54372,1
1009,2714,BV1MU1MBQEWJ,1,BV1R3BLYNEEb,1,0.38241,3
1009,3276,BV1MU1MBQEWJ,1,BV1YWtYeCE13,1,0.44889,4
1009,3368,BV1MU1MBQEWJ,1,BV17uHvegEJq,1,0.56347,2
1009,3656,BV1MU1MBQEWJ,1,BV1RcEtzcEwA,1,0.60034,1
1009,4672,BV1MU1MBQEWJ,1,BV1m9e1zkEKz,1,0.38849,1
1009,4815,BV1MU1MBQEWJ,1,BV1M1h1zMEWc,1,0.48967,2
1009,5328,BV1MU1MBQEWJ,1,BV1tBNAzQE4x,1,0.49035,3
1010,3963,BV1Xz1MBoEEc,1,BV1Lco6Y9EQL,1,0.42188,2
1010,4247,BV1Xz1MBoEEc,1,BV15JNweiE9o,1,0.51025,1
1010,4269,BV1Xz1MBoEEc,1,BV1Nd4y1X76N,1,0.39935,4
1010,5018,BV1Xz1MBoEEc,1,BV1qjbLzZEP4,1,0.44158,3
1010,5316,BV1Xz1MBoEEc,1,BV1uqw8z4EfC,1,0.48205,3
1010,5826,BV1Xz1MBoEEc,1,BV1wZUfBbEs2,1,0.45527,4
1010,5843,BV1Xz1MBoEEc,1,BV18LmSBGEbY,1,0.48555,2
1011,1020,BV1K9ypBDEp3,1,BV1H4s2zmEKJ,1,0.38941,1
1011,1042,BV1K9ypBDEp3,1,BV1gTsHzsERr,1,0.40313,2
1011,4323,BV1K9ypBDEp3,1,BV11Kcwe6Exn,1,0.42639,1
1011,4698,BV1K9ypBDEp3,1,BV1dWYGzcEqQ,1,0.38653,4
1012,1553,BV1HeyhBiEB8,1,BV1e64y1p7e1,1,0.41273,4
1012,3694,BV1HeyhBiEB8,1,BV1wAEKznEV4,1,0.38832,4
1012,4302,BV1HeyhBiEB8,1,BV1dLFHeGEEh,1,0.46583,1
1012,5290,BV1HeyhBiEB8,1,BV1oq38zfERx,1,0.43256,3
1013,1219,BV1WvJ9zoEjv,1,BV1T4421A7n3,1,0.3627,3
1013,1395,BV1WvJ9zoEjv,1,BV1jN4y1i7MV,1,0.57648,1
1013,1681,BV1WvJ9zoEjv,1,BV1Jg4y197U1,1,0.37017,4
1013,1939,BV1WvJ9zoEjv,1,BV1M14y1r7PF,1,0.40104,1
1013,2827,BV1WvJ9zoEjv,1,BV1VezpY4Eiu,1,0.41525,3
1013,2962,BV1WvJ9zoEjv,1,BV1oeDYYxErp,1,0.42343,2
1013,3202,BV1WvJ9zoEjv,1,BV1prxNerETV,1,0.39714,2
1013,4691,BV1WvJ9zoEjv,1,BV1C9YGz6EwJ,1,0.49671,2
1013,5400,BV1WvJ9zoEjv,1,BV1cYfbBhEnS,1,0.4937,3
1014,1158,BV1q7yzBJEdv,1,BV15H4y1h7sN,1,0.43359,3
1014,1808,BV1q7yzBJEdv,1,BV1DM41197je,1,0.48268,4
1014,2059,BV1q7yzBJEdv,1,BV1n7421o79a,1,0.48114,4
1014,2282,BV1q7yzBJEdv,1,BV1SJ4m1j7qe,1,0.39736,2
1014,4063,BV1q7yzBJEdv,1,BV1qE9nYfEVm,1,0.538,1
1014,4253,BV1q7yzBJEdv,1,BV1MCFreREBJ,1,0.49323,1
1014,5737,BV1q7yzBJEdv,1,BV1AWvWBZEE2,1,0.56177,2
1015,1964,BV1BFsDzQEdq,1,BV1Qp4y177tP,1,0.38947,3
1015,2233,BV1BFsDzQEdq,1,BV1tm411R7Hm,1,0.37892,4
1015,2777,BV1BFsDzQEdq,1,BV1AazYYBE8E,1,0.42733,2
1015,5212,BV1BFsDzQEdq,1,BV1PjgbzhEo5,1,0.30276,4
1015,5306,BV1BFsDzQEdq,1,BV13UAkzhEPa,1,0.44434,1
1016,1240,BV1wosSzREhn,1,BV1ue411H7y6,1,0.56017,3
1016,1274,BV1wosSzREhn,1,BV1Lk4y1Q7cW,1,0.57864,1
1016,1918,BV1wosSzREhn,1,BV11z4y1j7vL,1,0.55878,4
1016,2108,BV1wosSzREhn,1,BV1aJ4m1N722,1,0.55266,3
1016,3495,BV1wosSzREhn,1,BV1NFMgzkEpc,1,0.47893,3
1016,3547,BV1wosSzREhn,1,BV1Y1TWzsE6B,1,0.57622,2
1016,3924,BV1wosSzREhn,1,BV1h5ZAYVEyD,1,0.48703,2
1016,4834,BV1wosSzREhn,1,BV1HAYSzgEbT,1,0.40663,3
1016,5643,BV1wosSzREhn,1,BV1iukaBREGK,1,0.44092,1
1017,1018,BV1AGsQzYECR,1,BV1RwsZzeEHC,1,0.47829,4
1017,4400,BV1AGsQzYECR,1,BV19pWzzVEKx,1,0.5287,1
1017,4668,BV1AGsQzYECR,1,BV1vdaRzLER2,1,0.51945,1
1017,5096,BV1AGsQzYECR,1,BV1k6h5zgECV,1,0.48388,1
1018,1083,BV1RwsZzeEHC,1,BV1Ep421y7sK,1,0.56567,1
1018,2519,BV1RwsZzeEHC,1,BV1Xww5eREnf,1,0.42471,4
1018,3531,BV1RwsZzeEHC,1,BV1fwTTzSEhX,1,0.5441,4
1018,4991,BV1RwsZzeEHC,1,BV1AYt2zsEBe,1,0.55538,2
1018,5669,BV1RwsZzeEHC,1,BV1vcr6BuENM,1,0.52083,4
1019,1336,BV1DPH5zaESH,1,BV1SW4y1w7zQ,1,0.50779,4
1019,1461,BV1DPH5zaESH,1,BV1jg4y1r7qa,1,0.50323,4
1019,1488,BV1DPH5zaESH,1,BV1Z94y1A74a,1,0.38229,2
1019,2099,BV1DPH5zaESH,1,BV1Vi421Q7L9,1,0.5535,3
1019,2263,BV1DPH5zaESH,1,BV11r421t7EW,1,0.63937,1
1019,2572,BV1DPH5zaESH,1,BV1NKrWYpEhB,1,0.59546,4
1019,3820,BV1DPH5zaESH,1,BV1vcLnzTEJ8,1,0.45763,2
1019,3848,BV1DPH5zaESH,1,BV1QgoMYtESV,1,0.5071,1
1019,5061,BV1DPH5zaESH,1,BV1M9bNzXEc6,1,0.51081,3
1019,5167,BV1DPH5zaESH,1,BV1HY38zaEJz,1,0.60833,4
1019,5377,BV1DPH5zaESH,1,BV1DLfMBnEGd,1,0.63763,1
1020,2832,BV1H4s2zmEKJ,1,BV174zVYgEoi,1,0.34163,4
1020,4180,BV1H4s2zmEKJ,1,BV1pUAGezE8Z,1,0.36614,2
1021,1583,BV1w24Uz8Evg,1,BV1GG411k7AA,1,0.45315,1
1021,1665,BV1w24Uz8Evg,1,BV1wa4y1S7Gi,1,0.41165,4
1021,1926,BV1w24Uz8Evg,1,BV1Gu4y1r7YC,1,0.43762,3
1021,3973,BV1w24Uz8Evg,1,BV1NPXNYcEtK,1,0.44333,2
1021,5291,BV1w24Uz8Evg,1,BV1t93tzgE2Y,1,0.40672,4
1021,5796,BV1w24Uz8Evg,1,BV1eDq6BcEyh,1,0.4294,4
1022,1252,BV16xsyz6Eva,1,BV1LK4y1q75Q,1,0.63482,1
1022,2099,BV16xsyz6Eva,1,BV1Vi421Q7L9,1,0.5425,2
1022,2299,BV16xsyz6Eva,1,BV1dK421x7eN,1,0.40736,4
1022,3192,BV16xsyz6Eva,1,BV1Y6xbebESc,1,0.52343,1
1022,3497,BV16xsyz6Eva,1,BV1rcMSz5EZ5,1,0.51699,4
1022,4754,BV16xsyz6Eva,1,BV1NQaJzwEf3,1,0.4194,1
1023,3731,BV1czxPzYEfU,1,BV1965AzXEdJ,1,0.33353,4
1023,4244,BV1czxPzYEfU,1,BV1NkNweDESd,1,0.33748,3
1023,4939,BV1czxPzYEfU,1,BV1gDthzoEvE,1,0.38046,1
1023,4977,BV1czxPzYEfU,1,BV1uKtSz6EgF,1,0.34089,2
1024,1668,BV12uskzCECq,1,BV1La4y1Z771,1,0.44124,3
1024,3288,BV12uskzCECq,1,BV1qZ4SehEGZ,1,0.43498,4
1024,3935,BV12uskzCECq,1,BV1cTZaYrE3H,1,0.46683,1
1024,4054,BV12uskzCECq,1,BV1a498YLEg3,1,0.44663,2
1025,2584,BV1hRszzLEf3,1,BV1A26mYEENV,1,0.44065,3
1025,2971,BV1hRszzLEf3,1,BV1zVD1YbEny,1,0.47849,2
1025,3265,BV1hRszzLEf3,1,BV1JatpetEnp,1,0.47497,3
1026,1338,BV1yFsRzMEJk,1,BV1oK411872B,1,0.47967,1
1026,2387,BV1yFsRzMEJk,1,BV1HA4m1V7mc,1,0.46845,2
1026,4209,BV1yFsRzMEJk,1,BV1zfNSe5ELh,1,0.43201,4
1026,4739,BV1yFsRzMEJk,1,BV1e4aPzAEiu,1,0.44537,3
1027,3131,BV1sVxNzgEdP,1,BV1uP1rYHEVo,1,0.43331,1
1027,4710,BV1sVxNzgEdP,1,BV1tHatz9EjT,1,0.43001,2
1027,4801,BV1sVxNzgEdP,1,BV15rhQzNEz5,1,0.42051,4
1027,5393,BV1sVxNzgEdP,1,BV1s3ZNBYE24,1,0.4278,3
1028,2731,BV1m1xAzzEvD,1,BV1VxiRY3EMY,1,0.35903,3
1028,3158,BV1m1xAzzEvD,1,BV1zqtVeAEQc,1,0.36881,2
1028,5308,BV1m1xAzzEvD,1,BV12qksBpEG1,1,0.46744,1
1028,5538,BV1m1xAzzEvD,1,BV1MhzfByEiw,1,0.33852,4
1029,1177,BV1UgxNz3EN3,1,BV1Xy421a71w,1,0.69195,1
1029,1356,BV1UgxNz3EN3,1,BV1Vc411x7gU,1,0.60486,3
1029,2756,BV1UgxNz3EN3,1,BV1nNzqYkE69,1,0.68206,1
1029,2911,BV1UgxNz3EN3,1,BV1WPmfYwEbQ,1,0.70055,1
1029,3869,BV1UgxNz3EN3,1,BV1DpdSYiEEU,1,0.53926,1
1029,4279,BV1UgxNz3EN3,1,BV1E6F7ezEvL,1,0.65254,1
1029,4403,BV1UgxNz3EN3,1,BV1CDWCzrEfL,1,0.61534,3
1029,4751,BV1UgxNz3EN3,1,BV11ShozPEa1,1,0.68704,3
1029,5464,BV1UgxNz3EN3,1,BV1L4f3B6E46,1,0.52078,3
1029,5752,BV1UgxNz3EN3,1,BV1V1vvBGEDW,2,0.67786,4
1030,1995,BV1P3s7zKEXJ,1,BV1KJveeQEgf,1,0.40638,2
1030,2918,BV1P3s7zKEXJ,1,BV1Q1mdYiEpx,1,0.36985,3
1030,4735,BV1P3s7zKEXJ,1,BV19ZauzjEz3,1,0.37989,4
1031,2080,BV1s3s6zeEqf,1,BV1ps42137PN,1,0.50724,1
1031,4099,BV1s3s6zeEqf,1,BV1MHASeXERV,1,0.47196,2
1031,4126,BV1s3s6zeEqf,1,BV1KvAJeaEG7,1,0.47088,3
1031,4164,BV1s3s6zeEqf,1,BV11HAeeqEzp,1,0.44664,4
1031,5726,BV1s3s6zeEqf,1,BV1DpvaB8Ehf,1,0.34684,3
1032,1898,BV1Ccspz7Ebg,1,BV1hX4y1B7FD,1,0.47398,2
1032,2224,BV1Ccspz7Ebg,1,BV16m421L7RA,1,0.42693,4
1032,3549,BV1Ccspz7Ebg,1,BV1WtTDzQEpM,1,0.49515,4
1032,3603,BV1Ccspz7Ebg,1,BV1Ay7FzNEmH,1,0.55539,2
1032,3730,BV1Ccspz7Ebg,1,BV1d6VhzYEyj,1,0.49375,2
1032,3811,BV1Ccspz7Ebg,1,BV14DLDzLEng,1,0.41578,3
1032,3934,BV1Ccspz7Ebg,1,BV11NZVYFEc3,1,0.52564,4
1032,4247,BV1Ccspz7Ebg,1,BV15JNweiE9o,1,0.5525,1
1032,4986,BV1Ccspz7Ebg,1,BV1PhhGzzExU,1,0.47955,4
1032,5542,BV1Ccspz7Ebg,1,BV1jQZ7B9E1D,1,0.44498,4
1033,2622,BV142xczcEFG,1,BV1D4CCYxEkU,1,0.41138,4
1033,2768,BV142xczcEFG,1,BV1hmzSYaEF8,1,0.39507,4
1033,2792,BV142xczcEFG,1,BV1X8zRYEE12,1,0.39867,1
1033,3667,BV142xczcEFG,1,BV1EvJVzvEDd,1,0.45526,3
1033,4772,BV142xczcEFG,1,BV1N5YDzQEs9,1,0.41772,4
1033,5645,BV142xczcEFG,1,BV1AxzzBjEeK,1,0.52172,1
1034,1168,BV1x8xPzzEfz,1,BV132421c76L,1,0.35128,3
1034,1927,BV1x8xPzzEfz,1,BV1Vp4y1P7ee,1,0.42423,4
1034,2437,BV1x8xPzzEfz,1,BV1uuUKBHE6P,1,0.38634,3
1034,2840,BV1x8xPzzEfz,1,BV1Edz8YsErv,1,0.3485,2
1034,5029,BV1x8xPzzEfz,1,BV1gitwzyEKD,1,0.42967,3
1034,5732,BV1x8xPzzEfz,1,BV1DDmeBAEnQ,1,0.46933,1
1034,5735,BV1x8xPzzEfz,1,BV1PzvoBdEmL,1,0.42981,2
1035,3493,BV1uExFzhErA,1,BV1hBM2zpEsr,1,0.38121,1
1035,4258,BV1uExFzhErA,1,BV1HHFCemECP,1,0.38018,2
1035,5111,BV1uExFzhErA,1,BV1gmhPzdEKa,1,0.33922,4
1035,5371,BV1uExFzhErA,1,BV18wf1BRE1i,2,0.34977,1
1036,1876,BV1hUsGzvEWm,1,BV1G94y1Y7hK,1,0.43067,2
1036,3703,BV1hUsGzvEWm,1,BV1vFETz3ESw,1,0.49481,2
1036,4351,BV1hUsGzvEWm,1,BV1T6fJYsE1Y,1,0.47291,4
1036,5706,BV1hUsGzvEWm,1,BV1aZqMBKE6Z,1,0.49952,1
1037,1048,BV13TsWzAEDz,1,BV1s5n7zbERe,1,0.88756,1
1037,3195,BV13TsWzAEDz,1,BV1cFxqefEp3,1,0.94851,1
1037,4879,BV13TsWzAEDz,1,BV1azeFzxEJF,1,0.92469,1
1037,4892,BV13TsWzAEDz,1,BV1TAY2zCE8E,1,0.777,3
1037,5243,BV13TsWzAEDz,1,BV1HmuxzUEw2,1,0.90441,1
1038,1766,BV1wcsnz6EiD,1,BV11G411m7uX,1,0.44729,1
1038,2394,BV1wcsnz6EiD,1,BV12v421C7X1,1,0.48088,1
1038,2443,BV1wcsnz6EiD,1,BV1JsULBAED5,1,0.45269,1
1038,2742,BV1wcsnz6EiD,1,BV1HUq7Y9Erj,1,0.34671,4
1038,3004,BV1wcsnz6EiD,1,BV1pYSJYdEN8,1,0.40441,4
1038,3258,BV1wcsnz6EiD,1,BV1Ekt4eTEqD,1,0.3873,3
1038,3428,BV1wcsnz6EiD,1,BV1FSmcBRE6d,1,0.4281,3
1038,3474,BV1wcsnz6EiD,1,BV1QiNxzHEL2,1,0.41371,4
1038,3610,BV1wcsnz6EiD,1,BV1oqjBzbEY8,1,0.50936,1
1038,3777,BV1wcsnz6EiD,1,BV1pSGUz4E5U,1,0.36673,4
1038,3846,BV1wcsnz6EiD,1,BV1SE5zzCEEF,1,0.47941,1
1038,4429,BV1wcsnz6EiD,1,BV1114UzcEu6,1,0.43678,2
1038,5178,BV1wcsnz6EiD,1,BV1X7b1zzEZs,1,0.47506,1
1038,5559,BV1wcsnz6EiD,1,BV1HYcezQEQx,1,0.45659,1
1038,5759,BV1wcsnz6EiD,1,BV1s322BsEXg,1,0.38263,3
1038,5819,BV1wcsnz6EiD,1,BV1YAqVBEEEk,1,0.46752,1
1039,1069,BV1eNs5zkE7p,1,BV1C8s7eCE8J,1,0.42547,3
1039,3198,BV1eNs5zkE7p,1,BV1XkxJeKEfh,1,0.37039,3
1039,3276,BV1eNs5zkE7p,1,BV1YWtYeCE13,1,0.43801,2
1039,3577,BV1eNs5zkE7p,1,BV15hE2zWERT,1,0.4485,1
1039,3720,BV1eNs5zkE7p,1,BV1tNVPzkEs1,1,0.4047,1
1040,1166,BV1MKsJz7EEP,1,BV1JK42117R5,1,0.48355,3
1040,1470,BV1MKsJz7EEP,1,BV1R64y1J7wJ,1,0.4666,4
1040,1508,BV1MKsJz7EEP,1,BV1kC4y1M7Du,1,0.41303,1
1040,2060,BV1MKsJz7EEP,1,BV1sT421e7be,1,0.51181,1
1040,5142,BV1MKsJz7EEP,1,BV11ghwzGEo6,1,0.3908,1
1040,5437,BV1MKsJz7EEP,1,BV1HXZZBLE8r,1,0.54826,1
1040,5831,BV1MKsJz7EEP,1,BV1hFUfBMECP,1,0.38095,2
1040,5842,BV1MKsJz7EEP,1,BV1EYSqBFE1T,1,0.41734,3
1041,1174,BV19j4HzNEYV,1,BV18t421W73D,1,0.42554,3
1041,2488,BV19j4HzNEYV,1,BV1xPCGBnEs2,1,0.43954,1
1041,3468,BV19j4HzNEYV,1,BV1CN73z8EaG,1,0.3878,3
1041,4410,BV19j4HzNEYV,1,BV1i14JzqEfv,1,0.43779,2
1041,4694,BV19j4HzNEYV,1,BV1aVYVzoE6P,1,0.4099,4
1042,2546,BV1gTsHzsERr,1,BV1XscnegEpH,1,0.37738,4
1042,3482,BV1gTsHzsERr,1,BV1k1NYzbEGt,1,0.38218,3
1043,3009,BV1qtnmzwExb,1,BV1WsS7YWE6Z,1,0.42513,1
1043,3950,BV1qtnmzwExb,1,BV1bqZVYMEk1,1,0.41661,2
1043,4135,BV1qtnmzwExb,1,BV19vAzeAEeo,1,0.40256,3
1044,1149,BV17BxrzfEAo,1,BV1x2421c7jD,1,0.4822,1
1044,3507,BV17BxrzfEAo,1,BV12wTLzQE7Q,1,0.46028,2
1044,4686,BV17BxrzfEAo,1,BV1bRe4zFEnL,1,0.42813,4
1044,4773,BV17BxrzfEAo,1,BV1eweBzNEzB,1,0.44663,3
1044,5643,BV17BxrzfEAo,1,BV1iukaBREGK,1,0.36961,3
1044,5710,BV17BxrzfEAo,1,BV1tVqmBzEPm,1,0.45283,3
1045,2917,BV1WTxgzUEYn,1,BV14ZmZYKEJv,1,0.49346,1
1045,4899,BV1WTxgzUEYn,1,BV1XEBMYjETQ,1,0.43877,1
1046,1103,BV1U5sGzZEVa,1,BV1WH4y1E72P,1,0.48327,1
1046,1808,BV1U5sGzZEVa,1,BV1DM41197je,1,0.48602,2
1046,2000,BV1U5sGzZEVa,1,BV148V7eWE2D,1,0.45883,4
1046,2059,BV1U5sGzZEVa,1,BV1n7421o79a,1,0.49882,2
1046,2525,BV1U5sGzZEVa,1,BV1Dn6EYkEm3,1,0.65661,2
1046,2667,BV1U5sGzZEVa,1,BV1XnkvYeEko,1,0.52383,1
1046,2933,BV1U5sGzZEVa,1,BV1tFmbYpEPw,1,0.5119,3
1046,3111,BV1U5sGzZEVa,1,BV1DQ2MYAE8s,1,0.49117,1
1046,3296,BV1U5sGzZEVa,1,BV1KKtNepEXH,1,0.57769,2
1046,4122,BV1U5sGzZEVa,1,BV12sAferEFL,1,0.59916,2
1046,4747,BV1U5sGzZEVa,1,BV1PmaLzEEeN,1,0.6001,1
1046,5067,BV1U5sGzZEVa,1,BV18ztmzuEdK,1,0.66154,2
1046,5114,BV1U5sGzZEVa,1,BV1eghWzQEEQ,1,0.55597,4
1047,1669,BV173xBzSEjH,1,BV1n34y1w72L,1,0.49795,1
1047,2216,BV173xBzSEjH,1,BV1Hq421F79e,1,0.41391,2
1047,4740,BV173xBzSEjH,1,BV1bPaJzPERr,1,0.35994,3
1048,2073,BV1s5n7zbERe,1,BV18J4m1g765,1,0.81396,2
1048,3195,BV1s5n7zbERe,1,BV1cFxqefEp3,1,0.86977,3
1048,4562,BV1s5n7zbERe,1,BV1QrnbzzEoF,1,0.65045,3
1048,4732,BV1s5n7zbERe,1,BV1F2a3zYECH,1,0.83106,4
1048,4892,BV1s5n7zbERe,1,BV1TAY2zCE8E,1,0.78633,2
1048,5758,BV1s5n7zbERe,1,BV1AyBCBdEPq,1,0.87434,2
1049,1661,BV1HrsnzGEAg,1,BV1du4y1G72s,1,0.4256,2
1049,1947,BV1HrsnzGEAg,1,BV19v4y1W7x1,1,0.50532,2
1049,2292,BV1HrsnzGEAg,1,BV11i421Z71k,1,0.49128,1
1049,2500,BV1HrsnzGEAg,1,BV1r3w6eyEvp,1,0.36458,2
1049,3066,BV1HrsnzGEAg,1,BV1FJCSYxE2K,1,0.42004,3
1049,3537,BV1HrsnzGEAg,1,BV1tGTvz2EiE,1,0.50252,2
1049,5302,BV1HrsnzGEAg,1,BV1Y6Pvz2EpF,1,0.60268,1
1049,5496,BV1HrsnzGEAg,1,BV1kkUDBiEgN,1,0.42135,4
1049,5526,BV1HrsnzGEAg,1,BV1vA6wB8E7D,1,0.35106,4
1049,5585,BV1HrsnzGEAg,1,BV1zaFZz2EtZ,1,0.37345,1
1049,5623,BV1HrsnzGEAg,1,BV1g26CBGEax,1,0.38036,2
1049,5650,BV1HrsnzGEAg,1,BV1QCkYBnEsM,1,0.41109,2
1049,5665,BV1HrsnzGEAg,1,BV1z2BDBqE11,1,0.48104,1
1049,5782,BV1HrsnzGEAg,1,BV17mUZBjEgG,1,0.39769,3
1050,4238,BV1Z5sVz2EPJ,1,BV1jRNpeAE8j,1,0.39635,1
1050,5203,BV1Z5sVz2EPJ,1,BV1CPM9zZEjt,1,0.36945,4
1050,5337,BV1Z5sVz2EPJ,1,BV13MNwzWEzT,1,0.36626,1
1050,5719,BV1Z5sVz2EPJ,1,BV16QikB5ECA,1,0.37579,3
1051,2686,BV1V1sGzqEHk,1,BV1pzB7Y9ETx,1,0.35272,1
1051,2955,BV1V1sGzqEHk,1,BV1QVD2Y7EHo,1,0.32361,2
1051,3003,BV1V1sGzqEHk,1,BV1rBSgYhETr,1,0.31446,4
1051,3332,BV1V1sGzqEHk,1,BV1QqpbeSEoc,1,0.31622,3
1052,3479,BV1busGzwEdz,1,BV1RsTBzNEqG,1,0.40488,2
1052,3696,BV1busGzwEdz,1,BV1brVozZEix,1,0.38756,3
1052,4218,BV1busGzwEdz,1,BV159NXeLEFK,1,0.38501,4
1053,3716,BV1QexdzoEQS,1,BV1DDVQzjEZY,1,0.562,1
1054,1857,BV13Rs5zuEPL,1,BV1WN4y1y7AS,1,0.42974,2
1054,2361,BV13Rs5zuEPL,1,BV1ZZ42117L2,1,0.45941,2
1054,3944,BV13Rs5zuEPL,1,BV11mZLYuEE1,1,0.45099,2
1055,1643,BV1mTW1zUEJ8,1,BV1Bg4y1f7wU,1,0.43399,2
1055,1900,BV1mTW1zUEJ8,1,BV1p54y1Y7MB,1,0.45318,1
1055,2927,BV1mTW1zUEJ8,1,BV1WnUTYpETm,1,0.40755,2
1056,1368,BV199stzjEqH,1,BV1XN4y1i7iz,1,0.50623,1
1056,1497,BV199stzjEqH,1,BV1UC4y1M7LA,1,0.32042,4
1056,2099,BV199stzjEqH,1,BV1Vi421Q7L9,1,0.52858,1
1056,4472,BV199stzjEqH,1,BV147H5z9Ese,1,0.51171,3
1056,4884,BV199stzjEqH,1,BV1GhbhzeELZ,1,0.42496,4
1056,5167,BV199stzjEqH,1,BV1HY38zaEJz,1,0.51811,2
1057,2373,BV1yWs4eBEhw,1,BV1sj421D7q2,1,0.36772,3
1057,3359,BV1yWs4eBEhw,1,BV13jHye4EkR,1,0.488,1
1057,4374,BV1yWs4eBEhw,1,BV1U5mmBNEfW,1,0.31913,4
1057,4482,BV1yWs4eBEhw,1,BV175xMzKEiH,1,0.47748,1
1057,5169,BV1yWs4eBEhw,1,BV1B934znE6T,1,0.48387,3
1057,5818,BV1yWs4eBEhw,1,BV1ZbqpBHEHW,1,0.58199,1
1058,2946,BV1Lws4eXEKz,1,BV1yLDkY8Ev6,1,0.47677,1
1058,4886,BV1Lws4eXEKz,1,BV1pXYyzhEMy,1,0.35958,4
1058,4906,BV1Lws4eXEKz,1,BV1Xk8RzTEZg,1,0.49474,1
1058,5443,BV1Lws4eXEKz,1,BV19xFszrERr,1,0.46292,1
1059,3074,BV15M411M7Uq,1,BV1CpyNYBEWT,1,0.39296,4
1059,3084,BV15M411M7Uq,1,BV1MNmMYbEYQ,1,0.44319,1
1059,3513,BV15M411M7Uq,1,BV1JGMgzeEqT,1,0.41843,2
1059,4540,BV15M411M7Uq,1,BV1M9nJz6Ec6,1,0.3447,2
1059,4647,BV15M411M7Uq,1,BV1EAYLzGE4f,1,0.40663,3
1060,2407,BV1eV4y197Fc,1,BV1Fj421X734,1,0.37228,1
1060,2926,BV1eV4y197Fc,1,BV1GBUNYAE2v,1,0.35551,4
1060,4720,BV1eV4y197Fc,1,BV14MahzcEab,1,0.35865,3
1060,5755,BV1eV4y197Fc,1,BV1W7m3B4E1e,1,0.35912,2
1061,2053,BV19csse1EiL,1,BV1d4VveEEwS,1,0.43099,1
1061,2137,BV19csse1EiL,1,BV1cT4y197kA,1,0.355,4
1061,2188,BV19csse1EiL,1,BV1A142167ri,1,0.38709,2
1061,4271,BV19csse1EiL,1,BV1CoFXeyEnk,1,0.3655,3
1062,1063,BV1JusWeHExp,1,BV1mzsjemE2w,1,0.42404,2
1062,1284,BV1JusWeHExp,1,BV1kQ4y1j7sy,1,0.48248,1
1062,4178,BV1JusWeHExp,1,BV154A5eYEWG,1,0.41597,3
1062,5761,BV1JusWeHExp,1,BV116bKznERC,1,0.41391,2
1063,1253,BV1mzsjemE2w,1,BV1NV411X7uC,1,0.39363,4
1063,1960,BV1mzsjemE2w,1,BV1534y1T7vH,1,0.50441,1
1063,3711,BV1mzsjemE2w,1,BV1bdVhzpEWM,1,0.4912,1
1063,4079,BV1mzsjemE2w,1,BV1gR9gYsExL,1,0.45161,3
1063,4233,BV1mzsjemE2w,1,BV1ZKP2eFE6A,1,0.44932,4
1063,4535,BV1mzsjemE2w,1,BV1bWHFzpEiE,1,0.37934,2
1064,1992,BV18VWaeoE3x,1,BV1PkkmBEEJM,1,0.47132,3
1064,2045,BV18VWaeoE3x,1,BV1f434ebExn,1,0.54162,1
1064,3199,BV18VWaeoE3x,1,BV1j4xweWEnf,1,0.44637,2
1064,3541,BV18VWaeoE3x,1,BV1ipTKz7ECW,1,0.4821,2
1064,5190,BV18VWaeoE3x,1,BV19f3Lz7EXp,1,0.4619,4
1064,5334,BV18VWaeoE3x,1,BV1bgwizuEvT,1,0.40341,2
1065,1208,BV1Vgs7e4EAV,1,BV1DH4y1a7zu,1,0.50012,3
1065,2863,BV1Vgs7e4EAV,1,BV1wTU9YUEPa,1,0.4334,3
1065,2882,BV1Vgs7e4EAV,1,BV1e6mZYmE2m,1,0.48562,4
1065,3126,BV1Vgs7e4EAV,1,BV1Z91yYCEFi,1,0.54786,1
1065,4840,BV1Vgs7e4EAV,1,BV1hiYWzQELK,1,0.57535,1
1065,4921,BV1Vgs7e4EAV,1,BV1QBtSzmEHp,1,0.47728,3
1066,1298,BV1uwW2eaEWG,1,BV1mi4y1h7fK,1,0.42639,2
1066,1606,BV1uwW2eaEWG,1,BV1XG411Y7Qq,1,0.41942,4
1066,4777,BV1uwW2eaEWG,1,BV17MhqzhEhn,1,0.42314,3
1066,5018,BV1uwW2eaEWG,1,BV1qjbLzZEP4,1,0.4387,1
1066,5767,BV1uwW2eaEWG,1,BV1VyBdB5EDi,1,0.35575,2
1067,2343,BV1C2s5eNEGR,1,BV1pJ4m1Y7kw,1,0.39534,1
1067,3834,BV1C2s5eNEGR,1,BV1H15fzoEQE,1,0.39675,3
1067,5101,BV1C2s5eNEGR,1,BV1hVtGzgEEA,1,0.44967,1
1068,1212,BV1XQs7etEhf,1,BV16C4y1e7nJ,1,0.86558,2
1068,1379,BV1XQs7etEhf,1,BV18V41197dD,1,0.9286,3
1068,2665,BV1XQs7etEhf,1,BV1VDC5Y7E6K,1,0.92208,4
1068,2944,BV1XQs7etEhf,1,BV174D6YLEet,1,0.94746,1
1068,3329,BV1XQs7etEhf,1,BV1SVHQerEz9,1,0.94352,2
1068,5243,BV1XQs7etEhf,1,BV1HmuxzUEw2,1,0.89027,3
1068,5606,BV1XQs7etEhf,1,BV1qJFizLEHZ,2,0.90821,2
1068,5778,BV1XQs7etEhf,1,BV1fkBNBkEoC,1,0.86038,3
1069,1115,BV1C8s7eCE8J,1,BV1mC411x7AK,1,0.47045,2
1069,3101,BV1C8s7eCE8J,1,BV1Ji2YYnEDQ,1,0.46459,4
1069,3198,BV1C8s7eCE8J,1,BV1XkxJeKEfh,1,0.46184,1
1069,4019,BV1C8s7eCE8J,1,BV1ckReYyEXy,1,0.47288,1
1070,4297,BV1agsLeUEch,1,BV1xQfWYaE3a,1,0.32621,4
1070,5286,BV1agsLeUEch,1,BV1Nx3CzyEJH,1,0.34089,2
1071,1224,BV1vYW2egEc3,1,BV1Zg4y1e74j,1,0.46965,4
1071,2511,BV1vYW2egEc3,1,BV1c9cReJEkn,1,0.51816,1
1071,3951,BV1vYW2egEc3,1,BV1v2o9Y8EfR,1,0.39761,3
1071,4275,BV1vYW2egEc3,1,BV1Y1FmemEBP,1,0.49177,2
1071,5490,BV1vYW2egEc3,1,BV1y9ZDBhEtZ,1,0.48667,3
1072,3798,BV1VVW1eNE5U,1,BV1sSLqzBEYq,1,0.34131,4
1072,4023,BV1VVW1eNE5U,1,BV1iGRpYvEa4,1,0.35617,3
1072,5314,BV1VVW1eNE5U,1,BV1KawWziEUT,1,0.42712,1
1072,5356,BV1VVW1eNE5U,1,BV1t3AQzmEha,1,0.35969,2
1073,1521,BV1X1WEetEsH,1,BV1wj411W71Z,1,0.39401,3
1073,1920,BV1X1WEetEsH,1,BV1aF411U7fA,1,0.40995,2
1073,1974,BV1X1WEetEsH,1,BV1Z34y1K7bu,1,0.38482,4
1074,2476,BV1X4WkeZEfY,1,BV1yECTBvEBp,1,0.46028,2
1074,2808,BV1X4WkeZEfY,1,BV1z36wYyEcX,1,0.43092,2
1074,3736,BV1X4WkeZEfY,1,BV1AcVzzAEqU,1,0.3453,4
1074,4858,BV1X4WkeZEfY,1,BV1ncYfzYE4F,1,0.33951,4
1074,4940,BV1X4WkeZEfY,1,BV1pV8qzPEzG,1,0.43003,3
1074,5103,BV1X4WkeZEfY,1,BV1Cqh5zGE17,1,0.46177,2
1075,1968,BV1spWrekEbL,1,BV1bp4y1K7EU,1,0.54961,1
1075,2343,BV1spWrekEbL,1,BV1pJ4m1Y7kw,1,0.35491,3
1075,3130,BV1spWrekEbL,1,BV1Wi16Y6ED4,1,0.41486,3
1075,4246,BV1spWrekEbL,1,BV1a1NcefE36,1,0.45911,3
1075,4470,BV1spWrekEbL,1,BV1CqxLzYEfh,1,0.50573,2
1075,5623,BV1spWrekEbL,1,BV1g26CBGEax,1,0.39413,1
1076,1735,BV1TdWzeGEbT,1,BV1RP41127Q6,1,0.41641,3
1076,4198,BV1TdWzeGEbT,1,BV1rqKpeBExU,1,0.45654,4
1076,5490,BV1TdWzeGEbT,1,BV1y9ZDBhEtZ,1,0.53975,1
1077,1995,BV1cx4y1z7hJ,1,BV1KJveeQEgf,1,0.49085,2
1077,2654,BV1cx4y1z7hJ,1,BV14KCPYqEV5,1,0.55677,1
1077,2899,BV1cx4y1z7hJ,1,BV1gqUvYLEby,1,0.39751,4
1077,5536,BV1cx4y1z7hJ,1,BV1qd6cBNERK,1,0.46036,4
1078,1458,BV1PD421T7oS,1,BV1XW4y1P7YN,1,0.44149,1
1078,1767,BV1PD421T7oS,1,BV1tH4y167uN,1,0.38424,4
1078,3596,BV1PD421T7oS,1,BV1h6jpzGEcb,1,0.40503,2
1079,1368,BV1Xz421o7Ku,1,BV1XN4y1i7iz,1,0.45831,3
1079,4884,BV1Xz421o7Ku,1,BV1GhbhzeELZ,1,0.46015,2
1079,5113,BV1Xz421o7Ku,1,BV11KhpzeEBm,1,0.38857,1
1080,3601,BV15Z421B7uV,1,BV1HRjuzsEkc,1,0.38898,3
1080,4856,BV15Z421B7uV,1,BV1ure8ziEgD,1,0.43242,2
1080,5483,BV15Z421B7uV,1,BV1ZPcszSEA2,1,0.43607,1
1081,3536,BV1mx4y1h71T,1,BV1cuT1z8EAx,1,0.41895,3
1081,3849,BV1mx4y1h71T,1,BV1FJoFYJEM4,1,0.40578,3
1081,4767,BV1mx4y1h71T,1,BV1yFaVzkE3F,1,0.38453,2
1082,1131,BV1Yx4y1a7iz,1,BV1mF4m1T7oU,1,0.44326,2
1082,3188,BV1Yx4y1a7iz,1,BV1RzxbeFEyE,1,0.45222,1
1082,4336,BV1Yx4y1a7iz,1,BV13jfoYvEFV,1,0.42909,4
1082,5557,BV1Yx4y1a7iz,1,BV19FFgzAEUu,1,0.43247,1
1083,2094,BV1Ep421y7sK,1,BV1xf42117v8,1,0.49098,1
1083,2519,BV1Ep421y7sK,1,BV1Xww5eREnf,1,0.4316,2
1083,2557,BV1Ep421y7sK,1,BV17hc7e6Eer,1,0.57891,4
1083,3446,BV1Ep421y7sK,1,BV13wN8zwEGH,1,0.46031,1
1083,4594,BV1Ep421y7sK,1,BV1ycpdzzEYS,1,0.571,3
1083,4907,BV1Ep421y7sK,1,BV1ndbJzmEME,1,0.47055,3
1083,4991,BV1Ep421y7sK,1,BV1AYt2zsEBe,1,0.71994,1
1083,5016,BV1Ep421y7sK,1,BV1U487zXEpF,1,0.58432,2
1084,1458,BV1dj421R7QX,1,BV1XW4y1P7YN,1,0.43234,4
1084,2242,BV1dj421R7QX,1,BV12u4m1g7qa,1,0.39283,4
1084,2511,BV1dj421R7QX,1,BV1c9cReJEkn,1,0.43493,3
1084,3721,BV1dj421R7QX,1,BV1QW5Vz5EWX,1,0.45829,1
1085,1827,BV1Vx421U7TZ,1,BV1WG41127mP,1,0.51053,4
1085,2542,BV1Vx421U7TZ,1,BV1zKCrYAECm,1,0.52711,2
1085,4016,BV1Vx421U7TZ,1,BV16jQJYsELp,1,0.5109,3
1086,1844,BV1eC411575m,1,BV1Ab4y1p7aN,1,0.45132,1
1086,4615,BV1eC411575m,1,BV1Dr421K7s4,1,0.40716,3
1087,1800,BV1gx4y1e7J2,1,BV1yB4y1d7KL,1,0.3976,2
1087,2116,BV1gx4y1e7J2,1,BV1xf421m7Ni,1,0.40429,2
1087,2643,BV1gx4y1e7J2,1,BV1tYqmYjEKD,1,0.37679,3
1087,2991,BV1gx4y1e7J2,1,BV1cZSnYbEd5,1,0.39869,3
1087,4101,BV1gx4y1e7J2,1,BV1nJNkeZEUx,1,0.4308,1
1087,4130,BV1gx4y1e7J2,1,BV1QGPMerE4c,1,0.38645,1
1088,3620,BV1Nz421Z7V2,1,BV1TvjUzrEim,1,0.43543,1
1088,4778,BV1Nz421Z7V2,1,BV1VjeHzDEdS,1,0.38089,2
1088,5084,BV1Nz421Z7V2,1,BV16Ch5zME5r,1,0.42099,1
1089,1522,BV1rH4y1s7uG,1,BV1Z94y1A76y,1,0.47132,3
1089,2348,BV1rH4y1s7uG,1,BV1WS421A7wT,1,0.44894,1
1089,4276,BV1rH4y1s7uG,1,BV1EJFTeVEUj,1,0.48038,1
1089,4308,BV1rH4y1s7uG,1,BV1qWFtecEHF,1,0.4721,2
1089,5213,BV1rH4y1s7uG,1,BV1LQudztE1E,1,0.46954,3
1090,1667,BV1r2421A7xs,1,BV1Gu4y1A7Ms,1,0.39663,4
1090,3171,BV1r2421A7xs,1,BV1SP4geNEv1,1,0.47439,2
1090,5472,BV1r2421A7xs,1,BV1GYZqBBEb1,1,0.47127,3
1091,1440,BV1Ku4m1K7Hs,1,BV1he411r72y,1,0.41338,2
1091,1760,BV1Ku4m1K7Hs,1,BV1NQ4y187NK,1,0.37974,4
1091,2331,BV1Ku4m1K7Hs,1,BV1Vx4y1r7yY,1,0.40269,4
1091,5135,BV1Ku4m1K7Hs,1,BV1o386zwE5D,1,0.39475,1
1091,5366,BV1Ku4m1K7Hs,1,BV1LBP5ztEAP,1,0.42072,1
1092,1138,BV1SA4m1V7oZ,1,BV13x4y1178k,1,0.37966,1
1092,1856,BV1SA4m1V7oZ,1,BV1fp4y1M79a,1,0.34242,3
1092,3658,BV1SA4m1V7oZ,1,BV186JtztET6,1,0.32004,4
1092,4592,BV1SA4m1V7oZ,1,BV1cGWuzzEKZ,1,0.36613,2
1093,1257,BV14p421R7p1,1,BV1qw41157in,1,0.48943,1
1093,1342,BV14p421R7p1,1,BV1hK411Y7pP,1,0.50429,1
1093,2694,BV14p421R7p1,1,BV164qZYcEvK,1,0.54155,3
1093,3398,BV14p421R7p1,1,BV1DRHMe9Ejg,1,0.54062,4
1093,3702,BV14p421R7p1,1,BV14sE3z6EaM,1,0.55816,2
1093,4209,BV14p421R7p1,1,BV1zfNSe5ELh,1,0.46686,2
1093,4570,BV14p421R7p1,1,BV1q9JyzXEX7,1,0.56398,1
1094,1568,BV1r2421c7Ka,1,BV1A94y1P7Tx,1,0.57186,4
1094,2341,BV1r2421c7Ka,1,BV1pH4y1a7uP,1,0.4497,3
1094,2451,BV1r2421c7Ka,1,BV1j9ycB3ENV,1,0.60967,2
1094,3343,BV1r2421c7Ka,1,BV16Tp3e7En6,1,0.66241,1
1094,4749,BV1r2421c7Ka,1,BV1kaajz7EkA,1,0.60132,3
1095,1316,BV1hm411Q71W,1,BV1t5411v7WB,1,0.37247,2
1095,1571,BV1hm411Q71W,1,BV1TN4y1a7xP,1,0.39163,4
1095,2158,BV1hm411Q71W,1,BV1Nw4m1y7eX,1,0.43232,3
1095,3952,BV1hm411Q71W,1,BV1BXRVYjEKN,1,0.44143,1
1095,4087,BV1hm411Q71W,1,BV1iP9GYTEME,1,0.44996,1
1095,4444,BV1hm411Q71W,1,BV18w4nzdEdc,1,0.32485,4
1096,2975,BV15m411X7hY,1,BV1muDMYiEYV,1,0.5798,2
1096,3032,BV15m411X7hY,1,BV1jR1HY1EGU,1,0.49794,4
1096,3529,BV15m411X7hY,1,BV1kfM5zmEK1,1,0.49376,2
1096,4439,BV15m411X7hY,1,BV1ddH3zFEu2,1,0.55062,3
1096,5134,BV15m411X7hY,1,BV1NX8EzREuk,1,0.59032,1
1097,1546,BV1jU421o7s2,1,BV1hu4y1J7YV,1,0.45396,2
1097,2414,BV1jU421o7s2,1,BV1b6421M77u,1,0.50929,1
1097,4424,BV1jU421o7s2,1,BV16Z48zuEBR,1,0.39741,4
1097,4691,BV1jU421o7s2,1,BV1C9YGz6EwJ,1,0.4191,4
1097,5777,BV1jU421o7s2,1,BV1pKUnBSE47,1,0.48074,1
1098,4691,BV1kU421o7kU,1,BV1C9YGz6EwJ,1,0.3419,4
1098,4874,BV1kU421o7kU,1,BV1eqe3z4Eca,1,0.35308,1
1098,5154,BV1kU421o7kU,1,BV18383zzEPw,1,0.35152,2
1099,1300,BV176421u7Dq,1,BV19K41147Wv,1,0.49127,4
1099,2818,BV176421u7Dq,1,BV1nezHYqERH,1,0.62671,1
1099,3489,BV176421u7Dq,1,BV1VeMqzPE2m,1,0.50394,2
1099,5050,BV176421u7Dq,1,BV17qbNzeEGr,1,0.49269,3
1100,1776,BV1k6421u7AF,1,BV1NC4y1n78p,1,0.53446,2
1100,1914,BV1k6421u7AF,1,BV18u4y1z7Lw,1,0.43904,3
1100,2401,BV1k6421u7AF,1,BV12J4m1x7rD,1,0.50616,3
1100,4436,BV1k6421u7AF,1,BV1WU4NzuETi,1,0.49543,3
1100,5775,BV1k6421u7AF,1,BV1qrBGB4Ewe,1,0.42567,1
1101,1575,BV1XB421B7cW,1,BV1gi4y1a7v3,1,0.38568,2
1101,4193,BV1XB421B7cW,1,BV1zZAAerE1m,1,0.44676,2
1101,5483,BV1XB421B7cW,1,BV1ZPcszSEA2,1,0.44291,3
1102,3681,BV1XB421B7cW,2,BV114EazfEch,1,0.4794,1
1102,4669,BV1XB421B7cW,2,BV1Y3HXzGEuw,1,0.40702,2
1102,4771,BV1XB421B7cW,2,BV1ote3zaESx,1,0.32042,4
1102,5199,BV1XB421B7cW,2,BV1Js3WzCE43,1,0.39251,1
1102,5561,BV1XB421B7cW,2,BV1REcbzdEcf,1,0.39435,4
1103,2059,BV1WH4y1E72P,1,BV1n7421o79a,1,0.45998,2
1103,2116,BV1WH4y1E72P,1,BV1xf421m7Ni,1,0.45405,4
1103,3237,BV1WH4y1E72P,1,BV14Ft2eqEPc,1,0.43329,3
1103,4020,BV1WH4y1E72P,1,BV1f2QVYzE9g,1,0.4584,2
1104,2759,BV1AU421o7q7,1,BV1tsqpY1ER7,1,0.38884,4
1104,2770,BV1AU421o7q7,1,BV14KifY6EPE,1,0.38341,3
1104,4620,BV1AU421o7q7,1,BV1EFpmzMECk,1,0.44862,2
1104,5177,BV1AU421o7q7,1,BV1qTgtzmEGt,1,0.46168,3
1105,1730,BV1vt42187UA,1,BV1Tw411T7op,1,0.35919,2
1105,2767,BV1vt42187UA,1,BV1E1iqYeEJL,1,0.34248,4
1105,4643,BV1vt42187UA,1,BV1sQpjzwE7n,1,0.36157,1
1105,4733,BV1vt42187UA,1,BV1ujazzoEJa,1,0.35444,3
1106,1566,BV1GH4y1Y7uX,1,BV1Qp4y1o7hp,1,0.5211,1
1106,2184,BV1GH4y1Y7uX,1,BV1u142197qJ,1,0.49815,4
1106,2541,BV1GH4y1Y7uX,1,BV1g14y1T7oK,1,0.40768,2
1106,3273,BV1GH4y1Y7uX,1,BV13GtieUEku,1,0.50132,2
1106,3576,BV1GH4y1Y7uX,1,BV19QTjzTEbN,1,0.41253,3
1106,4214,BV1GH4y1Y7uX,1,BV1vgNXeyEsy,1,0.40923,4
1106,4652,BV1GH4y1Y7uX,1,BV1mMHyz3EM4,1,0.38792,4
1106,4779,BV1GH4y1Y7uX,1,BV1LCh9zrE5b,1,0.5075,1
1106,4855,BV1GH4y1Y7uX,1,BV12tehzPEP8,2,0.47192,1
1106,5239,BV1GH4y1Y7uX,1,BV19sutzGEof,1,0.43966,2
1106,5329,BV1GH4y1Y7uX,1,BV1mXfBBqEdt,1,0.35738,4
1107,2519,BV1di4y1H7kF,1,BV1Xww5eREnf,1,0.36873,4
1107,5062,BV1di4y1H7kF,1,BV1CgtVzcEwD,1,0.38438,3
1107,5467,BV1di4y1H7kF,1,BV1FRZvB1EtR,1,0.38936,2
1107,5515,BV1di4y1H7kF,1,BV1seZQBPE2j,1,0.40415,1
1108,1516,BV1Np421o7hJ,1,BV1NQ4y137U6,1,0.51979,3
1108,3327,BV1Np421o7hJ,1,BV1RWpiekEkU,1,0.51906,4
1108,3671,BV1Np421o7hJ,1,BV1pYE1zAEXy,1,0.52828,1
1108,3861,BV1Np421o7hJ,1,BV1CEdjYcEjP,1,0.47554,2
1108,4067,BV1Np421o7hJ,1,BV1xA9FYJEvJ,1,0.4465,2
1108,4206,BV1Np421o7hJ,1,BV1xuN6eoEDL,1,0.51623,2
1108,5369,BV1Np421o7hJ,1,BV1N3cqzeEzr,1,0.4308,3
1109,1338,BV1sJ4m1W7tL,1,BV1oK411872B,1,0.52079,1
1109,1841,BV1sJ4m1W7tL,1,BV1yP4y1M79k,1,0.47131,2
1109,3439,BV1sJ4m1W7tL,1,BV1d8UsBUE4n,1,0.46302,3
1109,4963,BV1sJ4m1W7tL,1,BV12Jt9zjEj2,1,0.4627,4
1110,1704,BV1Sx4y1C7AM,1,BV18Q4y1p7bm,1,0.46757,2
1110,2170,BV1Sx4y1C7AM,1,BV1or421E7un,1,0.46557,2
1110,2832,BV1Sx4y1C7AM,1,BV174zVYgEoi,1,0.40237,4
1110,3741,BV1Sx4y1C7AM,1,BV13WVzz7EP7,1,0.49217,1
1111,1913,BV12b4y1A76G,1,BV1qK4y1F7aH,1,0.55032,1
1111,3179,BV12b4y1A76G,1,BV1vUxve7Eup,1,0.44803,3
1111,3752,BV12b4y1A76G,1,BV1zZdZYyEVN,1,0.47276,1
1111,3779,BV12b4y1A76G,1,BV18VGmzAExL,1,0.4144,4
1111,4728,BV12b4y1A76G,1,BV1uoaNzaEe6,1,0.40781,2
1112,2344,BV12a4y1277m,1,BV1TZ421a74J,1,0.43503,1
1112,3210,BV12a4y1277m,1,BV1wnx7eCEdg,1,0.41879,2
1112,5166,BV12a4y1277m,1,BV15wgczTEGq,1,0.36013,1
1113,1186,BV1hu4m1K72t,1,BV1iy421a7vo,1,0.55179,1
1113,1384,BV1hu4m1K72t,1,BV1a94y1T7Sz,1,0.4965,3
1113,1606,BV1hu4m1K72t,1,BV1XG411Y7Qq,1,0.45683,2
1113,4050,BV1hu4m1K72t,1,BV1qpRKY9EbX,1,0.49545,4
1113,4510,BV1hu4m1K72t,1,BV1eCn9zLExc,1,0.50085,2
1114,1358,BV1F2421A7Hv,1,BV1We411n7KZ,1,0.44504,1
1114,1400,BV1F2421A7Hv,1,BV1NW4y1F7bh,1,0.4308,3
1114,3217,BV1F2421A7Hv,1,BV1U2x7eRERp,1,0.4367,2
1114,5818,BV1F2421A7Hv,1,BV1ZbqpBHEHW,1,0.39806,4
1115,2024,BV1mC411x7AK,1,BV12Lvpe9Eeu,2,0.49372,2
1115,3588,BV1mC411x7AK,1,BV1A872zcE3n,1,0.50186,2
1115,3857,BV1mC411x7AK,1,BV1dNoJY8EmM,1,0.40211,4
1115,3966,BV1mC411x7AK,1,BV1xeXkYNEGJ,1,0.50208,1
1115,5265,BV1mC411x7AK,1,BV18DuwzbEPX,1,0.48884,2
1116,1793,BV1mA4m1V7mG,1,BV1Xw411B7ue,1,0.42698,4
1116,4382,BV1mA4m1V7mG,1,BV1MvyjBzEFz,1,0.40523,3
1116,4975,BV1mA4m1V7mG,1,BV1bDtQz7E13,1,0.40919,3
1116,5063,BV1mA4m1V7mG,1,BV1mYbPz7Ee7,1,0.43771,2
1116,5227,BV1mA4m1V7mG,1,BV1jZM9zQEBg,1,0.45842,1
1116,5592,BV1mA4m1V7mG,1,BV1QNFGzqEVN,1,0.36773,4
1117,1337,BV1q7421N7TP,1,BV1Y64y1w7Wh,1,0.43046,2
1117,1653,BV1q7421N7TP,1,BV1V64y1j7Vx,1,0.44716,1
1117,1926,BV1q7421N7TP,1,BV1Gu4y1r7YC,1,0.43385,3
1118,1634,BV1y642137Sp,1,BV1Zb4y1L7na,1,0.55887,2
1118,1652,BV1y642137Sp,1,BV1wc41167KG,1,0.46944,1
1118,1796,BV1y642137Sp,1,BV1nw411w7BL,1,0.46038,3
1118,1916,BV1y642137Sp,1,BV1LP411b7bu,1,0.57493,1
1118,2936,BV1y642137Sp,1,BV1pAS2YwEsh,1,0.64288,1
1118,3280,BV1y642137Sp,1,BV13y42eCEBC,1,0.42662,3
1118,5326,BV1y642137Sp,1,BV11pAHzZEVF,1,0.50322,4
1119,2266,BV1PZ421S76G,1,BV1pv421r7X4,1,0.59929,1
1119,2506,BV1PZ421S76G,1,BV1W569YeEq1,1,0.52088,4
1119,3172,BV1PZ421S76G,1,BV1vF4jewEYN,1,0.53318,3
1119,5768,BV1PZ421S76G,1,BV1ZXBrBrEaC,1,0.57468,2
1120,1718,BV1wv42127Et,1,BV1iH4y1i73s,1,0.3892,2
1120,1725,BV1wv42127Et,1,BV1Jz4y1w7k7,1,0.39621,2
1120,2740,BV1wv42127Et,1,BV1bnzHYjEe4,1,0.41079,3
1120,4315,BV1wv42127Et,1,BV1rtfzYPED5,1,0.43822,3
1120,4827,BV1wv42127Et,1,BV1bmepzEEg1,1,0.42864,4
1121,1993,BV126421u7LD,1,BV1aoCsBYEUa,1,0.43454,2
1121,2818,BV126421u7LD,1,BV1nezHYqERH,1,0.47985,1
1121,3489,BV126421u7LD,1,BV1VeMqzPE2m,1,0.43309,3
1121,5839,BV126421u7LD,1,BV18TUQBJERZ,1,0.39378,4
1122,2470,BV1Ly421h7nv,1,BV1dPC1BbEN1,1,0.54738,1
1122,3122,BV1Ly421h7nv,1,BV1i74weWEuL,1,0.43101,4
1122,3334,BV1Ly421h7nv,1,BV1ZnHXeRE4r,1,0.52875,2
1122,3611,BV1Ly421h7nv,1,BV1tWjyzYESh,1,0.49488,3
1122,3651,BV1Ly421h7nv,1,BV1C9EdzbEPP,1,0.34945,4
1122,3899,BV1Ly421h7nv,1,BV1f5XAYyE4r,1,0.41419,2
1122,4701,BV1Ly421h7nv,1,BV1zhaGzaENu,1,0.41004,2
1122,4856,BV1Ly421h7nv,1,BV1ure8ziEgD,1,0.48029,2
1122,5413,BV1Ly421h7nv,1,BV1SJ6BBsEet,1,0.46444,1
1123,2389,BV1sU421d7A4,1,BV1pj421D7oE,1,0.42008,3
1123,4004,BV1sU421d7A4,1,BV1nSQKYsEQW,1,0.42811,2
1123,4009,BV1sU421d7A4,1,BV19uQpYdErb,1,0.43541,1
1124,1199,BV1hK421C7fQ,1,BV1vm41197mE,1,0.45255,2
1124,3066,BV1hK421C7fQ,1,BV1FJCSYxE2K,1,0.40086,4
1124,4332,BV1hK421C7fQ,1,BV1ehcweWEuq,1,0.38856,2
1124,4624,BV1hK421C7fQ,1,BV1mppwzRE3L,1,0.42015,3
1124,5694,BV1hK421C7fQ,1,BV1fpBLBTEeS,1,0.4596,1
1125,2424,BV1F2421A7se,1,BV1oJ4m1x7gk,1,0.37301,2
1125,3755,BV1F2421A7se,1,BV1WbVgznED7,1,0.5006,3
1125,4574,BV1F2421A7se,1,BV1z4JCzpE9v,1,0.49771,2
1125,5240,BV1F2421A7se,1,BV1KNuazkEva,1,0.43496,3
1125,5612,BV1F2421A7se,1,BV1ThFazpEq9,1,0.53092,2
1126,1300,BV1x7421N78a,1,BV19K41147Wv,1,0.40444,3
1126,2083,BV1x7421N78a,1,BV1eZ421s7yA,1,0.40439,4
1126,5104,BV1x7421N78a,1,BV1t8hxz2EBW,1,0.40861,2
1126,5203,BV1x7421N78a,1,BV1CPM9zZEjt,1,0.42113,1
1127,1245,BV1jU421o7P4,1,BV1o3411p7ct,1,0.36307,2
1127,2402,BV1jU421o7P4,1,BV1Nx4y1y7T9,1,0.35792,4
1127,5017,BV1jU421o7P4,1,BV1zQbPzNECW,1,0.47252,1
1128,1161,BV1DJ4m1s7Ki,1,BV1mJ4m147FA,1,0.43168,4
1128,1340,BV1DJ4m1s7Ki,1,BV1Ja4y1C7kv,1,0.39896,4
1128,1483,BV1DJ4m1s7Ki,1,BV1gc411k78d,1,0.36653,4
1128,2304,BV1DJ4m1s7Ki,1,BV1VH4y1p7Wm,1,0.52559,2
1128,3053,BV1DJ4m1s7Ki,1,BV1kyyLYPE1P,1,0.48623,3
1128,3068,BV1DJ4m1s7Ki,1,BV1qHCmYjErd,1,0.5597,1
1128,3435,BV1DJ4m1s7Ki,1,BV1rwSeBXELd,1,0.48488,4
1128,4013,BV1DJ4m1s7Ki,1,BV1sB9DYtEPQ,1,0.41306,1
1128,5004,BV1DJ4m1s7Ki,1,BV1ubtXzHEwg,1,0.39433,3
1128,5428,BV1DJ4m1s7Ki,1,BV1xCFizfE3m,1,0.40538,3
1129,1173,BV1D4421c73n,1,BV1EJ4m1t7wJ,1,0.42993,3
1129,1386,BV1D4421c73n,1,BV1RC4y1S77G,1,0.47903,4
1129,1587,BV1D4421c73n,1,BV1GQ4y137dC,1,0.49033,1
1129,1693,BV1D4421c73n,1,BV1Ua4y1U7pt,1,0.65887,1
1129,1922,BV1D4421c73n,1,BV1E3411M7Jb,1,0.4074,4
1129,2003,BV1D4421c73n,1,BV1Rt421n7Du,1,0.49548,4
1129,2278,BV1D4421c73n,1,BV1BZ421y7hb,1,0.53156,1
1129,2484,BV1D4421c73n,1,BV1acCtBBEzG,1,0.52075,3
1129,2514,BV1D4421c73n,1,BV1X3wEeNE4o,1,0.58634,2
1129,3321,BV1D4421c73n,1,BV1hmHLekEKg,1,0.57581,1
1129,3448,BV1D4421c73n,1,BV1mTg6zKEeE,1,0.55566,2
1129,3705,BV1D4421c73n,1,BV1cBVZzSEcU,1,0.4803,3
1129,3879,BV1D4421c73n,1,BV155ZrYZE8J,1,0.48531,2
1129,3973,BV1D4421c73n,1,BV1NPXNYcEtK,1,0.5713,1
1129,4220,BV1D4421c73n,1,BV1fsNQeLEHq,1,0.49188,2
1129,4301,BV1D4421c73n,1,BV1NtfnYHEFx,1,0.46369,4
1129,4643,BV1D4421c73n,1,BV1sQpjzwE7n,1,0.46237,2
1129,4916,BV1D4421c73n,1,BV1VLbazeEV3,1,0.48138,2
1129,5192,BV1D4421c73n,1,BV1g4bozAENs,1,0.47105,1
1129,5436,BV1D4421c73n,1,BV1T4ZKBGEZx,1,0.54924,1
1129,5546,BV1D4421c73n,1,BV1MiZHBHE2j,1,0.53872,4
1130,2074,BV1Ly421h7bM,1,BV1iz421b7jY,1,0.44774,3
1130,2481,BV1Ly421h7bM,1,BV1exCyBxEC8,1,0.5134,2
1130,2774,BV1Ly421h7bM,1,BV13jqnYVEx3,1,0.54833,1
1130,4614,BV1Ly421h7bM,1,BV1LCpizuEoP,1,0.45875,4
1130,4740,BV1Ly421h7bM,1,BV1bPaJzPERr,1,0.39035,1
1130,4776,BV1Ly421h7bM,1,BV1wihvzeEbv,1,0.42976,4
1130,5081,BV1Ly421h7bM,1,BV1PDtizAEYR,1,0.49677,3
1131,3188,BV1mF4m1T7oU,1,BV1RzxbeFEyE,1,0.43517,3
1131,4376,BV1mF4m1T7oU,1,BV1SWmMBREu5,1,0.45381,1
1131,4823,BV1mF4m1T7oU,1,BV1WkeUzmE2E,1,0.39799,4
1131,5247,BV1mF4m1T7oU,1,BV133GVziEhM,1,0.4243,4
1131,5841,BV1mF4m1T7oU,1,BV1zQUTBrE5D,1,0.35445,3
1132,1314,BV1xF4m1u75s,1,BV1Ze411J7an,1,0.46383,1
1132,2180,BV1xF4m1u75s,1,BV1Fm421W7vG,1,0.38284,4
1132,2845,BV1xF4m1u75s,1,BV1aNBRYkEuq,1,0.38901,3
1132,4647,BV1xF4m1u75s,1,BV1EAYLzGE4f,1,0.43037,2
1133,1255,BV1zC411z72w,1,BV1c5411y7Lx,1,0.42858,4
1133,2560,BV1zC411z72w,1,BV1UmrzYBEaM,1,0.43518,3
1133,2688,BV1zC411z72w,1,BV1f7kEYaEe6,1,0.43925,1
1133,3328,BV1zC411z72w,1,BV1qjpeezEjs,1,0.50267,1
1134,1524,BV1nH4y1Y7gu,1,BV1db4y1G7vH,1,0.46333,2
1134,2000,BV1nH4y1Y7gu,1,BV148V7eWE2D,1,0.48928,1
1134,2865,BV1nH4y1Y7gu,1,BV1B9BkYHEjW,1,0.46505,2
1134,4295,BV1nH4y1Y7gu,1,BV1RVFhevEeF,1,0.4571,2
1134,5319,BV1nH4y1Y7gu,1,BV161wyz7E9V,1,0.43065,1
1135,1290,BV1n6421u7eJ,1,BV1uG411B7QA,1,0.51194,2
1135,1920,BV1n6421u7eJ,1,BV1aF411U7fA,1,0.50241,4
1135,2642,BV1n6421u7eJ,1,BV1eJkZYeEAZ,1,0.50471,2
1135,3300,BV1n6421u7eJ,1,BV1STtueTE2L,1,0.54059,1
1135,4393,BV1n6421u7eJ,1,BV1en4qzmEoL,1,0.43831,2
1136,1281,BV1Fu4m1K7ih,1,BV1EK4y1r7Sz,1,0.33427,4
1136,4741,BV1Fu4m1K7ih,1,BV14wgLzYEiJ,1,0.42582,2
1136,4881,BV1Fu4m1K7ih,1,BV1XjY4zwEzh,1,0.35086,3
1136,5837,BV1Fu4m1K7ih,1,BV12UmEBEE4K,1,0.48461,1
1137,4600,BV1Xv421174j,1,BV1ftWLzQEh2,1,0.43717,3
1137,5238,BV1Xv421174j,1,BV1bV3Ez2Eyk,1,0.42393,4
1137,5529,BV1Xv421174j,1,BV1iUcszSE7x,1,0.46405,1
1139,3124,BV13t421W7Aq,1,BV11P2nY9E5Q,1,0.37205,3
1139,4211,BV13t421W7Aq,1,BV1RKNAePEKD,1,0.39103,2
1139,4931,BV13t421W7Aq,1,BV1yxTtz9Ey6,1,0.38566,3
1139,5688,BV13t421W7Aq,1,BV171vrBiEX6,1,0.41401,1
1140,2632,BV1Qy421a7jh,1,BV17VkZYBEQU,1,0.33675,3
1140,3693,BV1Qy421a7jh,1,BV12eEBzEEhg,1,0.3292,4
1141,2387,BV1kv421i7Rq,1,BV1HA4m1V7mc,1,0.35987,4
1141,3752,BV1kv421i7Rq,1,BV1zZdZYyEVN,1,0.37199,3
1141,3853,BV1kv421i7Rq,1,BV1HDorYuECE,1,0.32895,1
1141,3957,BV1kv421i7Rq,1,BV1roZPYYEqX,1,0.39678,1
1141,5475,BV1kv421i7Rq,1,BV12eZMB5EDa,1,0.37867,2
1142,1179,BV17B42167Bt,1,BV1c7421N7hw,1,0.44266,2
1142,3869,BV17B42167Bt,1,BV1DpdSYiEEU,1,0.43497,4
1142,4864,BV17B42167Bt,1,BV1pWYXzWE7x,1,0.45296,1
1142,5726,BV17B42167Bt,1,BV1DpvaB8Ehf,1,0.38011,1
1143,1805,BV1Su4m1N79w,1,BV1QQ4y1s7tH,1,0.36412,3
1143,3325,BV1Su4m1N79w,1,BV1nipteaEm2,1,0.40705,1
1143,4445,BV1Su4m1N79w,1,BV1rknjznE3A,1,0.37431,2
1144,2661,BV1kJ4m147pz,1,BV1M1kaYDE7D,1,0.36925,3
1144,4441,BV1kJ4m147pz,1,BV1TrgfzdE6V,1,0.36151,4
1144,5827,BV1kJ4m147pz,1,BV1DeUnB8ErT,1,0.44808,1
1145,1286,BV1BZ421U7DU,1,BV1mc411t7ar,1,0.59457,1
1145,2165,BV1BZ421U7DU,1,BV1xf421S7EE,1,0.40752,3
1145,2345,BV1BZ421U7DU,1,BV1kA4m1G762,1,0.49985,4
1145,2516,BV1BZ421U7DU,1,BV1b9wjeZE1R,1,0.55998,1
1145,4019,BV1BZ421U7DU,1,BV1ckReYyEXy,1,0.57892,2
1146,1688,BV1ry421h7nt,1,BV1dG411D7TM,1,0.6053,1
1146,2185,BV1ry421h7nt,1,BV1pi421C7wX,1,0.48744,1
1146,2335,BV1ry421h7nt,1,BV1Vz42197eP,1,0.54188,3
1146,3603,BV1ry421h7nt,1,BV1Ay7FzNEmH,1,0.58647,2
1146,3737,BV1ry421h7nt,1,BV1rvVczsEfe,1,0.56641,3
1146,4910,BV1ry421h7nt,1,BV1qWbJzzE4c,1,0.52473,4
1146,5221,BV1ry421h7nt,1,BV1LUu9zQERH,1,0.47942,2
1147,2861,BV13H4y1Y7b4,1,BV1AQB2YuENH,1,0.39603,3
1147,2972,BV13H4y1Y7b4,1,BV1i2D5YvEBB,1,0.35647,4
1147,3637,BV13H4y1Y7b4,1,BV1fcJ6zkEov,1,0.40046,1
1147,3704,BV13H4y1Y7b4,1,BV1KhVZzsEWw,1,0.3742,4
1147,3752,BV13H4y1Y7b4,1,BV1zZdZYyEVN,1,0.37426,4
1147,5475,BV13H4y1Y7b4,1,BV12eZMB5EDa,1,0.39778,2
1148,2758,BV1im411Q7TJ,1,BV1KdqAYXEoY,1,0.35723,4
1148,4117,BV1im411Q7TJ,1,BV1zMPxeMEFu,1,0.34689,3
1148,4473,BV1im411Q7TJ,1,BV1CzxLzwEph,1,0.3628,1
1148,5192,BV1im411Q7TJ,1,BV1g4bozAENs,1,0.36248,2
1148,5300,BV1im411Q7TJ,1,BV1pGAmzhEWb,1,0.36136,3
1149,1523,BV1x2421c7jD,1,BV1FW4y1F7qS,1,0.44715,1
1149,1878,BV1x2421c7jD,1,BV14p4y137hV,1,0.49219,3
1149,2236,BV1x2421c7jD,1,BV1Yt42137V1,1,0.42898,4
1149,3507,BV1x2421c7jD,1,BV12wTLzQE7Q,1,0.48268,4
1149,4294,BV1x2421c7jD,1,BV1JPFherEnF,1,0.49261,2
1149,5208,BV1x2421c7jD,1,BV1qBjSztEW9,1,0.54533,1
1150,1726,BV1JZ421U7YJ,1,BV1rc411R7jb,1,0.5445,1
1150,1920,BV1JZ421U7YJ,1,BV1aF411U7fA,1,0.48061,3
1150,3741,BV1JZ421U7YJ,1,BV13WVzz7EP7,1,0.46434,4
1150,5399,BV1JZ421U7YJ,1,BV1QVfkBSEYP,1,0.46367,3
1151,1462,BV1YF4m1T7sj,1,BV1iL4y1n7Ao,1,0.34098,4
1151,2059,BV1YF4m1T7sj,1,BV1n7421o79a,1,0.35187,2
1151,4899,BV1YF4m1T7sj,1,BV1XEBMYjETQ,1,0.3676,1
1151,5649,BV1YF4m1T7sj,1,BV1RczjBPE4W,1,0.34177,3
1152,1206,BV1Cp421o7MK,1,BV14F4m1u7jM,1,0.49647,1
1152,1404,BV1Cp421o7MK,1,BV1yC4y1e7vJ,1,0.45502,2
1152,1788,BV1Cp421o7MK,1,BV16j411e7YY,1,0.42911,1
1152,1858,BV1Cp421o7MK,1,BV1GP411h7ZS,1,0.43719,3
1152,1886,BV1Cp421o7MK,1,BV1K8411i7CJ,1,0.39321,4
1153,2259,BV19Z421U7QW,1,BV1gK421e7Rf,1,0.33484,4
1153,2659,BV19Z421U7QW,1,BV1EskaYNEFQ,1,0.44236,1
1153,3790,BV19Z421U7QW,1,BV1hxL6zQE36,1,0.35161,2
1153,4090,BV19Z421U7QW,1,BV122PueTEge,1,0.33538,3
1154,2632,BV1W6421u7J1,1,BV17VkZYBEQU,1,0.38191,2
1154,3011,BV1W6421u7J1,1,BV1wj2VYYE87,1,0.3644,4
1154,3456,BV1W6421u7J1,1,BV1ksK7zDEAs,1,0.37707,4
1154,3772,BV1W6421u7J1,1,BV1GMGmziESH,1,0.38106,3
1154,3798,BV1W6421u7J1,1,BV1sSLqzBEYq,1,0.39797,1
1155,2126,BV1Rp421d7zt,1,BV1kT421D7YQ,1,0.54711,3
1155,2175,BV1Rp421d7zt,1,BV1cs421T79i,1,0.50943,1
1155,3700,BV1Rp421d7zt,1,BV1gdEuzkE1S,1,0.3792,2
1155,4749,BV1Rp421d7zt,1,BV1kaajz7EkA,1,0.53619,4
1155,5438,BV1Rp421d7zt,1,BV1adfGBzEiT,1,0.38112,4
1155,5501,BV1Rp421d7zt,1,BV15yZ3BNE9A,1,0.60866,1
1156,1539,BV1ZC411z7xF,1,BV11p4y1o7Et,1,0.47821,1
1156,2176,BV1ZC411z7xF,1,BV1bw4m1178G,1,0.53372,1
1156,2296,BV1ZC411z7xF,1,BV1pi421o7Ys,1,0.64654,1
1156,2631,BV1ZC411z7xF,1,BV1SACbY1Eah,1,0.53486,3
1156,3247,BV1ZC411z7xF,1,BV1sHtCedEFP,1,0.46342,2
1156,3354,BV1ZC411z7xF,1,BV1CNpweoEu7,1,0.56907,1
1156,3723,BV1ZC411z7xF,1,BV19cVbzHEJp,1,0.51671,1
1156,3902,BV1ZC411z7xF,1,BV15eRdY8EXF,1,0.54665,3
1156,3955,BV1ZC411z7xF,1,BV1EPXJY4ENE,1,0.53583,1
1156,4011,BV1ZC411z7xF,1,BV1iDQpYZENu,1,0.56182,4
1156,4145,BV1ZC411z7xF,1,BV17JFUesEGi,1,0.48446,1
1156,4410,BV1ZC411z7xF,1,BV1i14JzqEfv,1,0.51066,2
1156,4793,BV1ZC411z7xF,1,BV1UyhozqECb,1,0.45433,2
1156,4851,BV1ZC411z7xF,1,BV1MXeizpEpp,1,0.53658,2
1156,5011,BV1ZC411z7xF,1,BV1PktXzkEVQ,1,0.46794,3
1156,5169,BV1ZC411z7xF,1,BV1B934znE6T,1,0.5644,2
1156,5412,BV1ZC411z7xF,1,BV1FUfqBHEd8,1,0.53882,3
1156,5420,BV1ZC411z7xF,1,BV1WbfJB3ENL,1,0.604,2
1156,5602,BV1ZC411z7xF,1,BV163FizDELA,1,0.50579,2
1157,1691,BV1k4421c7Wv,1,BV1zj41177HZ,1,0.40696,3
1157,1890,BV1k4421c7Wv,1,BV1b8411y7sk,1,0.47514,1
1157,2576,BV1k4421c7Wv,1,BV1Fh4y1d7Ge,1,0.48408,3
1157,4976,BV1k4421c7Wv,1,BV1p3tozJEX6,1,0.51675,1
1157,5217,BV1k4421c7Wv,1,BV1segtzFEm7,1,0.51156,2
1157,5554,BV1k4421c7Wv,1,BV1vLcPzQEFB,1,0.4765,4
1158,2153,BV15H4y1h7sN,1,BV1xS411c7k3,1,0.39595,4
1158,5076,BV15H4y1h7sN,1,BV1jCt2zmEk5,1,0.46196,1
1158,5396,BV15H4y1h7sN,1,BV1vRAzzfEGy,1,0.40191,4
1159,2952,BV12u4m1K7fC,1,BV1A2SzYUE6z,1,0.48108,1
1159,3716,BV12u4m1K7fC,1,BV1DDVQzjEZY,1,0.4302,3
1159,4671,BV12u4m1K7fC,1,BV1JHYAzrEiy,1,0.47053,1
1159,5734,BV12u4m1K7fC,1,BV1EjvfBJEN9,1,0.41272,4
1160,1467,BV1k4421c7Y7,1,BV1Rg4y167Lq,1,0.53971,3
1160,1680,BV1k4421c7Y7,1,BV1ZN4y1m7n8,1,0.53912,2
1160,2404,BV1k4421c7Y7,1,BV1Bt421872V,1,0.42869,4
1160,3043,BV1k4421c7Y7,1,BV1tzy6YyEt4,1,0.63957,1
1160,3053,BV1k4421c7Y7,1,BV1kyyLYPE1P,1,0.49246,3
1160,3264,BV1k4421c7Y7,1,BV1gQtpeyEFg,1,0.60395,4
1160,3394,BV1k4421c7Y7,1,BV1zLHTeaEnz,1,0.57296,2
1160,4174,BV1k4421c7Y7,1,BV1FRwSeTENZ,1,0.43055,4
1160,4615,BV1k4421c7Y7,1,BV1Dr421K7s4,1,0.51518,2
1160,4795,BV1k4421c7Y7,1,BV1ayeozEEna,1,0.50347,3
1160,5156,BV1k4421c7Y7,1,BV1Kb84zVEKh,1,0.61765,3
1160,5576,BV1k4421c7Y7,1,BV1SHFDzgE4D,1,0.50163,1
1160,5622,BV1k4421c7Y7,1,BV1n26yBcEfX,1,0.44408,3
1160,5688,BV1k4421c7Y7,1,BV171vrBiEX6,1,0.50853,1
1161,2371,BV1mJ4m147FA,1,BV1Hj421X7L7,1,0.32998,2
1161,2469,BV1mJ4m147FA,1,BV1NNCdBzEM8,1,0.45513,2
1161,2661,BV1mJ4m147FA,1,BV1M1kaYDE7D,1,0.43095,3
1161,3931,BV1mJ4m147FA,1,BV1ECZzYFEBp,1,0.46003,1
1161,4438,BV1mJ4m147FA,1,BV1UqxdzREd1,1,0.41621,4
1162,1884,BV1zH4y1Y79E,1,BV1er4y1f7MY,1,0.44801,2
1162,2677,BV1zH4y1Y79E,1,BV1ZxkCYAEmC,1,0.39657,4
1162,3061,BV1zH4y1Y79E,1,BV1XtCRYsEh7,1,0.46733,1
1162,3846,BV1zH4y1Y79E,1,BV1SE5zzCEEF,1,0.41433,3
1163,1359,BV1hv42117FX,1,BV1jt4y1R7us,1,0.39584,2
1163,3656,BV1hv42117FX,1,BV1RcEtzcEwA,1,0.49155,1
1163,3708,BV1hv42117FX,1,BV1Ky5KzmEr4,1,0.48341,2
1163,4517,BV1hv42117FX,1,BV1WhJQzXEip,1,0.47566,3
1163,4868,BV1hv42117FX,1,BV1MxYSzsE4U,1,0.46066,3
1164,1421,BV1cJ4m1t7hF,1,BV1HN4y1q7n5,1,0.45601,3
1164,3854,BV1cJ4m1t7hF,1,BV13xo5YrEGg,1,0.47546,2
1164,4381,BV1cJ4m1t7hF,1,BV1RjC7B2Eu6,1,0.44914,4
1165,1222,BV12A4m1V7DT,1,BV1se411J7bg,1,0.44074,2
1165,2397,BV12A4m1V7DT,1,BV1hH4y1a7C5,1,0.47202,2
1165,3768,BV12A4m1V7DT,1,BV11AoTYVEDe,1,0.51126,1
1165,4653,BV12A4m1V7DT,1,BV1XevPzuEYs,1,0.38586,4
1165,5107,BV12A4m1V7DT,1,BV1gcKmzSEzH,1,0.38741,1
1165,5130,BV12A4m1V7DT,1,BV1Vz8Cz6EUJ,1,0.3617,4
1165,5179,BV12A4m1V7DT,1,BV1j9bmzXExr,1,0.46164,3
1165,5258,BV12A4m1V7DT,1,BV1tfu7zuEEz,1,0.37565,3
1165,5471,BV12A4m1V7DT,1,BV12RZ8BgENT,1,0.43219,3
1166,1647,BV1JK42117R5,1,BV1qQ4y1H7KZ,1,0.55797,3
1166,2065,BV1JK42117R5,1,BV1Zr421F7Tv,1,0.447,3
1166,2977,BV1JK42117R5,1,BV18dS6YhEGX,2,0.41558,4
1166,4118,BV1JK42117R5,1,BV1TbPxe9EBa,1,0.42706,2
1166,4692,BV1JK42117R5,1,BV1hueKzgEmY,1,0.48166,3
1166,5437,BV1JK42117R5,1,BV1HXZZBLE8r,1,0.53803,2
1166,5552,BV1JK42117R5,1,BV1cEZjBtEqF,1,0.54126,4
1167,1409,BV1UK421y7Li,1,BV1ZC4y1Y7LH,1,0.41319,4
1167,3305,BV1UK421y7Li,1,BV1hTtFejE48,1,0.46813,1
1167,3592,BV1UK421y7Li,1,BV1kM7mzPEim,1,0.46274,2
1168,2812,BV132421c76L,1,BV13yzfYxEpg,1,0.34478,4
1168,4609,BV132421c76L,1,BV1jsWuzhEHR,1,0.35266,2
1169,1373,BV1WJ4m1t7C8,1,BV1ha4y1q7bm,1,0.3884,1
1169,5029,BV1WJ4m1t7C8,1,BV1gitwzyEKD,1,0.36823,2
1169,5282,BV1WJ4m1t7C8,1,BV1iZGHzTE83,1,0.34269,4
1170,1254,BV1Y7421N7iL,1,BV1di4y1H7Co,1,0.48692,2
1170,1738,BV1Y7421N7iL,1,BV1Fj411a7WZ,1,0.51444,4
1170,2062,BV1Y7421N7iL,1,BV12f421X73R,1,0.54525,2
1170,2154,BV1Y7421N7iL,1,BV1QZ421j7sA,1,0.45898,2
1170,2369,BV1Y7421N7iL,1,BV1ov421C7hP,1,0.51904,1
1170,2902,BV1Y7421N7iL,1,BV1AtUeYYEf6,1,0.42547,4
1170,3546,BV1Y7421N7iL,1,BV1JV7fz8EdG,1,0.56374,1
1170,3641,BV1Y7421N7iL,1,BV15XJJz7EkQ,1,0.46033,2
1170,3732,BV1Y7421N7iL,1,BV17dV8zeEaU,1,0.54273,1
1170,4631,BV1Y7421N7iL,1,BV11ppwzREvZ,1,0.38466,2
1170,5198,BV1Y7421N7iL,1,BV1ZrG7zhE9p,1,0.55106,2
1171,2120,BV1MB421z7HQ,1,BV15J4m1N79f,1,0.91861,3
1171,2128,BV1MB421z7HQ,1,BV1cA4m1G7Hf,1,0.92288,3
1171,2776,BV1MB421z7HQ,1,BV1Muq5Y9E3r,1,0.9252,2
1171,3430,BV1MB421z7HQ,1,BV1XkSyBKEBC,1,0.93523,4
1171,3594,BV1MB421z7HQ,1,BV11D76zHEiP,1,0.93371,4
1171,5263,BV1MB421z7HQ,1,BV1M9MXziEQz,1,0.94552,1
1171,5695,BV1MB421z7HQ,1,BV1XyiXBfEqB,1,0.93537,3
1172,3638,BV1Nw411J74V,1,BV1w4Jsz6ETH,1,0.40421,2
1172,4772,BV1Nw411J74V,1,BV1N5YDzQEs9,1,0.35616,4
1172,4881,BV1Nw411J74V,1,BV1XjY4zwEzh,1,0.40456,1
1172,5330,BV1Nw411J74V,1,BV18Rw4z7E1o,1,0.38767,3
1173,3126,BV1EJ4m1t7wJ,1,BV1Z91yYCEFi,1,0.42882,4
1173,3883,BV1EJ4m1t7wJ,1,BV1xuXTYvEb4,1,0.52023,1
1173,3997,BV1EJ4m1t7wJ,1,BV1eMQ3YZEXY,1,0.38783,2
1173,4085,BV1EJ4m1t7wJ,1,BV1c6ASe6EEt,1,0.52554,1
1174,1265,BV18t421W73D,1,BV1qk4y1Z7eD,1,0.40754,2
1174,2136,BV18t421W73D,1,BV14S4y1F7Bu,1,0.45,3
1174,2237,BV18t421W73D,1,BV1pj421R797,1,0.39951,2
1174,2678,BV18t421W73D,1,BV1gfkkYQEnf,1,0.43115,2
1174,5793,BV18t421W73D,1,BV1FdqDBBEpA,1,0.44356,4
1175,2251,BV1D7421P7EB,1,BV1Jx421k7AD,1,0.47988,1
1175,2953,BV1D7421P7EB,1,BV1BrSkYUEmc,1,0.50469,2
1175,2954,BV1D7421P7EB,1,BV1ghSjYhEWF,1,0.71265,1
1175,3416,BV1D7421P7EB,1,BV1fASnByE6A,1,0.49046,3
1175,3571,BV1D7421P7EB,1,BV1yLjmzvEfu,1,0.61798,3
1175,4314,BV1D7421P7EB,1,BV1RjFHerEin,1,0.69898,1
1176,1975,BV1dv421y7nQ,1,BV1Qu4y1D7TT,1,0.44842,1
1176,3309,BV1dv421y7nQ,1,BV1XV4CeTEQY,1,0.40764,2
1177,2179,BV1Xy421a71w,1,BV1tJ4m1H78U,1,0.6766,4
1177,3739,BV1Xy421a71w,1,BV1avVwz5EGX,1,0.68308,3
1177,4279,BV1Xy421a71w,1,BV1E6F7ezEvL,1,0.56167,3
1177,4725,BV1Xy421a71w,1,BV1DiYyzGEd8,1,0.68541,2
1178,1382,BV1DB421k7BX,1,BV1me411z7tm,1,0.68688,2
1178,1517,BV1DB421k7BX,1,BV1zg4y117k4,1,0.75366,2
1178,1573,BV1DB421k7BX,1,BV1Tg4y1C7iw,1,0.72286,4
1178,1679,BV1DB421k7BX,1,BV1RN4y127rt,1,0.72857,2
1178,1829,BV1DB421k7BX,1,BV1iw411c7Gn,1,0.78729,1
1178,1861,BV1DB421k7BX,1,BV1n84y1m73e,1,0.66269,4
1178,2054,BV1DB421k7BX,1,BV1vM4m1z7oo,1,0.65174,1
1178,2068,BV1DB421k7BX,1,BV12M4m1U7zk,1,0.67002,4
1178,2126,BV1DB421k7BX,1,BV1kT421D7YQ,1,0.70722,3
1178,2134,BV1DB421k7BX,1,BV1NB42167U7,1,0.6732,1
1178,2324,BV1DB421k7BX,1,BV12r421s7jK,1,0.77026,2
1178,2468,BV1DB421k7BX,1,BV1mECCB3ESP,1,0.6212,3
1178,2908,BV1DB421k7BX,1,BV1BCUiYFEG6,1,0.66235,3
1178,3052,BV1DB421k7BX,1,BV1M2yGYKEYN,1,0.76239,1
1178,3274,BV1DB421k7BX,1,BV1Z84ZeQEBR,1,0.61975,4
1178,3301,BV1DB421k7BX,1,BV1Pt48enEpr,1,0.72696,3
1178,3310,BV1DB421k7BX,1,BV1LM4CerEbU,1,0.62368,2
1178,3319,BV1DB421k7BX,1,BV1JEpLexEP6,1,0.5786,1
1178,3415,BV1DB421k7BX,1,BV17NUvB2E1S,1,0.71693,1
1178,3653,BV1DB421k7BX,1,BV1M6JNzFEFR,1,0.5912,2
1178,3663,BV1DB421k7BX,1,BV1nnJuzbECH,1,0.66985,2
1178,3675,BV1DB421k7BX,1,BV1zi5zzwEH3,1,0.72004,1
1178,3800,BV1DB421k7BX,1,BV1KEdaYjEtH,1,0.64602,1
1178,4043,BV1DB421k7BX,1,BV167AxeMEbB,1,0.64867,2
1178,4170,BV1DB421k7BX,1,BV1WkwSeLEQg,1,0.73428,2
1178,4293,BV1DB421k7BX,1,BV1b1F8e9Ewj,1,0.76043,4
1178,4347,BV1DB421k7BX,1,BV13VfpYzEC5,1,0.70989,4
1178,4560,BV1DB421k7BX,1,BV1bdngz7E4B,1,0.66089,2
1178,4841,BV1DB421k7BX,1,BV11KenzBEyR,1,0.74885,1
1178,5033,BV1DB421k7BX,1,BV1yFbLzzEvU,1,0.74173,4
1178,5445,BV1DB421k7BX,1,BV1JoZZBkE9N,1,0.71724,3
1178,5599,BV1DB421k7BX,1,BV1AokgBVEDi,1,0.73226,2
1178,5707,BV1DB421k7BX,1,BV1eciuBgEZj,1,0.63574,3
1179,1306,BV1c7421N7hw,1,BV1v64y1A7Ww,1,0.45695,2
1179,1311,BV1c7421N7hw,1,BV1sK4y1i739,1,0.54669,1
1179,2038,BV1c7421N7hw,1,BV14h8CeiEKZ,1,0.44034,1
1179,3689,BV1c7421N7hw,1,BV1eWEbzNE2o,1,0.52606,1
1179,4459,BV1c7421N7hw,1,BV1Rjx7zREqF,1,0.50566,2
1179,4595,BV1c7421N7hw,1,BV1YApRzJEVH,1,0.52833,2
1179,4773,BV1c7421N7hw,1,BV1eweBzNEzB,1,0.45189,2
1179,4885,BV1c7421N7hw,1,BV1deYzzMEud,1,0.40653,3
1179,5808,BV1c7421N7hw,1,BV1npmrBvEVu,1,0.41388,1
1180,1389,BV1d7421P7zH,1,BV1q5411q7uY,1,0.41128,2
1180,4336,BV1d7421P7zH,1,BV13jfoYvEFV,1,0.38283,4
1180,4756,BV1d7421P7zH,1,BV1MBKRzqE1B,1,0.39335,3
1180,5161,BV1d7421P7zH,1,BV1Fnb9z6EyM,1,0.46674,1
1180,5317,BV1d7421P7zH,1,BV1R1AczHEwL,1,0.3771,3
1180,5458,BV1d7421P7zH,1,BV1vdZ6BJETa,1,0.37987,2
1181,2515,BV1e2421L7jY,1,BV1GVwnekEdE,1,0.39466,3
1181,3286,BV1e2421L7jY,1,BV1px4UeeEgp,1,0.39736,2
1181,5094,BV1e2421L7jY,1,BV1W1huzaEok,1,0.39453,4
1181,5596,BV1e2421L7jY,1,BV1JPFEzYELd,1,0.4216,1
1182,1314,BV1RF4m1M7BD,1,BV1Ze411J7an,1,0.39146,4
1182,4132,BV1RF4m1M7BD,1,BV1hTPKeTEWp,1,0.39209,3
1183,1311,BV1Cp421d7KG,1,BV1sK4y1i739,1,0.51818,2
1183,2027,BV1Cp421d7KG,1,BV1ei421h7av,1,0.47606,4
1183,2409,BV1Cp421d7KG,1,BV1PH4y1a7GP,1,0.48684,3
1183,4141,BV1Cp421d7KG,1,BV1DQApe7ESa,1,0.53269,1
1184,1616,BV1mC411B7Ek,1,BV1gg4y1Z7ek,1,0.34176,3
1184,3450,BV1mC411B7Ek,1,BV17VKDzMEnh,1,0.35624,2
1184,4103,BV1mC411B7Ek,1,BV1sqPje4E1Z,1,0.37064,1
1184,4471,BV1mC411B7Ek,1,BV1Lvxjz9EFP,1,0.33516,4
1185,1966,BV1n7421T7Zy,1,BV1qP411h76u,1,0.54029,3
1185,2372,BV1n7421T7Zy,1,BV1Rp421R7Xz,1,0.50198,4
1185,2451,BV1n7421T7Zy,1,BV1j9ycB3ENV,1,0.62366,1
1185,3860,BV1n7421T7Zy,1,BV1M8dkYUEUS,1,0.54584,4
1185,4474,BV1n7421T7Zy,1,BV1csHGz3E7C,1,0.55422,3
1185,4523,BV1n7421T7Zy,1,BV1LTn2zoEqW,1,0.42326,3
1185,4671,BV1n7421T7Zy,1,BV1JHYAzrEiy,1,0.41622,4
1186,1502,BV1iy421a7vo,1,BV1EN4y147Ds,4,0.38961,3
1186,4404,BV1iy421a7vo,1,BV1yH4VzfEHR,1,0.47594,1
1186,4614,BV1iy421a7vo,1,BV1LCpizuEoP,1,0.48799,3
1186,4908,BV1iy421a7vo,1,BV12MbWzKEo7,1,0.46773,2
1187,2073,BV1Sy421a7Eb,1,BV18J4m1g765,1,0.81394,1
1187,3028,BV1Sy421a7Eb,1,BV1Nb1KY7Er7,1,0.75384,4
1187,3418,BV1Sy421a7Eb,1,BV1Pv2fBxER5,1,0.754,3
1187,4562,BV1Sy421a7Eb,1,BV1QrnbzzEoF,1,0.69697,2
1187,4812,BV1Sy421a7Eb,1,BV1CDeXzZEWq,1,0.76971,2
1187,5757,BV1Sy421a7Eb,1,BV1Sgm3BwEh5,1,0.72861,4
1188,3434,BV1G7421T7GN,1,BV1RJSsBJEA4,1,0.39612,2
1188,5279,BV1G7421T7GN,1,BV1zxGEzhE7w,1,0.42382,1
1189,1383,BV1ST4m1S7Gv,1,BV17p4y1R7bG,1,0.34176,4
1189,4435,BV1ST4m1S7Gv,1,BV1ym4TzmEtL,1,0.34281,2
1189,5092,BV1ST4m1S7Gv,1,BV19MtAzQEfk,1,0.34419,2
1190,2780,BV1gx4y1Z7ru,1,BV1i4ioYEET4,1,0.42208,1
1190,3175,BV1gx4y1Z7ru,1,BV18m4AeQEhw,1,0.40187,2
1190,4736,BV1gx4y1Z7ru,1,BV1PCaVzVETV,1,0.4102,2
1191,2425,BV1Hp421Z7BL,1,BV15F4m177z1,1,0.42837,1
1191,3178,BV1Hp421Z7BL,1,BV1wm4PerEr8,1,0.37445,1
1191,5218,BV1Hp421Z7BL,1,BV1xig8ziEAH,1,0.3825,2
1192,2018,BV1Bp421Z7HY,1,BV17f421B7Hd,1,0.3946,2
1192,2097,BV1Bp421Z7HY,1,BV1vf421R72w,1,0.36379,4
1192,3887,BV1Bp421Z7HY,1,BV1DWd7Y1EM9,1,0.33405,4
1193,1435,BV1YH4y1e72s,1,BV1Cp4y1o7Wn,1,0.51159,1
1193,2831,BV1YH4y1e72s,1,BV1icU1YSEhY,1,0.59054,1
1193,3205,BV1YH4y1e72s,1,BV1vm4ne1Efv,1,0.54827,4
1193,3336,BV1YH4y1e72s,1,BV1QaHXe7ERX,1,0.47254,2
1193,3488,BV1YH4y1e72s,1,BV1pzNhzREKj,1,0.4834,4
1193,4010,BV1YH4y1e72s,1,BV1KoR5YYEWn,1,0.4585,2
1193,4094,BV1YH4y1e72s,1,BV1PFN1euEEx,1,0.53469,1
1193,5374,BV1YH4y1e72s,1,BV1WwcJz2Eiz,1,0.39265,2
1194,1399,BV1sZ421z7db,1,BV1oi4y117HM,1,0.43117,1
1194,5169,BV1sZ421z7db,1,BV1B934znE6T,1,0.39684,4
1194,5455,BV1sZ421z7db,1,BV19jfGBKEVL,1,0.4034,3
1194,5746,BV1sZ421z7db,1,BV1ArvpB4EtY,1,0.41231,2
1195,1408,BV1aJ4m1b7Rv,1,BV1ub4y1V7kY,1,0.50778,1
1195,2589,BV1aJ4m1b7Rv,1,BV19qi6YiEa1,1,0.45255,1
1195,5082,BV1aJ4m1b7Rv,1,BV1kPtuzUECf,1,0.47883,3
1195,5160,BV1aJ4m1b7Rv,1,BV1t5bUzuEVY,1,0.48853,2
1195,5803,BV1aJ4m1b7Rv,1,BV1rYq6BkEbg,1,0.3376,4
1196,1237,BV1Ux4y1Z7hn,1,BV1fv421y7GY,1,0.45915,3
1196,1656,BV1Ux4y1Z7hn,1,BV1oa4y1o7dY,1,0.4326,3
1196,2047,BV1Ux4y1Z7hn,1,BV1Cb421J7Fn,1,0.45416,3
1196,3273,BV1Ux4y1Z7hn,1,BV13GtieUEku,1,0.45669,4
1196,4694,BV1Ux4y1Z7hn,1,BV1aVYVzoE6P,1,0.49869,1
1196,5536,BV1Ux4y1Z7hn,1,BV1qd6cBNERK,1,0.48967,2
1197,1283,BV1pT4m1S7G1,1,BV1mG411B7ay,1,0.60069,2
1197,1481,BV1pT4m1S7G1,1,BV1JQ4y1E7tB,1,0.5312,2
1197,2322,BV1pT4m1S7G1,1,BV1yZ42187YJ,1,0.56888,4
1197,2538,BV1pT4m1S7G1,1,BV16vcyeDEC7,1,0.49242,4
1197,3065,BV1pT4m1S7G1,1,BV1VNCdYFEYm,1,0.4196,4
1197,3413,BV1pT4m1S7G1,1,BV14YSwBGEHL,1,0.65195,1
1197,3463,BV1pT4m1S7G1,1,BV1AWN1zAE6N,1,0.56594,1
1197,3855,BV1pT4m1S7G1,1,BV13xo5YrEGg,2,0.64875,1
1197,5003,BV1pT4m1S7G1,1,BV1eobVzXEnr,1,0.45704,1
1198,1553,BV142421w7s3,1,BV1e64y1p7e1,1,0.56317,1
1198,2162,BV142421w7s3,1,BV1kZ421j7qV,1,0.56488,1
1198,2421,BV142421w7s3,1,BV1qy421h7KX,1,0.43464,2
1198,3030,BV142421w7s3,1,BV1NZyZYxEqh,1,0.53438,3
1198,3114,BV142421w7s3,1,BV1rz2WY4ENZ,1,0.48802,1
1198,3314,BV142421w7s3,1,BV1j8pJeeEX2,1,0.53366,1
1199,2521,BV1vm41197mE,1,BV1PLcBe3E7B,1,0.42946,4
1199,2554,BV1vm41197mE,1,BV1gzrWYfEQv,1,0.46891,1
1199,2668,BV1vm41197mE,1,BV1cGieY8EYK,1,0.41237,2
1199,2895,BV1vm41197mE,1,BV1NqU7YpEC1,1,0.41108,4
1199,3953,BV1vm41197mE,1,BV1aBoRYREKs,1,0.46367,1
1199,4610,BV1vm41197mE,1,BV1UaWNzuEd7,1,0.3151,3
1200,1782,BV1dt421W7Us,1,BV1W8411r7jP,1,0.46541,3
1200,4016,BV1dt421W7Us,1,BV16jQJYsELp,1,0.49458,1
1200,5605,BV1dt421W7Us,1,BV1qJFizLEHZ,1,0.47559,2
1201,2315,BV16a4y187vH,1,BV1Wv421C7np,1,0.39535,2
1201,2830,BV16a4y187vH,1,BV1UBUyYvEXr,1,0.37431,3
1201,3215,BV16a4y187vH,1,BV1jUx5eoEHC,1,0.53873,2
1201,3546,BV16a4y187vH,1,BV1JV7fz8EdG,1,0.53327,2
1201,4458,BV16a4y187vH,1,BV1cux9zTEi3,1,0.40053,2
1201,4674,BV16a4y187vH,1,BV1RbY5zvE28,1,0.48821,4
1202,2241,BV1AU421Z7Ur,1,BV1Up421U7zH,1,0.37278,1
1202,2520,BV1AU421Z7Ur,1,BV17GkZYuEBQ,1,0.39494,3
1202,2837,BV1AU421Z7Ur,1,BV1pozVYSEyN,1,0.39066,3
1202,3503,BV1AU421Z7Ur,1,BV1kQMGzyEwt,1,0.38754,2
1202,3874,BV1AU421Z7Ur,1,BV1fPdLYDENo,1,0.37505,2
1203,1315,BV1rT4m1S7kU,1,BV1f5411C7mu,1,0.57349,1
1203,1671,BV1rT4m1S7kU,1,BV17c411r7sm,1,0.48004,4
1203,2005,BV1rT4m1S7kU,1,BV1gz421B7pN,1,0.52858,1
1203,3633,BV1rT4m1S7kU,1,BV1MEjMzcEmx,1,0.53173,3
1203,3866,BV1rT4m1S7kU,1,BV1RRd6YXEx6,1,0.39322,2
1203,4479,BV1rT4m1S7kU,1,BV1SfHEz3EFb,1,0.43454,3
1203,5828,BV1rT4m1S7kU,1,BV13NqsB2EQv,1,0.49469,4
1204,1694,BV1ex42197h6,1,BV1tN4y1m74C,1,0.64976,1
1204,1734,BV1ex42197h6,1,BV1mo4y1q7QR,1,0.4515,3
1204,1843,BV1ex42197h6,1,BV1SY4y1w7Gb,1,0.52813,3
1204,3046,BV1ex42197h6,1,BV1EdmLYqEYL,1,0.5184,4
1204,3159,BV1ex42197h6,1,BV1964ceUEpi,1,0.48949,4
1204,3476,BV1ex42197h6,1,BV1RAMCzUEzW,1,0.60343,1
1204,3668,BV1ex42197h6,1,BV1hKJ3z2Evp,1,0.45102,1
1204,3831,BV1ex42197h6,1,BV19vRdYZERD,1,0.44436,1
1204,3901,BV1ex42197h6,1,BV1ziZZY2Ej6,1,0.53798,3
1204,4547,BV1ex42197h6,1,BV1JTnTzWEPc,1,0.43935,4
1204,4872,BV1ex42197h6,1,BV1cVNvzFEs8,1,0.61174,1
1204,5001,BV1ex42197h6,1,BV1kDhnzoEDj,1,0.66228,2
1204,5162,BV1ex42197h6,1,BV19dbRzeE77,1,0.6877,1
1204,5167,BV1ex42197h6,1,BV1HY38zaEJz,1,0.71253,1
1204,5393,BV1ex42197h6,1,BV1s3ZNBYE24,1,0.69505,1
1205,3515,BV1bm41197wE,1,BV1mmdzYzEW2,1,0.36052,3
1205,5137,BV1bm41197wE,1,BV1AzhAzGEoD,2,0.36213,2
1206,1299,BV14F4m1u7jM,1,BV1fC4y1N7uA,1,0.42134,4
1206,3050,BV14F4m1u7jM,1,BV1F2yiYWEhG,1,0.44071,3
1206,4230,BV14F4m1u7jM,1,BV1fyNueaE1d,1,0.40077,1
1206,5760,BV14F4m1u7jM,1,BV1hCBQBbE6G,1,0.44356,2
1207,1742,BV1o4421w7pg,1,BV1vg4y197VN,1,0.34101,3
1207,2392,BV1o4421w7pg,1,BV1jJ4m1x7bg,1,0.40122,1
1207,2712,BV1o4421w7pg,1,BV1o7BGYYEjN,1,0.43804,2
1207,3315,BV1o4421w7pg,1,BV11V4veNEtE,1,0.47153,1
1207,4171,BV1o4421w7pg,1,BV1iiwZeHEPn,1,0.47819,1
1207,5384,BV1o4421w7pg,1,BV1GkfBBLEXc,1,0.44981,3
1208,1233,BV1DH4y1a7zu,1,BV17E41187W2,1,0.40658,3
1208,1903,BV1DH4y1a7zu,1,BV16x41177EV,1,0.38176,4
1208,2514,BV1DH4y1a7zu,1,BV1X3wEeNE4o,1,0.5191,2
1208,2767,BV1DH4y1a7zu,1,BV1E1iqYeEJL,1,0.41061,3
1208,3013,BV1DH4y1a7zu,1,BV1ta1YYFEdD,1,0.41269,4
1208,3432,BV1DH4y1a7zu,1,BV1Yk2xBkEEQ,1,0.47444,2
1208,4077,BV1DH4y1a7zu,1,BV1TQPieUEa1,1,0.41125,3
1208,4124,BV1DH4y1a7zu,1,BV1XGAfeSE4J,1,0.42383,4
1208,4416,BV1DH4y1a7zu,1,BV14W4bzCE9W,1,0.45795,2
1208,4634,BV1DH4y1a7zu,1,BV1FGpczCEGB,1,0.49977,4
1208,4817,BV1DH4y1a7zu,1,BV1Cye2zBEAN,1,0.57947,1
1208,5110,BV1DH4y1a7zu,1,BV1YqhPzaEUN,1,0.49406,2
1208,5173,BV1DH4y1a7zu,1,BV1Ed3MzTE6B,1,0.43501,4
1209,3124,BV1PA4m1j7Vu,1,BV11P2nY9E5Q,1,0.42369,1
1209,3970,BV1PA4m1j7Vu,1,BV1UVXsYREWE,1,0.43425,1
1210,1238,BV1C4421w7GN,1,BV1TJ4m1b7Kx,1,0.41833,3
1210,1492,BV1C4421w7GN,1,BV1Ae4y1z7yj,1,0.45675,2
1210,2596,BV1C4421w7GN,1,BV1XjCzY2Ecp,1,0.54857,4
1210,3076,BV1C4421w7GN,1,BV1vqyAYnELR,1,0.54155,4
1210,3687,BV1C4421w7GN,1,BV1qqEtziE51,1,0.58276,2
1210,3867,BV1C4421w7GN,1,BV1podzYYEYc,1,0.66055,1
1210,4655,BV1C4421w7GN,1,BV18TaZz1EZE,1,0.56892,2
1210,4936,BV1C4421w7GN,1,BV1AZbczeE9M,1,0.4338,2
1210,5035,BV1C4421w7GN,1,BV1V2hbzYEFA,1,0.52696,4
1210,5237,BV1C4421w7GN,1,BV1jGuAz5E1L,1,0.56551,1
1210,5278,BV1C4421w7GN,1,BV1YT3uzfEWd,1,0.53186,4
1210,5802,BV1C4421w7GN,1,BV12c2JBjEjM,2,0.47797,3
1211,2171,BV1Pw411g7jX,1,BV1V1421673e,1,0.3848,4
1211,2520,BV1Pw411g7jX,1,BV17GkZYuEBQ,1,0.41005,1
1211,5808,BV1Pw411g7jX,1,BV1npmrBvEVu,1,0.39697,2
1212,1424,BV16C4y1e7nJ,1,BV1pC4y1g7jE,1,0.38845,3
1212,2665,BV16C4y1e7nJ,1,BV1VDC5Y7E6K,1,0.85457,3
1212,3329,BV16C4y1e7nJ,1,BV1SVHQerEz9,1,0.86744,1
1212,4100,BV16C4y1e7nJ,1,BV1bP9PYNE4k,1,0.85266,4
1213,1395,BV1CK421y7aN,1,BV1jN4y1i7MV,1,0.55922,1
1213,1546,BV1CK421y7aN,1,BV1hu4y1J7YV,1,0.44783,3
1214,1688,BV1My421a7ZB,1,BV1dG411D7TM,1,0.51317,1
1214,2833,BV1My421a7ZB,1,BV1jLzjYLEFj,1,0.49931,2
1214,2864,BV1My421a7ZB,1,BV14JURYbEUJ,1,0.48022,1
1214,5238,BV1My421a7ZB,1,BV1bV3Ez2Eyk,1,0.49005,3
1215,2345,BV196421g7Zv,1,BV1kA4m1G762,1,0.46417,3
1215,2999,BV196421g7Zv,1,BV1VKSbYKEEQ,1,0.34838,4
1215,3572,BV196421g7Zv,1,BV1SB7BzQE3t,1,0.44685,4
1215,4006,BV196421g7Zv,1,BV1hWQPYeEkr,1,0.48275,1
1215,4525,BV196421g7Zv,1,BV1egnZzWEgC,1,0.38077,4
1215,4610,BV196421g7Zv,1,BV1UaWNzuEd7,1,0.33565,1
1215,5804,BV196421g7Zv,1,BV15vq1B2E1x,1,0.46721,2
1216,2059,BV12y421e7M9,1,BV1n7421o79a,1,0.48713,1
1216,3237,BV12y421e7M9,1,BV14Ft2eqEPc,1,0.45521,1
1216,3280,BV12y421e7M9,1,BV13y42eCEBC,1,0.42675,2
1216,5617,BV12y421e7M9,1,BV165FPzbEX9,1,0.46057,1
1217,1835,BV1JF4m1u7NG,1,BV1Cw411c7Ek,1,0.37265,3
1217,1910,BV1JF4m1u7NG,1,BV16k4y1s7mj,1,0.36446,4
1217,2244,BV1JF4m1u7NG,1,BV1H2421N7oL,1,0.42054,1
1217,4085,BV1JF4m1u7NG,1,BV1c6ASe6EEt,1,0.41,2
1217,4627,BV1JF4m1u7NG,1,BV1mDpzzcEsQ,1,0.35028,4
1218,2301,BV1dp421Z7wL,1,BV1vi421o7A3,1,0.5054,2
1218,2646,BV1dp421Z7wL,1,BV1BVkZYBEHT,1,0.36895,2
1218,2743,BV1dp421Z7wL,1,BV1ALzpY6EMb,1,0.44298,4
1218,4330,BV1dp421Z7wL,1,BV1VSfCYvEjo,1,0.41153,2
1218,4911,BV1dp421Z7wL,1,BV1MWtUzuEkJ,1,0.51436,2
1218,5406,BV1dp421Z7wL,1,BV1h1fiBeEJA,1,0.56676,1
1218,5431,BV1dp421Z7wL,1,BV1yjfPBPEQT,1,0.48173,1
1218,5791,BV1dp421Z7wL,1,BV1bjqSBLEUu,1,0.38186,2
1219,1372,BV1T4421A7n3,1,BV1XK411Y7CF,1,0.37801,1
1219,2166,BV1T4421A7n3,1,BV1cM4m1Z7bx,1,0.36222,4
1219,5085,BV1T4421A7n3,1,BV1f8t6zwEDj,1,0.36353,2
1220,1310,BV1eF4m1u7en,1,BV1MQ4y1A779,1,0.38843,3
1220,1801,BV1eF4m1u7en,1,BV1bu4y1n7nR,1,0.40947,2
1220,3471,BV1eF4m1u7en,1,BV13mNnzzEFY,1,0.42541,1
1221,1349,BV1ce411a787,1,BV1ea4y1y7qi,1,0.35842,2
1221,3621,BV1ce411a787,1,BV1aFjozqE5x,1,0.35268,4
1221,3691,BV1ce411a787,1,BV1EJEkzLEpi,1,0.35638,3
1222,2710,BV1se411J7bg,1,BV1fKBMYsECn,1,0.43779,4
1222,4530,BV1se411J7bg,1,BV1uennzVEg3,1,0.44095,1
1222,5246,BV1se411J7bg,1,BV1JDTVz3EPx,1,0.40344,1
1222,5434,BV1se411J7bg,1,BV1JrZ4BpE5W,1,0.43827,3
1222,5593,BV1se411J7bg,1,BV1GpFCztEMM,1,0.35216,4
1223,1247,BV1TN4y1n7bU,1,BV19C4y1z7qw,1,0.34653,4
1223,3203,BV1TN4y1n7bU,1,BV1p8tseqEgp,1,0.3993,3
1223,3222,BV1TN4y1n7bU,1,BV1QwsRe4ELZ,1,0.42933,2
1223,3958,BV1TN4y1n7bU,1,BV1egZNY9EQh,1,0.38557,4
1223,5166,BV1TN4y1n7bU,1,BV15wgczTEGq,1,0.35531,2
1223,5178,BV1TN4y1n7bU,1,BV1X7b1zzEZs,1,0.43413,1
1223,5833,BV1TN4y1n7bU,1,BV1iimeBkE85,1,0.34618,2
1224,1766,BV1Zg4y1e74j,1,BV11G411m7uX,1,0.41968,3
1224,1767,BV1Zg4y1e74j,1,BV1tH4y167uN,1,0.50108,1
1224,4275,BV1Zg4y1e74j,1,BV1Y1FmemEBP,1,0.47924,3
1224,5036,BV1Zg4y1e74j,1,BV1C7tSzwETJ,1,0.42868,4
1225,1560,BV13b4y1w7By,1,BV1iY411Q7ev,1,0.52822,1
1225,1947,BV13b4y1w7By,1,BV19v4y1W7x1,1,0.49201,2
1225,2633,BV13b4y1w7By,1,BV1EAk9YfEw1,1,0.46751,3
1225,3631,BV13b4y1w7By,1,BV1YxjTziEzW,1,0.37921,2
1226,2869,BV1JZ4y1E7rp,1,BV1WFBkYtE4x,1,0.41412,1
1226,4769,BV1JZ4y1E7rp,1,BV1EAedztEXS,1,0.42059,1
1226,5036,BV1JZ4y1E7rp,1,BV1C7tSzwETJ,1,0.39527,4
1227,2148,BV1SV411S7qG,1,BV1sq421F73j,1,0.46766,1
1227,2308,BV1SV411S7qG,1,BV1UH4y157gD,1,0.56454,2
1227,3362,BV1SV411S7qG,1,BV1rwePeoEXG,1,0.50587,3
1227,3374,BV1SV411S7qG,1,BV1b4HveZEn3,1,0.59085,1
1227,4141,BV1SV411S7qG,1,BV1DQApe7ESa,1,0.56338,3
1227,4452,BV1SV411S7qG,1,BV1tmxvztEgm,1,0.50479,3
1228,1234,BV1dU421Z71c,1,BV17Y411H7eZ,1,0.40809,1
1228,2617,BV1dU421Z71c,1,BV1hUChYXExG,1,0.32842,4
1228,4992,BV1dU421Z71c,1,BV1sDtSzzE9Q,1,0.36198,2
1229,1287,BV1MK421178B,1,BV1bT4y1p7Qb,1,0.40425,3
1229,2358,BV1MK421178B,1,BV1zw4m1f72M,1,0.43028,1
1229,4130,BV1MK421178B,1,BV1QGPMerE4c,1,0.34059,4
1229,4642,BV1MK421178B,1,BV1c2pJzAEds,1,0.40741,2
1229,4683,BV1MK421178B,1,BV1BSaRzJExW,1,0.38629,4
1230,1295,BV1xt421H7if,1,BV1B5411z7Co,1,0.46706,1
1230,1442,BV1xt421H7if,1,BV1zg4y1D72b,1,0.40943,4
1230,2867,BV1xt421H7if,1,BV1a7BBY8ENM,1,0.36911,1
1230,3218,BV1xt421H7if,1,BV1NQxLeyE1Z,1,0.39723,4
1230,5196,BV1xt421H7if,1,BV1r38AzqE79,1,0.41287,3
1231,2038,BV1Ue411h7oE,1,BV14h8CeiEKZ,1,0.37972,2
1231,3817,BV1Ue411h7oE,1,BV1PwLHzxELA,1,0.37458,3
1231,4250,BV1Ue411h7oE,1,BV1ugFfe3Edr,1,0.45094,1
1231,4429,BV1Ue411h7oE,1,BV1114UzcEu6,1,0.3745,4
1232,1309,BV1mB421k7dY,1,BV1Zc411s7aw,1,0.36835,3
1232,1655,BV1mB421k7dY,1,BV1ku411F7z5,1,0.4175,2
1232,2274,BV1mB421k7dY,1,BV1Y1421S7Bh,1,0.40376,4
1232,2621,BV1mB421k7dY,1,BV1qVCaYiE88,1,0.41104,2
1233,1621,BV17E41187W2,1,BV12e411o7BH,1,0.39795,4
1233,2354,BV17E41187W2,1,BV1jx421f7YR,1,0.34542,4
1233,2692,BV17E41187W2,1,BV18tkGYhE7R,1,0.35684,1
1233,3140,BV17E41187W2,1,BV1cC4weiEEy,1,0.47582,1
1233,5463,BV17E41187W2,1,BV1cpZXBhEZ2,2,0.42723,2
1234,2943,BV17Y411H7eZ,1,BV1QQmzYtE2W,1,0.40902,2
1234,3115,BV17Y411H7eZ,1,BV17j12YmEWs,1,0.36114,2
1234,4200,BV17Y411H7eZ,1,BV11aKLeZEkN,1,0.34591,2
1234,4365,BV17Y411H7eZ,1,BV1s4UYB9EBQ,1,0.38915,4
1234,5316,BV17Y411H7eZ,1,BV1uqw8z4EfC,1,0.43506,1
1235,2198,BV1N642137TW,1,BV1xp421S7AA,1,0.50804,1
1235,3539,BV1N642137TW,1,BV1CQT6zsE8P,1,0.46556,3
1235,3803,BV1N642137TW,1,BV1WWLRzJEuj,1,0.44849,4
1236,1414,BV1LU421Z7Gc,1,BV1Se411z7HZ,1,0.94514,1
1236,4100,BV1LU421Z7Gc,1,BV1bP9PYNE4k,1,0.93653,4
1236,5263,BV1LU421Z7Gc,1,BV1M9MXziEQz,1,0.95311,2
1236,5749,BV1LU421Z7Gc,1,BV1wVv6BzEBR,1,0.96007,1
1237,1249,BV1fv421y7GY,1,BV1jC4y1k7Mw,1,0.52362,4
1237,1335,BV1fv421y7GY,1,BV14K411Y7uK,1,0.46034,3
1237,1693,BV1fv421y7GY,1,BV1Ua4y1U7pt,1,0.54208,3
1237,2087,BV1fv421y7GY,1,BV14i421D75s,1,0.44085,3
1237,2186,BV1fv421y7GY,1,BV1Fm421W7La,1,0.46523,4
1237,2303,BV1fv421y7GY,1,BV1vj421D7rM,1,0.45627,3
1237,2915,BV1fv421y7GY,1,BV1WcUhYWEku,1,0.53411,2
1237,2939,BV1fv421y7GY,1,BV1SJmzYJE4f,1,0.47079,3
1237,3599,BV1fv421y7GY,1,BV13e7PztEct,1,0.42011,2
1237,3723,BV1fv421y7GY,1,BV19cVbzHEJp,1,0.45964,4
1237,3955,BV1fv421y7GY,1,BV1EPXJY4ENE,1,0.50714,4
1237,4524,BV1fv421y7GY,1,BV1xDnizmEu9,1,0.47492,2
1237,4590,BV1fv421y7GY,1,BV1oKWcz6Ep9,1,0.56777,1
1237,4611,BV1fv421y7GY,1,BV1PEp8zAEhe,1,0.46371,4
1237,4676,BV1fv421y7GY,1,BV1MwYAzsETg,1,0.49168,4
1237,5163,BV1fv421y7GY,1,BV1WN8AzrE2i,1,0.49573,4
1237,5266,BV1fv421y7GY,1,BV1zVGAzsEni,1,0.54167,2
1237,5699,BV1fv421y7GY,1,BV1suquBZEnC,1,0.40282,4
1237,5812,BV1fv421y7GY,1,BV1JJmzBfEUY,1,0.5458,2
1238,3098,BV1TJ4m1b7Kx,1,BV1WemuYtELi,1,0.35259,2
1238,3593,BV1TJ4m1b7Kx,1,BV1Kq7pzME9F,1,0.42519,1
1238,3867,BV1TJ4m1b7Kx,1,BV1podzYYEYc,1,0.41868,2
1238,5693,BV1TJ4m1b7Kx,1,BV1AwrNBQE5w,1,0.41642,4
1239,3667,BV1Jx4y1Z7R9,1,BV1EvJVzvEDd,1,0.39657,3
1239,3988,BV1Jx4y1Z7R9,1,BV1f9QSY6ENW,1,0.39443,3
1239,4304,BV1Jx4y1Z7R9,1,BV1cAfBYaEJA,1,0.43871,1
1239,5330,BV1Jx4y1Z7R9,1,BV18Rw4z7E1o,1,0.39932,2
1240,2829,BV1ue411H7y6,1,BV1SZzYYSEXZ,1,0.59821,3
1240,3229,BV1ue411H7y6,1,BV1g6tDedE55,1,0.47267,3
1240,3355,BV1ue411H7y6,1,BV14LH4ePE2p,1,0.54464,2
1240,3859,BV1ue411H7y6,1,BV1LjdkYtEh6,1,0.52228,3
1240,3938,BV1ue411H7y6,1,BV1o6ZGYjEGn,1,0.534,3
1240,4059,BV1ue411H7y6,1,BV1g39HYWEzS,1,0.51353,2
1240,4328,BV1ue411H7y6,1,BV1Qqf2YgEui,1,0.47757,2
1240,4554,BV1ue411H7y6,1,BV1ZrnGzvEx7,1,0.59373,4
1240,4595,BV1ue411H7y6,1,BV1YApRzJEVH,1,0.6462,1
1240,4836,BV1ue411H7y6,1,BV1C1ejzxERZ,1,0.61651,2
1240,4938,BV1ue411H7y6,1,BV19gtdzwEFX,1,0.57931,1
1240,5155,BV1ue411H7y6,1,BV16n8tzqEUi,1,0.5442,3
1240,5179,BV1ue411H7y6,1,BV1j9bmzXExr,1,0.58793,2
1240,5525,BV1ue411H7y6,1,BV1YBZtBVE3z,1,0.52807,2
1240,5655,BV1ue411H7y6,1,BV1yEkcB7EKP,1,0.55254,2
1241,1790,BV1dp4y1m7ec,1,BV1i94y157kZ,1,0.32828,3
1241,2789,BV1dp4y1m7ec,1,BV1JnifYcEYz,1,0.44044,1
1241,3514,BV1dp4y1m7ec,1,BV1pKMgzBEwR,1,0.47845,1
1241,4487,BV1dp4y1m7ec,1,BV1WzxKz3EXk,1,0.45628,1
1241,4534,BV1dp4y1m7ec,1,BV1fnnfzvErk,1,0.44841,3
1242,1373,BV1ze411v7ow,1,BV1ha4y1q7bm,1,0.41583,1
1242,2329,BV1ze411v7ow,1,BV1nr421W7CT,1,0.42001,2
1242,2457,BV1ze411v7ow,1,BV1jzyPBEEw6,1,0.62038,1
1242,3219,BV1ze411v7ow,1,BV16kxjezExZ,1,0.53527,3
1242,3438,BV1ze411v7ow,1,BV1by2YBsE4X,1,0.45576,1
1243,1603,BV17w41177TT,1,BV16g4y1y7HT,1,0.47185,1
1243,2023,BV17w41177TT,1,BV12Lvpe9Eeu,1,0.43761,2
1243,2261,BV17w41177TT,1,BV1nJ4m1a7Y4,1,0.43932,2
1243,2981,BV17w41177TT,1,BV1AxSBY5EiH,1,0.44647,2
1243,3206,BV17w41177TT,1,BV1njxwecEyM,1,0.38496,3
1243,3904,BV17w41177TT,1,BV1cEXrY4EbT,1,0.41901,4
1243,4087,BV17w41177TT,1,BV1iP9GYTEME,1,0.4046,3
1243,5356,BV17w41177TT,1,BV1t3AQzmEha,1,0.37476,3
1244,1343,BV1Hb4y1P7fC,1,BV1We411q7sZ,1,0.36186,2
1244,1754,BV1Hb4y1P7fC,1,BV1Ab4y1g7VH,1,0.434,2
1244,3173,BV1Hb4y1P7fC,1,BV18a4PeQE99,1,0.42939,3
1244,5822,BV1Hb4y1P7fC,1,BV1GtqjBfEV1,1,0.41229,4
1245,2022,BV1o3411p7ct,1,BV1tS421K76n,1,0.39043,2
1245,3101,BV1o3411p7ct,1,BV1Ji2YYnEDQ,1,0.39007,3
1246,2007,BV1ze411J7QD,1,BV1rjvDeoEnv,1,0.36879,2
1246,4110,BV1ze411J7QD,1,BV1mgAXeoEfT,1,0.35732,4
1246,4843,BV1ze411J7QD,1,BV1r7enzcE48,1,0.3898,1
1247,2629,BV19C4y1z7qw,1,BV1y5CbYMEzG,1,0.34661,3
1247,4888,BV19C4y1z7qw,1,BV14kYyzMEo4,1,0.37132,1
1247,5523,BV19C4y1z7qw,1,BV1K2FLzTE5M,1,0.36759,2
1248,1504,BV1Xz4y187gm,1,BV1Mw411t77k,1,0.48242,1
1248,1535,BV1Xz4y187gm,1,BV1eu4y1J73d,1,0.44665,2
1248,1931,BV1Xz4y187gm,1,BV1gV411P7ZK,1,0.40449,4
1248,3573,BV1Xz4y187gm,1,BV1Ej7fztEvc,1,0.39451,2
1249,1720,BV1jC4y1k7Mw,1,BV1je411Q7B9,1,0.52655,2
1249,1770,BV1jC4y1k7Mw,1,BV1Ay4y1c7gq,1,0.45744,3
1249,2229,BV1jC4y1k7Mw,1,BV1yx42127yV,1,0.54083,1
1249,2254,BV1jC4y1k7Mw,1,BV1up42117wC,1,0.48306,3
1249,2678,BV1jC4y1k7Mw,1,BV1gfkkYQEnf,1,0.4396,1
1249,3151,BV1jC4y1k7Mw,1,BV1BX4we8EaV,1,0.49258,2
1249,3920,BV1jC4y1k7Mw,1,BV1SuZHYbEmV,1,0.42106,1
1249,4183,BV1jC4y1k7Mw,1,BV1yEKTevEnm,2,0.43026,2
1249,4468,BV1jC4y1k7Mw,1,BV1gMxjzVEsx,1,0.50058,2
1249,4590,BV1jC4y1k7Mw,1,BV1oKWcz6Ep9,1,0.5248,3
1249,4602,BV1jC4y1k7Mw,1,BV16uWjz9EiG,1,0.46724,4
1249,5414,BV1jC4y1k7Mw,1,BV1AbZfBDE6L,1,0.43763,2
1249,5699,BV1jC4y1k7Mw,1,BV1suquBZEnC,1,0.47942,1
1250,2616,BV1YD4y1f7Fq,1,BV1A7CbYTEcZ,1,0.37905,4
1250,2943,BV1YD4y1f7Fq,1,BV1QQmzYtE2W,1,0.4314,4
1250,3794,BV1YD4y1f7Fq,1,BV1awjwzmEjW,1,0.48174,1
1250,3937,BV1YD4y1f7Fq,1,BV1FcRuYiEMf,1,0.43479,2
1250,4001,BV1YD4y1f7Fq,1,BV1rKQKY9EYS,1,0.41391,2
1250,5751,BV1YD4y1f7Fq,1,BV1V1vvBGEDW,1,0.43305,3
1251,1296,BV1fg4y127bx,1,BV1B5411z7Co,2,0.57244,2
1251,3505,BV1fg4y127bx,1,BV1oPMPzyEZC,1,0.44069,4
1251,3788,BV1fg4y127bx,1,BV13fLmzVEqm,1,0.54326,3
1251,4804,BV1fg4y127bx,1,BV19AhQzcEuq,1,0.52068,3
1251,4825,BV1fg4y127bx,1,BV1yVeozzEmC,1,0.62979,1
1251,5517,BV1fg4y127bx,1,BV1otZDBEEBm,1,0.46234,4
1252,1641,BV1LK4y1q75Q,1,BV1YC4y197QF,1,0.49611,4
1252,1878,BV1LK4y1q75Q,1,BV14p4y137hV,1,0.5311,2
1252,3927,BV1LK4y1q75Q,1,BV1DkZ6YUEs5,1,0.54798,1
1253,1621,BV1NV411X7uC,1,BV12e411o7BH,1,0.42236,3
1253,3711,BV1NV411X7uC,1,BV1bdVhzpEWM,1,0.42839,2
1253,4389,BV1NV411X7uC,1,BV1vuWyztEWv,1,0.43079,1
1254,1564,BV1di4y1H7Co,1,BV1FN4y187N6,1,0.50707,1
1254,2369,BV1di4y1H7Co,1,BV1ov421C7hP,1,0.46937,4
1254,2826,BV1di4y1H7Co,1,BV1i8zpYFErF,1,0.48213,3
1254,2891,BV1di4y1H7Co,1,BV1DFUtY4Evw,1,0.41819,1
1254,2902,BV1di4y1H7Co,1,BV1AtUeYYEf6,1,0.46766,1
1255,1326,BV1c5411y7Lx,1,BV1Hc411x7Uv,1,0.53575,2
1255,1819,BV1c5411y7Lx,1,BV1gy4y1K7z2,1,0.44936,4
1255,2088,BV1c5411y7Lx,1,BV1H7KkeKEd3,1,0.59152,1
1255,2483,BV1c5411y7Lx,1,BV1NYCPBbEUe,1,0.44302,4
1255,2734,BV1c5411y7Lx,1,BV1MTqGY7EGP,1,0.53318,1
1255,2835,BV1c5411y7Lx,1,BV1vzzBYuEXc,1,0.47525,2
1255,2845,BV1c5411y7Lx,1,BV1aNBRYkEuq,1,0.52864,4
1255,3204,BV1c5411y7Lx,1,BV1vTt4ecEfR,1,0.53593,1
1255,3382,BV1c5411y7Lx,1,BV1PxH7eiENf,1,0.63402,1
1255,3954,BV1c5411y7Lx,1,BV1euZ5YjEup,1,0.50291,4
1255,4088,BV1c5411y7Lx,1,BV166PveTEyQ,1,0.39563,1
1255,4520,BV1c5411y7Lx,1,BV1x5J1zuEQm,1,0.4564,4
1255,4789,BV1c5411y7Lx,1,BV18ovczdEco,1,0.44246,4
1255,4853,BV1c5411y7Lx,1,BV1iUehzSEBZ,1,0.43144,4
1255,5006,BV1c5411y7Lx,1,BV13ZtAzEEDW,1,0.48815,1
1255,5099,BV1c5411y7Lx,1,BV1w1tuzQECf,1,0.36881,4
1255,5673,BV1c5411y7Lx,1,BV1gmq1BBEtX,1,0.56531,1
1256,2962,BV1cb4y1P7to,1,BV1oeDYYxErp,1,0.29876,4
1256,3396,BV1cb4y1P7to,1,BV1FkHGeJER6,1,0.33309,1
1256,3873,BV1cb4y1P7to,1,BV1LvdDY7EAK,1,0.32142,2
1256,3940,BV1cb4y1P7to,1,BV1DxoZY8Ek6,1,0.31795,3
1257,2336,BV1qw41157in,1,BV1rr421s7XU,1,0.47507,3
1257,4909,BV1qw41157in,1,BV1PPbBzKELz,1,0.46729,4
1258,1920,BV1B5411k7nP,1,BV1aF411U7fA,1,0.49158,2
1258,2506,BV1B5411k7nP,1,BV1W569YeEq1,1,0.4845,4
1258,5086,BV1B5411k7nP,1,BV1i5tzzWEAn,1,0.53151,1
1258,5399,BV1B5411k7nP,1,BV1QVfkBSEYP,1,0.49154,1
1259,1947,BV1DK41187JA,1,BV19v4y1W7x1,1,0.43625,4
1259,3093,BV1DK41187JA,1,BV1kymVYTE55,1,0.44244,3
1259,3459,BV1DK41187JA,1,BV1aZNQzAEX5,1,0.53343,1
1259,3624,BV1DK41187JA,1,BV1bTjszkExZ,1,0.43557,4
1259,3751,BV1DK41187JA,1,BV1tz54zrES5,1,0.45955,2
1259,5550,BV1DK41187JA,1,BV13dZLBVEsV,1,0.36729,2
1260,1312,BV1Vc411v73S,1,BV1yT4y1b7yH,1,0.63538,4
1260,3415,BV1Vc411v73S,1,BV17NUvB2E1S,1,0.66559,1
1260,3463,BV1Vc411v73S,1,BV1AWN1zAE6N,1,0.56407,2
1260,3800,BV1Vc411v73S,1,BV1KEdaYjEtH,1,0.64191,2
1261,1760,BV1MT4y187Xh,1,BV1NQ4y187NK,1,0.38043,3
1261,3074,BV1MT4y187Xh,1,BV1CpyNYBEWT,1,0.40154,3
1261,3856,BV1MT4y187Xh,1,BV1Wco5YZEMX,1,0.43608,4
1262,1457,BV1Gc411v7Bd,1,BV1bT4y1W7Lb,1,0.5631,1
1262,1889,BV1Gc411v7Bd,1,BV1CC4y1Z7uk,1,0.53305,2
1262,2078,BV1Gc411v7Bd,1,BV1My411a7wC,1,0.58805,4
1262,3890,BV1Gc411v7Bd,1,BV1cTfKYzEbN,1,0.59617,3
1263,1330,BV1tK4y1i7mV,1,BV1pN4y1H7oC,1,0.49024,2
1263,1961,BV1tK4y1i7mV,1,BV1Cp4y1E7UT,1,0.43015,3
1263,2819,BV1tK4y1i7mV,1,BV1iNzdYsEny,1,0.42345,4
1263,4382,BV1tK4y1i7mV,1,BV1MvyjBzEFz,1,0.40181,4
1264,1290,BV1KK4y1q7MJ,1,BV1uG411B7QA,1,0.60157,1
1264,1294,BV1KK4y1q7MJ,1,BV1Mx411g76K,1,0.54608,4
1264,2083,BV1KK4y1q7MJ,1,BV1eZ421s7yA,1,0.55044,4
1264,2551,BV1KK4y1q7MJ,1,BV1CGcPe5EqQ,1,0.47099,4
1264,3030,BV1KK4y1q7MJ,1,BV1NZyZYxEqh,1,0.57658,2
1264,4674,BV1KK4y1q7MJ,1,BV1RbY5zvE28,1,0.55747,3
1264,5297,BV1KK4y1q7MJ,1,BV1jJAaz6Ex8,1,0.51523,1
1264,5633,BV1KK4y1q7MJ,1,BV1Vkz5BbEgz,1,0.51538,2
1265,1589,BV1qk4y1Z7eD,1,BV1HN411V7et,1,0.40029,4
1265,2326,BV1qk4y1Z7eD,1,BV1tS421w7JK,1,0.44482,1
1265,2683,BV1qk4y1Z7eD,1,BV1qNkJY8EP4,1,0.40073,3
1265,5414,BV1qk4y1Z7eD,1,BV1AbZfBDE6L,1,0.39226,3
1266,1461,BV1ne41127Hc,1,BV1jg4y1r7qa,1,0.38872,4
1266,1972,BV1ne41127Hc,1,BV1aw411S7t3,1,0.40747,2
1266,3406,BV1ne41127Hc,1,BV1b3sVegEio,1,0.41628,1
1266,5284,BV1ne41127Hc,1,BV1tp3ezREXR,1,0.40406,3
1267,1442,BV1Tt4y1d7Uh,1,BV1zg4y1D72b,1,0.54712,1
1267,1901,BV1Tt4y1d7Uh,1,BV1aW411V7Th,1,0.44896,4
1267,2253,BV1Tt4y1d7Uh,1,BV17w4m1Z7Hy,1,0.44958,3
1267,4874,BV1Tt4y1d7Uh,1,BV1eqe3z4Eca,1,0.38256,4
1268,1950,BV1Zi4y1k7Ug,1,BV1aN411v7Mq,1,0.41295,3
1268,2401,BV1Zi4y1k7Ug,1,BV12J4m1x7rD,1,0.41053,4
1268,4680,BV1Zi4y1k7Ug,1,BV1NXa9zbETB,1,0.45778,1
1268,5274,BV1Zi4y1k7Ug,1,BV1vr3jzUEzN,1,0.41993,2
1269,3598,BV1BL4y1M7eq,1,BV1Qh7wzDEQ7,1,0.45235,2
1269,3974,BV1BL4y1M7eq,1,BV1VEXYYsE9s,1,0.52538,1
1269,4185,BV1BL4y1M7eq,1,BV1kQNme3EMz,1,0.43013,3
1269,5432,BV1BL4y1M7eq,1,BV1KYfABeE8D,1,0.39212,4
1270,1296,BV1nw411J7d5,1,BV1B5411z7Co,2,0.59191,1
1270,1392,BV1nw411J7d5,1,BV1KN4y1p7rG,1,0.57412,1
1270,1467,BV1nw411J7d5,1,BV1Rg4y167Lq,1,0.55563,1
1270,1744,BV1nw411J7d5,1,BV1Jw411X7As,1,0.5729,1
1270,2240,BV1nw411J7d5,1,BV1pp42127py,1,0.55388,1
1270,2834,BV1nw411J7d5,1,BV1jLzjYLEFj,2,0.50588,1
1270,3252,BV1nw411J7d5,1,BV1SitZerE97,1,0.45411,2
1270,4174,BV1nw411J7d5,1,BV1FRwSeTENZ,1,0.45103,2
1270,4267,BV1nw411J7d5,1,BV14MFXeEEzN,1,0.42376,3
1270,4707,BV1nw411J7d5,1,BV1FbYTzpEGq,1,0.5088,2
1270,4847,BV1nw411J7d5,1,BV1cGezz7EcL,1,0.51237,3
1270,4891,BV1nw411J7d5,1,BV19qYzzKEri,1,0.40674,2
1271,1814,BV1mQ4y157gS,1,BV1Eh4y1B7Lu,1,0.88415,3
1271,2798,BV1mQ4y157gS,1,BV1zYzQYSEnK,1,0.92314,4
1271,3201,BV1mQ4y157gS,1,BV1vaxPeZEfJ,1,0.87333,1
1271,3430,BV1mQ4y157gS,1,BV1XkSyBKEBC,1,0.92623,2
1271,3594,BV1mQ4y157gS,1,BV11D76zHEiP,1,0.92344,3
1271,5494,BV1mQ4y157gS,1,BV1yjZ8BKE76,1,0.74267,1
1271,5695,BV1mQ4y157gS,1,BV1XyiXBfEqB,1,0.93307,1
1272,1753,BV1mQ4y157gS,2,BV1694y1V7yg,1,0.94066,2
1272,2475,BV1mQ4y157gS,2,BV1bZCRB5EDg,1,0.92443,2
1272,2744,BV1mQ4y157gS,2,BV1USq5YxEY4,1,0.88711,1
1272,3010,BV1mQ4y157gS,2,BV1wf1EYLEqm,1,0.9075,1
1272,3649,BV1mQ4y157gS,2,BV1QLJ6zAE4Y,1,0.94859,1
1272,3971,BV1mQ4y157gS,2,BV1NfQtYZEpX,1,0.92511,3
1272,4100,BV1mQ4y157gS,2,BV1bP9PYNE4k,1,0.93559,3
1272,5749,BV1mQ4y157gS,2,BV1wVv6BzEBR,1,0.93225,4
1273,1537,BV1fN4y1v7Es,1,BV1Bc411y7Rr,1,0.45863,1
1273,2687,BV1fN4y1v7Es,1,BV1DMqZYVENy,1,0.37716,2
1273,5718,BV1fN4y1v7Es,1,BV1ZfqUBoEL3,1,0.49491,1
1273,5765,BV1fN4y1v7Es,1,BV1tSBQBsEeo,1,0.58006,1
1274,1537,BV1Lk4y1Q7cW,1,BV1Bc411y7Rr,1,0.37588,4
1274,2633,BV1Lk4y1Q7cW,1,BV1EAk9YfEw1,1,0.58195,1
1274,3034,BV1Lk4y1Q7cW,1,BV1eJymYrEvA,1,0.57313,3
1274,3144,BV1Lk4y1Q7cW,1,BV1tM1XY7EEw,1,0.41052,3
1274,3719,BV1Lk4y1Q7cW,1,BV19xLczEEYB,1,0.47605,2
1275,1928,BV1uN4y1i7Mj,1,BV1qp4y1N7D2,1,0.54571,1
1275,2738,BV1uN4y1i7Mj,1,BV1hYqJYkEQJ,1,0.33106,4
1275,3576,BV1uN4y1i7Mj,1,BV19QTjzTEbN,1,0.44719,1
1275,5781,BV1uN4y1i7Mj,1,BV1mEBGBGEho,1,0.42309,3
1275,5794,BV1uN4y1i7Mj,1,BV1TcqzB2Eqf,1,0.38569,3
1276,1551,BV1VK4y1z7y2,1,BV1vC4y1g7Gw,1,0.55556,1
1276,1650,BV1VK4y1z7y2,1,BV1xj411j7gJ,1,0.4555,4
1276,1990,BV1VK4y1z7y2,1,BV1uyCjBzEht,1,0.44584,1
1276,2148,BV1VK4y1z7y2,1,BV1sq421F73j,1,0.45428,2
1276,2885,BV1VK4y1z7y2,1,BV1XAyUY3Ed5,1,0.53074,1
1276,3228,BV1VK4y1z7y2,1,BV1sasQegEw4,1,0.54384,2
1276,3362,BV1VK4y1z7y2,1,BV1rwePeoEXG,1,0.55215,1
1276,4181,BV1VK4y1z7y2,1,BV12rAAepEeu,1,0.39268,3
1276,4506,BV1VK4y1z7y2,1,BV1pJHWzVE7x,1,0.54592,4
1276,5198,BV1VK4y1z7y2,1,BV1ZrG7zhE9p,1,0.53615,4
1276,5616,BV1VK4y1z7y2,1,BV1cK6YBfE1F,1,0.53473,3
1277,2304,BV1L5411i716,1,BV1VH4y1p7Wm,1,0.42753,4
1277,2718,BV1L5411i716,1,BV1Q7qaY3EVD,1,0.45845,2
1277,3236,BV1L5411i716,1,BV1DhtyeBEBa,1,0.47039,1
1278,2436,BV1T5411i7r5,1,BV1DAUPB2EcV,1,0.35503,3
1278,3574,BV1T5411i7r5,1,BV1JLJNzjE6U,1,0.37908,1
1278,4197,BV1T5411i7r5,1,BV1wEK5eSEA1,1,0.33827,4
1278,4629,BV1T5411i7r5,1,BV1DLpwz8EHq,1,0.3606,2
1279,1286,BV1tg4y1S7vb,1,BV1mc411t7ar,1,0.35627,4
1279,3409,BV1tg4y1S7vb,1,BV1F72yBkEar,1,0.35875,3
1279,4713,BV1tg4y1S7vb,1,BV1rEbWzbEQN,1,0.38013,2
1279,5690,BV1tg4y1S7vb,1,BV1BerKBUENt,1,0.38861,1
1280,1349,BV1a94y1T7wX,1,BV1ea4y1y7qi,1,0.39611,3
1280,1504,BV1a94y1T7wX,1,BV1Mw411t77k,1,0.39558,4
1280,4376,BV1a94y1T7wX,1,BV1SWmMBREu5,1,0.44476,1
1280,5350,BV1a94y1T7wX,1,BV1SUP5zDEMP,1,0.36606,4
1281,4677,BV1EK4y1r7Sz,1,BV1cWYjzmEe3,1,0.35917,1
1281,4826,BV1EK4y1r7Sz,1,BV1uEeJzrEye,1,0.34423,2
1282,2462,BV1CQ4y1j75F,1,BV1zkeMzxEGt,1,0.41328,2
1282,3519,BV1CQ4y1j75F,1,BV1pYTrz4EeP,1,0.44256,4
1282,4515,BV1CQ4y1j75F,1,BV1DZHnzSEe2,1,0.47044,2
1282,5738,BV1CQ4y1j75F,1,BV1tZiuBwEBG,1,0.45539,3
1283,2618,BV1mG411B7ay,1,BV1DeCpYcEQj,1,0.55088,3
1283,3413,BV1mG411B7ay,1,BV14YSwBGEHL,1,0.67534,1
1283,3729,BV1mG411B7ay,1,BV1eYVizCEDi,1,0.57996,4
1283,3855,BV1mG411B7ay,1,BV13xo5YrEGg,2,0.58823,2
1283,4533,BV1mG411B7ay,1,BV1acn7zME5X,1,0.53894,1
1283,5219,BV1mG411B7ay,1,BV1jmuHzAE6g,1,0.50867,1
1284,2002,BV1kQ4y1j7sy,1,BV1Pmvxe8Ejs,1,0.39786,4
1284,2003,BV1kQ4y1j7sy,1,BV1Rt421n7Du,1,0.49168,2
1284,2717,BV1kQ4y1j7sy,1,BV1EdqSYuEnn,1,0.50522,1
1284,3212,BV1kQ4y1j7sy,1,BV12UxLe1EiG,1,0.45877,3
1284,4729,BV1kQ4y1j7sy,1,BV1hKe1z1Ew9,1,0.44234,2
1284,4852,BV1kQ4y1j7sy,1,BV18LebzvEo5,1,0.43154,4
1285,1325,BV1eV41197YK,1,BV1Q5411C73X,1,0.54296,2
1285,2729,BV1eV41197YK,1,BV1g2q2YUEaL,1,0.56474,1
1285,3240,BV1eV41197YK,1,BV1cotUeTEkN,1,0.55906,2
1285,4019,BV1eV41197YK,1,BV1ckReYyEXy,1,0.54153,4
1285,4584,BV1eV41197YK,1,BV1QAWPzgEA3,1,0.49474,4
1285,5442,BV1eV41197YK,1,BV1SxfGBFEMh,1,0.4624,2
1286,2345,BV1mc411t7ar,1,BV1kA4m1G762,1,0.54836,3
1286,2731,BV1mc411t7ar,1,BV1VxiRY3EMY,1,0.52432,1
1286,2771,BV1mc411t7ar,1,BV1tUzwYxEsh,1,0.45926,2
1286,3814,BV1mc411t7ar,1,BV1CkL9z7EH7,1,0.42812,1
1286,4720,BV1mc411t7ar,1,BV14MahzcEab,1,0.6364,1
1287,1641,BV1bT4y1p7Qb,1,BV1YC4y197QF,1,0.55616,2
1287,2098,BV1bT4y1p7Qb,1,BV1ib421b729,1,0.51906,3
1287,2824,BV1bT4y1p7Qb,1,BV1TkznYVEZS,1,0.40389,3
1287,3309,BV1bT4y1p7Qb,1,BV1XV4CeTEQY,1,0.52574,1
1287,3824,BV1bT4y1p7Qb,1,BV12qLJzXEWV,1,0.39839,3
1287,4313,BV1bT4y1p7Qb,1,BV1XyFpe3ELB,1,0.33132,2
1288,1444,BV1Yw411u7m3,1,BV1HK411v7qE,1,0.67417,1
1288,1576,BV1Yw411u7m3,1,BV1cu4y1n7UN,1,0.48826,1
1288,1659,BV1Yw411u7m3,1,BV1Bx41127Nr,1,0.42736,2
1288,2157,BV1Yw411u7m3,1,BV1TE421V7TY,1,0.58209,3
1288,2423,BV1Yw411u7m3,1,BV1fC41147N3,1,0.55251,2
1288,3964,BV1Yw411u7m3,1,BV1YYoCYbEzN,1,0.54431,1
1288,4293,BV1Yw411u7m3,1,BV1b1F8e9Ewj,1,0.62869,3
1288,4561,BV1Yw411u7m3,1,BV1cVnezNEnF,1,0.61919,1
1288,4749,BV1Yw411u7m3,1,BV1kaajz7EkA,1,0.65119,2
1288,4811,BV1Yw411u7m3,1,BV1chemzTEwy,1,0.62054,4
1288,4864,BV1Yw411u7m3,1,BV1pWYXzWE7x,1,0.47376,1
1288,5273,BV1Yw411u7m3,1,BV15xN2zSEBC,1,0.46646,3
1289,2446,BV1u64y1K7Qd,1,BV1LbC2BwE1E,1,0.43738,4
1289,3308,BV1u64y1K7Qd,1,BV1jF4zehEVJ,1,0.44786,2
1289,3536,BV1u64y1K7Qd,1,BV1cuT1z8EAx,1,0.4342,2
1289,4577,BV1u64y1K7Qd,1,BV165nFzvEom,1,0.59583,1
1289,5533,BV1u64y1K7Qd,1,BV15RELziEZZ,1,0.3913,3
1290,1547,BV1uG411B7QA,1,BV12G411r794,1,0.40259,4
1290,1748,BV1uG411B7QA,1,BV1ZN4y1S75M,1,0.61484,1
1290,1920,BV1uG411B7QA,1,BV1aF411U7fA,1,0.55876,3
1290,2642,BV1uG411B7QA,1,BV1eJkZYeEAZ,1,0.50068,3
1290,3030,BV1uG411B7QA,1,BV1NZyZYxEqh,1,0.6064,1
1290,3211,BV1uG411B7QA,1,BV1XsxEefExH,1,0.53671,3
1290,3553,BV1uG411B7QA,1,BV1wcTezKECR,1,0.54004,3
1290,4357,BV1uG411B7QA,1,BV1EwfeY2EEP,1,0.67689,1
1290,4674,BV1uG411B7QA,1,BV1RbY5zvE28,1,0.62828,1
1290,5487,BV1uG411B7QA,1,BV1y6ZMBgEc2,1,0.51895,3
1290,5528,BV1uG411B7QA,1,BV1nkcizWEH1,1,0.49888,3
1290,5548,BV1uG411B7QA,1,BV1oYcqzEEwZ,1,0.57436,4
1291,1396,BV13K411x7eZ,1,BV1oa4y167jA,1,0.39581,4
1291,1781,BV13K411x7eZ,1,BV1a84y1X7An,1,0.41455,3
1291,2149,BV13K411x7eZ,1,BV1VW411i71N,1,0.43139,1
1291,3333,BV13K411x7eZ,1,BV1XVpte7EQX,1,0.44785,1
1291,4959,BV13K411x7eZ,1,BV1hftZzKEW5,1,0.37081,3
1292,4225,BV11i4y1z7Gz,1,BV19UNterEdp,1,0.47266,3
1292,4476,BV11i4y1z7Gz,1,BV1KZHAzoEWg,1,0.46568,4
1292,5190,BV11i4y1z7Gz,1,BV19f3Lz7EXp,1,0.47513,2
1292,5281,BV11i4y1z7Gz,1,BV18qG5zqEGC,1,0.4788,1
1293,1709,BV16N4y1B77u,1,BV1Wb4y1g787,1,0.3944,1
1293,2095,BV16N4y1B77u,1,BV1my411a72U,1,0.36829,4
1293,3874,BV16N4y1B77u,1,BV1fPdLYDENo,1,0.34625,3
1293,5068,BV16N4y1B77u,1,BV1rqhGzeEKS,1,0.38909,2
1293,5765,BV16N4y1B77u,1,BV1tSBQBsEeo,1,0.37017,3
1294,2083,BV1Mx411g76K,1,BV1eZ421s7yA,1,0.55564,2
1294,2571,BV1Mx411g76K,1,BV1mmrNY6Eae,1,0.42045,4
1294,2803,BV1Mx411g76K,1,BV1zfzRYbEP2,1,0.43838,4
1294,3030,BV1Mx411g76K,1,BV1NZyZYxEqh,1,0.56723,1
1294,3332,BV1Mx411g76K,1,BV1QqpbeSEoc,1,0.44488,3
1294,3670,BV1Mx411g76K,1,BV1KxEFz3Exz,1,0.54663,3
1294,4757,BV1Mx411g76K,1,BV1yceUz1EL8,1,0.39236,3
1294,5293,BV1Mx411g76K,1,BV15egQz7E7D,1,0.43584,4
1294,5540,BV1Mx411g76K,1,BV1pvZ7BvEkN,1,0.51074,2
1294,5684,BV1Mx411g76K,1,BV1gSrKBBECg,1,0.48918,3
1295,1442,BV1B5411z7Co,1,BV1zg4y1D72b,1,0.46533,3
1295,3330,BV1B5411z7Co,1,BV16zpte8E2J,1,0.36597,1
1295,4910,BV1B5411z7Co,1,BV1qWbJzzE4c,1,0.44499,4
1296,1673,BV1B5411z7Co,2,BV1hQ4y1x7Jr,1,0.63249,1
1296,2240,BV1B5411z7Co,2,BV1pp42127py,1,0.48552,3
1296,2429,BV1B5411z7Co,2,BV1ubUNBUEjQ,1,0.63742,1
1296,2447,BV1B5411z7Co,2,BV1LbC2BwE1E,2,0.57349,3
1296,3505,BV1B5411z7Co,2,BV1oPMPzyEZC,1,0.47906,2
1296,4738,BV1B5411z7Co,2,BV1euazzaEt8,1,0.55241,1
1296,4742,BV1B5411z7Co,2,BV1QSaAztEwP,1,0.51669,2
1297,1300,BV1CC4y1T7Dz,1,BV19K41147Wv,1,0.43252,1
1297,1432,BV1CC4y1T7Dz,1,BV1ei4y1a79J,1,0.35601,2
1297,2587,BV1CC4y1T7Dz,1,BV19jr4Y3EGr,1,0.32627,4
1297,4928,BV1CC4y1T7Dz,1,BV1HobYzsEkZ,1,0.32883,3
1298,3835,BV1mi4y1h7fK,1,BV1QS5ZzNEFQ,1,0.46772,1
1298,4468,BV1mi4y1h7fK,1,BV1gMxjzVEsx,1,0.4185,3
1298,4574,BV1mi4y1h7fK,1,BV1z4JCzpE9v,1,0.41109,4
1299,2489,BV1fC4y1N7uA,1,BV1VoweeSEgZ,1,0.43943,4
1299,5266,BV1fC4y1N7uA,1,BV1zVGAzsEni,1,0.51648,1
1300,2912,BV19K41147Wv,1,BV1fiUaYEEv4,1,0.49187,2
1300,3224,BV19K41147Wv,1,BV1jushevEb1,1,0.52002,3
1300,3489,BV19K41147Wv,1,BV1VeMqzPE2m,1,0.5815,1
1300,4480,BV19K41147Wv,1,BV18bxMzdE15,1,0.5032,4
1300,5050,BV19K41147Wv,1,BV17qbNzeEGr,1,0.52324,2
1300,5469,BV19K41147Wv,1,BV1cdZqBXEUk,1,0.43188,2
1301,1303,BV1Ea4y1z72c,1,BV1u64y1n71N,1,0.63831,1
1301,1421,BV1Ea4y1z72c,1,BV1HN4y1q7n5,1,0.60014,4
1301,2217,BV1Ea4y1z72c,1,BV12t421778Y,1,0.69041,1
1301,2390,BV1Ea4y1z72c,1,BV1hp421d7Na,1,0.62637,1
1301,3139,BV1Ea4y1z72c,1,BV1Mj1eYFE8T,1,0.59152,3
1301,3578,BV1Ea4y1z72c,1,BV1smEdzYEzo,1,0.63821,3
1301,3810,BV1Ea4y1z72c,1,BV1jzLnz3Eek,1,0.53187,4
1301,4018,BV1Ea4y1z72c,1,BV1XsRLYVE9p,1,0.61549,2
1301,4611,BV1Ea4y1z72c,1,BV1PEp8zAEhe,1,0.54417,1
1301,5812,BV1Ea4y1z72c,1,BV1JJmzBfEUY,1,0.64292,3
1302,1920,BV1KC4y1M7zd,1,BV1aF411U7fA,1,0.41747,4
1302,2176,BV1KC4y1M7zd,1,BV1bw4m1178G,1,0.44128,1
1302,3546,BV1KC4y1M7zd,1,BV1JV7fz8EdG,1,0.41824,3
1302,4277,BV1KC4y1M7zd,1,BV1y8FKe2E7o,1,0.42925,2
1303,1999,BV1u64y1n71N,1,BV1i4421S7iL,1,0.44433,4
1303,3593,BV1u64y1n71N,1,BV1Kq7pzME9F,1,0.61375,1
1303,4611,BV1u64y1n71N,1,BV1PEp8zAEhe,1,0.48261,2
1303,4644,BV1u64y1n71N,1,BV17NpLzyEYm,1,0.47655,2
1303,4705,BV1u64y1n71N,1,BV1TMahzcEAP,1,0.55292,2
1304,1667,BV18T4y1s7ap,1,BV1Gu4y1A7Ms,1,0.44405,1
1304,2417,BV18T4y1s7ap,1,BV1Wv421y7gC,1,0.42147,2
1304,2971,BV18T4y1s7ap,1,BV1zVD1YbEny,1,0.53248,2
1304,3902,BV18T4y1s7ap,1,BV15eRdY8EXF,1,0.53654,1
1304,4436,BV18T4y1s7ap,1,BV1WU4NzuETi,1,0.49202,4
1304,4445,BV18T4y1s7ap,1,BV1rknjznE3A,1,0.37879,2
1304,4787,BV18T4y1s7ap,1,BV1EhhSzPEVy,1,0.49218,4
1304,5164,BV18T4y1s7ap,1,BV1WSb9zSE6T,1,0.51946,3
1305,2122,BV13p4y1R7x3,1,BV1my411Y7td,1,0.50535,2
1305,3531,BV13p4y1R7x3,1,BV1fwTTzSEhX,1,0.48439,4
1306,1727,BV1v64y1A7Ww,1,BV1kC4y127AC,1,0.45249,3
1306,3751,BV1v64y1A7Ww,1,BV1tz54zrES5,1,0.47598,1
1307,1571,BV1f8411v7fb,1,BV1TN4y1a7xP,1,0.41508,1
1307,1845,BV1f8411v7fb,1,BV14v4y1h7Ew,1,0.43604,2
1307,2882,BV1f8411v7fb,1,BV1e6mZYmE2m,1,0.4501,2
1307,4258,BV1f8411v7fb,1,BV1HHFCemECP,1,0.42957,1
1308,2669,BV1i8411v7HW,1,BV1jykKYxE8C,1,0.35033,3
1308,4672,BV1i8411v7HW,1,BV1m9e1zkEKz,1,0.37789,2
1309,1481,BV1Zc411s7aw,1,BV1JQ4y1E7tB,1,0.36362,4
1309,2192,BV1Zc411s7aw,1,BV1eu4m1F7Ys,1,0.37874,2
1309,3878,BV1Zc411s7aw,1,BV1YCdXYSEKK,1,0.40409,1
1310,2084,BV1MQ4y1A779,1,BV1NHKkeCEz3,1,0.39254,2
1310,3458,BV1MQ4y1A779,1,BV1ULKJzvEu2,1,0.38844,4
1311,1612,BV1sK4y1i739,1,BV1hH4y1k7Yb,1,0.55722,2
1311,3552,BV1sK4y1i739,1,BV1HATRzsEsU,1,0.51345,2
1311,3850,BV1sK4y1i739,1,BV1avouYFEZw,1,0.51506,1
1311,4749,BV1sK4y1i739,1,BV1kaajz7EkA,1,0.57552,1
1311,5790,BV1sK4y1i739,1,BV1vBq1ByEEX,1,0.48578,1
1312,3327,BV1yT4y1b7yH,1,BV1RWpiekEkU,1,0.63242,4
1312,4228,BV1yT4y1b7yH,1,BV1LkNGehEct,2,0.71285,2
1312,4347,BV1yT4y1b7yH,1,BV13VfpYzEC5,1,0.72978,1
1312,4446,BV1yT4y1b7yH,1,BV19Wx9zdEUR,1,0.47562,4
1312,4984,BV1yT4y1b7yH,1,BV1KBtXzLEtp,1,0.65662,2
1312,5352,BV1yT4y1b7yH,1,BV1yBfUBoEzh,1,0.72185,2
1312,5445,BV1yT4y1b7yH,1,BV1JoZZBkE9N,1,0.71498,3
1313,2452,BV19a4y1y72S,1,BV1kLyuBuEdz,1,0.33468,4
1313,3958,BV19a4y1y72S,1,BV1egZNY9EQh,1,0.38497,1
1313,5376,BV19a4y1y72S,1,BV1qVAXzNEJU,1,0.37301,1
1314,1779,BV1Ze411J7an,1,BV14u4y1J7op,1,0.49402,1
1314,2390,BV1Ze411J7an,1,BV1hp421d7Na,1,0.54253,2
1314,2924,BV1Ze411J7an,1,BV1thUMYvESW,1,0.34265,3
1314,4455,BV1Ze411J7an,1,BV1YhxyzcEjM,1,0.46271,2
1314,4471,BV1Ze411J7an,1,BV1Lvxjz9EFP,1,0.53599,3
1314,4566,BV1Ze411J7an,1,BV1YFJRz6E9W,2,0.52884,4
1314,5384,BV1Ze411J7an,1,BV1GkfBBLEXc,1,0.52757,4
1315,1598,BV1f5411C7mu,1,BV1fg4y1o7uR,1,0.56028,2
1315,1885,BV1f5411C7mu,1,BV1Nw411Y7BL,1,0.56682,2
1315,2005,BV1f5411C7mu,1,BV1gz421B7pN,1,0.50517,3
1315,4533,BV1f5411C7mu,1,BV1acn7zME5X,1,0.50247,3
1316,2023,BV1t5411v7WB,1,BV12Lvpe9Eeu,1,0.36938,3
1316,2840,BV1t5411v7WB,1,BV1Edz8YsErv,1,0.33021,4
1316,2952,BV1t5411v7WB,1,BV1A2SzYUE6z,1,0.36106,4
1317,2941,BV1wV411Q7nU,1,BV1nBmzYTEsV,1,0.35509,3
1317,5754,BV1wV411Q7nU,1,BV1scmcBtEcU,1,0.40376,2
1317,5827,BV1wV411Q7nU,1,BV1DeUnB8ErT,1,0.35206,4
1318,2879,BV1sW4y1F7aH,1,BV15fUQYNEdn,1,0.3628,1
1318,3056,BV1sW4y1F7aH,1,BV1FCyeYmE38,1,0.36009,2
1318,3084,BV1sW4y1F7aH,1,BV1MNmMYbEYQ,1,0.34857,4
1318,3996,BV1sW4y1F7aH,1,BV1GBPietEqe,1,0.35556,3
1319,2267,BV1MC4y1C7VC,1,BV1Vu4m1T7dh,1,0.50422,2
1319,2400,BV1MC4y1C7VC,1,BV1Dm411D7kv,1,0.49046,3
1319,3278,BV1MC4y1C7VC,1,BV1km4bemEf7,1,0.35169,2
1319,4759,BV1MC4y1C7VC,1,BV1WMhCzREfQ,1,0.53977,1
1320,2348,BV1xw411E7tc,1,BV1WS421A7wT,1,0.3352,4
1320,4823,BV1xw411E7tc,1,BV1WkeUzmE2E,1,0.34162,3
1320,5026,BV1xw411E7tc,1,BV1Cgt1znEFv,1,0.35322,2
1320,5342,BV1xw411E7tc,1,BV154S4BWEKe,1,0.36901,1
1321,1420,BV1vW4y1F7mW,1,BV1gC4y1v77M,1,0.44137,2
1321,1898,BV1vW4y1F7mW,1,BV1hX4y1B7FD,1,0.4112,4
1321,3294,BV1vW4y1F7mW,1,BV1kQHXeeEqt,1,0.36892,2
1322,1357,BV14a4y1k7df,1,BV1jc411x7XZ,1,0.37974,3
1322,1412,BV14a4y1k7df,1,BV1xe411b7AQ,1,0.40834,4
1322,1678,BV14a4y1k7df,1,BV1YH4y117un,1,0.44842,3
1322,2180,BV14a4y1k7df,1,BV1Fm421W7vG,1,0.56757,1
1322,2915,BV14a4y1k7df,1,BV1WcUhYWEku,1,0.5548,1
1322,3825,BV14a4y1k7df,1,BV1KLL8zUEhS,1,0.53497,3
1322,3844,BV14a4y1k7df,1,BV1cL57zTER4,1,0.51691,1
1322,4071,BV14a4y1k7df,1,BV1anX9YCEnr,1,0.46808,2
1322,4389,BV14a4y1k7df,1,BV1vuWyztEWv,1,0.43475,2
1323,1345,BV1Uh4y1a7sy,1,BV1ue411Y7mo,1,0.50297,3
1323,3543,BV1Uh4y1a7sy,1,BV1S67KzcEsU,1,0.51762,2
1323,5470,BV1Uh4y1a7sy,1,BV1HVZqBHE1a,1,0.49609,4
1323,5689,BV1Uh4y1a7sy,1,BV1fTvaB6EDk,1,0.53083,1
1324,3303,BV1Gg4y127tK,1,BV1W244e6E7o,1,0.47863,2
1324,3965,BV1Gg4y127tK,1,BV1Swo1YtEAm,1,0.41498,4
1324,4568,BV1Gg4y127tK,1,BV12bJkzwEae,1,0.3582,4
1325,4781,BV1Q5411C73X,1,BV1vNh9zqEj7,1,0.45447,2
1325,5048,BV1Q5411C73X,1,BV1QYtizCEeZ,1,0.454,2
1325,5196,BV1Q5411C73X,1,BV1r38AzqE79,1,0.54274,2
1325,5222,BV1Q5411C73X,1,BV18Ju9zrEhm,1,0.53773,4
1325,5564,BV1Q5411C73X,1,BV1SWc4zyEdq,1,0.55883,1
1326,1370,BV1Hc411x7Uv,1,BV1pg4y1m7mk,1,0.40222,4
1326,1819,BV1Hc411x7Uv,1,BV1gy4y1K7z2,1,0.55817,1
1326,2063,BV1Hc411x7Uv,1,BV1rr421c7i9,1,0.44907,4
1326,2845,BV1Hc411x7Uv,1,BV1aNBRYkEuq,1,0.51004,3
1326,4258,BV1Hc411x7Uv,1,BV1HHFCemECP,1,0.41911,3
1326,4522,BV1Hc411x7Uv,1,BV1ybn2zrEHu,1,0.50996,2
1327,2791,BV1Za4y1y7Vy,1,BV1mBieYrEZd,1,0.43129,3
1327,4844,BV1Za4y1y7Vy,1,BV1Wneiz5EZ2,1,0.44518,1
1327,5747,BV1Za4y1y7Vy,1,BV1vXiPBFEkR,1,0.38101,4
1328,2181,BV12V411D7kJ,1,BV16x4y1B7QS,1,0.41298,2
1328,2323,BV12V411D7kJ,1,BV1Au4m137qL,1,0.41041,3
1328,2638,BV12V411D7kJ,1,BV1FGCnYBEKm,1,0.41691,1
1329,3103,BV1da4y1y7Sp,1,BV1Si2aYhEm2,1,0.45896,3
1329,3504,BV1da4y1y7Sp,1,BV1ZdJAzgEn7,1,0.51337,1
1329,3729,BV1da4y1y7Sp,1,BV1eYVizCEDi,1,0.45985,2
1329,4437,BV1da4y1y7Sp,1,BV1vvxDzQErD,1,0.45448,4
1330,1653,BV1pN4y1H7oC,1,BV1V64y1j7Vx,1,0.49918,3
1330,1789,BV1pN4y1H7oC,1,BV1uj411v7HK,1,0.41602,4
1330,2550,BV1pN4y1H7oC,1,BV1VorBYCEQJ,1,0.45822,3
1330,3273,BV1pN4y1H7oC,1,BV13GtieUEku,1,0.52964,1
1330,3281,BV1pN4y1H7oC,1,BV1v34ReMEBx,1,0.49508,1
1330,5171,BV1pN4y1H7oC,1,BV1z1bCzkEce,1,0.52353,2
1331,4483,BV1oQ4y1F7WZ,1,BV19fxKz4EQA,1,0.4335,4
1331,5177,BV1oQ4y1F7WZ,1,BV1qTgtzmEGt,1,0.48116,1
1331,5531,BV1oQ4y1F7WZ,1,BV1aCkYBnEgs,1,0.43578,3
1332,1487,BV12N4y1W7fZ,1,BV12i4y1a7Bx,1,0.4711,4
1332,2484,BV12N4y1W7fZ,1,BV1acCtBBEzG,1,0.48516,4
1332,2569,BV12N4y1W7fZ,1,BV12Tr5YfEnv,1,0.5249,1
1332,3926,BV12N4y1W7fZ,1,BV1VwZyYYEct,1,0.38437,4
1332,4066,BV12N4y1W7fZ,1,BV1FT9rYZE84,1,0.5103,1
1332,5611,BV12N4y1W7fZ,1,BV1VoF8zdE61,1,0.51061,2
1333,2024,BV1mC4y1r7Hy,1,BV12Lvpe9Eeu,2,0.50462,1
1333,5424,BV1mC4y1r7Hy,1,BV1LEfTB8EmQ,1,0.50392,2
1333,5450,BV1mC4y1r7Hy,1,BV12LZaByELD,1,0.46172,4
1334,1612,BV1vT4y1b7xS,1,BV1hH4y1k7Yb,1,0.48936,2
1334,2455,BV1vT4y1b7xS,1,BV1avUVB2Epw,1,0.35069,3
1334,3819,BV1vT4y1b7xS,1,BV1KZLEznE3G,1,0.50338,1
1334,5697,BV1vT4y1b7xS,1,BV1DbBRBvE46,1,0.44964,4
1335,1855,BV14K411Y7uK,1,BV1gm4y1g7vN,1,0.38443,2
1335,1965,BV14K411Y7uK,1,BV1L841167sj,1,0.43189,1
1335,2638,BV14K411Y7uK,1,BV1FGCnYBEKm,1,0.43011,1
1335,2860,BV14K411Y7uK,1,BV1boURYPEhS,1,0.44337,4
1335,3135,BV14K411Y7uK,1,BV1UM1CYxE3q,1,0.38638,3
1335,3227,BV14K411Y7uK,1,BV1WYskemEHb,1,0.4208,4
1335,4787,BV14K411Y7uK,1,BV1EhhSzPEVy,1,0.52729,1
1335,5285,BV14K411Y7uK,1,BV1Ah3Cz3Evs,1,0.37676,4
1336,2084,BV1SW4y1w7zQ,1,BV1NHKkeCEz3,1,0.64623,1
1336,2357,BV1SW4y1w7zQ,1,BV1aS421N7jJ,1,0.45317,1
1336,2563,BV1SW4y1w7zQ,1,BV1HhraYTEHV,1,0.54944,3
1336,2870,BV1SW4y1w7zQ,1,BV1UgBCYzE4T,1,0.566,2
1337,1575,BV1Y64y1w7Wh,1,BV1gi4y1a7v3,1,0.37551,4
1337,1639,BV1Y64y1w7Wh,1,BV1qg4y1f7B7,1,0.44135,1
1338,1611,BV1oK411872B,1,BV15C4y1X7tm,1,0.4316,4
1338,1679,BV1oK411872B,1,BV1RN4y127rt,1,0.55897,3
1338,3149,BV1oK411872B,1,BV1fm19YzETm,1,0.55388,1
1338,4163,BV1oK411872B,1,BV1sJAaecE2z,1,0.55144,1
1338,4826,BV1oK411872B,1,BV1uEeJzrEye,1,0.44779,4
1339,1617,BV1di4y1H7cR,1,BV1gg4y1Z7ek,2,0.49759,2
1339,1825,BV1di4y1H7cR,1,BV1xF41127Ae,1,0.38062,4
1339,2460,BV1di4y1H7cR,1,BV1A9CWB2EjN,1,0.50654,1
1339,5293,BV1di4y1H7cR,1,BV15egQz7E7D,1,0.46173,2
1339,5555,BV1di4y1H7cR,1,BV1MXctzyE3n,1,0.43225,1
1340,2925,BV1Ja4y1C7kv,1,BV1TXUTYhEMY,1,0.45539,1
1340,3068,BV1Ja4y1C7kv,1,BV1qHCmYjErd,1,0.41166,2
1340,3635,BV1Ja4y1C7kv,1,BV1Rtj8zYExE,1,0.40702,3
1340,4591,BV1Ja4y1C7kv,1,BV1zvpozNEjr,1,0.36479,2
1341,1566,BV1a64y177DS,1,BV1Qp4y1o7hp,1,0.49807,2
1341,3475,BV1a64y177DS,1,BV1TENizyEQa,1,0.46131,4
1341,4528,BV1a64y177DS,1,BV1iUn5zBEtx,1,0.5386,1
1342,1620,BV1hK411Y7pP,1,BV1TN4y1Y7EC,1,0.46604,2
1342,3409,BV1hK411Y7pP,1,BV1F72yBkEar,1,0.44497,4
1343,2581,BV1We411q7sZ,1,BV1N6kqY8ETM,1,0.35548,4
1343,2763,BV1We411q7sZ,1,BV1kHi6YmEtn,1,0.38327,1
1343,4792,BV1We411q7sZ,1,BV1SchizjEZi,1,0.35604,3
1344,1734,BV1Be411n7Fv,1,BV1mo4y1q7QR,1,0.46097,2
1344,1836,BV1Be411n7Fv,1,BV1N8411y7SR,1,0.5063,2
1344,1916,BV1Be411n7Fv,1,BV1LP411b7bu,1,0.54735,1
1344,5440,BV1Be411n7Fv,1,BV1nYZVBnEMQ,1,0.49754,1
1344,5545,BV1Be411n7Fv,1,BV1LRcLzRE3R,1,0.48197,4
1345,1854,BV1ue411Y7mo,1,BV18B4y1Z7g8,1,0.62744,1
1345,2905,BV1ue411Y7mo,1,BV1ziUaYEEP9,1,0.69718,1
1345,2911,BV1ue411Y7mo,1,BV1WPmfYwEbQ,1,0.70567,2
1345,3567,BV1ue411Y7mo,1,BV1bajUzCEHH,1,0.71152,1
1345,4133,BV1ue411Y7mo,1,BV1KnNWeLEpv,1,0.56159,4
1345,4877,BV1ue411Y7mo,1,BV1iTYizFEgy,1,0.61121,4
1345,5179,BV1ue411Y7mo,1,BV1j9bmzXExr,1,0.57768,3
1345,5355,BV1ue411Y7mo,1,BV1N3PHzFE38,1,0.63696,3
1345,5573,BV1ue411Y7mo,1,BV1CiFXzBEth,1,0.65601,4
1345,5700,BV1ue411Y7mo,1,BV1JPqcBFE2B,1,0.51831,3
1346,2845,BV1BN4y1n7DM,1,BV1aNBRYkEuq,1,0.4711,1
1346,3841,BV1BN4y1n7DM,1,BV1QHNue7EP1,1,0.36743,4
1346,4482,BV1BN4y1n7DM,1,BV175xMzKEiH,1,0.41618,3
1346,4701,BV1BN4y1n7DM,1,BV1zhaGzaENu,1,0.42892,1
1346,4722,BV1BN4y1n7DM,1,BV11ohBz2EpV,1,0.41525,4
1347,1810,BV1sT4y1h7kY,1,BV1Ww41167Yo,1,0.38004,1
1347,2940,BV1sT4y1h7kY,1,BV1PLmkYSE44,1,0.34418,2
1347,2962,BV1sT4y1h7kY,1,BV1oeDYYxErp,1,0.40694,4
1347,2994,BV1sT4y1h7kY,1,BV1tCSaYqEea,1,0.4538,1
1347,3632,BV1sT4y1h7kY,1,BV1YYjuzzEcN,1,0.4096,3
1348,2254,BV17T4y1H7fQ,1,BV1up42117wC,1,0.46736,1
1348,3582,BV17T4y1H7fQ,1,BV1oAJLzNEN2,1,0.41916,1
1348,4183,BV17T4y1H7fQ,1,BV1yEKTevEnm,2,0.42106,3
1348,4724,BV17T4y1H7fQ,1,BV1BZezz1EAG,1,0.37901,1
1348,5266,BV17T4y1H7fQ,1,BV1zVGAzsEni,1,0.43203,2
1348,5392,BV17T4y1H7fQ,1,BV1tvAaz8E5Q,1,0.33508,3
1349,1515,BV1ea4y1y7qi,1,BV19N4y1b77P,1,0.42462,2
1349,2253,BV1ea4y1y7qi,1,BV17w4m1Z7Hy,1,0.46657,4
1349,2284,BV1ea4y1y7qi,1,BV1YD4y1X72n,1,0.50858,1
1349,3621,BV1ea4y1y7qi,1,BV1aFjozqE5x,1,0.44749,4
1349,4099,BV1ea4y1y7qi,1,BV1MHASeXERV,1,0.47883,3
1349,4677,BV1ea4y1y7qi,1,BV1cWYjzmEe3,1,0.44793,3
1349,5118,BV1ea4y1y7qi,1,BV1ywh8zHEZd,1,0.36294,3
1349,5224,BV1ea4y1y7qi,1,BV1X4uUzhEJP,1,0.3615,3
1350,2842,BV1Cg4y1D78K,1,BV1RQt6eqEdb,2,0.36296,3
1350,4689,BV1Cg4y1D78K,1,BV19aY5zYE8t,2,0.33583,3
1350,5095,BV1Cg4y1D78K,1,BV1eWhuz2Eyi,1,0.38335,1
1350,5332,BV1Cg4y1D78K,1,BV1bmwRzdET9,1,0.37513,2
1351,2743,BV1wT4y1h7F8,1,BV1ALzpY6EMb,1,0.37898,4
1351,2796,BV1wT4y1h7F8,1,BV1smi1YNEwG,1,0.37563,2
1351,5105,BV1wT4y1h7F8,1,BV1YMgxzuEZ7,1,0.39962,2
1351,5150,BV1wT4y1h7F8,1,BV1dEbSzsE8s,1,0.40931,1
1352,2508,BV1Ds411w7vo,1,BV1PTcoebEUU,1,0.4018,3
1352,2863,BV1Ds411w7vo,1,BV1wTU9YUEPa,1,0.41856,3
1352,3176,BV1Ds411w7vo,1,BV1UL4NeHEKw,1,0.46529,1
1352,3325,BV1Ds411w7vo,1,BV1nipteaEm2,1,0.41341,4
1352,3525,BV1Ds411w7vo,1,BV1GdTTzCEdZ,1,0.46412,2
1352,4433,BV1Ds411w7vo,1,BV1pD4Tz1EeL,1,0.37344,2
1353,2520,BV1CW4y1w7im,1,BV17GkZYuEBQ,1,0.42744,1
1353,3666,BV1CW4y1w7im,1,BV11G4y1z7XZ,1,0.39328,3
1353,3714,BV1CW4y1w7im,1,BV1cYdeYyEY1,1,0.42282,2
1353,4470,BV1CW4y1w7im,1,BV1CqxLzYEfh,1,0.46031,4
1353,4666,BV1CW4y1w7im,1,BV1VjHRz2EBT,1,0.51022,1
1353,5367,BV1CW4y1w7im,1,BV138fzBGEpn,1,0.50342,2
1353,5664,BV1CW4y1w7im,1,BV1Y86UBtEJm,1,0.50155,3
1354,2968,BV1r94y1w78Q,1,BV1X5DDYAERz,1,0.42318,4
1354,4226,BV1r94y1w78Q,1,BV1NfNGeSEML,1,0.52748,1
1354,4865,BV1r94y1w78Q,1,BV1vB7HzmEL9,1,0.44489,2
1354,5120,BV1r94y1w78Q,1,BV1tZh7zxEF1,1,0.33554,3
1354,5206,BV1r94y1w78Q,1,BV1V5gTzpERs,1,0.38898,2
1354,5488,BV1r94y1w78Q,1,BV1GAZuBxEqo,1,0.43569,3
1355,2820,BV16a4y117kf,1,BV1KuzVYXEg6,1,0.42462,4
1355,2953,BV16a4y117kf,1,BV1BrSkYUEmc,1,0.43305,3
1355,3123,BV16a4y117kf,1,BV1iC2JYuEzA,1,0.47236,2
1355,4525,BV16a4y117kf,1,BV1egnZzWEgC,1,0.41495,2
1355,5185,BV16a4y117kf,1,BV1f7gszVEo8,1,0.47746,1
1356,2911,BV1Vc411x7gU,1,BV1WPmfYwEbQ,1,0.60756,2
1356,4554,BV1Vc411x7gU,1,BV1ZrnGzvEx7,1,0.60001,4
1356,5757,BV1Vc411x7gU,1,BV1Sgm3BwEh5,1,0.61092,1
1357,2602,BV1jc411x7XZ,1,BV1zsCbYhE5w,1,0.37801,4
1357,3498,BV1jc411x7XZ,1,BV1pFMbzsE9f,1,0.32392,3
1357,4054,BV1jc411x7XZ,1,BV1a498YLEg3,1,0.38477,2
1357,5193,BV1jc411x7XZ,1,BV1hybZzzEar,1,0.39554,1
1358,1953,BV1We411n7KZ,1,BV1Tk4y1N71V,1,0.45396,1
1358,2067,BV1We411n7KZ,1,BV11U411d7xT,1,0.55019,1
1358,2956,BV1We411n7KZ,1,BV1ifDRYUEj7,1,0.4993,1
1358,4359,BV1We411n7KZ,1,BV1cZfYYJE6g,1,0.45836,3
1358,4796,BV1We411n7KZ,1,BV1muhmz6EFa,1,0.40266,1
1358,4978,BV1We411n7KZ,1,BV1JEtozyEFF,1,0.52237,2
1358,5027,BV1We411n7KZ,1,BV1i3bVzWEXA,1,0.44217,3
1359,2797,BV1jt4y1R7us,1,BV1hb6wYAEhc,1,0.38404,4
1359,4041,BV1jt4y1R7us,1,BV1zvRNYdE9i,1,0.41081,1
1359,5056,BV1jt4y1R7us,1,BV1PTbMzQE2s,1,0.39237,3
1360,2460,BV1ZN4y1H7kZ,1,BV1A9CWB2EjN,1,0.3812,1
1360,2548,BV1ZN4y1H7kZ,1,BV1Sj411P7w5,1,0.37422,3
1360,3923,BV1ZN4y1H7kZ,1,BV1i2o9Y8EGf,1,0.3615,2
1360,4333,BV1ZN4y1H7kZ,1,BV1rhFPeMEFA,1,0.31405,3
1360,5293,BV1ZN4y1H7kZ,1,BV15egQz7E7D,1,0.38097,2
1360,5440,BV1ZN4y1H7kZ,1,BV1nYZVBnEMQ,1,0.37102,4
1361,3039,BV14k4y1D7Ay,1,BV1zwyCYqEuy,1,0.38722,2
1361,5477,BV14k4y1D7Ay,1,BV1hZZiBaEjG,1,0.40385,1
1361,5559,BV14k4y1D7Ay,1,BV1HYcezQEQx,1,0.37244,3
1362,1566,BV18c411t7Qf,1,BV1Qp4y1o7hp,1,0.42904,4
1362,2057,BV18c411t7Qf,1,BV11x4y147nL,1,0.43284,3
1362,2144,BV18c411t7Qf,1,BV1Vi421C77i,1,0.47933,1
1362,3337,BV18c411t7Qf,1,BV1VgH9epEP1,1,0.44298,2
1363,2145,BV1Se411z7tD,1,BV1gZ421J7xG,1,0.34823,4
1363,2566,BV1Se411z7tD,1,BV1Vgr3YcEn2,1,0.36676,2
1364,2537,BV1KN4y1i7bD,1,BV1qickeGE7y,1,0.32217,4
1364,4284,BV1KN4y1i7bD,1,BV1TjfDY3EJ4,1,0.32386,3
1364,4680,BV1KN4y1i7bD,1,BV1NXa9zbETB,1,0.3823,1
1364,5334,BV1KN4y1i7bD,1,BV1bgwizuEvT,1,0.35282,2
1365,1369,BV1Ae411q7CP,1,BV1VK4y1r73v,1,0.47104,1
1365,1824,BV1Ae411q7CP,1,BV13m4y1V7X7,1,0.38805,3
1365,1955,BV1Ae411q7CP,1,BV1Cz4y1u79T,1,0.42158,3
1365,2998,BV1Ae411q7CP,1,BV16NSZYbEz4,1,0.41755,3
1365,3000,BV1Ae411q7CP,1,BV1nASvYaE3i,1,0.38756,2
1365,3365,BV1Ae411q7CP,1,BV1o5HqeyEW3,1,0.39179,4
1365,3704,BV1Ae411q7CP,1,BV1KhVZzsEWw,1,0.37891,3
1365,4717,BV1Ae411q7CP,1,BV1UrabzfEU7,1,0.42492,3
1365,5632,BV1Ae411q7CP,1,BV1inksBPEpk,1,0.43407,2
1366,2308,BV1d94y1g7hP,1,BV1UH4y157gD,1,0.56842,1
1366,2518,BV1d94y1g7hP,1,BV1nCkyY6EvB,1,0.52956,4
1366,2557,BV1d94y1g7hP,1,BV17hc7e6Eer,1,0.5405,2
1366,3591,BV1d94y1g7hP,1,BV1H872zcEXE,1,0.53386,3
1366,5254,BV1d94y1g7hP,1,BV16KMQzUE2W,1,0.49773,1
1367,1475,BV1Hi4y1i7jv,1,BV1a64y1n7He,1,0.38568,4
1367,2742,BV1Hi4y1i7jv,1,BV1HUq7Y9Erj,1,0.36178,2
1367,2760,BV1Hi4y1i7jv,1,BV1yVqHYPE4P,1,0.46484,2
1367,3239,BV1Hi4y1i7jv,1,BV1EHtUecEZC,1,0.40947,4
1367,4410,BV1Hi4y1i7jv,1,BV1i14JzqEfv,1,0.48267,2
1367,4783,BV1Hi4y1i7jv,1,BV1SPeoz1EiS,1,0.481,3
1367,4842,BV1Hi4y1i7jv,1,BV14DepzjEGy,1,0.48641,1
1367,4869,BV1Hi4y1i7jv,1,BV162eGzuEVz,1,0.37364,4
1367,5779,BV1Hi4y1i7jv,1,BV1AyUTBjEB3,1,0.42326,2
1368,1780,BV1XN4y1i7iz,1,BV18N411s7aU,1,0.38307,3
1368,3959,BV1XN4y1i7iz,1,BV1q3o2Y3E4B,1,0.49756,3
1368,4495,BV1XN4y1i7iz,1,BV14ixbzrE9n,1,0.48787,4
1368,4657,BV1XN4y1i7iz,1,BV1dmYmzhE8t,1,0.457,2
1368,5804,BV1XN4y1i7iz,1,BV15vq1B2E1x,1,0.50544,2
1369,1504,BV1VK4y1r73v,1,BV1Mw411t77k,1,0.46526,2
1369,1802,BV1VK4y1r73v,1,BV12Q4y1p7CH,1,0.42811,1
1369,2171,BV1VK4y1r73v,1,BV1V1421673e,1,0.4404,3
1369,2435,BV1VK4y1r73v,1,BV1Xw19BSExh,1,0.45795,4
1369,3491,BV1VK4y1r73v,1,BV1GkMTzjEur,1,0.43244,3
1369,5632,BV1VK4y1r73v,1,BV1inksBPEpk,1,0.46185,2
1370,1550,BV1pg4y1m7mk,1,BV1Ci4y1a7HR,1,0.42943,2
1370,1819,BV1pg4y1m7mk,1,BV1gy4y1K7z2,1,0.43353,2
1370,5084,BV1pg4y1m7mk,1,BV16Ch5zME5r,1,0.35612,3
1370,5641,BV1pg4y1m7mk,1,BV1GWzLB8EGn,1,0.39616,4
1370,5740,BV1pg4y1m7mk,1,BV1hTiTBtEza,1,0.46115,1
1371,3949,BV13W4y1P7GJ,1,BV13xQ7Y6Ep5,1,0.43516,3
1371,5615,BV13W4y1P7GJ,1,BV1Ty6tBtEDe,1,0.43677,2
1372,2520,BV1XK411Y7CF,1,BV17GkZYuEBQ,1,0.42353,3
1372,3566,BV1XK411Y7CF,1,BV1NT7Kz9Eb4,1,0.43202,2
1372,4642,BV1XK411Y7CF,1,BV1c2pJzAEds,1,0.40534,4
1372,4989,BV1XK411Y7CF,1,BV1MatXzJEJa,1,0.44843,1
1373,2482,BV1ha4y1q7bm,1,BV16bCuBiEDP,1,0.35125,4
1373,4290,BV1ha4y1q7bm,1,BV1oCF4etEaE,1,0.3699,3
1374,4676,BV1ek4y1S7EZ,1,BV1MwYAzsETg,1,0.53749,1
1374,5112,BV1ek4y1S7EZ,1,BV1QM81zzE15,1,0.45301,3
1374,5412,BV1ek4y1S7EZ,1,BV1FUfqBHEd8,1,0.48155,2
1374,5545,BV1ek4y1S7EZ,1,BV1LRcLzRE3R,1,0.44894,4
1375,1407,BV1PQ4y1E7Cm,1,BV1Ta4y1z72p,1,0.57429,2
1375,2601,BV1PQ4y1E7Cm,1,BV1sd6gY2EJr,1,0.44371,2
1375,3679,BV1PQ4y1E7Cm,1,BV1AuVpzXE9P,1,0.32063,4
1375,3944,BV1PQ4y1E7Cm,1,BV11mZLYuEE1,1,0.44226,3
1375,3992,BV1PQ4y1E7Cm,1,BV12HQXYFEms,1,0.47667,4
1375,5248,BV1PQ4y1E7Cm,1,BV1weuJzNEwL,1,0.51564,2
1376,2338,BV1AK4y1z7nG,1,BV1BJ4m1Y7vT,1,0.38026,2
1376,3822,BV1AK4y1z7nG,1,BV1cPLJzjEex,1,0.36422,3
1376,5280,BV1AK4y1z7nG,1,BV1Sc32ztEQp,1,0.44915,1
1377,2300,BV1Vi4y1i7mW,1,BV1iz421R7xh,1,0.52684,3
1377,2587,BV1Vi4y1i7mW,1,BV19jr4Y3EGr,1,0.54124,2
1377,3224,BV1Vi4y1i7mW,1,BV1jushevEb1,1,0.69149,1
1377,3701,BV1Vi4y1i7mW,1,BV1Tk5MzoEdi,1,0.54703,3
1377,4002,BV1Vi4y1i7mW,1,BV162RVYnEsJ,1,0.57356,3
1377,5050,BV1Vi4y1i7mW,1,BV17qbNzeEGr,1,0.59396,2
1378,1867,BV1eQ4y1j7pJ,1,BV19w411C77Z,1,0.39504,2
1378,4159,BV1eQ4y1j7pJ,1,BV1WfNheaEgQ,1,0.39661,1
1378,4798,BV1eQ4y1j7pJ,1,BV1PuhRz9EpC,1,0.4604,3
1378,5464,BV1eQ4y1j7pJ,1,BV1L4f3B6E46,1,0.50806,1
1379,1385,BV18V41197dD,1,BV1YQ4y1J74J,1,0.91878,1
1379,2752,BV18V41197dD,1,BV1USq5YxEY4,9,0.8839,4
1379,2944,BV18V41197dD,1,BV174D6YLEet,1,0.94833,2
1379,4061,BV18V41197dD,1,BV17e96YnEXf,1,0.93104,2
1379,4100,BV18V41197dD,1,BV1bP9PYNE4k,1,0.95635,1
1379,4237,BV18V41197dD,1,BV1uuNWeXE5n,1,0.94636,3
1379,5263,BV18V41197dD,1,BV1M9MXziEQz,1,0.94168,4
1380,1779,BV1Sa4y1q758,1,BV14u4y1J7op,1,0.4258,4
1380,2479,BV1Sa4y1q758,1,BV1AcCQBdEjK,1,0.37724,4
1380,4117,BV1Sa4y1q758,1,BV1zMPxeMEFu,1,0.3556,2
1380,4977,BV1Sa4y1q758,1,BV1uKtSz6EgF,1,0.43346,3
1380,5536,BV1Sa4y1q758,1,BV1qd6cBNERK,1,0.43392,2
1381,1679,BV1Me411U77L,1,BV1RN4y127rt,1,0.57765,4
1381,4428,BV1Me411U77L,1,BV1smxYzSEv1,1,0.58791,2
1381,4581,BV1Me411U77L,1,BV1PxpozGEsZ,1,0.56784,2
1381,4805,BV1Me411U77L,1,BV1zvhQzuEJj,1,0.6191,1
1382,2612,BV1me411z7tm,1,BV1xd6hYMENF,3,0.39747,4
1382,3188,BV1me411z7tm,1,BV1RzxbeFEyE,1,0.5779,1
1382,3274,BV1me411z7tm,1,BV1Z84ZeQEBR,1,0.64888,2
1382,3414,BV1me411z7tm,1,BV1GWmcBkE9F,1,0.67084,2
1382,4231,BV1me411z7tm,1,BV1ym421W7PQ,1,0.52128,3
1382,4347,BV1me411z7tm,1,BV13VfpYzEC5,1,0.66307,4
1382,4361,BV1me411z7tm,1,BV15Y411b7jd,1,0.62193,2
1382,5389,BV1me411z7tm,1,BV1NhP3ziE8K,1,0.54152,3
1382,5535,BV1me411z7tm,1,BV1LkFxzSEk5,1,0.57023,2
1382,5676,BV1me411z7tm,1,BV1iM6QBgEbs,1,0.50856,2
1383,1514,BV17p4y1R7bG,1,BV11c411m7eR,1,0.53161,2
1383,2068,BV17p4y1R7bG,1,BV12M4m1U7zk,1,0.52496,4
1383,3439,BV17p4y1R7bG,1,BV1d8UsBUE4n,1,0.54166,1
1383,5126,BV17p4y1R7bG,1,BV1uu411i7D2,1,0.52852,3
1383,5582,BV17p4y1R7bG,1,BV17pzJB2EJ3,1,0.4371,2
1384,2007,BV1a94y1T7Sz,1,BV1rjvDeoEnv,1,0.36916,4
1384,3123,BV1a94y1T7Sz,1,BV1iC2JYuEzA,1,0.51951,1
1384,3930,BV1a94y1T7Sz,1,BV1ToQtYFEsV,1,0.51149,1
1384,4050,BV1a94y1T7Sz,1,BV1qpRKY9EbX,1,0.5116,2
1384,5446,BV1a94y1T7Sz,1,BV1QhFszMEkZ,1,0.4634,2
1385,2776,BV1YQ4y1J74J,1,BV1Muq5Y9E3r,1,0.89739,2
1385,3430,BV1YQ4y1J74J,1,BV1XkSyBKEBC,1,0.89144,4
1386,2229,BV1RC4y1S77G,1,BV1yx42127yV,1,0.49031,3
1386,2488,BV1RC4y1S77G,1,BV1xPCGBnEs2,1,0.49273,1
1386,2854,BV1RC4y1S77G,1,BV1XvBtYTES3,1,0.41218,4
1386,5000,BV1RC4y1S77G,1,BV197bVzJEPc,1,0.41794,3
1386,5611,BV1RC4y1S77G,1,BV1VoF8zdE61,1,0.4921,2
1387,3027,BV1qN4y1s7tB,1,BV1cX1xYYEWh,1,0.47861,1
1387,4839,BV1qN4y1s7tB,1,BV1mweEzYE65,1,0.38616,4
1387,5580,BV1qN4y1s7tB,1,BV1R8cczyEzy,2,0.3952,2
1388,2392,BV1hF411W7oS,1,BV1jJ4m1x7bg,1,0.38288,2
1388,3234,BV1hF411W7oS,1,BV1gktDesEmL,1,0.46738,1
1388,4113,BV1hF411W7oS,1,BV1KLAXesEpD,1,0.3643,3
1388,4214,BV1hF411W7oS,1,BV1vgNXeyEsy,1,0.36132,4
1389,1454,BV1q5411q7uY,1,BV13m4y1s7y8,1,0.37036,1
1389,2108,BV1q5411q7uY,1,BV1aJ4m1N722,1,0.52315,1
1389,2855,BV1q5411q7uY,1,BV1WTmfYcEHC,1,0.43493,4
1389,3285,BV1q5411q7uY,1,BV1xJ4UeBENp,1,0.44313,3
1389,5281,BV1q5411q7uY,1,BV18qG5zqEGC,1,0.48153,4
1389,5508,BV1q5411q7uY,1,BV1nGZvB5E8P,1,0.35874,3
1390,1647,BV1Dg4y1r77q,1,BV1qQ4y1H7KZ,1,0.62146,2
1390,2451,BV1Dg4y1r77q,1,BV1j9ycB3ENV,1,0.61938,3
1390,2647,BV1Dg4y1r77q,1,BV1cmkZYLEfX,1,0.46999,2
1390,4595,BV1Dg4y1r77q,1,BV1YApRzJEVH,1,0.64515,1
1390,4650,BV1Dg4y1r77q,1,BV1TNYvzkEh1,1,0.50553,1
1390,4799,BV1Dg4y1r77q,1,BV1d5vTzUE5p,1,0.55764,3
1390,5442,BV1Dg4y1r77q,1,BV1SxfGBFEMh,1,0.47935,1
1391,1473,BV1Sa4y1C7E1,1,BV1xe411C7GM,1,0.58093,2
1391,3800,BV1Sa4y1C7E1,1,BV1KEdaYjEtH,1,0.54869,3
1391,3925,BV1Sa4y1C7E1,1,BV15PCWY6ExC,1,0.61948,1
1391,4069,BV1Sa4y1C7E1,1,BV1uU9BYAEpo,1,0.52668,1
1392,1467,BV1KN4y1p7rG,1,BV1Rg4y167Lq,1,0.53238,3
1392,1744,BV1KN4y1p7rG,1,BV1Jw411X7As,1,0.51439,4
1392,2185,BV1KN4y1p7rG,1,BV1pi421C7wX,1,0.47902,2
1392,2220,BV1KN4y1p7rG,1,BV14t42177d2,1,0.46347,3
1392,4615,BV1KN4y1p7rG,1,BV1Dr421K7s4,1,0.54403,1
1392,4847,BV1KN4y1p7rG,1,BV1cGezz7EcL,1,0.51813,2
1392,5622,BV1KN4y1p7rG,1,BV1n26yBcEfX,1,0.44334,4
1393,3728,BV1FT4y1H752,1,BV1cN5VztEHT,1,0.38526,4
1393,4011,BV1FT4y1H752,1,BV1iDQpYZENu,1,0.43869,1
1393,4245,BV1FT4y1H752,1,BV1TBNweWE6D,1,0.39984,3
1394,1563,BV1Ra4y1r7SX,1,BV1pG411Y7RG,1,0.51636,2
1394,1976,BV1Ra4y1r7SX,1,BV1Yh4y1N7C3,1,0.54379,2
1394,4472,BV1Ra4y1r7SX,1,BV147H5z9Ese,1,0.56627,1
1394,4924,BV1Ra4y1r7SX,1,BV1HBbazUEBy,1,0.50463,4
1394,5167,BV1Ra4y1r7SX,1,BV1HY38zaEJz,1,0.53088,4
1394,5177,BV1Ra4y1r7SX,1,BV1qTgtzmEGt,1,0.58114,1
1395,1519,BV1jN4y1i7MV,1,BV1Yw41147rP,1,0.54028,4
1395,1578,BV1jN4y1i7MV,1,BV1QN4y1b7Xy,1,0.48247,3
1395,2701,BV1jN4y1i7MV,1,BV1aGBLYeERy,1,0.42965,3
1395,2772,BV1jN4y1i7MV,1,BV1HkqVYGEK2,1,0.49529,4
1395,2882,BV1jN4y1i7MV,1,BV1e6mZYmE2m,1,0.52672,1
1395,3255,BV1jN4y1i7MV,1,BV185tsemEWc,1,0.58272,2
1395,3431,BV1jN4y1i7MV,1,BV1Ki2fBdEF1,1,0.51784,1
1395,3659,BV1jN4y1i7MV,1,BV1h9JKzuEZ6,1,0.48479,1
1395,4124,BV1jN4y1i7MV,1,BV1XGAfeSE4J,1,0.48491,1
1395,4131,BV1jN4y1i7MV,1,BV13UPKeuEmi,1,0.53632,2
1395,5400,BV1jN4y1i7MV,1,BV1cYfbBhEnS,1,0.53538,2
1395,5565,BV1jN4y1i7MV,1,BV1TtFDzTEVi,1,0.563,3
1395,5679,BV1jN4y1i7MV,1,BV14CraBBEpp,1,0.58494,1
1396,1410,BV1oa4y167jA,1,BV18a4y117p2,1,0.46323,3
1396,3511,BV1oa4y167jA,1,BV1UdJwzHESg,1,0.45932,4
1396,5092,BV1oa4y167jA,1,BV19MtAzQEfk,1,0.47367,2
1396,5835,BV1oa4y167jA,1,BV1oYmRBNE4Z,1,0.48375,1
1397,3430,BV1oc411k7gz,1,BV1XkSyBKEBC,1,0.92887,3
1397,4061,BV1oc411k7gz,1,BV17e96YnEXf,1,0.92953,2
1397,5263,BV1oc411k7gz,1,BV1M9MXziEQz,1,0.93763,1
1397,5749,BV1oc411k7gz,1,BV1wVv6BzEBR,1,0.924,4
1398,2281,BV1HT4y1s7aE,1,BV1Ux421r7Cq,1,0.39265,4
1398,3044,BV1HT4y1s7aE,1,BV19Wy7YxEGp,1,0.4401,2
1398,3813,BV1HT4y1s7aE,1,BV1AALHzREDa,1,0.4438,1
1398,5048,BV1HT4y1s7aE,1,BV1QYtizCEeZ,1,0.40879,3
1399,2545,BV1oi4y117HM,1,BV19KcGenEyU,1,0.46528,2
1399,5357,BV1oi4y117HM,1,BV1kHPqzqEjW,1,0.45331,3
1400,2130,BV1NW4y1F7bh,1,BV1oD421A7Pj,1,0.39278,3
1400,2288,BV1NW4y1F7bh,1,BV1H6421M7vE,1,0.40976,3
1400,5783,BV1NW4y1F7bh,1,BV1KzmcBaEqu,1,0.40083,1
1400,5818,BV1NW4y1F7bh,1,BV1ZbqpBHEHW,1,0.50381,1
1401,1439,BV1oj411H75p,1,BV18e411v7Dv,1,0.69862,3
1401,1762,BV1oj411H75p,1,BV1Kw411B7SP,1,0.72843,1
1401,2625,BV1oj411H75p,1,BV19BBEYVEQs,1,0.67501,4
1401,3706,BV1oj411H75p,1,BV1yL5czwE9K,1,0.71035,2
1401,5226,BV1oj411H75p,1,BV1DeGNzmEgL,1,0.56047,4
1401,5405,BV1oj411H75p,1,BV1jLfzBQEAi,1,0.36536,3
1402,2026,BV1994y1c7MY,1,BV1odbDezESS,1,0.37276,3
1402,2359,BV1994y1c7MY,1,BV1am411S75u,1,0.37289,2
1402,3130,BV1994y1c7MY,1,BV1Wi16Y6ED4,1,0.42085,1
1402,3408,BV1994y1c7MY,1,BV116S4BCE6g,1,0.3804,3
1402,4532,BV1994y1c7MY,1,BV1bqn3zJE57,1,0.38285,2
1402,4661,BV1994y1c7MY,1,BV1b6aKzwEZC,1,0.36743,4
1402,4724,BV1994y1c7MY,1,BV1BZezz1EAG,1,0.36766,2
1403,1693,BV1R5411q7JG,1,BV1Ua4y1U7pt,1,0.44495,3
1403,2150,BV1R5411q7JG,1,BV1Db411u77w,1,0.41174,3
1403,2313,BV1R5411q7JG,1,BV19D42177M2,1,0.45387,2
1403,3825,BV1R5411q7JG,1,BV1KLL8zUEhS,1,0.44434,4
1403,4053,BV1R5411q7JG,1,BV1N9K5eREDo,1,0.47674,1
1403,4758,BV1R5411q7JG,1,BV17ShqzYEp8,1,0.41172,3
1404,1788,BV1yC4y1e7vJ,1,BV16j411e7YY,1,0.41814,2
1404,1804,BV1yC4y1e7vJ,1,BV16c411o7u8,1,0.43722,4
1404,2374,BV1yC4y1e7vJ,1,BV1AS421T7wz,1,0.46666,2
1404,2377,BV1yC4y1e7vJ,1,BV1k4421A7mJ,1,0.38768,3
1404,3025,BV1yC4y1e7vJ,1,BV1wgyQYPEfM,1,0.40593,3
1404,3068,BV1yC4y1e7vJ,1,BV1qHCmYjErd,1,0.64846,1
1404,3236,BV1yC4y1e7vJ,1,BV1DhtyeBEBa,1,0.54448,4
1404,3435,BV1yC4y1e7vJ,1,BV1rwSeBXELd,1,0.54407,3
1404,4127,BV1yC4y1e7vJ,1,BV1VaPuemEJi,1,0.64413,1
1404,4915,BV1yC4y1e7vJ,1,BV1fFtZz1E2k,1,0.52699,1
1404,5156,BV1yC4y1e7vJ,1,BV1Kb84zVEKh,1,0.54587,3
1404,5801,BV1yC4y1e7vJ,1,BV12c2JBjEjM,1,0.48109,2
1405,2187,BV16i4y1q7AN,1,BV1sT421X73X,1,0.48431,1
1405,2925,BV16i4y1q7AN,1,BV1TXUTYhEMY,1,0.46721,1
1405,4990,BV16i4y1q7AN,1,BV1LetBzQE3a,1,0.44744,3
1406,1881,BV1iW4y1A7hZ,1,BV1hN411n7wH,1,0.35907,4
1406,2231,BV1iW4y1A7hZ,1,BV15Z421h7VB,1,0.42123,2
1406,4596,BV1iW4y1A7hZ,1,BV1tRpRzCEb1,1,0.44438,1
1406,4633,BV1iW4y1A7hZ,1,BV1EGpHzPEyo,1,0.38784,3
1407,2810,BV1Ta4y1z72p,1,BV15azpYZEJa,1,0.48406,3
1407,3235,BV1Ta4y1z72p,1,BV118skeSE7V,1,0.6237,1
1407,3837,BV1Ta4y1z72p,1,BV1eu5EzFEv4,1,0.53689,1
1407,4155,BV1Ta4y1z72p,1,BV1MQAaeuE2B,1,0.42944,2
1407,4805,BV1Ta4y1z72p,1,BV1zvhQzuEJj,1,0.60858,3
1407,5328,BV1Ta4y1z72p,1,BV1tBNAzQE4x,1,0.60013,4
1408,3709,BV1ub4y1V7kY,1,BV1nAVtzwEob,1,0.46752,2
1408,4560,BV1ub4y1V7kY,1,BV1bdngz7E4B,1,0.50024,3
1408,5803,BV1ub4y1V7kY,1,BV1rYq6BkEbg,1,0.35083,3
1409,2184,BV1ZC4y1Y7LH,1,BV1u142197qJ,1,0.49501,3
1409,2951,BV1ZC4y1Y7LH,1,BV1yoD6Y9EwS,1,0.37981,1
1409,4978,BV1ZC4y1Y7LH,1,BV1JEtozyEFF,1,0.53146,1
1409,4990,BV1ZC4y1Y7LH,1,BV1LetBzQE3a,1,0.48839,4
1409,5139,BV1ZC4y1Y7LH,1,BV1gG72zkEFk,1,0.52872,2
1410,2221,BV18a4y117p2,1,BV1xx421S7Ys,1,0.55551,1
1410,3257,BV18a4y117p2,1,BV1sht4eyEv6,1,0.36877,1
1410,3821,BV18a4y117p2,1,BV1mnLVzgEHi,1,0.50717,2
1410,4949,BV18a4y117p2,1,BV1ratZz9Ekk,1,0.44146,3
1410,5450,BV18a4y117p2,1,BV12LZaByELD,1,0.52589,2
1410,5514,BV18a4y117p2,1,BV1SbZJB7EQg,1,0.43494,3
1411,3336,BV14G411Y7M9,1,BV1QaHXe7ERX,1,0.4398,3
1411,3518,BV14G411Y7M9,1,BV166MLzSEQJ,1,0.491,1
1411,4976,BV14G411Y7M9,1,BV1p3tozJEX6,1,0.43955,4
1412,2959,BV1xe411b7AQ,1,BV1yUDoYPEF2,1,0.40897,3
1412,3480,BV1xe411b7AQ,1,BV1TyN5z7EA3,1,0.35517,2
1412,3505,BV1xe411b7AQ,1,BV1oPMPzyEZC,1,0.45926,1
1412,4365,BV1xe411b7AQ,1,BV1s4UYB9EBQ,1,0.39425,3
1412,5042,BV1xe411b7AQ,1,BV1ZmtUzQEnD,1,0.41443,2
1413,1568,BV1dp4y1d71o,1,BV1A94y1P7Tx,1,0.55663,2
1413,2877,BV1dp4y1d71o,1,BV1uzBqYxEWv,1,0.53812,4
1413,3113,BV1dp4y1d71o,1,BV1Hk2NYkEBi,1,0.60721,1
1413,4749,BV1dp4y1d71o,1,BV1kaajz7EkA,1,0.55252,3
1414,1753,BV1Se411z7HZ,1,BV1694y1V7yg,1,0.92571,3
1414,1814,BV1Se411z7HZ,1,BV1Eh4y1B7Lu,1,0.88108,4
1414,3010,BV1Se411z7HZ,1,BV1wf1EYLEqm,1,0.90171,2
1414,5263,BV1Se411z7HZ,1,BV1M9MXziEQz,1,0.92455,4
1414,5749,BV1Se411z7HZ,1,BV1wVv6BzEBR,1,0.94082,2
1415,2103,BV17T4y1p7ht,1,BV1dM4m1d736,1,0.4976,1
1415,2670,BV17T4y1p7ht,1,BV1jykKYxE8C,2,0.45763,3
1415,4482,BV17T4y1p7ht,1,BV175xMzKEiH,1,0.45379,4
1415,5671,BV17T4y1p7ht,1,BV1QA6RBgE5g,1,0.45955,2
1416,1685,BV1f94y1u7oL,1,BV1Vv411F7yZ,1,0.37029,4
1416,2267,BV1f94y1u7oL,1,BV1Vu4m1T7dh,1,0.46498,2
1416,2317,BV1f94y1u7oL,1,BV1jm411Z7BR,1,0.41952,3
1416,2718,BV1f94y1u7oL,1,BV1Q7qaY3EVD,1,0.40436,4
1416,3813,BV1f94y1u7oL,1,BV1AALHzREDa,1,0.46587,1
1416,4266,BV1f94y1u7oL,1,BV1kcFdeSEVD,1,0.38074,2
1417,3413,BV1Fe411i7g2,1,BV14YSwBGEHL,1,0.51015,1
1417,4583,BV1Fe411i7g2,1,BV1GqWwzuECE,1,0.47353,4
1417,4824,BV1Fe411i7g2,1,BV181eozmEAY,1,0.45574,1
1418,1955,BV1K94y1P7VP,1,BV1Cz4y1u79T,1,0.38668,1
1418,3210,BV1K94y1P7VP,1,BV1wnx7eCEdg,1,0.35476,4
1418,3958,BV1K94y1P7VP,1,BV1egZNY9EQh,1,0.37908,2
1419,3266,BV1Qb4y1G7G8,1,BV1p1tYebEDR,1,0.38122,4
1419,3507,BV1Qb4y1G7G8,1,BV12wTLzQE7Q,1,0.3831,3
1419,3606,BV1Qb4y1G7G8,1,BV1pn52zxE9b,1,0.40631,1
1419,4576,BV1Qb4y1G7G8,1,BV1innFzhEUy,1,0.39425,2
1420,2108,BV1gC4y1v77M,1,BV1aJ4m1N722,1,0.46774,2
1420,2335,BV1gC4y1v77M,1,BV1Vz42197eP,1,0.46945,1
1421,1693,BV1HN4y1q7n5,1,BV1Ua4y1U7pt,1,0.595,3
1421,1751,BV1HN4y1q7n5,1,BV1fw411s7Yb,1,0.62522,1
1421,1838,BV1HN4y1q7n5,1,BV1UX4y1b7et,1,0.55482,3
1421,2488,BV1HN4y1q7n5,1,BV1xPCGBnEs2,1,0.54084,4
1421,3395,BV1HN4y1q7n5,1,BV1UEHMeEEGh,1,0.37263,3
1421,3417,BV1HN4y1q7n5,1,BV1qHSKBKEvf,1,0.49102,4
1421,3797,BV1HN4y1q7n5,1,BV1SALzzmEwL,1,0.45509,3
1421,4381,BV1HN4y1q7n5,1,BV1RjC7B2Eu6,1,0.53466,2
1421,4590,BV1HN4y1q7n5,1,BV1oKWcz6Ep9,1,0.61624,2
1421,5165,BV1HN4y1q7n5,1,BV1EqgWzrECV,1,0.41017,3
1421,5546,BV1HN4y1q7n5,1,BV1MiZHBHE2j,1,0.55229,1
1421,5812,BV1HN4y1q7n5,1,BV1JJmzBfEUY,1,0.60339,3
1422,2429,BV14i4y1h7wR,1,BV1ubUNBUEjQ,1,0.41425,4
1422,2634,BV14i4y1h7wR,1,BV1ANCCYrEbd,1,0.3438,3
1422,4026,BV14i4y1h7wR,1,BV16tRGYyEp3,1,0.37183,4
1422,4355,BV14i4y1h7wR,1,BV1B9fBY4EVA,1,0.45945,1
1422,5232,BV14i4y1h7wR,1,BV1XbMdzJENY,1,0.44148,2
1422,5598,BV14i4y1h7wR,1,BV1okFAznEJU,1,0.51447,1
1423,1925,BV13e411D74p,1,BV1J8411v7uP,1,0.36333,4
1423,2010,BV13e411D74p,1,BV1VEvkesEaZ,1,0.40705,1
1423,3293,BV13e411D74p,1,BV1zHW2emE6c,1,0.38447,3
1424,1433,BV1pC4y1g7jE,1,BV1pe411U7Ji,1,0.37013,4
1424,3889,BV1pC4y1g7jE,1,BV1mfQrYNEHC,1,0.33689,4
1424,4048,BV1pC4y1g7jE,1,BV1RT9yYsE1E,1,0.36012,2
1424,5025,BV1pC4y1g7jE,1,BV1j9bVzRE8j,1,0.44952,1
1424,5778,BV1pC4y1g7jE,1,BV1fkBNBkEoC,1,0.40972,2
1425,1597,BV16N4y1x7e4,1,BV1Bb4y1L7cU,1,0.54942,4
1425,2239,BV16N4y1x7e4,1,BV1fJ4m177bE,1,0.52811,2
1425,2947,BV16N4y1x7e4,1,BV1irDyYnEhs,1,0.36431,4
1425,3509,BV16N4y1x7e4,1,BV1JQMJzZEvV,1,0.49514,1
1425,3643,BV16N4y1x7e4,1,BV1FzJ6zmE3A,1,0.50726,2
1425,4016,BV16N4y1x7e4,1,BV16jQJYsELp,1,0.57348,2
1426,2250,BV1Lc411t7aS,1,BV1dJ4m1L7Dc,1,0.48709,1
1426,2770,BV1Lc411t7aS,1,BV14KifY6EPE,1,0.3763,4
1426,3223,BV1Lc411t7aS,1,BV12KsDeMEap,1,0.5159,1
1426,3476,BV1Lc411t7aS,1,BV1RAMCzUEzW,1,0.48548,3
1426,4369,BV1Lc411t7aS,1,BV1S5mPBLEkX,1,0.47129,3
1426,4596,BV1Lc411t7aS,1,BV1tRpRzCEb1,1,0.4289,4
1426,4768,BV1Lc411t7aS,1,BV1MphyzNEKz,1,0.48486,4
1426,5003,BV1Lc411t7aS,1,BV1eobVzXEnr,1,0.42121,3
1427,1987,BV1V94y1c7zy,1,BV1uQyfBZERA,1,0.4251,1
1427,4251,BV1V94y1c7zy,1,BV1YZFkePEjA,1,0.38117,4
1427,4556,BV1V94y1c7zy,1,BV1B9n8znEFR,1,0.38315,3
1427,5557,BV1V94y1c7zy,1,BV19FFgzAEUu,1,0.38522,2
1428,2358,BV1HT4y1H7oB,1,BV1zw4m1f72M,1,0.38361,2
1428,2824,BV1HT4y1H7oB,1,BV1TkznYVEZS,1,0.37755,3
1428,4764,BV1HT4y1H7oB,1,BV1ffhCzSEmn,1,0.34137,4
1428,5754,BV1HT4y1H7oB,1,BV1scmcBtEcU,1,0.39484,1
1429,1478,BV1HT4y1H7oB,2,BV1FC4y1T7Fh,1,0.39506,4
1429,2418,BV1HT4y1H7oB,2,BV1kv421y7fC,1,0.40677,2
1429,2933,BV1HT4y1H7oB,2,BV1tFmbYpEPw,1,0.40053,3
1429,3203,BV1HT4y1H7oB,2,BV1p8tseqEgp,1,0.44939,1
1429,5800,BV1HT4y1H7oB,2,BV1dTm6BdEK3,1,0.3725,4
1430,2546,BV1rg4y1D7c4,1,BV1XscnegEpH,1,0.38019,3
1430,3524,BV1rg4y1D7c4,1,BV1xajvzKEi1,1,0.43574,1
1430,5363,BV1rg4y1D7c4,1,BV1MbPPz9ERz,1,0.38806,2
1431,2195,BV1wt4y1f7ra,1,BV1mm411y7Pf,1,0.33222,4
1431,2466,BV1wt4y1f7ra,1,BV14GCXBTEfS,1,0.4433,3
1431,2937,BV1wt4y1f7ra,1,BV1RPD2YWEWX,1,0.42159,4
1432,1893,BV1ei4y1a79J,1,BV1Tu4y167G7,1,0.41897,1
1432,2721,BV1ei4y1a79J,1,BV1ziqtYkEaH,1,0.61401,3
1432,3008,BV1ei4y1a79J,1,BV1kDSEYsENJ,1,0.6357,1
1432,3341,BV1ei4y1a79J,1,BV1FGHDeWEjC,1,0.56985,2
1432,4928,BV1ei4y1a79J,1,BV1HobYzsEkZ,1,0.60587,4
1432,5445,BV1ei4y1a79J,1,BV1JoZZBkE9N,1,0.62522,2
1433,2314,BV1pe411U7Ji,1,BV1Pv421y76Z,1,0.52304,1
1433,3736,BV1pe411U7Ji,1,BV1AcVzzAEqU,1,0.36855,2
1433,3889,BV1pe411U7Ji,1,BV1mfQrYNEHC,1,0.45858,1
1433,5025,BV1pe411U7Ji,1,BV1j9bVzRE8j,1,0.39803,2
1434,2281,BV1qN4y1i7ib,1,BV1Ux421r7Cq,1,0.51365,2
1434,3200,BV1qN4y1i7ib,1,BV1eoxNe8Ef2,1,0.45848,3
1434,3475,BV1qN4y1i7ib,1,BV1TENizyEQa,1,0.48322,3
1434,3919,BV1qN4y1i7ib,1,BV1qmZtYoEFy,1,0.51846,1
1434,3939,BV1qN4y1i7ib,1,BV1vKZAYUE5g,1,0.43181,1
1434,5825,BV1qN4y1i7ib,1,BV1FPqGBfEE6,1,0.40897,3
1435,3336,BV1Cp4y1o7Wn,1,BV1QaHXe7ERX,1,0.45666,3
1435,3983,BV1Cp4y1o7Wn,1,BV18MQzYaE4K,1,0.38912,4
1435,4034,BV1Cp4y1o7Wn,1,BV1HoRhYqEV2,1,0.47662,3
1435,5105,BV1Cp4y1o7Wn,1,BV1YMgxzuEZ7,1,0.50195,1
1436,2565,BV1hG411B7sH,1,BV1iFraYtE4j,1,0.42025,2
1436,2817,BV1hG411B7sH,1,BV1ezzPYgETu,1,0.35302,2
1436,4032,BV1hG411B7sH,1,BV1PaRaYCEGC,1,0.39649,3
1436,4325,BV1hG411B7sH,1,BV1mQwAeQEGE,1,0.43801,1
1436,5171,BV1hG411B7sH,1,BV1z1bCzkEce,1,0.38984,4
1437,2980,BV1844y1j71J,1,BV1fLDpYZEju,1,0.39597,3
1437,3746,BV1844y1j71J,1,BV15PVHzTEyF,1,0.36425,4
1437,5027,BV1844y1j71J,1,BV1i3bVzWEXA,1,0.42793,1
1437,5162,BV1844y1j71J,1,BV19dbRzeE77,1,0.40398,2
1438,2317,BV1C64y1E73p,1,BV1jm411Z7BR,1,0.4107,2
1438,2536,BV1C64y1E73p,1,BV1oqcgeHE2B,1,0.38952,3
1438,2765,BV1C64y1E73p,1,BV1uEzYY7Eom,1,0.44807,1
1438,4735,BV1C64y1E73p,1,BV19ZauzjEz3,1,0.38095,4
1439,1762,BV18e411v7Dv,1,BV1Kw411B7SP,1,0.74128,1
1439,2625,BV18e411v7Dv,1,BV19BBEYVEQs,1,0.7069,4
1439,3262,BV18e411v7Dv,1,BV1hNtneMEbE,1,0.76328,3
1439,3397,BV18e411v7Dv,1,BV1RJHjeSEiY,1,0.75418,4
1439,3675,BV18e411v7Dv,1,BV1zi5zzwEH3,1,0.69815,4
1439,4331,BV18e411v7Dv,1,BV1MffCYbEkw,1,0.77642,1
1439,5159,BV18e411v7Dv,1,BV18z8tzsEys,1,0.61929,4
1439,5352,BV18e411v7Dv,1,BV1yBfUBoEzh,1,0.79316,1
1440,2681,BV1he411r72y,1,BV1h7kMYQE9t,1,0.47163,2
1440,3189,BV1he411r72y,1,BV1rbxheyEaZ,1,0.42001,2
1440,3718,BV1he411r72y,1,BV1whVHzUESi,1,0.46931,1
1440,3742,BV1he411r72y,1,BV1t9GozdEV1,1,0.51469,4
1440,3856,BV1he411r72y,1,BV1Wco5YZEMX,1,0.46638,4
1440,4301,BV1he411r72y,1,BV1NtfnYHEFx,1,0.48439,3
1440,4306,BV1he411r72y,1,BV1z7FteNEsp,1,0.47243,3
1440,4691,BV1he411r72y,1,BV1C9YGz6EwJ,1,0.53809,2
1440,5245,BV1he411r72y,1,BV1mPu8zeEVb,1,0.52324,3
1440,5816,BV1he411r72y,1,BV1S7SEB4EkA,1,0.4826,1
1441,1791,BV1Uw411u74C,1,BV1zw411q7QA,1,0.5678,3
1441,2487,BV1Uw411u74C,1,BV1iDkrBmEYj,1,0.51663,4
1441,2955,BV1Uw411u74C,1,BV1QVD2Y7EHo,1,0.62537,1
1442,1549,BV1zg4y1D72b,1,BV1ni4y1a7aV,1,0.47164,3
1442,1688,BV1zg4y1D72b,1,BV1dG411D7TM,1,0.54955,3
1442,2349,BV1zg4y1D72b,1,BV1L4421c7AR,1,0.57866,1
1442,2822,BV1zg4y1D72b,1,BV1oGmRYgEry,1,0.42781,3
1442,4910,BV1zg4y1D72b,1,BV1qWbJzzE4c,1,0.56632,2
1442,4920,BV1zg4y1D72b,1,BV1zzb8zuEba,1,0.60921,1
1442,5351,BV1zg4y1D72b,1,BV1swACzQEX5,1,0.51151,3
1443,1497,BV1Ha4y1m7S1,1,BV1UC4y1M7LA,1,0.41906,1
1443,1641,BV1Ha4y1m7S1,1,BV1YC4y197QF,1,0.46242,3
1443,2722,BV1Ha4y1m7S1,1,BV1Vsq4YwEPa,1,0.47611,2
1443,3385,BV1Ha4y1m7S1,1,BV1gQH7emE1y,1,0.4932,1
1444,2721,BV1HK411v7qE,1,BV1ziqtYkEaH,1,0.65131,4
1444,3802,BV1HK411v7qE,1,BV1TS5yzZEnZ,1,0.65893,2
1444,4928,BV1HK411v7qE,1,BV1HobYzsEkZ,1,0.6646,2
1445,1554,BV1kp4y1R7qW,1,BV11c411m7jt,1,0.42264,4
1445,2012,BV1kp4y1R7qW,1,BV15r421M76p,1,0.36219,1
1445,4567,BV1kp4y1R7qW,1,BV125J1zuEHn,1,0.46875,1
1445,4614,BV1kp4y1R7qW,1,BV1LCpizuEoP,1,0.44917,2
1445,5642,BV1kp4y1R7qW,1,BV1Msz3BVEDx,1,0.43716,3
1446,1916,BV13w41137Zi,1,BV1LP411b7bu,1,0.46034,3
1446,2401,BV13w41137Zi,1,BV12J4m1x7rD,1,0.48418,1
1446,4362,BV13w41137Zi,1,BV1VPf8YfEab,1,0.40574,2
1446,4477,BV13w41137Zi,1,BV1oGx4zJEwG,1,0.44462,3
1446,4621,BV13w41137Zi,1,BV1pRptzfEtb,1,0.45855,4
1446,5429,BV13w41137Zi,1,BV1eUZ1B8Egm,1,0.47813,1
1446,5570,BV13w41137Zi,1,BV1B7cgzyEEk,1,0.37817,2
1447,1692,BV1ok4y1X79Q,1,BV1NH4y12732,1,0.45346,4
1447,1842,BV1ok4y1X79Q,1,BV15x4y1T7Wa,1,0.36536,4
1447,2204,BV1ok4y1X79Q,1,BV1tE421L7Hr,1,0.45977,2
1447,2600,BV1ok4y1X79Q,1,BV1ZJCVYUEed,1,0.50884,1
1447,2818,BV1ok4y1X79Q,1,BV1nezHYqERH,1,0.551,3
1447,3224,BV1ok4y1X79Q,1,BV1jushevEb1,1,0.606,1
1447,3276,BV1ok4y1X79Q,1,BV1YWtYeCE13,1,0.50517,1
1447,5050,BV1ok4y1X79Q,1,BV17qbNzeEGr,1,0.58479,2
1447,5528,BV1ok4y1X79Q,1,BV1nkcizWEH1,1,0.5391,1
1448,1784,BV1og4y1D7Jq,1,BV1v84y1X7Co,1,0.438,2
1448,1980,BV1og4y1D7Jq,1,BV1yj411g7Lo,1,0.45165,1
1448,3252,BV1og4y1D7Jq,1,BV1SitZerE97,1,0.39725,4
1448,4615,BV1og4y1D7Jq,1,BV1Dr421K7s4,1,0.43339,4
1448,5734,BV1og4y1D7Jq,1,BV1EjvfBJEN9,1,0.48712,1
1449,1805,BV1ae411z7D2,1,BV1QQ4y1s7tH,1,0.39968,2
1449,1867,BV1ae411z7D2,1,BV19w411C77Z,1,0.38138,3
1449,5287,BV1ae411z7D2,1,BV17Q3izCEL7,1,0.48814,1
1450,2233,BV1mp4y1o7x8,1,BV1tm411R7Hm,1,0.38716,3
1450,2348,BV1mp4y1o7x8,1,BV1WS421A7wT,1,0.38758,2
1450,4823,BV1mp4y1o7x8,1,BV1WkeUzmE2E,1,0.37797,4
1451,1918,BV1vC4y1K74G,1,BV11z4y1j7vL,1,0.6334,1
1451,1947,BV1vC4y1K74G,1,BV19v4y1W7x1,1,0.57435,3
1451,2126,BV1vC4y1K74G,1,BV1kT421D7YQ,1,0.6086,2
1451,3409,BV1vC4y1K74G,1,BV1F72yBkEar,1,0.49133,4
1451,5124,BV1vC4y1K74G,1,BV12k82zNEf8,1,0.5037,1
1451,5797,BV1vC4y1K74G,1,BV1PrBnB8EEq,1,0.59049,1
1452,2451,BV1AN4y1q7Li,1,BV1j9ycB3ENV,1,0.59524,1
1452,3185,BV1AN4y1q7Li,1,BV1xJxheQESG,1,0.56941,2
1452,3702,BV1AN4y1q7Li,1,BV14sE3z6EaM,1,0.56342,4
1452,4222,BV1AN4y1q7Li,1,BV1vePoeDEgZ,1,0.57196,2
1453,4177,BV1gc41187hy,1,BV1ikwDePEJB,1,0.5336,3
1453,5207,BV1gc41187hy,1,BV1vEgazdEw5,1,0.50696,4
1453,5612,BV1gc41187hy,1,BV1ThFazpEq9,1,0.53656,2
1453,5628,BV1gc41187hy,1,BV1Qt6vBHEb4,1,0.56162,1
1454,2093,BV13m4y1s7y8,1,BV1vw4m1U77k,1,0.31855,4
1454,3413,BV13m4y1s7y8,1,BV14YSwBGEHL,1,0.32767,3
1454,4559,BV13m4y1s7y8,1,BV1zYngzAEbQ,1,0.33526,2
1455,3816,BV1w64y1L7Xu,1,BV1szLJzpEi3,1,0.37626,3
1455,4077,BV1w64y1L7Xu,1,BV1TQPieUEa1,1,0.41275,2
1455,5483,BV1w64y1L7Xu,1,BV1ZPcszSEA2,1,0.4459,1
1456,2177,BV1HK41147rN,1,BV1ei42117Vu,1,0.39322,4
1456,2230,BV1HK41147rN,1,BV15w4m1d7oJ,1,0.43087,2
1456,3507,BV1HK41147rN,1,BV12wTLzQE7Q,1,0.40813,3
1457,2160,BV1bT4y1W7Lb,1,BV1BZ421j7AY,1,0.5112,2
1457,3776,BV1bT4y1W7Lb,1,BV1wtd3YSEWd,1,0.49155,3
1457,5331,BV1bT4y1W7Lb,1,BV1zwA5zFEgd,1,0.52063,3
1457,5638,BV1bT4y1W7Lb,1,BV14ZztBREK8,1,0.5002,4
1458,1710,BV1XW4y1P7YN,1,BV1pw411H7K9,1,0.42626,4
1458,2242,BV1XW4y1P7YN,1,BV12u4m1g7qa,1,0.42108,1
1458,2519,BV1XW4y1P7YN,1,BV1Xww5eREnf,1,0.48613,1
1458,2610,BV1XW4y1P7YN,1,BV1xd6hYMENF,1,0.38289,3
1458,3458,BV1XW4y1P7YN,1,BV1ULKJzvEu2,1,0.56193,1
1458,4399,BV1XW4y1P7YN,1,BV18aWEz2ES8,1,0.5154,4
1458,4400,BV1XW4y1P7YN,1,BV19pWzzVEKx,1,0.55517,2
1458,4735,BV1XW4y1P7YN,1,BV19ZauzjEz3,1,0.53819,3
1458,5073,BV1XW4y1P7YN,1,BV1Zwtqz9EyQ,1,0.4376,4
1459,3775,BV11K411s76U,1,BV1gXLpzgEin,1,0.40057,3
1459,3941,BV11K411s76U,1,BV1DxoZY8Ek6,2,0.38101,4
1460,2939,BV1BN4y1W7yt,1,BV1SJmzYJE4f,1,0.46101,4
1460,3172,BV1BN4y1W7yt,1,BV1vF4jewEYN,1,0.5841,1
1460,3379,BV1BN4y1W7yt,1,BV1oNsJeBESv,1,0.52634,3
1460,5086,BV1BN4y1W7yt,1,BV1i5tzzWEAn,1,0.50315,4
1460,5597,BV1BN4y1W7yt,1,BV1fmFCzuEfm,1,0.55214,2
1461,3324,BV1jg4y1r7qa,1,BV1UcpBeKEK8,1,0.45413,3
1461,4872,BV1jg4y1r7qa,1,BV1cVNvzFEs8,1,0.52543,1
1461,5377,BV1jg4y1r7qa,1,BV1DLfMBnEGd,1,0.50729,3
1462,1769,BV1iL4y1n7Ao,1,BV1Ru4y1b7Gq,1,0.43395,1
1462,2454,BV1iL4y1n7Ao,1,BV1aEU5B7EeF,1,0.37163,2
1462,4278,BV1iL4y1n7Ao,1,BV1tVFse3EVG,1,0.36882,3
1462,5154,BV1iL4y1n7Ao,1,BV18383zzEPw,1,0.3594,4
1463,1850,BV1YH4y1R76m,1,BV1Zw411a71V,1,0.50889,1
1463,2062,BV1YH4y1R76m,1,BV12f421X73R,1,0.50962,2
1463,3401,BV1YH4y1R76m,1,BV1wrH5eZEBQ,1,0.49941,4
1463,4202,BV1YH4y1R76m,1,BV1uzKGe4Ey6,1,0.54701,1
1463,4371,BV1YH4y1R76m,1,BV1iauwzrEkN,1,0.38889,4
1463,4627,BV1YH4y1R76m,1,BV1mDpzzcEsQ,1,0.36113,3
1464,1559,BV1YH4y1R76m,2,BV1yG4y1K7MY,1,0.42375,3
1464,2064,BV1YH4y1R76m,2,BV1Ky41187fj,1,0.46018,1
1464,2533,BV1YH4y1R76m,2,BV1XdcUeXE34,1,0.42444,2
1464,2850,BV1YH4y1R76m,2,BV1dfzNYLEDv,1,0.37764,4
1465,2316,BV1Sw411g7kw,1,BV1zC41147jr,1,0.63192,1
1465,2652,BV1Sw411g7kw,1,BV17ZCFYjEgh,1,0.61001,3
1465,3890,BV1Sw411g7kw,1,BV1cTfKYzEbN,1,0.62891,2
1465,4188,BV1Sw411g7kw,1,BV1LaNkeSExC,1,0.49318,1
1465,4328,BV1Sw411g7kw,1,BV1Qqf2YgEui,1,0.46094,4
1465,5433,BV1Sw411g7kw,1,BV1c5Z5BpE4Z,1,0.60012,4
1465,5810,BV1Sw411g7kw,1,BV1q3qZBDE9y,1,0.52307,2
1466,2358,BV14K41147wb,1,BV1zw4m1f72M,1,0.45457,2
1466,2457,BV14K41147wb,1,BV1jzyPBEEw6,1,0.44471,3
1466,3068,BV14K41147wb,1,BV1qHCmYjErd,1,0.42667,4
1466,4261,BV14K41147wb,1,BV1kWFeesEX9,1,0.45497,1
1467,2247,BV1Rg4y167Lq,1,BV1NC411Y7PE,1,0.45484,2
1467,2556,BV1Rg4y167Lq,1,BV1V1cHe1Ej6,1,0.55259,2
1467,4174,BV1Rg4y167Lq,1,BV1FRwSeTENZ,1,0.4768,1
1468,1552,BV1gp4y1R7kj,1,BV1Yg4y1C79Z,1,0.54705,1
1468,1579,BV1gp4y1R7kj,1,BV1Za4y1r7we,1,0.48541,1
1468,1750,BV1gp4y1R7kj,1,BV1ph411w7md,1,0.51684,1
1468,1903,BV1gp4y1R7kj,1,BV16x41177EV,1,0.40975,2
1468,4194,BV1gp4y1R7kj,1,BV1y2KHekEbS,1,0.50318,1
1468,4350,BV1gp4y1R7kj,1,BV1UkwheaE5k,1,0.45779,3
1468,4460,BV1gp4y1R7kj,1,BV1pNxMzGE9v,1,0.44982,3
1468,4493,BV1gp4y1R7kj,1,BV18VxnzsEdD,1,0.42716,1
1468,4667,BV1gp4y1R7kj,1,BV1ymhRzoEwN,1,0.49137,1
1468,4936,BV1gp4y1R7kj,1,BV1AZbczeE9M,1,0.42714,4
1469,1697,BV1ta4y1q79r,1,BV1bg4y1Q72h,1,0.41712,4
1469,3383,BV1ta4y1q79r,1,BV1UHnfexEkX,1,0.49911,1
1469,4575,BV1ta4y1q79r,1,BV1GpnTzVEM2,1,0.3714,4
1469,5008,BV1ta4y1q79r,1,BV1ittSzsEod,2,0.45298,1
1469,5097,BV1ta4y1q79r,1,BV1srtuzsENP,1,0.45219,3
1470,2060,BV1R64y1J7wJ,1,BV1sT421e7be,1,0.39257,4
1470,2311,BV1R64y1J7wJ,1,BV1pZ421a7py,1,0.57606,1
1470,2559,BV1R64y1J7wJ,1,BV11BcEeXEDR,1,0.48461,1
1470,2737,BV1R64y1J7wJ,1,BV19FzKYyEBJ,1,0.54553,2
1470,3352,BV1R64y1J7wJ,1,BV1HbpcepETH,1,0.49993,3
1470,3425,BV1R64y1J7wJ,1,BV1Bd2QBfEPa,1,0.39866,2
1470,4016,BV1R64y1J7wJ,1,BV16jQJYsELp,1,0.55822,3
1470,4983,BV1R64y1J7wJ,1,BV1WctRzEESc,1,0.58257,1
1470,5058,BV1R64y1J7wJ,1,BV1j7bKzTEfe,1,0.39197,4
1471,2581,BV1LQ4y1J7FA,1,BV1N6kqY8ETM,1,0.48307,1
1471,4380,BV1LQ4y1J7FA,1,BV1qnmABpEMZ,1,0.44851,1
1471,5240,BV1LQ4y1J7FA,1,BV1KNuazkEva,1,0.40702,4
1472,1730,BV1CC4y1i7zo,1,BV1Tw411T7op,1,0.55735,1
1472,4368,BV1CC4y1i7zo,1,BV1FG26B8EC7,1,0.44976,3
1472,5271,BV1CC4y1i7zo,1,BV1u8GHzxELB,1,0.53473,1
1473,2353,BV1xe411C7GM,1,BV1tx4y1C7h4,1,0.58322,2
1473,2451,BV1xe411C7GM,1,BV1j9ycB3ENV,1,0.60614,4
1473,2652,BV1xe411C7GM,1,BV17ZCFYjEgh,1,0.62934,1
1473,4749,BV1xe411C7GM,1,BV1kaajz7EkA,1,0.61529,3
1474,3213,BV1p64y1n7GF,1,BV1SvpweTE3Q,1,0.45024,4
1474,3288,BV1p64y1n7GF,1,BV1qZ4SehEGZ,1,0.50231,1
1474,3376,BV1p64y1n7GF,1,BV1b4YTe5ELE,1,0.477,1
1475,1682,BV1a64y1n7He,1,BV1ZN4y117ZD,1,0.39298,3
1475,3633,BV1a64y1n7He,1,BV1MEjMzcEmx,1,0.4296,1
1476,2337,BV1b5411B7Ab,1,BV1jU411F7aU,1,0.48811,2
1476,2488,BV1b5411B7Ab,1,BV1xPCGBnEs2,1,0.43996,3
1476,5454,BV1b5411B7Ab,1,BV1HGfuBGEEc,1,0.34124,3
1476,5716,BV1b5411B7Ab,1,BV1fdBCB7EKH,1,0.4383,4
1477,1485,BV1e94y1F7ex,1,BV16K411t7Sq,1,0.60297,1
1477,2654,BV1e94y1F7ex,1,BV14KCPYqEV5,1,0.52657,2
1477,3322,BV1e94y1F7ex,1,BV1PwHjeAEJF,1,0.45248,4
1477,3570,BV1e94y1F7ex,1,BV1TTJazqEYn,1,0.51643,2
1477,4303,BV1e94y1F7ex,1,BV1RCF4etEnV,1,0.41221,3
1478,2588,BV1FC4y1T7Fh,1,BV1dRC8YfES6,1,0.37922,1
1478,3203,BV1FC4y1T7Fh,1,BV1p8tseqEgp,1,0.43871,4
1479,2609,BV1Ag4y1r7b2,1,BV1Sm6hYkEF1,1,0.34847,2
1479,5528,BV1Ag4y1r7b2,1,BV1nkcizWEH1,1,0.33623,4
1480,1773,BV1Se411i7VW,1,BV1vG411X7JA,1,0.49375,2
1480,4472,BV1Se411i7VW,1,BV147H5z9Ese,1,0.47208,4
1480,4872,BV1Se411i7VW,1,BV1cVNvzFEs8,1,0.4837,3
1480,4912,BV1Se411i7VW,1,BV1yLtSzYE3s,1,0.52823,1
1481,3413,BV1JQ4y1E7tB,1,BV14YSwBGEHL,1,0.53818,1
1481,4040,BV1JQ4y1E7tB,1,BV1mvRsYtEHE,1,0.39303,2
1481,4673,BV1JQ4y1E7tB,1,BV1mKHyzkEkj,1,0.48273,4
1482,2477,BV1o64y1n7Dx,1,BV1qZC9BsEMP,1,0.36138,4
1482,4791,BV1o64y1n7Dx,1,BV1XDhYzLEQg,1,0.44504,1
1482,4869,BV1o64y1n7Dx,1,BV162eGzuEVz,1,0.39423,3
1482,4910,BV1o64y1n7Dx,1,BV1qWbJzzE4c,1,0.39316,4
1483,2708,BV1gc411k78d,1,BV1uoz6YvEG9,1,0.38639,3
1483,4669,BV1gc411k78d,1,BV1Y3HXzGEuw,1,0.41553,1
1483,5148,BV1gc411k78d,1,BV19v8jztEVg,1,0.38698,2
1483,5630,BV1gc411k78d,1,BV1urzyBrE9Q,1,0.34848,4
1484,1707,BV1pp4y1o7hV,1,BV1DG411S7UY,1,0.44482,2
1484,4070,BV1pp4y1o7hV,1,BV1La9iYKEQn,1,0.46894,1
1484,4513,BV1pp4y1o7hV,1,BV1nJnmzqE5S,1,0.43078,4
1484,5538,BV1pp4y1o7hV,1,BV1MhzfByEiw,1,0.43475,3
1485,2378,BV16K411t7Sq,1,BV1L2421A7MN,1,0.45596,2
1485,2654,BV16K411t7Sq,1,BV14KCPYqEV5,1,0.54057,3
1485,2943,BV16K411t7Sq,1,BV1QQmzYtE2W,1,0.49199,4
1485,3570,BV16K411t7Sq,1,BV1TTJazqEYn,1,0.52037,1
1485,4372,BV16K411t7Sq,1,BV1VxUCBNE65,1,0.46713,3
1485,5174,BV16K411t7Sq,1,BV1iubCzTEmL,1,0.41812,2
1485,5238,BV16K411t7Sq,1,BV1bV3Ez2Eyk,1,0.46745,4
1486,1772,BV1nC4y1D7ne,1,BV1uj411v7Un,1,0.52663,3
1486,4799,BV1nC4y1D7ne,1,BV1d5vTzUE5p,1,0.60925,1
1486,4983,BV1nC4y1D7ne,1,BV1WctRzEESc,1,0.49778,2
1487,2136,BV12i4y1a7Bx,1,BV14S4y1F7Bu,1,0.5038,2
1487,2708,BV12i4y1a7Bx,1,BV1uoz6YvEG9,1,0.41302,2
1487,4073,BV12i4y1a7Bx,1,BV1YK9MYJEjP,1,0.46708,1
1487,4427,BV12i4y1a7Bx,1,BV1Zkx1zrEjH,1,0.45618,4
1487,4840,BV12i4y1a7Bx,1,BV1hiYWzQELK,1,0.53868,1
1488,2881,BV1Z94y1A74a,1,BV1RBUXYqEVr,1,0.38137,4
1488,3476,BV1Z94y1A74a,1,BV1RAMCzUEzW,1,0.44492,1
1488,4451,BV1Z94y1A74a,1,BV1saxfzdEmY,1,0.38214,3
1489,2823,BV1pW411Z7HS,1,BV1p2UhYXExj,1,0.37014,3
1489,2963,BV1pW411Z7HS,1,BV1edDDYNE4K,1,0.37389,2
1489,3724,BV1pW411Z7HS,1,BV1kELNzzEeP,1,0.36368,4
1489,4612,BV1pW411Z7HS,1,BV1HtpezrEre,1,0.38336,1
1490,2176,BV1KD4y1V7nX,1,BV1bw4m1178G,1,0.50065,3
1490,2484,BV1KD4y1V7nX,1,BV1acCtBBEzG,1,0.50662,2
1490,2488,BV1KD4y1V7nX,1,BV1xPCGBnEs2,1,0.53153,1
1490,2939,BV1KD4y1V7nX,1,BV1SJmzYJE4f,1,0.47389,2
1491,2156,BV1yi4y1Y7h7,1,BV1oJ4m1H7aV,1,0.4715,2
1491,3985,BV1yi4y1Y7h7,1,BV1b4QmYHEMQ,1,0.36701,4
1491,5134,BV1yi4y1Y7h7,1,BV1NX8EzREuk,1,0.50037,1
1492,3867,BV1Ae4y1z7yj,1,BV1podzYYEYc,1,0.46903,1
1492,4655,BV1Ae4y1z7yj,1,BV18TaZz1EZE,1,0.39772,4
1492,5035,BV1Ae4y1z7yj,1,BV1V2hbzYEFA,1,0.4046,3
1493,2326,BV1aa4y167y3,1,BV1tS421w7JK,1,0.39102,2
1493,3963,BV1aa4y167y3,1,BV1Lco6Y9EQL,1,0.44437,1
1494,3529,BV11p4y1d7v4,1,BV1kfM5zmEK1,1,0.43253,3
1494,3564,BV11p4y1d7v4,1,BV1my7KztELH,1,0.45573,1
1494,3644,BV11p4y1d7v4,1,BV1TwJEzYEym,1,0.44381,2
1495,2291,BV1Lg4y1y7Sn,1,BV1cS421P7Jh,1,0.35195,1
1495,4050,BV1Lg4y1y7Sn,1,BV1qpRKY9EbX,1,0.44739,2
1495,4849,BV1Lg4y1y7Sn,1,BV1Aaebz9Eje,1,0.41564,1
1495,4885,BV1Lg4y1y7Sn,1,BV1deYzzMEud,1,0.4503,1
1496,2907,BV1KK411b7Lf,1,BV1nTmoYHEXA,1,0.4186,2
1496,3216,BV1KK411b7Lf,1,BV1zUxEeVEa5,1,0.40065,3
1496,4416,BV1KK411b7Lf,1,BV14W4bzCE9W,1,0.48021,1
1496,5718,BV1KK411b7Lf,1,BV1ZfqUBoEL3,1,0.4003,4
1498,2291,BV1Cj411J7zP,1,BV1cS421P7Jh,1,0.34504,3
1498,2339,BV1Cj411J7zP,1,BV1e2421M7xJ,1,0.40683,2
1498,2702,BV1Cj411J7zP,1,BV1HqBLY7EUs,1,0.396,4
1498,5685,BV1Cj411J7zP,1,BV1yKi9ByEFN,1,0.39714,3
1499,1572,BV1EN4y147Ds,1,BV1cj411H7Kb,1,0.44962,4
1499,2041,BV1EN4y147Ds,1,BV1PE421N7qq,1,0.41091,3
1499,2180,BV1EN4y147Ds,1,BV1Fm421W7vG,1,0.49515,4
1499,2302,BV1EN4y147Ds,1,BV1nw4m1o7yf,1,0.39457,3
1499,3540,BV1EN4y147Ds,1,BV1R3TazSEWM,1,0.38298,3
1499,3749,BV1EN4y147Ds,1,BV1wDVFzxEov,1,0.50531,3
1499,4193,BV1EN4y147Ds,1,BV1zZAAerE1m,1,0.50828,2
1499,5140,BV1EN4y147Ds,1,BV1UPhwzjEFr,1,0.46608,4
1500,1900,BV1EN4y147Ds,2,BV1p54y1Y7MB,1,0.42813,1
1500,2372,BV1EN4y147Ds,2,BV1Rp421R7Xz,1,0.383,3
1500,5486,BV1EN4y147Ds,2,BV1aPZuB9EUB,1,0.37204,4
1500,5799,BV1EN4y147Ds,2,BV183qSBUES5,1,0.41461,2
1501,1764,BV1EN4y147Ds,3,BV1v94y1G7Zm,1,0.39617,4
1501,2733,BV1EN4y147Ds,3,BV1XCq5Y8EF4,1,0.46389,4
1501,2848,BV1EN4y147Ds,3,BV16MB9YDE3n,1,0.5069,2
1501,4555,BV1EN4y147Ds,3,BV1KcnpzCEro,1,0.36602,2
1501,5597,BV1EN4y147Ds,3,BV1fmFCzuEfm,1,0.55056,1
1502,5195,BV1EN4y147Ds,4,BV1mc8Az5Eur,1,0.41702,1
1502,5384,BV1EN4y147Ds,4,BV1GkfBBLEXc,1,0.40643,2
1502,5589,BV1EN4y147Ds,4,BV1WFFpzQEHh,1,0.36961,4
1503,2538,BV1NC4y1M7ew,1,BV16vcyeDEC7,1,0.38873,3
1503,3234,BV1NC4y1M7ew,1,BV1gktDesEmL,1,0.37538,4
1503,5219,BV1NC4y1M7ew,1,BV1jmuHzAE6g,1,0.40049,1
1503,5462,BV1NC4y1M7ew,1,BV1cpZXBhEZ2,1,0.38902,2
1504,1546,BV1Mw411t77k,1,BV1hu4y1J7YV,1,0.44303,4
1504,5718,BV1Mw411t77k,1,BV1ZfqUBoEL3,1,0.4455,4
1504,5764,BV1Mw411t77k,1,BV1cpqpB4EsM,1,0.44333,3
1505,2191,BV1Yp4y1Z7Y1,1,BV1eT421X7Uk,1,0.38363,4
1505,2997,BV1Yp4y1Z7Y1,1,BV12mSRYAEnN,1,0.451,3
1505,3031,BV1Yp4y1Z7Y1,1,BV1oj1WYEEPy,1,0.47743,1
1505,4762,BV1Yp4y1Z7Y1,1,BV1tFhCzcEtv,1,0.39167,1
1505,5507,BV1Yp4y1Z7Y1,1,BV1ZiZRBbEtg,1,0.46963,2
1505,5746,BV1Yp4y1Z7Y1,1,BV1ArvpB4EtY,1,0.41914,2
1506,2070,BV11G411k7ad,1,BV1dx4y1J7pf,1,0.52069,4
1506,2715,BV11G411k7ad,1,BV1xVBuYzEru,1,0.37585,1
1506,2878,BV11G411k7ad,1,BV1KGUDYmE5W,1,0.41984,3
1506,3121,BV11G411k7ad,1,BV1vZijeRE6d,1,0.56945,2
1506,3387,BV11G411k7ad,1,BV1G2nReXEmV,1,0.50845,3
1506,3870,BV11G411k7ad,1,BV1xZdaYSEqx,1,0.44154,3
1507,2426,BV1m64y1p7Dk,1,BV1Uu4m1K7SP,1,0.53281,1
1507,3608,BV1m64y1p7Dk,1,BV1UojBz1EM9,1,0.45731,1
1507,4037,BV1m64y1p7Dk,1,BV1dLRsY3EZ8,1,0.51123,4
1507,4253,BV1m64y1p7Dk,1,BV1MCFreREBJ,1,0.4492,2
1507,5134,BV1m64y1p7Dk,1,BV1NX8EzREuk,1,0.54351,1
1507,5461,BV1m64y1p7Dk,1,BV1waZiBnE81,1,0.51328,3
1507,5500,BV1m64y1p7Dk,1,BV1xFZyB5EbG,1,0.4615,3
1508,2576,BV1kC4y1M7Du,1,BV1Fh4y1d7Ge,1,0.35002,4
1508,3005,BV1kC4y1M7Du,1,BV1mTS3YrE2k,1,0.35841,2
1508,5702,BV1kC4y1M7Du,1,BV18Zq6BxEA6,1,0.35271,3
1509,1703,BV1Pi4y1h7bs,1,BV16N4y1R7My,1,0.48532,3
1509,2496,BV1Pi4y1h7bs,1,BV19icfejETu,1,0.4565,4
1509,2515,BV1Pi4y1h7bs,1,BV1GVwnekEdE,1,0.49828,3
1509,2937,BV1Pi4y1h7bs,1,BV1RPD2YWEWX,1,0.45149,2
1509,4011,BV1Pi4y1h7bs,1,BV1iDQpYZENu,1,0.51278,3
1509,4218,BV1Pi4y1h7bs,1,BV159NXeLEFK,1,0.43469,3
1509,4917,BV1Pi4y1h7bs,1,BV18obazvEfx,1,0.51372,1
1509,5164,BV1Pi4y1h7bs,1,BV1WSb9zSE6T,1,0.513,2
1510,2296,BV1Xe41167ye,1,BV1pi421o7Ys,1,0.54129,2
1510,2974,BV1Xe41167ye,1,BV1hTDgY2Eea,1,0.54366,1
1510,3322,BV1Xe41167ye,1,BV1PwHjeAEJF,1,0.53236,4
1510,3636,BV1Xe41167ye,1,BV1uDJazMEcB,1,0.46886,4
1510,4199,BV1Xe41167ye,1,BV1fNKLejETA,1,0.50626,4
1510,5169,BV1Xe41167ye,1,BV1B934znE6T,1,0.53207,4
1511,1553,BV1ng4y1y7yd,1,BV1e64y1p7e1,1,0.476,1
1511,3905,BV1ng4y1y7yd,1,BV1TzZoYdEju,1,0.45977,4
1511,5302,BV1ng4y1y7yd,1,BV1Y6Pvz2EpF,1,0.46955,2
1511,5466,BV1ng4y1y7yd,1,BV1QXZsBKESy,1,0.46401,3
1512,3570,BV1kG411r72w,1,BV1TTJazqEYn,1,0.41628,1
1512,3611,BV1kG411r72w,1,BV1tWjyzYESh,1,0.38398,2
1512,5174,BV1kG411r72w,1,BV1iubCzTEmL,1,0.36081,4
1513,1658,BV1di4y187sx,1,BV1iQ4y1t7pf,1,0.52626,1
1513,2505,BV1di4y187sx,1,BV1Pb6zYZE8r,1,0.54631,4
1513,2532,BV1di4y187sx,1,BV16ScXeVEEg,1,0.52863,2
1513,4187,BV1di4y187sx,1,BV1xuNkevE9C,1,0.41482,3
1513,4499,BV1di4y187sx,1,BV1ZSxKzYErf,1,0.35209,4
1513,4821,BV1di4y187sx,1,BV11KeXzZE5D,1,0.57998,1
1514,1679,BV11c411m7eR,1,BV1RN4y127rt,1,0.5881,3
1514,3149,BV11c411m7eR,1,BV1fm19YzETm,1,0.53274,4
1514,4265,BV11c411m7eR,1,BV1w5FEejEv3,1,0.50888,1
1514,4878,BV11c411m7eR,1,BV1EaePz2EbL,1,0.51987,3
1514,5134,BV11c411m7eR,1,BV1NX8EzREuk,1,0.62645,1
1515,2118,BV19N4y1b77P,1,BV1bE421G7tu,1,0.47232,1
1515,3768,BV19N4y1b77P,1,BV11AoTYVEDe,1,0.41787,4
1516,1772,BV1NQ4y137U6,1,BV1uj411v7Un,1,0.6125,3
1516,2157,BV1NQ4y137U6,1,BV1TE421V7TY,1,0.61551,1
1516,2253,BV1NQ4y137U6,1,BV17w4m1Z7Hy,1,0.57482,1
1516,2361,BV1NQ4y137U6,1,BV1ZZ42117L2,1,0.54166,2
1516,2450,BV1NQ4y137U6,1,BV1pwy5BWER2,1,0.61341,2
1516,2451,BV1NQ4y137U6,1,BV1j9ycB3ENV,1,0.63698,2
1516,3806,BV1NQ4y137U6,1,BV1pKRBYREMB,1,0.46042,4
1516,5034,BV1NQ4y137U6,1,BV1dFtJzwEc1,1,0.51123,4
1516,5204,BV1NQ4y137U6,1,BV1fpgbzxEZJ,1,0.62358,2
1516,5298,BV1NQ4y137U6,1,BV1W5f1B2EMe,1,0.45999,4
1516,5358,BV1NQ4y137U6,1,BV1kHPqzqEjW,2,0.61373,1
1517,2126,BV1zg4y117k4,1,BV1kT421D7YQ,1,0.70942,2
1517,2134,BV1zg4y117k4,1,BV1NB42167U7,1,0.62988,3
1517,2324,BV1zg4y117k4,1,BV12r421s7jK,1,0.72142,3
1517,2340,BV1zg4y117k4,1,BV1sZ42127Xh,1,0.7118,4
1517,2816,BV1zg4y117k4,1,BV1bCzVYbEDc,1,0.65267,3
1517,4059,BV1zg4y117k4,1,BV1g39HYWEzS,1,0.505,4
1517,4361,BV1zg4y117k4,1,BV15Y411b7jd,1,0.62141,3
1517,4428,BV1zg4y117k4,1,BV1smxYzSEv1,1,0.58991,4
1517,5033,BV1zg4y117k4,1,BV1yFbLzzEvU,1,0.7646,1
1518,4530,BV1WC4y1g7Vn,1,BV1uennzVEg3,1,0.45944,3
1518,5289,BV1WC4y1g7Vn,1,BV1DG3Xz5Ea5,1,0.46053,3
1519,1557,BV1Yw41147rP,1,BV1DR4y1b7bA,1,0.60064,1
1519,1578,BV1Yw41147rP,1,BV1QN4y1b7Xy,1,0.51186,1
1519,2664,BV1Yw41147rP,1,BV1pizdYNE6u,1,0.5584,2
1519,3216,BV1Yw41147rP,1,BV1zUxEeVEa5,1,0.48388,3
1519,4253,BV1Yw41147rP,1,BV1MCFreREBJ,1,0.43344,3
1519,4453,BV1Yw41147rP,1,BV1yXxZzpEVJ,1,0.54117,3
1520,4476,BV1Lu4y1M7qH,1,BV1KZHAzoEWg,1,0.38416,4
1520,4654,BV1Lu4y1M7qH,1,BV1SmHvzXEYT,1,0.4307,1
1520,5829,BV1Lu4y1M7qH,1,BV1mk2kB2E1D,1,0.39957,2
1521,2684,BV1wj411W71Z,1,BV1ogrfYvENe,1,0.53456,1
1521,2830,BV1wj411W71Z,1,BV1UBUyYvEXr,1,0.36948,4
1521,4092,BV1wj411W71Z,1,BV1VG9cYAEMJ,1,0.42066,4
1521,4436,BV1wj411W71Z,1,BV1WU4NzuETi,1,0.52637,1
1522,1841,BV1Z94y1A76y,1,BV1yP4y1M79k,1,0.50443,4
1522,3414,BV1Z94y1A76y,1,BV1GWmcBkE9F,1,0.51561,1
1522,5034,BV1Z94y1A76y,1,BV1dFtJzwEc1,1,0.50877,2
1522,5475,BV1Z94y1A76y,1,BV12eZMB5EDa,1,0.49535,3
1523,1973,BV1FW4y1F7qS,1,BV1rz4y1K7NU,1,0.39833,3
1523,2473,BV1FW4y1F7qS,1,BV1MHyQBKE1Y,1,0.41551,4
1523,3507,BV1FW4y1F7qS,1,BV12wTLzQE7Q,1,0.42695,3
1523,5510,BV1FW4y1F7qS,1,BV1i1ZiB6EDw,1,0.33269,3
1523,5646,BV1FW4y1F7qS,1,BV13dkjBMEPY,1,0.36655,3
1523,5654,BV1FW4y1F7qS,1,BV1kDrCBaEg7,1,0.42783,1
1524,1849,BV1db4y1G7vH,1,BV1434y1A7VF,1,0.44673,2
1524,2490,BV1db4y1G7vH,1,BV1GfrVYKEc2,1,0.53997,1
1524,2675,BV1db4y1G7vH,1,BV15Ek2YiEzu,1,0.44897,2
1524,3326,BV1db4y1G7vH,1,BV1ToHSeeEtH,1,0.41223,4
1524,3331,BV1db4y1G7vH,1,BV1vLHZeeE58,1,0.41608,1
1525,1594,BV1Qg4y1C7Cz,1,BV1cu4y1M7rW,1,0.55699,1
1525,2112,BV1Qg4y1C7Cz,1,BV1cx4y1W7js,1,0.46065,3
1525,2428,BV1Qg4y1C7Cz,1,BV1aJUxBLEhk,1,0.46496,4
1525,3088,BV1Qg4y1C7Cz,1,BV1vnmLYhEhM,1,0.41492,2
1525,3467,BV1Qg4y1C7Cz,1,BV1CzM6z4E4d,1,0.4361,1
1525,3749,BV1Qg4y1C7Cz,1,BV1wDVFzxEov,1,0.56377,1
1525,3918,BV1Qg4y1C7Cz,1,BV1gyfNYsEUx,1,0.49315,3
1525,4539,BV1Qg4y1C7Cz,1,BV1ydnSzDEHS,1,0.43204,4
1525,5164,BV1Qg4y1C7Cz,1,BV1WSb9zSE6T,1,0.55042,4
1526,2197,BV1nG411Y7t2,1,BV1eH4y1A7YN,1,0.3712,1
1526,2330,BV1nG411Y7t2,1,BV1xH4y1j7oy,1,0.43692,2
1526,3711,BV1nG411Y7t2,1,BV1bdVhzpEWM,1,0.40399,4
1526,4939,BV1nG411Y7t2,1,BV1gDthzoEvE,1,0.35892,3
1527,2639,BV1u94y1P7Tm,1,BV1yFCnY1EuF,1,0.63142,1
1527,2664,BV1u94y1P7Tm,1,BV1pizdYNE6u,1,0.50405,4
1527,2837,BV1u94y1P7Tm,1,BV1pozVYSEyN,1,0.38414,4
1527,3255,BV1u94y1P7Tm,1,BV185tsemEWc,1,0.57517,2
1527,3637,BV1u94y1P7Tm,1,BV1fcJ6zkEov,1,0.48013,2
1527,4161,BV1u94y1P7Tm,1,BV1XZAbeqEZL,1,0.4804,4
1527,5509,BV1u94y1P7Tm,1,BV1tcZqB8Ea3,1,0.50978,3
1528,2866,BV1R94y1c7XH,1,BV1dwSKYzEmz,1,0.41603,2
1528,3198,BV1R94y1c7XH,1,BV1XkxJeKEfh,1,0.39533,2
1528,4024,BV1R94y1c7XH,1,BV1MKRYYnExh,1,0.39219,4
1528,4659,BV1R94y1c7XH,1,BV13wHyzjENT,1,0.44236,1
1529,2379,BV16N4y1b7DK,1,BV14U421d7xE,1,0.40842,2
1529,3365,BV16N4y1b7DK,1,BV1o5HqeyEW3,1,0.36234,4
1529,4678,BV16N4y1b7DK,1,BV1qyYozsE4e,1,0.38579,3
1529,5144,BV16N4y1b7DK,1,BV1jQ8Jz5E3H,1,0.4896,1
1530,3133,BV1ra4y1r7h4,1,BV1BH1zYcEDX,1,0.42425,1
1530,3169,BV1ra4y1r7h4,1,BV1nK4PezEvM,1,0.38841,2
1530,3544,BV1ra4y1r7h4,1,BV1S67KzcEsU,2,0.41788,4
1530,3604,BV1ra4y1r7h4,1,BV1L17AzcEeq,1,0.33143,2
1530,3976,BV1ra4y1r7h4,1,BV1GGX4YNEHE,1,0.4475,1
1530,4056,BV1ra4y1r7h4,1,BV1Zz9HYPEyD,1,0.42709,2
1530,4254,BV1ra4y1r7h4,1,BV1rhFBeKEmu,1,0.39404,3
1530,5443,BV1ra4y1r7h4,1,BV19xFszrERr,1,0.35549,4
1531,2390,BV1D94y1A7HH,1,BV1hp421d7Na,1,0.51995,3
1531,3183,BV1D94y1A7HH,1,BV1cw4m1U72r,1,0.43422,1
1531,4132,BV1D94y1A7HH,1,BV1hTPKeTEWp,1,0.50124,4
1531,4401,BV1D94y1A7HH,1,BV1y2WEzTEsy,1,0.50486,4
1531,4566,BV1D94y1A7HH,1,BV1YFJRz6E9W,2,0.5833,1
1532,2529,BV1e34y1w7MN,1,BV12TC4YNEKG,1,0.79446,2
1532,3028,BV1e34y1w7MN,1,BV1Nb1KY7Er7,1,0.795,1
1532,3092,BV1e34y1w7MN,1,BV1ZHmMY2EoE,1,0.81431,1
1532,3105,BV1e34y1w7MN,1,BV11H29YnEds,1,0.69929,4
1532,3418,BV1e34y1w7MN,1,BV1Pv2fBxER5,1,0.78346,1
1532,3483,BV1e34y1w7MN,1,BV1jdNYzQEtH,1,0.7657,1
1533,3727,BV1qe411b7sB,1,BV1uz5MzfExY,1,0.57384,2
1533,3942,BV1qe411b7sB,1,BV1MFZPYkEqD,1,0.48782,3
1533,3959,BV1qe411b7sB,1,BV1q3o2Y3E4B,1,0.59155,1
1533,4006,BV1qe411b7sB,1,BV1hWQPYeEkr,1,0.52885,3
1533,4009,BV1qe411b7sB,1,BV19uQpYdErb,1,0.51124,4
1533,4683,BV1qe411b7sB,1,BV1BSaRzJExW,1,0.48047,3
1533,4958,BV1qe411b7sB,1,BV1vytZz1ERZ,1,0.48411,4
1534,1785,BV1Fe411C7T9,1,BV14Q4y1H7Vc,1,0.43277,1
1534,5141,BV1Fe411C7T9,1,BV13t8GzmEpA,1,0.34517,4
1534,5585,BV1Fe411C7T9,1,BV1zaFZz2EtZ,1,0.37095,2
1535,1792,BV1eu4y1J73d,1,BV1wc411d7hJ,1,0.3757,1
1535,4324,BV1eu4y1J73d,1,BV1FScEejEsV,1,0.42792,1
1535,4582,BV1eu4y1J73d,1,BV1iKnAzBERM,1,0.51865,1
1536,2763,BV1wc41117t4,1,BV1kHi6YmEtn,1,0.47143,1
1536,2795,BV1wc41117t4,1,BV1fuzUYBEnF,1,0.43518,4
1536,5351,BV1wc41117t4,1,BV1swACzQEX5,1,0.50212,1
1537,1802,BV1Bc411y7Rr,1,BV12Q4y1p7CH,1,0.34715,3
1537,2853,BV1Bc411y7Rr,1,BV1ZGBHYZERU,1,0.38517,2
1537,4326,BV1Bc411y7Rr,1,BV1BKfmYnEb1,1,0.35936,2
1538,2190,BV1Yc411y7Ye,1,BV1kw4m1f7DA,1,0.44833,4
1538,2282,BV1Yc411y7Ye,1,BV1SJ4m1j7qe,1,0.40301,1
1538,2882,BV1Yc411y7Ye,1,BV1e6mZYmE2m,1,0.47563,2
1538,3216,BV1Yc411y7Ye,1,BV1zUxEeVEa5,1,0.46179,3
1538,4295,BV1Yc411y7Ye,1,BV1RVFhevEeF,1,0.48273,1
1538,4933,BV1Yc411y7Ye,1,BV1duJ6zME1X,1,0.40907,3
1538,5110,BV1Yc411y7Ye,1,BV1YqhPzaEUN,1,0.42215,3
1539,1693,BV11p4y1o7Et,1,BV1Ua4y1U7pt,1,0.43028,4
1539,2056,BV11p4y1o7Et,1,BV1Yr421F7Ti,1,0.3826,2
1539,4097,BV11p4y1o7Et,1,BV1oo9TYxEZq,1,0.44298,3
1539,4787,BV11p4y1o7Et,1,BV1EhhSzPEVy,1,0.47632,2
1540,1764,BV1ab4y1G7Li,1,BV1v94y1G7Zm,1,0.40963,3
1540,2251,BV1ab4y1G7Li,1,BV1Jx421k7AD,1,0.46526,3
1540,3055,BV1ab4y1G7Li,1,BV1xkyhYDEUw,1,0.49097,2
1540,3165,BV1ab4y1G7Li,1,BV1FBxZeWEE2,1,0.51846,1
1540,3544,BV1ab4y1G7Li,1,BV1S67KzcEsU,2,0.45999,4
1541,1722,BV1nc41117AY,1,BV1GH4y1z7CZ,1,0.40262,2
1541,3311,BV1nc41117AY,1,BV17d4BePESH,1,0.43389,3
1541,4552,BV1nc41117AY,1,BV1SNn7zvEmA,1,0.42821,4
1541,5147,BV1nc41117AY,1,BV1PQ8Dz1Ea1,1,0.48127,1
1542,3837,BV1ea4y1r7Ut,1,BV1eu5EzFEv4,1,0.43602,3
1542,4649,BV1ea4y1r7Ut,1,BV1WhpLzoEtb,1,0.42224,4
1542,5064,BV1ea4y1r7Ut,1,BV1BmbwzFEaU,1,0.4362,2
1543,1756,BV1hc411y7zv,1,BV13u4y177Sr,1,0.40909,1
1543,2741,BV1hc411y7zv,1,BV1VTqEYrEA9,1,0.54425,1
1543,2778,BV1hc411y7zv,1,BV1RKiZYDEX3,1,0.45647,1
1543,2796,BV1hc411y7zv,1,BV1smi1YNEwG,1,0.38406,1
1543,3145,BV1hc411y7zv,1,BV1qk1mYUEb5,1,0.49022,4
1543,4616,BV1hc411y7zv,1,BV1E7pWzBEQS,1,0.5235,3
1543,5717,BV1hc411y7zv,1,BV1o8ijBYEtY,1,0.59525,1
1544,2238,BV1He411C7BN,1,BV1DQ4y157go,1,0.35755,2
1544,3113,BV1He411C7BN,1,BV1Hk2NYkEBi,1,0.44119,1
1544,4172,BV1He411C7BN,1,BV1hnAKeeEYY,1,0.36467,3
1544,4741,BV1He411C7BN,1,BV14wgLzYEiJ,1,0.403,3
1544,5485,BV1He411C7BN,1,BV1y9F6zBE6H,1,0.40288,4
1545,1725,BV1A94y1P7Xp,1,BV1Jz4y1w7k7,1,0.33432,4
1545,3152,BV1A94y1P7Xp,1,BV1hR1mY6E4L,1,0.381,2
1545,5213,BV1A94y1P7Xp,1,BV1LQudztE1E,1,0.34488,3
1546,2962,BV1hu4y1J7YV,1,BV1oeDYYxErp,1,0.40708,4
1546,3669,BV1hu4y1J7YV,1,BV1Uh5VzzEDe,1,0.43397,2
1546,4176,BV1hu4y1J7YV,1,BV1wUwSe3E3g,1,0.43914,1
1546,4412,BV1hu4y1J7YV,1,BV193WYz4EJw,1,0.47798,1
1547,3546,BV12G411r794,1,BV1JV7fz8EdG,1,0.40368,3
1547,4757,BV12G411r794,1,BV1yceUz1EL8,1,0.433,1
1547,5652,BV12G411r794,1,BV1s9rfB1EM8,1,0.33557,3
1548,1568,BV1Vu4y1K75E,1,BV1A94y1P7Tx,1,0.51077,4
1548,3141,BV1Vu4y1K75E,1,BV1KE1eYZEhQ,1,0.5609,1
1548,5201,BV1Vu4y1K75E,1,BV1msgjziEyh,1,0.39993,2
1549,2169,BV1ni4y1a7aV,1,BV1Vr421g7Ag,1,0.45562,1
1549,2722,BV1ni4y1a7aV,1,BV1Vsq4YwEPa,1,0.49281,2
1550,3098,BV1Ci4y1a7HR,1,BV1WemuYtELi,1,0.33649,4
1550,3100,BV1Ci4y1a7HR,1,BV1Fy2UYcEPc,1,0.40503,4
1550,5495,BV1Ci4y1a7HR,1,BV1jTZbBWE2W,1,0.40534,2
1551,2308,BV1vC4y1g7Gw,1,BV1UH4y157gD,1,0.50615,2
1551,2799,BV1vC4y1g7Gw,1,BV1sczDYXEWU,1,0.45411,1
1551,3228,BV1vC4y1g7Gw,1,BV1sasQegEw4,1,0.49433,3
1551,4080,BV1vC4y1g7Gw,1,BV1hcPieXEuN,1,0.48005,4
1552,2907,BV1Yg4y1C79Z,1,BV1nTmoYHEXA,1,0.50578,3
1552,4913,BV1Yg4y1C79Z,1,BV1cYbEzyEm6,1,0.41097,4
1553,3783,BV1e64y1p7e1,1,BV1GAG1zwEqP,1,0.52854,3
1553,3846,BV1e64y1p7e1,1,BV1SE5zzCEEF,1,0.42639,4
1553,5080,BV1e64y1p7e1,1,BV1pytCzJEkP,1,0.40024,3
1553,5105,BV1e64y1p7e1,1,BV1YMgxzuEZ7,1,0.47931,2
1553,5466,BV1e64y1p7e1,1,BV1QXZsBKESy,1,0.50907,2
1553,5561,BV1e64y1p7e1,1,BV1REcbzdEcf,1,0.42862,2
1554,2109,BV11c411m7jt,1,BV1Zw4m1S7ef,1,0.51154,1
1554,2216,BV11c411m7jt,1,BV1Hq421F79e,1,0.52952,1
1554,2380,BV11c411m7jt,1,BV14S421K7y5,1,0.47912,3
1554,4095,BV11c411m7jt,1,BV1wrPxe1EiP,1,0.41584,3
1554,4567,BV11c411m7jt,1,BV125J1zuEHn,1,0.44963,3
1554,4614,BV11c411m7jt,1,BV1LCpizuEoP,1,0.54193,2
1554,4861,BV11c411m7jt,1,BV1CGhVz6E2Z,1,0.45442,4
1554,4908,BV11c411m7jt,1,BV12MbWzKEo7,1,0.45799,3
1554,5129,BV11c411m7jt,1,BV1cA8kzjEcu,1,0.43664,2
1554,5642,BV11c411m7jt,1,BV1Msz3BVEDx,1,0.59444,1
1555,1643,BV1aP4y1k7Qd,1,BV1Bg4y1f7wU,1,0.66293,1
1555,2651,BV1aP4y1k7Qd,1,BV1EGkZYuEi3,1,0.46363,3
1555,3170,BV1aP4y1k7Qd,1,BV1cH4ge9EsR,1,0.45987,2
1555,3707,BV1aP4y1k7Qd,1,BV1FuVrzvEc2,1,0.51285,1
1555,4024,BV1aP4y1k7Qd,1,BV1MKRYYnExh,1,0.43452,1
1555,4280,BV1aP4y1k7Qd,1,BV1EoF5ewEGi,1,0.48916,2
1555,4955,BV1aP4y1k7Qd,1,BV1VWtRzYEeJ,1,0.46719,3
1555,5156,BV1aP4y1k7Qd,1,BV1Kb84zVEKh,1,0.54826,3
1555,5530,BV1aP4y1k7Qd,1,BV1ihcqzDEJn,1,0.52787,4
1555,5701,BV1aP4y1k7Qd,1,BV1QKqPBsEes,1,0.55819,2
1556,1885,BV12y4y1f7zz,1,BV1Nw411Y7BL,1,0.40407,3
1556,4199,BV12y4y1f7zz,1,BV1fNKLejETA,1,0.40756,2
1556,5117,BV12y4y1f7zz,1,BV1b8htzsEAh,1,0.40264,4
1556,5253,BV12y4y1f7zz,1,BV1GruwziErn,1,0.45138,1
1557,2214,BV1DR4y1b7bA,1,BV1XZ421n7qY,1,0.4741,3
1557,2675,BV1DR4y1b7bA,1,BV15Ek2YiEzu,1,0.47024,1
1557,2907,BV1DR4y1b7bA,1,BV1nTmoYHEXA,1,0.51588,4
1557,3659,BV1DR4y1b7bA,1,BV1h9JKzuEZ6,1,0.45277,2
1557,4015,BV1DR4y1b7bA,1,BV1vYQ5YMErH,1,0.48607,4
1557,4065,BV1DR4y1b7bA,1,BV19q9BY6E2E,1,0.53194,3
1557,5679,BV1DR4y1b7bA,1,BV14CraBBEpp,1,0.59277,2
1558,2136,BV1Es4y1W7hr,1,BV14S4y1F7Bu,1,0.43562,4
1558,2843,BV1Es4y1W7hr,1,BV1HWUTYnELp,1,0.46041,1
1558,3920,BV1Es4y1W7hr,1,BV1SuZHYbEmV,1,0.41175,2
1558,5818,BV1Es4y1W7hr,1,BV1ZbqpBHEHW,1,0.45435,3
1559,2222,BV1yG4y1K7MY,1,BV1sJ4m187W6,1,0.50751,4
1559,2565,BV1yG4y1K7MY,1,BV1iFraYtE4j,1,0.42453,3
1559,4783,BV1yG4y1K7MY,1,BV1SPeoz1EiS,1,0.50788,2
1559,4926,BV1yG4y1K7MY,1,BV13rt4z7EV9,1,0.41487,3
1559,4959,BV1yG4y1K7MY,1,BV1hftZzKEW5,1,0.37245,2
1559,5419,BV1yG4y1K7MY,1,BV1iLfNB9EeR,1,0.52652,2
1559,5451,BV1yG4y1K7MY,1,BV19DfgBNEdz,1,0.50676,4
1560,2743,BV1iY411Q7ev,1,BV1ALzpY6EMb,1,0.36482,4
1560,3605,BV1iY411Q7ev,1,BV1VHjZzGEA3,1,0.39031,2
1561,1581,BV1bw41187Tw,1,BV16a4y1z7rn,1,0.46773,2
1561,1969,BV1bw41187Tw,1,BV1AN411q7eW,1,0.70629,1
1561,2317,BV1bw41187Tw,1,BV1jm411Z7BR,1,0.50968,3
1561,2566,BV1bw41187Tw,1,BV1Vgr3YcEn2,1,0.53237,4
1561,2970,BV1bw41187Tw,1,BV1wCyBYPE2W,1,0.45379,1
1561,3026,BV1bw41187Tw,1,BV1vGmuYkEhb,1,0.35926,2
1561,3127,BV1bw41187Tw,1,BV1Yix4eWEua,1,0.48875,3
1561,3427,BV1bw41187Tw,1,BV1Yv2WBzEjF,1,0.48038,3
1561,4591,BV1bw41187Tw,1,BV1zvpozNEjr,1,0.48949,1
1561,5051,BV1bw41187Tw,1,BV1A5bGzYEfR,1,0.4849,3
1562,3677,BV1F94y1w73G,1,BV15kLnzuESG,1,0.4584,1
1562,3930,BV1F94y1w73G,1,BV1ToQtYFEsV,1,0.43781,2
1562,5136,BV1F94y1w73G,1,BV1AzhAzGEoD,1,0.39688,2
1562,5326,BV1F94y1w73G,1,BV11pAHzZEVF,1,0.39773,4
1563,3408,BV1pG411Y7RG,1,BV116S4BCE6g,1,0.44718,1
1563,4924,BV1pG411Y7RG,1,BV1HBbazUEBy,1,0.47177,4
1563,5177,BV1pG411Y7RG,1,BV1qTgtzmEGt,1,0.49634,3
1564,2902,BV1FN4y187N6,1,BV1AtUeYYEf6,1,0.46192,2
1564,3641,BV1FN4y187N6,1,BV15XJJz7EkQ,1,0.51824,1
1564,4202,BV1FN4y187N6,1,BV1uzKGe4Ey6,1,0.52875,1
1565,2256,BV1J64y1W7kv,1,BV1vt421t7V5,1,0.3807,2
1565,3798,BV1J64y1W7kv,1,BV1sSLqzBEYq,1,0.36244,4
1565,3891,BV1J64y1W7kv,1,BV1tKRkY3EA3,1,0.35205,4
1565,4107,BV1J64y1W7kv,1,BV1J6ASe6E3h,1,0.36947,3
1566,1670,BV1Qp4y1o7hp,1,BV1nv411F7ix,1,0.55115,3
1566,1696,BV1Qp4y1o7hp,1,BV1MN4y1m7gP,1,0.52694,4
1566,1723,BV1Qp4y1o7hp,1,BV1W94y137Uc,1,0.46057,4
1566,1751,BV1Qp4y1o7hp,1,BV1fw411s7Yb,1,0.60267,3
1566,2017,BV1Qp4y1o7hp,1,BV1cm42137VV,1,0.44852,4
1566,2100,BV1Qp4y1o7hp,1,BV11i421D7Be,1,0.58882,4
1566,2193,BV1Qp4y1o7hp,1,BV14p421X7tx,1,0.49131,4
1566,2920,BV1Qp4y1o7hp,1,BV15bmbYYEk2,1,0.62785,2
1566,4803,BV1Qp4y1o7hp,1,BV1yWhQz2EA4,1,0.49306,1
1566,4863,BV1Qp4y1o7hp,1,BV1ehbYzGEo1,1,0.55327,3
1566,4978,BV1Qp4y1o7hp,1,BV1JEtozyEFF,1,0.54511,2
1566,5395,BV1Qp4y1o7hp,1,BV1QxPLzsEeX,1,0.48236,4
1567,2093,BV1xC4y1g7HE,1,BV1vw4m1U77k,1,0.35912,3
1567,3037,BV1xC4y1g7HE,1,BV1KRyUYiEX2,1,0.35323,4
1567,3078,BV1xC4y1g7HE,1,BV1J9C1Y2EaR,1,0.37363,2
1567,3477,BV1xC4y1g7HE,1,BV1ppNnzdEa8,1,0.4015,1
1567,3947,BV1xC4y1g7HE,1,BV1xfofYoEwZ,1,0.35789,4
1567,4186,BV1xC4y1g7HE,1,BV1UkANe8EZL,1,0.30073,3
1568,1918,BV1A94y1P7Tx,1,BV11z4y1j7vL,1,0.63532,3
1568,2451,BV1A94y1P7Tx,1,BV1j9ycB3ENV,1,0.6271,4
1568,2531,BV1A94y1P7Tx,1,BV1HscbeVEXx,1,0.58232,2
1568,2783,BV1A94y1P7Tx,1,BV1SdUoYrEC3,1,0.45548,3
1568,3307,BV1A94y1P7Tx,1,BV11wpme4EWQ,1,0.49571,1
1568,4595,BV1A94y1P7Tx,1,BV1YApRzJEVH,1,0.62409,3
1568,4749,BV1A94y1P7Tx,1,BV1kaajz7EkA,1,0.63736,2
1569,2464,BV17G411Y7oX,1,BV11KCvB7EAT,1,0.58381,2
1569,3762,BV17G411Y7oX,1,BV1yxGizsEw6,1,0.61739,1
1570,1635,BV1rb4y1G7xC,1,BV1Eu4y1377t,1,0.46472,3
1570,2401,BV1rb4y1G7xC,1,BV12J4m1x7rD,1,0.46506,3
1570,3117,BV1rb4y1G7xC,1,BV1qJ12Y1Et7,1,0.44242,4
1570,3171,BV1rb4y1G7xC,1,BV1SP4geNEv1,1,0.49447,1
1570,3228,BV1rb4y1G7xC,1,BV1sasQegEw4,1,0.48659,2
1570,4386,BV1rb4y1G7xC,1,BV1V6W4z5ERV,1,0.39202,1
1571,3654,BV1TN4y1a7xP,1,BV1JfE9z7ECC,1,0.40647,3
1571,5299,BV1TN4y1a7xP,1,BV14tA5z3Epo,1,0.40672,2
1572,2061,BV1cj411H7Kb,1,BV1Tz42187Mv,1,0.38002,2
1572,2367,BV1cj411H7Kb,1,BV1bA4m1V7vW,1,0.46111,3
1572,3067,BV1cj411H7Kb,1,BV1KGCSYcEFH,1,0.499,2
1572,4847,BV1cj411H7Kb,1,BV1cGezz7EcL,1,0.52329,1
1573,1757,BV1Tg4y1C7iw,1,BV1QT411j72P,1,0.70918,2
1573,2652,BV1Tg4y1C7iw,1,BV17ZCFYjEgh,1,0.67563,2
1573,2745,BV1Tg4y1C7iw,1,BV1USq5YxEY4,2,0.69078,2
1573,2756,BV1Tg4y1C7iw,1,BV1nNzqYkE69,1,0.63998,3
1573,2911,BV1Tg4y1C7iw,1,BV1WPmfYwEbQ,1,0.73931,1
1573,3411,BV1Tg4y1C7iw,1,BV19bMGz8Ewa,1,0.6194,3
1573,3483,BV1Tg4y1C7iw,1,BV1jdNYzQEtH,1,0.73106,2
1573,5249,BV1Tg4y1C7iw,1,BV1sXuazzE6R,1,0.58799,4
1573,5389,BV1Tg4y1C7iw,1,BV1NhP3ziE8K,1,0.54224,2
1573,5433,BV1Tg4y1C7iw,1,BV1c5Z5BpE4Z,1,0.72617,1
1574,2287,BV16i4y1a7YN,1,BV1r1421Z7SM,1,0.47827,4
1574,3240,BV16i4y1a7YN,1,BV1cotUeTEkN,1,0.50671,3
1574,3391,BV16i4y1a7YN,1,BV1wKYCevEZD,1,0.36761,4
1574,4019,BV16i4y1a7YN,1,BV1ckReYyEXy,1,0.54905,2
1574,4341,BV16i4y1a7YN,1,BV1Z4fWYUExY,1,0.38181,3
1574,4345,BV16i4y1a7YN,1,BV1D9fRYhEU5,1,0.44957,1
1574,4865,BV16i4y1a7YN,1,BV1vB7HzmEL9,1,0.56915,1
1574,5196,BV16i4y1a7YN,1,BV1r38AzqE79,1,0.50646,4
1574,5829,BV16i4y1a7YN,1,BV1mk2kB2E1D,1,0.47457,2
1575,3432,BV1gi4y1a7v3,1,BV1Yk2xBkEEQ,1,0.37835,4
1575,4471,BV1gi4y1a7v3,1,BV1Lvxjz9EFP,1,0.41588,1
1576,3890,BV1cu4y1n7UN,1,BV1cTfKYzEbN,1,0.48226,3
1576,5044,BV1cu4y1n7UN,1,BV1Cib3zbExf,1,0.47598,4
1576,5676,BV1cu4y1n7UN,1,BV1iM6QBgEbs,1,0.48451,2
1577,4409,BV1Uc411y7HP,1,BV1fR42zLEuR,1,0.45735,1
1577,4695,BV1Uc411y7HP,1,BV1aVYVzoE6P,2,0.39517,4
1577,5194,BV1Uc411y7HP,1,BV1yCgpzmEy2,1,0.44429,2
1577,5597,BV1Uc411y7HP,1,BV1fmFCzuEfm,1,0.40569,3
1578,3021,BV1QN4y1b7Xy,1,BV1KaypY4Er1,1,0.36182,4
1578,4453,BV1QN4y1b7Xy,1,BV1yXxZzpEVJ,1,0.488,2
1579,1693,BV1Za4y1r7we,1,BV1Ua4y1U7pt,1,0.45599,3
1579,3712,BV1Za4y1r7we,1,BV1dJVrzoENZ,1,0.48272,2
1580,4190,BV1uw41147Ue,1,BV1R3KLeGEor,1,0.4368,2
1580,4193,BV1uw41147Ue,1,BV1zZAAerE1m,1,0.45065,1
1581,2072,BV16a4y1z7rn,1,BV1Ry411B7Yd,1,0.4554,4
1582,2220,BV1BQ4y1B7Xc,1,BV14t42177d2,1,0.37345,1
1582,2547,BV1BQ4y1B7Xc,1,BV1pYcWeaESc,1,0.35692,4
1582,2851,BV1BQ4y1B7Xc,1,BV1GVB4YYEst,1,0.36301,2
1582,2917,BV1BQ4y1B7Xc,1,BV14ZmZYKEJv,1,0.36167,3
1583,1608,BV1GG411k7AA,1,BV1Ru4y1u73X,1,0.41481,2
1583,1665,BV1GG411k7AA,1,BV1wa4y1S7Gi,1,0.45995,1
1583,4053,BV1GG411k7AA,1,BV1N9K5eREDo,1,0.44043,4
1583,4844,BV1GG411k7AA,1,BV1Wneiz5EZ2,1,0.44755,2
1583,5137,BV1GG411k7AA,1,BV1AzhAzGEoD,2,0.40101,3
1584,2712,BV12e411b7Cf,1,BV1o7BGYYEjN,1,0.44067,1
1584,3941,BV12e411b7Cf,1,BV1DxoZY8Ek6,2,0.40128,2
1584,4427,BV12e411b7Cf,1,BV1Zkx1zrEjH,1,0.39827,4
1584,5410,BV12e411b7Cf,1,BV1gWfqBBEbV,1,0.37671,1
1585,2013,BV13g4y117Sb,1,BV1Xi421h7xa,1,0.4665,2
1585,2094,BV13g4y117Sb,1,BV1xf42117v8,1,0.45665,3
1585,3117,BV13g4y117Sb,1,BV1qJ12Y1Et7,1,0.48785,1
1585,5092,BV13g4y117Sb,1,BV19MtAzQEfk,1,0.46026,3
1585,5231,BV13g4y117Sb,1,BV1bx31zpEjT,1,0.40645,1
1586,2355,BV1Kb4y1V7FA,1,BV18p421R7oY,1,0.33395,2
1586,2948,BV1Kb4y1V7FA,1,BV1zWD6YjEpz,1,0.41764,2
1586,3493,BV1Kb4y1V7FA,1,BV1hBM2zpEsr,1,0.40596,3
1587,2593,BV1GQ4y137dC,1,BV1S46RY5EAN,1,0.47269,2
1587,2717,BV1GQ4y137dC,1,BV1EdqSYuEnn,1,0.44557,4
1587,4851,BV1GQ4y137dC,1,BV1MXeizpEpp,1,0.46409,3
1587,4987,BV1GQ4y137dC,1,BV1djbLzZE34,1,0.41937,2
1587,5299,BV1GQ4y137dC,1,BV14tA5z3Epo,1,0.4451,3
1588,3075,BV1HC4y1Q7J5,1,BV1sGyGYbEZo,1,0.39443,1
1588,3850,BV1HC4y1Q7J5,1,BV1avouYFEZw,1,0.41223,2
1588,5335,BV1HC4y1Q7J5,1,BV1nufzBdEKu,1,0.4624,1
1588,5672,BV1HC4y1Q7J5,1,BV13P6RB6E4U,1,0.3845,4
1589,2058,BV1HN411V7et,1,BV1LJ4m1u7jN,1,0.49983,1
1589,3061,BV1HN411V7et,1,BV1XtCRYsEh7,1,0.4712,2
1589,3904,BV1HN411V7et,1,BV1cEXrY4EbT,1,0.431,3
1589,4783,BV1HN411V7et,1,BV1SPeoz1EiS,1,0.45798,4
1589,5504,BV1HN411V7et,1,BV1DYZGBhE9g,1,0.46591,3
1590,5168,BV1pj411s7Wc,1,BV1hF8TzhEL6,1,0.37511,2
1590,5742,BV1pj411s7Wc,1,BV1QYigBTEtk,1,0.35789,3
1591,2240,BV1zw411x7v7,1,BV1pp42127py,1,0.4281,3
1591,3707,BV1zw411x7v7,1,BV1FuVrzvEc2,1,0.42277,4
1591,5300,BV1zw411x7v7,1,BV1pGAmzhEWb,1,0.46212,2
1592,1752,BV1rG411a7WJ,1,BV1iC4y1U7dK,1,0.45279,1
1592,2119,BV1rG411a7WJ,1,BV1fw4m117N4,1,0.43874,4
1592,2820,BV1rG411a7WJ,1,BV1KuzVYXEg6,1,0.47921,1
1593,3073,BV1rc41127Ed,1,BV1RUyuYTE9C,1,0.48728,4
1593,4694,BV1rc41127Ed,1,BV1aVYVzoE6P,1,0.50125,2
1593,5147,BV1rc41127Ed,1,BV1PQ8Dz1Ea1,1,0.47104,3
1594,2386,BV1cu4y1M7rW,1,BV1jm411D7CM,1,0.53364,1
1594,2883,BV1cu4y1M7rW,1,BV1XjUPYtEL5,1,0.40373,4
1594,3221,BV1cu4y1M7rW,1,BV1GXsBeEEMe,1,0.4831,1
1594,3965,BV1cu4y1M7rW,1,BV1Swo1YtEAm,1,0.42697,2
1594,4772,BV1cu4y1M7rW,1,BV1N5YDzQEs9,1,0.54622,2
1594,5164,BV1cu4y1M7rW,1,BV1WSb9zSE6T,1,0.55426,2
1595,1756,BV1h64y1V7FP,1,BV13u4y177Sr,1,0.3315,3
1595,3806,BV1h64y1V7FP,1,BV1pKRBYREMB,1,0.3254,4
1595,4079,BV1h64y1V7FP,1,BV1gR9gYsExL,1,0.38642,2
1595,5447,BV1h64y1V7FP,1,BV1SpfGBwEtc,1,0.38892,1
1596,2277,BV17g4y117yv,1,BV1Nt421L7mX,1,0.59669,1
1596,2401,BV17g4y117yv,1,BV12J4m1x7rD,1,0.50556,2
1596,3738,BV17g4y117yv,1,BV1X5VAz2EGn,1,0.49674,3
1597,2239,BV1Bb4y1L7cU,1,BV1fJ4m177bE,1,0.48192,4
1597,2542,BV1Bb4y1L7cU,1,BV1zKCrYAECm,1,0.63044,2
1597,2697,BV1Bb4y1L7cU,1,BV1GpqfYXEUH,1,0.53628,1
1597,3038,BV1Bb4y1L7cU,1,BV1HvyRYCEhW,1,0.56924,3
1597,3567,BV1Bb4y1L7cU,1,BV1bajUzCEHH,1,0.66405,1
1597,3622,BV1Bb4y1L7cU,1,BV14Uj1zNEBg,1,0.48781,3
1597,3660,BV1Bb4y1L7cU,1,BV1kNEQz1EnA,1,0.42958,3
1597,4364,BV1Bb4y1L7cU,1,BV12jf8YSE5P,2,0.4813,3
1597,4474,BV1Bb4y1L7cU,1,BV1csHGz3E7C,1,0.62318,3
1597,4799,BV1Bb4y1L7cU,1,BV1d5vTzUE5p,1,0.53309,4
1597,5264,BV1Bb4y1L7cU,1,BV1Kqu5zoEAv,1,0.49133,2
1597,5434,BV1Bb4y1L7cU,1,BV1JrZ4BpE5W,1,0.54781,3
1598,2307,BV1fg4y1o7uR,1,BV1xz421d7oq,1,0.54783,3
1598,2557,BV1fg4y1o7uR,1,BV17hc7e6Eer,1,0.54275,4
1598,3103,BV1fg4y1o7uR,1,BV1Si2aYhEm2,1,0.52018,3
1598,5450,BV1fg4y1o7uR,1,BV12LZaByELD,1,0.50385,3
1598,5451,BV1fg4y1o7uR,1,BV19DfgBNEdz,1,0.56325,1
1599,1831,BV1sv4y187Ct,1,BV11j411b7Yj,1,0.40817,2
1599,2109,BV1sv4y187Ct,1,BV1Zw4m1S7ef,1,0.41933,1
1599,4890,BV1sv4y187Ct,1,BV1UdbtzSEwq,1,0.39308,4
1599,5166,BV1sv4y187Ct,1,BV15wgczTEGq,1,0.32756,4
1599,5629,BV1sv4y187Ct,1,BV1BK67BCEGu,1,0.40051,3
1600,2058,BV1wK411178v,1,BV1LJ4m1u7jN,1,0.40339,4
1600,2411,BV1wK411178v,1,BV1H4421w7dc,1,0.36859,4
1601,3500,BV1fb4y1M7WC,1,BV1P3T6zXEdP,1,0.45951,4
1601,4233,BV1fb4y1M7WC,1,BV1ZKP2eFE6A,1,0.52285,1
1601,4471,BV1fb4y1M7WC,1,BV1Lvxjz9EFP,1,0.48568,2
1601,5140,BV1fb4y1M7WC,1,BV1UPhwzjEFr,1,0.47387,2
1601,5435,BV1fb4y1M7WC,1,BV1YfZ6B7E1A,1,0.46684,3
1601,5592,BV1fb4y1M7WC,1,BV1QNFGzqEVN,1,0.39458,1
1602,2646,BV1PN4y1h7pC,1,BV1BVkZYBEHT,1,0.3383,3
1602,3996,BV1PN4y1h7pC,1,BV1GBPietEqe,1,0.36903,3
1602,4630,BV1PN4y1h7pC,1,BV12fpuzVEAP,1,0.38475,1
1602,5659,BV1PN4y1h7pC,1,BV19YrpBWENY,1,0.37827,2
1603,1693,BV16g4y1y7HT,1,BV1Ua4y1U7pt,1,0.4601,2
1603,2593,BV16g4y1y7HT,1,BV1S46RY5EAN,1,0.44018,4
1603,3102,BV16g4y1y7HT,1,BV1xdtCeaEZF,1,0.44278,2
1604,1631,BV1U94y1G7fP,1,BV1nw41187vR,1,0.35579,3
1604,2522,BV1U94y1G7fP,1,BV1xG6HY1EBn,1,0.31584,2
1604,4094,BV1U94y1G7fP,1,BV1PFN1euEEx,1,0.35643,3
1604,5369,BV1U94y1G7fP,1,BV1N3cqzeEzr,1,0.36802,2
1605,2429,BV1s94y1n76X,1,BV1ubUNBUEjQ,1,0.46916,3
1605,2672,BV1s94y1n76X,1,BV1Bek4YXE9S,1,0.48684,1
1605,4501,BV1s94y1n76X,1,BV1AqH3zVEEs,1,0.38435,3
1605,5598,BV1s94y1n76X,1,BV1okFAznEJU,1,0.48355,2
1605,5734,BV1s94y1n76X,1,BV1EjvfBJEN9,1,0.45229,4
1606,1666,BV1XG411Y7Qq,1,BV1cw411n7tr,1,0.45059,4
1606,2319,BV1XG411Y7Qq,1,BV1Dx42127Xc,1,0.4322,2
1606,2441,BV1XG411Y7Qq,1,BV1kS11B1EYg,1,0.37169,2
1606,4576,BV1XG411Y7Qq,1,BV1innFzhEUy,1,0.4554,3
1607,1877,BV12C4y1X7im,1,BV1gH4y1Z7Rw,1,0.38301,3
1607,1917,BV12C4y1X7im,1,BV1DP411t7cV,1,0.39459,4
1607,3364,BV12C4y1X7im,1,BV1rwePeoEXG,3,0.46275,3
1607,3523,BV12C4y1X7im,1,BV1SSEDzdELy,1,0.38323,4
1608,1969,BV1Ru4y1u73X,1,BV1AN411q7eW,1,0.42555,1
1608,3813,BV1Ru4y1u73X,1,BV1AALHzREDa,1,0.40009,4
1608,4518,BV1Ru4y1u73X,1,BV1PDn1zBEcu,1,0.40845,3
1609,3059,BV13j411p7Us,1,BV1sv2qYqE1j,1,0.44,3
1609,3140,BV13j411p7Us,1,BV1cC4weiEEy,1,0.41208,4
1609,3316,BV13j411p7Us,1,BV1oRpneKEwF,1,0.44916,2
1609,4910,BV13j411p7Us,1,BV1qWbJzzE4c,1,0.44921,1
1610,2821,BV1Wc411U7B3,1,BV1qAzdYdEKb,1,0.34173,2
1610,4636,BV1Wc411U7B3,1,BV1DupFzdE9b,1,0.3214,4
1610,5297,BV1Wc411U7B3,1,BV1jJAaz6Ex8,1,0.32482,3
1611,1672,BV15C4y1X7tm,1,BV11b4y1T7jm,1,0.43673,3
1611,3104,BV15C4y1X7tm,1,BV12T2sYMEtS,1,0.46374,1
1611,5703,BV15C4y1X7tm,1,BV14MquBbExk,1,0.43711,2
1612,1971,BV1hH4y1k7Yb,1,BV18H4y1Q7Xd,1,0.44688,1
1612,3343,BV1hH4y1k7Yb,1,BV16Tp3e7En6,1,0.57112,1
1612,3851,BV1hH4y1k7Yb,1,BV1G4AWeWErY,1,0.40187,1
1612,4555,BV1hH4y1k7Yb,1,BV1KcnpzCEro,1,0.34816,4
1612,5401,BV1hH4y1k7Yb,1,BV1Q4ftByEsG,1,0.38475,4
1613,2398,BV1Ug4y1Z7MR,1,BV1Uz421R7aN,1,0.41583,4
1613,4621,BV1Ug4y1Z7MR,1,BV1pRptzfEtb,1,0.44577,2
1613,4680,BV1Ug4y1Z7MR,1,BV1NXa9zbETB,1,0.48519,1
1613,4912,BV1Ug4y1Z7MR,1,BV1yLtSzYE3s,1,0.41876,3
1614,1924,BV1vc4111736,1,BV1aF411U7nT,1,0.45073,1
1614,2466,BV1vc4111736,1,BV14GCXBTEfS,1,0.4495,2
1614,2638,BV1vc4111736,1,BV1FGCnYBEKm,1,0.42511,2
1614,4628,BV1vc4111736,1,BV163pyzAEiL,1,0.37511,4
1614,4784,BV1vc4111736,1,BV1a8hXzaEiq,1,0.37016,2
1614,5042,BV1vc4111736,1,BV1ZmtUzQEnD,1,0.43628,3
1614,5170,BV1vc4111736,1,BV1mpu9zzEQ7,1,0.35031,2
1615,1834,BV1T64y1L7RN,1,BV1NG41127je,1,0.36377,2
1615,2965,BV1T64y1L7RN,1,BV1nu1GYsEK4,1,0.53323,1
1615,3097,BV1T64y1L7RN,1,BV1ZU2qYZEmQ,1,0.3889,2
1615,3683,BV1T64y1L7RN,1,BV15KJPzeE4K,1,0.42758,2
1615,4545,BV1T64y1L7RN,1,BV1y8n5zDESu,1,0.49841,2
1616,1926,BV1gg4y1Z7ek,1,BV1Gu4y1r7YC,1,0.44469,2
1616,2034,BV1gg4y1Z7ek,1,BV1dZ421T7vv,1,0.42331,1
1616,2775,BV1gg4y1Z7ek,1,BV1WrqLYDEg3,1,0.44019,4
1616,3125,BV1gg4y1Z7ek,1,BV1UJ2HYaEMV,1,0.40934,2
1616,3512,BV1gg4y1Z7ek,1,BV1ErMwzkEpq,1,0.46057,1
1616,4194,BV1gg4y1Z7ek,1,BV1y2KHekEbS,1,0.40375,4
1617,2460,BV1gg4y1Z7ek,2,BV1A9CWB2EjN,1,0.39698,2
1617,3375,BV1gg4y1Z7ek,2,BV173YrepE7y,1,0.48676,2
1617,4375,BV1gg4y1Z7ek,2,BV1hGmmBiEKk,1,0.45538,1
1617,5360,BV1gg4y1Z7ek,2,BV1kmZgBVEvv,1,0.54728,2
1618,2926,BV1kw41147ZG,1,BV1GBUNYAE2v,1,0.36482,2
1618,4720,BV1kw41147ZG,1,BV14MahzcEab,1,0.35513,3
1618,5486,BV1kw41147ZG,1,BV1aPZuB9EUB,1,0.38044,1
1619,2340,BV1z94y177Rg,1,BV1sZ42127Xh,1,0.82987,1
1619,2523,BV1z94y177Rg,1,BV1qGc8egEnj,1,0.72638,4
1619,3003,BV1z94y177Rg,1,BV1rBSgYhETr,1,0.81376,1
1619,3457,BV1z94y177Rg,1,BV1NaK5zJEyu,1,0.74878,3
1619,4228,BV1z94y177Rg,1,BV1LkNGehEct,2,0.69227,4
1620,2039,BV1TN4y1Y7EC,1,BV1uU411S79G,1,0.36529,2
1620,4217,BV1TN4y1Y7EC,1,BV1h8Noe7ERt,1,0.53564,1
1621,2314,BV12e411o7BH,1,BV1Pv421y76Z,1,0.34733,4
1621,2533,BV12e411o7BH,1,BV1XdcUeXE34,1,0.44135,2
1621,2692,BV12e411o7BH,1,BV18tkGYhE7R,1,0.32963,3
1621,3135,BV12e411o7BH,1,BV1UM1CYxE3q,1,0.36097,4
1621,3598,BV12e411o7BH,1,BV1Qh7wzDEQ7,1,0.43643,3
1622,3580,BV1Rz4y1c7dA,1,BV1UgEzz9E6u,1,0.45164,3
1622,4404,BV1Rz4y1c7dA,1,BV1yH4VzfEHR,1,0.45508,2
1622,4973,BV1Rz4y1c7dA,1,BV1bQt9zsEqA,1,0.46108,1
1623,2786,BV1eN4y1a73J,1,BV1Gci6YwEuL,1,0.58614,1
1623,3475,BV1eN4y1a73J,1,BV1TENizyEQa,1,0.51605,4
1623,3737,BV1eN4y1a73J,1,BV1rvVczsEfe,1,0.53377,3
1624,1750,BV17a4y1d7gJ,1,BV1ph411w7md,1,0.48954,3
1624,3074,BV17a4y1d7gJ,1,BV1CpyNYBEWT,1,0.43959,1
1624,4135,BV17a4y1d7gJ,1,BV19vAzeAEeo,1,0.53044,1
1625,2097,BV1Cb4y1M7Po,1,BV1vf421R72w,1,0.51588,1
1625,2964,BV1Cb4y1M7Po,1,BV1D8DRYBEC2,1,0.47729,3
1625,4062,BV1Cb4y1M7Po,1,BV13T97Y6EFS,1,0.42513,4
1625,4691,BV1Cb4y1M7Po,1,BV1C9YGz6EwJ,1,0.47045,4
1625,5609,BV1Cb4y1M7Po,1,BV13fF8zsExL,1,0.38946,2
1626,3005,BV1164y1D7gr,1,BV1mTS3YrE2k,1,0.46548,1
1626,3667,BV1164y1D7gr,1,BV1EvJVzvEDd,1,0.42669,2
1626,3862,BV1164y1D7gr,1,BV1sydYY7EY6,1,0.41653,4
1626,5556,BV1164y1D7gr,1,BV1eXzeBpEQB,1,0.42512,3
1627,2894,BV16g411o7G8,1,BV1D8UkYAEgk,1,0.33224,4
1627,5426,BV16g411o7G8,1,BV1ocfQBSEMW,1,0.33814,2
1627,5583,BV16g411o7G8,1,BV1SrfoBoEAT,1,0.33264,3
1628,2446,BV17w41187P9,1,BV1LbC2BwE1E,1,0.53668,3
1628,3783,BV17w41187P9,1,BV1GAG1zwEqP,1,0.55678,2
1628,3893,BV17w41187P9,1,BV1WpRUY9En2,1,0.51696,1
1628,5498,BV17w41187P9,1,BV1zAZ7B4Eev,1,0.6608,1
1628,5735,BV17w41187P9,1,BV1PzvoBdEmL,1,0.49176,4
1629,1690,BV1qg4y1o78J,1,BV1wH4y1m7Pc,1,0.45857,3
1629,2724,BV1qg4y1o78J,1,BV197qwYfEjg,1,0.37448,2
1629,4400,BV1qg4y1o78J,1,BV19pWzzVEKx,1,0.46986,1
1629,4735,BV1qg4y1o78J,1,BV19ZauzjEz3,1,0.45903,2
1630,1912,BV1bu4y1G7oJ,1,BV1dj411k7nz,1,0.39738,2
1630,2088,BV1bu4y1G7oJ,1,BV1H7KkeKEd3,1,0.49681,1
1630,2270,BV1bu4y1G7oJ,1,BV1qx4y1C7jB,1,0.47265,1
1630,2296,BV1bu4y1G7oJ,1,BV1pi421o7Ys,1,0.48458,4
1630,2948,BV1bu4y1G7oJ,1,BV1zWD6YjEpz,1,0.48336,4
1630,4722,BV1bu4y1G7oJ,1,BV11ohBz2EpV,1,0.46239,2
1630,5112,BV1bu4y1G7oJ,1,BV1QM81zzE15,1,0.43896,4
1630,5171,BV1bu4y1G7oJ,1,BV1z1bCzkEce,1,0.47969,4
1631,5143,BV1nw41187vR,1,BV1Np8ozfE92,1,0.39891,1
1631,5800,BV1nw41187vR,1,BV1dTm6BdEK3,1,0.34834,4
1631,5819,BV1nw41187vR,1,BV1YAqVBEEEk,1,0.37024,2
1632,3727,BV13u4y137m2,1,BV1uz5MzfExY,1,0.39574,4
1632,4217,BV13u4y137m2,1,BV1h8Noe7ERt,1,0.45108,1
1632,4956,BV13u4y137m2,1,BV1Ykt9zhE1A,1,0.41357,2
1633,1782,BV1iN4y1a7Jk,1,BV1W8411r7jP,1,0.48299,1
1633,2257,BV1iN4y1a7Jk,1,BV1kw4m1Z7ad,1,0.37789,3
1633,2312,BV1iN4y1a7Jk,1,BV1K6421u7pK,1,0.43558,2
1634,2320,BV1Zb4y1L7na,1,BV19x42117yM,1,0.36605,2
1634,2474,BV1Zb4y1L7na,1,BV1f5C9B9EY8,1,0.46288,3
1634,2936,BV1Zb4y1L7na,1,BV1pAS2YwEsh,1,0.61903,1
1634,3562,BV1Zb4y1L7na,1,BV1ZV7ezpEG1,1,0.46235,4
1635,1710,BV1Eu4y1377t,1,BV1pw411H7K9,1,0.48301,2
1636,3969,BV1g34y1F7Wq,1,BV1fRXxY1EkH,1,0.3632,3
1636,3995,BV1g34y1F7Wq,1,BV1oXQmYYEsp,1,0.36191,4
1636,4702,BV1g34y1F7Wq,1,BV1n2YMzfE4H,1,0.36372,2
1637,2222,BV1Sg4y1f7b8,1,BV1sJ4m187W6,1,0.44555,4
1637,2307,BV1Sg4y1f7b8,1,BV1xz421d7oq,1,0.47802,2
1637,2555,BV1Sg4y1f7b8,1,BV16grkYhEBJ,1,0.45837,3
1637,2839,BV1Sg4y1f7b8,1,BV1h8zzYPEqs,1,0.51479,1
1638,1693,BV1Vu4y1L7L9,1,BV1Ua4y1U7pt,1,0.57525,1
1638,1735,BV1Vu4y1L7L9,1,BV1RP41127Q6,1,0.40176,4
1638,1873,BV1Vu4y1L7L9,1,BV1Hj411b7Qw,1,0.47273,3
1638,2920,BV1Vu4y1L7L9,1,BV15bmbYYEk2,1,0.52933,3
1638,3407,BV1Vu4y1L7L9,1,BV1Z7m2BVEtv,1,0.5093,1
1638,4215,BV1Vu4y1L7L9,1,BV1ibwgeDEXo,1,0.36942,4
1638,4298,BV1Vu4y1L7L9,1,BV1vtF8eKEvE,1,0.49494,1
1638,5266,BV1Vu4y1L7L9,1,BV1zVGAzsEni,1,0.51664,4
1638,5729,BV1Vu4y1L7L9,1,BV1JZvfBHEqt,1,0.47552,3
1639,2180,BV1qg4y1f7B7,1,BV1Fm421W7vG,1,0.48205,4
1639,2989,BV1qg4y1f7B7,1,BV1u2SVYXE65,1,0.4848,2
1639,3269,BV1qg4y1f7B7,1,BV15M4m117zb,1,0.46122,4
1639,3395,BV1qg4y1f7B7,1,BV1UEHMeEEGh,1,0.36821,4
1639,3404,BV1qg4y1f7B7,1,BV1UnHgeREh9,1,0.51412,1
1639,3950,BV1qg4y1f7B7,1,BV1bqZVYMEk1,1,0.43339,4
1639,5094,BV1qg4y1f7B7,1,BV1W1huzaEok,1,0.40621,3
1639,5484,BV1qg4y1f7B7,1,BV1FAZKBZEtk,1,0.51241,1
1640,2349,BV1Tw411H7pH,1,BV1L4421c7AR,1,0.38169,2
1640,2400,BV1Tw411H7pH,1,BV1Dm411D7kv,1,0.44451,1
1640,3107,BV1Tw411H7pH,1,BV1ZC2yY5EHd,1,0.3765,3
1640,4790,BV1Tw411H7pH,1,BV1XdhvzSEc2,1,0.3704,4
1641,2098,BV1YC4y197QF,1,BV1ib421b729,1,0.49811,4
1641,2816,BV1YC4y197QF,1,BV1bCzVYbEDc,1,0.53539,4
1641,4546,BV1YC4y197QF,1,BV1yunVzjE3D,1,0.57618,2
1641,4570,BV1YC4y197QF,1,BV1q9JyzXEX7,1,0.58952,1
1642,1767,BV1YN411L7cC,1,BV1tH4y167uN,1,0.36129,1
1642,3135,BV1YN411L7cC,1,BV1UM1CYxE3q,1,0.35851,2
1642,3582,BV1YN411L7cC,1,BV1oAJLzNEN2,1,0.32841,4
1643,1759,BV1Bg4y1f7wU,1,BV1WC4y1J7ck,1,0.30203,3
1643,2140,BV1Bg4y1f7wU,1,BV1qM4m1d7eN,1,0.51674,2
1643,3532,BV1Bg4y1f7wU,1,BV1f9MgzvE9p,1,0.57528,3
1643,3551,BV1Bg4y1f7wU,1,BV137JbzAEKb,1,0.4378,1
1643,3970,BV1Bg4y1f7wU,1,BV1UVXsYREWE,1,0.46198,4
1643,4280,BV1Bg4y1f7wU,1,BV1EoF5ewEGi,1,0.51884,1
1643,4791,BV1Bg4y1f7wU,1,BV1XDhYzLEQg,1,0.52424,1
1643,4955,BV1Bg4y1f7wU,1,BV1VWtRzYEeJ,1,0.58276,1
1643,5156,BV1Bg4y1f7wU,1,BV1Kb84zVEKh,1,0.5739,4
1643,5261,BV1Bg4y1f7wU,1,BV1fTuGzBED1,1,0.44129,1
1643,5618,BV1Bg4y1f7wU,1,BV12ck4BREJK,1,0.4886,1
1643,5701,BV1Bg4y1f7wU,1,BV1QKqPBsEes,1,0.56974,1
1644,2138,BV1QC4y1A7y6,1,BV1pt411G7Rh,1,0.48712,1
1644,4018,BV1QC4y1A7y6,1,BV1XsRLYVE9p,1,0.50486,4
1644,4590,BV1QC4y1A7y6,1,BV1oKWcz6Ep9,1,0.53656,1
1644,5720,BV1QC4y1A7y6,1,BV1X9ipB3Ex9,1,0.42663,4
1644,5812,BV1QC4y1A7y6,1,BV1JJmzBfEUY,1,0.50688,3
1645,2819,BV1ZQ4y1t7AF,1,BV1iNzdYsEny,1,0.55419,1
1645,3318,BV1ZQ4y1t7AF,1,BV1v84Ye1Ehc,1,0.45309,1
1645,4081,BV1ZQ4y1t7AF,1,BV15EA9e3EZB,1,0.42081,3
1645,4189,BV1ZQ4y1t7AF,1,BV1ftKNeDEaE,1,0.52002,1
1645,5304,BV1ZQ4y1t7AF,1,BV1tmwRzdEW4,1,0.41867,3
1646,2780,BV1pu4y1L7Dg,1,BV1i4ioYEET4,1,0.45542,2
1646,2879,BV1pu4y1L7Dg,1,BV15fUQYNEdn,1,0.45536,1
1646,3532,BV1pu4y1L7Dg,1,BV1f9MgzvE9p,1,0.47162,1
1646,3560,BV1pu4y1L7Dg,1,BV1Y3jhzNEWv,1,0.42477,3
1647,2279,BV1qQ4y1H7KZ,1,BV1nw4m1R7SP,1,0.28664,3
1647,2829,BV1qQ4y1H7KZ,1,BV1SZzYYSEXZ,1,0.63348,2
1647,3567,BV1qQ4y1H7KZ,1,BV1bajUzCEHH,1,0.63818,1
1647,4650,BV1qQ4y1H7KZ,1,BV1TNYvzkEh1,1,0.43545,3
1647,5700,BV1qQ4y1H7KZ,1,BV1JPqcBFE2B,1,0.52651,2
1648,2860,BV15u4y1V7m8,1,BV1boURYPEhS,1,0.52214,1
1648,3722,BV15u4y1V7m8,1,BV1Ca5TzyEgs,1,0.47913,3
1648,5409,BV15u4y1V7m8,1,BV1sXfiBfEBh,1,0.48426,2
1649,2275,BV1vg4y1f7Vu,1,BV1Zx4y1S71z,1,0.41814,4
1649,2364,BV1vg4y1f7Vu,1,BV1tv421k731,1,0.43054,3
1649,3539,BV1vg4y1f7Vu,1,BV1CQT6zsE8P,1,0.50796,2
1649,3955,BV1vg4y1f7Vu,1,BV1EPXJY4ENE,1,0.50391,3
1649,4346,BV1vg4y1f7Vu,1,BV1PRf5YzEav,1,0.44271,3
1649,4411,BV1vg4y1f7Vu,1,BV1CeWYzkEPo,1,0.45679,4
1649,4668,BV1vg4y1f7Vu,1,BV1vdaRzLER2,1,0.4889,4
1649,4797,BV1vg4y1f7Vu,1,BV19yemz4EPp,1,0.50326,4
1649,4872,BV1vg4y1f7Vu,1,BV1cVNvzFEs8,1,0.521,1
1650,2502,BV1xj411j7gJ,1,BV1ctwqeTExz,1,0.50362,1
1650,2540,BV1xj411j7gJ,1,BV1gec1e3E6p,1,0.46369,3
1651,1865,BV1Fu4y1A7wp,1,BV1LV411c7sn,1,0.43979,2
1651,1953,BV1Fu4y1A7wp,1,BV1Tk4y1N71V,1,0.43906,3
1651,2280,BV1Fu4y1A7wp,1,BV18F4m1L7Ft,1,0.39788,1
1651,2556,BV1Fu4y1A7wp,1,BV1V1cHe1Ej6,1,0.58498,1
1651,3242,BV1Fu4y1A7wp,1,BV1XWt9ePEx1,1,0.38278,4
1651,3728,BV1Fu4y1A7wp,1,BV1cN5VztEHT,1,0.4584,2
1651,3873,BV1Fu4y1A7wp,1,BV1LvdDY7EAK,1,0.38351,4
1651,4011,BV1Fu4y1A7wp,1,BV1iDQpYZENu,1,0.51582,4
1651,4851,BV1Fu4y1A7wp,1,BV1MXeizpEpp,1,0.51615,3
1651,5388,BV1Fu4y1A7wp,1,BV1CQfCBCEou,1,0.43098,2
1652,2610,BV1wc41167KG,1,BV1xd6hYMENF,1,0.43208,1
1652,2936,BV1wc41167KG,1,BV1pAS2YwEsh,1,0.4243,3
1652,3562,BV1wc41167KG,1,BV1ZV7ezpEG1,1,0.4203,4
1653,2017,BV1V64y1j7Vx,1,BV1cm42137VV,1,0.45066,3
1653,2087,BV1V64y1j7Vx,1,BV14i421D75s,1,0.4605,1
1653,2414,BV1V64y1j7Vx,1,BV1b6421M77u,1,0.41186,3
1653,2971,BV1V64y1j7Vx,1,BV1zVD1YbEny,1,0.53928,2
1653,3081,BV1V64y1j7Vx,1,BV1h8mLYsE7j,1,0.36174,3
1653,3513,BV1V64y1j7Vx,1,BV1JGMgzeEqT,1,0.40728,4
1653,3539,BV1V64y1j7Vx,1,BV1CQT6zsE8P,1,0.51752,3
1653,4434,BV1V64y1j7Vx,1,BV1qH4TzvEGG,1,0.36128,2
1653,4722,BV1V64y1j7Vx,1,BV11ohBz2EpV,1,0.43098,4
1653,5171,BV1V64y1j7Vx,1,BV1z1bCzkEce,1,0.54635,1
1654,1960,BV1Jc411B7XX,1,BV1534y1T7vH,1,0.419,3
1654,3580,BV1Jc411B7XX,1,BV1UgEzz9E6u,1,0.40394,4
1654,3611,BV1Jc411B7XX,1,BV1tWjyzYESh,1,0.47778,1
1654,5106,BV1Jc411B7XX,1,BV1KkhuzeEBf,1,0.4494,2
1655,2252,BV1ku411F7z5,1,BV1Vm411k7No,1,0.38467,3
1655,2732,BV1ku411F7z5,1,BV1aGqTYBELx,1,0.45602,1
1655,2817,BV1ku411F7z5,1,BV1ezzPYgETu,1,0.34816,3
1655,2997,BV1ku411F7z5,1,BV12mSRYAEnN,1,0.47097,4
1655,3291,BV1ku411F7z5,1,BV1KoWzerEGh,1,0.48876,1
1655,3795,BV1ku411F7z5,1,BV1onLdzgECx,1,0.55127,1
1655,3878,BV1ku411F7z5,1,BV1YCdXYSEKK,1,0.47858,3
1655,4734,BV1ku411F7z5,1,BV1ipaKzCEkR,1,0.35723,4
1655,5648,BV1ku411F7z5,1,BV15MzrBiEHh,1,0.45218,4
1656,3210,BV1oa4y1o7dY,1,BV1wnx7eCEdg,1,0.40824,4
1656,4816,BV1oa4y1o7dY,1,BV1PYeJzwE76,1,0.40781,2
1656,4931,BV1oa4y1o7dY,1,BV1yxTtz9Ey6,1,0.44826,1
1657,1684,BV1e94y1j7Af,1,BV1WC4y127Q4,1,0.46184,4
1657,2164,BV1e94y1j7Af,1,BV1cM4m1f7wq,1,0.53451,1
1657,2882,BV1e94y1j7Af,1,BV1e6mZYmE2m,1,0.47987,3
1657,5062,BV1e94y1j7Af,1,BV1CgtVzcEwD,1,0.48973,2
1658,2505,BV1iQ4y1t7pf,1,BV1Pb6zYZE8r,1,0.50718,4
1658,2945,BV1iQ4y1t7pf,1,BV1j1mzYaE2K,1,0.37473,2
1658,3785,BV1iQ4y1t7pf,1,BV1hRL1zTEdq,1,0.46495,3
1658,4776,BV1iQ4y1t7pf,1,BV1wihvzeEbv,1,0.49777,1
1658,5081,BV1iQ4y1t7pf,1,BV1PDtizAEYR,1,0.51341,3
1658,5242,BV1iQ4y1t7pf,1,BV1D9ubz3Ep8,1,0.52298,2
1659,1787,BV1Bx41127Nr,1,BV1dw411q7Ej,1,0.39026,1
1659,2720,BV1Bx41127Nr,1,BV1KLq5YSEVy,1,0.34507,4
1659,3327,BV1Bx41127Nr,1,BV1RWpiekEkU,1,0.42517,3
1659,4946,BV1Bx41127Nr,1,BV13Sb5z7EwR,1,0.46593,1
1659,4992,BV1Bx41127Nr,1,BV1sDtSzzE9Q,1,0.40741,2
1659,5325,BV1Bx41127Nr,1,BV1m9AJzZE42,1,0.41931,4
1660,2894,BV1LC4y1c7WN,1,BV1D8UkYAEgk,1,0.44103,2
1660,5017,BV1LC4y1c7WN,1,BV1zQbPzNECW,1,0.51211,1
1660,5453,BV1LC4y1c7WN,1,BV1qHfuBKEpV,1,0.49216,2
1660,5686,BV1LC4y1c7WN,1,BV1QBvkBFEfe,1,0.45821,4
1661,1856,BV1du4y1G72s,1,BV1fp4y1M79a,1,0.36402,4
1661,2445,BV1du4y1G72s,1,BV1ab11BFEp4,1,0.43851,1
1661,3021,BV1du4y1G72s,1,BV1KaypY4Er1,1,0.39503,1
1661,3574,BV1du4y1G72s,1,BV1JLJNzjE6U,1,0.41593,3
1661,4252,BV1du4y1G72s,1,BV1ZzP9eSEJP,1,0.41525,2
1662,3689,BV1yC4y1A7SZ,1,BV1eWEbzNE2o,1,0.3936,2
1662,5069,BV1yC4y1A7SZ,1,BV1xbtAzME84,1,0.39272,3
1662,5521,BV1yC4y1A7SZ,1,BV1AJZXBYE8s,1,0.37993,4
1663,2189,BV1rN411L7CN,1,BV1Fy421677R,1,0.40499,3
1663,2737,BV1rN411L7CN,1,BV19FzKYyEBJ,1,0.54265,1
1663,3548,BV1rN411L7CN,1,BV13yTvzRESn,1,0.40114,4
1663,3793,BV1rN411L7CN,1,BV159LBzREot,1,0.44153,2
1663,5376,BV1rN411L7CN,1,BV1qVAXzNEJU,1,0.34275,3
1663,5443,BV1rN411L7CN,1,BV19xFszrERr,1,0.35962,2
1664,2552,BV1fQ4y1s7fo,1,BV1ozrrYQEPU,1,0.45011,2
1664,4059,BV1fQ4y1s7fo,1,BV1g39HYWEzS,1,0.44616,3
1664,5797,BV1fQ4y1s7fo,1,BV1PrBnB8EEq,1,0.43437,4
1665,5236,BV1wa4y1S7Gi,1,BV1YVgNzLEa6,1,0.46055,2
1665,5777,BV1wa4y1S7Gi,1,BV1pKUnBSE47,1,0.39659,4
1666,1805,BV1cw411n7tr,1,BV1QQ4y1s7tH,1,0.54665,1
1666,3606,BV1cw411n7tr,1,BV1pn52zxE9b,1,0.51797,2
1666,4777,BV1cw411n7tr,1,BV17MhqzhEhn,1,0.46317,2
1667,2701,BV1Gu4y1A7Ms,1,BV1aGBLYeERy,1,0.41216,3
1667,4190,BV1Gu4y1A7Ms,1,BV1R3KLeGEor,1,0.42964,2
1668,2683,BV1La4y1Z771,1,BV1qNkJY8EP4,1,0.45746,1
1668,3073,BV1La4y1Z771,1,BV1RUyuYTE9C,1,0.54039,2
1668,3868,BV1La4y1Z771,1,BV199dBY1Enx,1,0.46058,2
1668,3935,BV1La4y1Z771,1,BV1cTZaYrE3H,1,0.55925,1
1668,4840,BV1La4y1Z771,1,BV1hiYWzQELK,1,0.51939,3
1668,4981,BV1La4y1Z771,1,BV1FDbKzyE96,1,0.46662,2
1668,5341,BV1La4y1Z771,1,BV1TAcczPEL6,1,0.38689,1
1669,2089,BV1n34y1w72L,1,BV1Lf42127TE,1,0.4244,4
1669,3338,BV1n34y1w72L,1,BV1WxHQeYEdJ,1,0.37563,4
1669,3494,BV1n34y1w72L,1,BV1SNMtzwEPJ,1,0.34614,4
1669,4861,BV1n34y1w72L,1,BV1CGhVz6E2Z,1,0.44428,2
1670,1723,BV1nv411F7ix,1,BV1W94y137Uc,1,0.4739,1
1670,2595,BV1nv411F7ix,1,BV1T46zYFEHx,1,0.57851,1
1670,4083,BV1nv411F7ix,1,BV1VWwSetEb2,1,0.45823,1
1670,4135,BV1nv411F7ix,1,BV19vAzeAEeo,1,0.54913,3
1670,4535,BV1nv411F7ix,1,BV1bWHFzpEiE,1,0.37362,3
1670,5505,BV1nv411F7ix,1,BV1bBZxBvEdf,1,0.51453,4
1671,3017,BV17c411r7sm,1,BV1hKyUYuEfd,1,0.54097,1
1671,3585,BV17c411r7sm,1,BV17P7DzeEB3,1,0.47364,4
1671,4240,BV17c411r7sm,1,BV1LQNEeUE9D,1,0.37987,3
1671,4511,BV17c411r7sm,1,BV1RcHxzPEuA,1,0.48407,1
1671,5714,BV17c411r7sm,1,BV1NXqFBBEfH,1,0.4783,2
1672,1679,BV11b4y1T7jm,1,BV1RN4y127rt,1,0.73687,1
1672,2054,BV11b4y1T7jm,1,BV1vM4m1z7oo,1,0.64633,3
1672,2126,BV11b4y1T7jm,1,BV1kT421D7YQ,1,0.64821,2
1672,2336,BV11b4y1T7jm,1,BV1rr421s7XU,1,0.63872,4
1672,2790,BV11b4y1T7jm,1,BV124iZYTEXg,1,0.55854,1
1672,3250,BV11b4y1T7jm,1,BV1i7tye7EGL,1,0.44962,2
1672,3653,BV11b4y1T7jm,1,BV1M6JNzFEFR,1,0.58447,3
1672,5742,BV11b4y1T7jm,1,BV1QYigBTEtk,1,0.3528,4
1672,5798,BV11b4y1T7jm,1,BV1a12tBEE3N,1,0.51837,3
1673,2429,BV1hQ4y1x7Jr,1,BV1ubUNBUEjQ,1,0.52133,4
1673,2586,BV1hQ4y1x7Jr,1,BV1EL6mYzEco,1,0.47813,1
1673,4314,BV1hQ4y1x7Jr,1,BV1RjFHerEin,1,0.53753,3
1673,4825,BV1hQ4y1x7Jr,1,BV1yVeozzEmC,1,0.57667,2
1674,1705,BV1x64y177B4,1,BV1zz4y1P71W,1,0.41682,3
1674,1959,BV1x64y177B4,1,BV1Uu411N7DK,1,0.35004,4
1674,3054,BV1x64y177B4,1,BV16xyqYdEM6,1,0.42763,2
1674,4993,BV1x64y177B4,1,BV1EgtXzeE4k,1,0.41006,3
1675,3346,BV1nQ4y1t7zC,1,BV1hKpgeFEwi,1,0.40295,1
1675,3966,BV1nQ4y1t7zC,1,BV1xeXkYNEGJ,1,0.37699,3
1675,4218,BV1nQ4y1t7zC,1,BV159NXeLEFK,1,0.40683,1
1675,4251,BV1nQ4y1t7zC,1,BV1YZFkePEjA,1,0.37292,4
1676,2695,BV1QM411o7YH,1,BV1LJqfYRELH,1,0.44593,2
1676,2702,BV1QM411o7YH,1,BV1HqBLY7EUs,1,0.45788,1
1676,4057,BV1QM411o7YH,1,BV1HP9tYpEzF,1,0.44114,4
1677,2224,BV1be411Z7JF,1,BV16m421L7RA,1,0.45116,2
1677,2286,BV1be411Z7JF,1,BV1rD42177Bg,1,0.46253,2
1677,2586,BV1be411Z7JF,1,BV1EL6mYzEco,1,0.45978,3
1677,2834,BV1be411Z7JF,1,BV1jLzjYLEFj,2,0.44875,2
1677,3334,BV1be411Z7JF,1,BV1ZnHXeRE4r,1,0.52196,1
1677,3899,BV1be411Z7JF,1,BV1f5XAYyE4r,1,0.38891,3
1677,3937,BV1be411Z7JF,1,BV1FcRuYiEMf,1,0.47838,3
1677,4774,BV1be411Z7JF,1,BV1t2hiz1EDD,1,0.49884,2
1678,2180,BV1YH4y117un,1,BV1Fm421W7vG,1,0.447,4
1678,3712,BV1YH4y117un,1,BV1dJVrzoENZ,1,0.45228,1
1679,1837,BV1RN4y127rt,1,BV1dc411J7nf,1,0.58091,2
1679,1863,BV1RN4y127rt,1,BV1mh4y1B74p,1,0.5579,2
1679,2068,BV1RN4y127rt,1,BV12M4m1U7zk,1,0.71033,1
1679,2081,BV1RN4y127rt,1,BV1Rr421j7Yh,1,0.49077,4
1679,2134,BV1RN4y127rt,1,BV1NB42167U7,1,0.64482,2
1679,2336,BV1RN4y127rt,1,BV1rr421s7XU,1,0.70005,3
1679,2468,BV1RN4y127rt,1,BV1mECCB3ESP,1,0.61692,4
1679,2721,BV1RN4y127rt,1,BV1ziqtYkEaH,1,0.67192,4
1679,2754,BV1RN4y127rt,1,BV1YJ6FYhEDc,1,0.50059,3
1679,2801,BV1RN4y127rt,1,BV154zCYDEXV,1,0.47877,2
1679,2816,BV1RN4y127rt,1,BV1bCzVYbEDc,1,0.66558,2
1679,2993,BV1RN4y127rt,1,BV1ew1eYzEd9,1,0.69374,1
1679,3149,BV1RN4y127rt,1,BV1fm19YzETm,1,0.54002,2
1679,3167,BV1RN4y127rt,1,BV15SxdeMELP,1,0.62981,2
1679,3180,BV1RN4y127rt,1,BV1GpTVeVEW2,1,0.56685,3
1679,3398,BV1RN4y127rt,1,BV1DRHMe9Ejg,1,0.6297,4
1679,3653,BV1RN4y127rt,1,BV1M6JNzFEFR,1,0.60592,1
1679,3771,BV1RN4y127rt,1,BV1wk5CzyEjn,1,0.58347,2
1679,3992,BV1RN4y127rt,1,BV12HQXYFEms,1,0.61873,2
1679,4043,BV1RN4y127rt,1,BV167AxeMEbB,1,0.64831,3
1679,4312,BV1RN4y127rt,1,BV1oeFsedEBe,1,0.57032,2
1679,4428,BV1RN4y127rt,1,BV1smxYzSEv1,1,0.64009,1
1679,4558,BV1RN4y127rt,1,BV1qynGzYEsS,1,0.50081,3
1679,4713,BV1RN4y127rt,1,BV1rEbWzbEQN,1,0.48159,2
1679,4888,BV1RN4y127rt,1,BV14kYyzMEo4,1,0.51825,3
1679,4928,BV1RN4y127rt,1,BV1HobYzsEkZ,1,0.72604,2
1679,5521,BV1RN4y127rt,1,BV1AJZXBYE8s,1,0.55463,1
1679,5824,BV1RN4y127rt,1,BV1Uuq3BiEKM,1,0.50648,2
1679,5834,BV1RN4y127rt,1,BV1XzScBEEqU,1,0.55119,1
1680,2499,BV1ZN4y1m7n8,1,BV15cwzeYEZL,1,0.45416,3
1680,2797,BV1ZN4y1m7n8,1,BV1hb6wYAEhc,1,0.51303,4
1680,2897,BV1ZN4y1m7n8,1,BV12nUeYTEXh,1,0.38777,1
1680,3043,BV1ZN4y1m7n8,1,BV1tzy6YyEt4,1,0.53893,3
1680,3335,BV1ZN4y1m7n8,1,BV1HqHderE68,1,0.54527,1
1680,3648,BV1ZN4y1m7n8,1,BV1Z5VrzcEpz,1,0.48108,2
1680,5310,BV1ZN4y1m7n8,1,BV1LEwAzREk3,1,0.52817,3
1681,3824,BV1Jg4y197U1,1,BV12qLJzXEWV,1,0.37353,2
1681,3916,BV1Jg4y197U1,1,BV1n8fTYkE1r,1,0.37369,1
1681,4648,BV1Jg4y197U1,1,BV1uvpGztEiL,1,0.35206,4
1681,5103,BV1Jg4y197U1,1,BV1Cqh5zGE17,1,0.3715,3
1682,1896,BV1ZN4y117ZD,1,BV11U4y1i7sb,1,0.49123,4
1682,2092,BV1ZN4y117ZD,1,BV1BJ4m1A7jt,1,0.51485,3
1682,2943,BV1ZN4y117ZD,1,BV1QQmzYtE2W,1,0.5232,1
1682,2985,BV1ZN4y117ZD,1,BV1qJDwYvEWH,1,0.51792,2
1683,1927,BV18u4y1w7Yh,1,BV1Vp4y1P7ee,1,0.41043,4
1683,2423,BV18u4y1w7Yh,1,BV1fC41147N3,1,0.43391,1
1683,5552,BV18u4y1w7Yh,1,BV1cEZjBtEqF,1,0.43021,2
1683,5820,BV18u4y1w7Yh,1,BV1v3qJBTENN,1,0.40268,3
1684,2164,BV1WC4y127Q4,1,BV1cM4m1f7wq,1,0.45345,2
1684,2514,BV1WC4y127Q4,1,BV1X3wEeNE4o,1,0.5142,4
1684,2852,BV1WC4y127Q4,1,BV1ckzAYJEaZ,1,0.47438,3
1684,2882,BV1WC4y127Q4,1,BV1e6mZYmE2m,1,0.52093,3
1684,3216,BV1WC4y127Q4,1,BV1zUxEeVEa5,1,0.48295,4
1684,4191,BV1WC4y127Q4,1,BV1T3KNeYEYq,1,0.50269,1
1684,4639,BV1WC4y127Q4,1,BV1YBpEzUEwK,1,0.57447,1
1684,4691,BV1WC4y127Q4,1,BV1C9YGz6EwJ,1,0.54027,2
1685,2661,BV1Vv411F7yZ,1,BV1M1kaYDE7D,1,0.39839,1
1685,4277,BV1Vv411F7yZ,1,BV1y8FKe2E7o,1,0.38476,2
1686,1947,BV1h34y1w7BJ,1,BV19v4y1W7x1,1,0.5326,3
1686,2601,BV1h34y1w7BJ,1,BV1sd6gY2EJr,1,0.48285,1
1686,2969,BV1h34y1w7BJ,1,BV1xYD8Y8E2o,1,0.47667,2
1686,2975,BV1h34y1w7BJ,1,BV1muDMYiEYV,1,0.53786,2
1686,3529,BV1h34y1w7BJ,1,BV1kfM5zmEK1,1,0.4729,3
1686,3572,BV1h34y1w7BJ,1,BV1SB7BzQE3t,1,0.51679,1
1686,3639,BV1h34y1w7BJ,1,BV1chJ4z1EGp,1,0.42263,2
1686,3655,BV1h34y1w7BJ,1,BV1P3VmztE65,1,0.51873,3
1686,3932,BV1h34y1w7BJ,1,BV1kXZiYxEwA,1,0.3418,4
1686,4251,BV1h34y1w7BJ,1,BV1YZFkePEjA,1,0.44178,2
1686,4499,BV1h34y1w7BJ,1,BV1ZSxKzYErf,1,0.43162,1
1686,5134,BV1h34y1w7BJ,1,BV1NX8EzREuk,1,0.558,1
1686,5426,BV1h34y1w7BJ,1,BV1ocfQBSEMW,1,0.32898,4
1686,5690,BV1h34y1w7BJ,1,BV1BerKBUENt,1,0.53187,1
1687,3063,BV1bQ4y147dN,1,BV1DCCQY2EjZ,1,0.45794,1
1687,3528,BV1bQ4y147dN,1,BV1hPMjzPEWL,1,0.48648,1
1687,5343,BV1bQ4y147dN,1,BV18AfsBeEtM,1,0.40389,3
1687,5561,BV1bQ4y147dN,1,BV1REcbzdEcf,1,0.444,1
1688,1795,BV1dG411D7TM,1,BV1Pc411f7rF,1,0.41029,1
1688,3737,BV1dG411D7TM,1,BV1rvVczsEfe,1,0.53084,4
1688,3834,BV1dG411D7TM,1,BV1H15fzoEQE,1,0.52157,2
1688,4355,BV1dG411D7TM,1,BV1B9fBY4EVA,1,0.44122,4
1688,4700,BV1dG411D7TM,1,BV11xaUzrEF2,1,0.51867,4
1688,4910,BV1dG411D7TM,1,BV1qWbJzzE4c,1,0.58032,1
1688,4920,BV1dG411D7TM,1,BV1zzb8zuEba,1,0.52733,4
1688,5221,BV1dG411D7TM,1,BV1LUu9zQERH,1,0.46429,4
1689,2001,BV1pC4y127CT,1,BV1kr3jeuESa,1,0.37098,3
1689,2406,BV1pC4y127CT,1,BV16v421y7Sx,1,0.32283,4
1689,4874,BV1pC4y127CT,1,BV1eqe3z4Eca,1,0.3715,2
1689,5820,BV1pC4y127CT,1,BV1v3qJBTENN,1,0.39932,1
1690,1693,BV1wH4y1m7Pc,1,BV1Ua4y1U7pt,1,0.46688,4
1690,1722,BV1wH4y1m7Pc,1,BV1GH4y1z7CZ,1,0.4442,1
1690,3131,BV1wH4y1m7Pc,1,BV1uP1rYHEVo,1,0.44988,4
1690,3407,BV1wH4y1m7Pc,1,BV1Z7m2BVEtv,1,0.4848,2
1690,3451,BV1wH4y1m7Pc,1,BV1EmK2zbEF9,1,0.41184,1
1690,4569,BV1wH4y1m7Pc,1,BV1VrJ1zDE5b,1,0.35531,4
1690,4961,BV1wH4y1m7Pc,1,BV13mb5zUE2m,1,0.38933,4
1690,5506,BV1wH4y1m7Pc,1,BV1X6Z8BSEGr,1,0.36236,3
1691,1985,BV1zj41177HZ,1,BV1fWCtBQESz,1,0.38951,1
1691,3453,BV1zj41177HZ,1,BV1HJKmzqENB,1,0.50137,1
1691,4320,BV1zj41177HZ,1,BV12Sf2YwEnV,1,0.41783,2
1691,5217,BV1zj41177HZ,1,BV1segtzFEm7,1,0.40594,4
1692,1789,BV1NH4y12732,1,BV1uj411v7HK,1,0.47389,1
1692,2013,BV1NH4y12732,1,BV1Xi421h7xa,1,0.47377,2
1692,2315,BV1NH4y12732,1,BV1Wv421C7np,1,0.4057,1
1692,2674,BV1NH4y12732,1,BV1mokmYtEUQ,1,0.4297,4
1692,3357,BV1NH4y12732,1,BV1PJH4ehEjn,1,0.44787,4
1692,3900,BV1NH4y12732,1,BV1ztZ9YiErB,1,0.41356,2
1692,5548,BV1NH4y12732,1,BV1oYcqzEEwZ,1,0.45923,3
1693,1793,BV1Ua4y1U7pt,1,BV1Xw411B7ue,1,0.47409,2
1693,2385,BV1Ua4y1U7pt,1,BV1sF4m1M7aV,1,0.50104,2
1693,2511,BV1Ua4y1U7pt,1,BV1c9cReJEkn,1,0.52386,1
1693,2915,BV1Ua4y1U7pt,1,BV1WcUhYWEku,1,0.52337,4
1693,3106,BV1Ua4y1U7pt,1,BV1LU2GYQEtp,1,0.4568,3
1693,3761,BV1Ua4y1U7pt,1,BV1sMGzzeEeM,1,0.4865,3
1693,4053,BV1Ua4y1U7pt,1,BV1N9K5eREDo,1,0.57977,1
1693,4054,BV1Ua4y1U7pt,1,BV1a498YLEg3,1,0.4483,3
1693,4220,BV1Ua4y1U7pt,1,BV1fsNQeLEHq,1,0.50462,1
1693,4410,BV1Ua4y1U7pt,1,BV1i14JzqEfv,1,0.4858,4
1693,4787,BV1Ua4y1U7pt,1,BV1EhhSzPEVy,1,0.62124,1
1693,4921,BV1Ua4y1U7pt,1,BV1QBtSzmEHp,1,0.4641,4
1693,5294,BV1Ua4y1U7pt,1,BV1magXzqEfy,1,0.48866,3
1693,5384,BV1Ua4y1U7pt,1,BV1GkfBBLEXc,1,0.53404,2
1693,5490,BV1Ua4y1U7pt,1,BV1y9ZDBhEtZ,1,0.55133,3
1693,5515,BV1Ua4y1U7pt,1,BV1seZQBPE2j,1,0.52482,4
1694,1773,BV1tN4y1m74C,1,BV1vG411X7JA,1,0.48848,3
1694,1825,BV1tN4y1m74C,1,BV1xF41127Ae,1,0.38392,2
1694,3831,BV1tN4y1m74C,1,BV19vRdYZERD,1,0.4383,4
1694,4872,BV1tN4y1m74C,1,BV1cVNvzFEs8,1,0.56003,3
1694,5001,BV1tN4y1m74C,1,BV1kDhnzoEDj,1,0.55351,4
1694,5167,BV1tN4y1m74C,1,BV1HY38zaEJz,1,0.61718,2
1695,2320,BV1Zw411N7wF,1,BV19x42117yM,1,0.34419,3
1695,3531,BV1Zw411N7wF,1,BV1fwTTzSEhX,1,0.43707,2
1695,4359,BV1Zw411N7wF,1,BV1cZfYYJE6g,1,0.45733,1
1696,1751,BV1MN4y1m7gP,1,BV1fw411s7Yb,1,0.52793,3
1696,2229,BV1MN4y1m7gP,1,BV1yx42127yV,1,0.49029,4
1696,2956,BV1MN4y1m7gP,1,BV1ifDRYUEj7,1,0.48075,3
1696,4418,BV1MN4y1m7gP,1,BV1WN4qzfExU,1,0.45347,3
1696,4978,BV1MN4y1m7gP,1,BV1JEtozyEFF,1,0.6022,1
1697,3383,BV1bg4y1Q72h,1,BV1UHnfexEkX,1,0.48712,1
1697,4082,BV1bg4y1Q72h,1,BV1s3PeeME8t,1,0.44702,2
1697,5530,BV1bg4y1Q72h,1,BV1ihcqzDEJn,1,0.43292,3
1698,2164,BV1Aw411K7mt,1,BV1cM4m1f7wq,1,0.44035,3
1698,2514,BV1Aw411K7mt,1,BV1X3wEeNE4o,1,0.50249,1
1698,3742,BV1Aw411K7mt,1,BV1t9GozdEV1,1,0.47068,2
1699,1898,BV1Hc411971U,1,BV1hX4y1B7FD,1,0.47265,2
1699,3937,BV1Hc411971U,1,BV1FcRuYiEMf,1,0.43483,3
1699,4314,BV1Hc411971U,1,BV1RjFHerEin,1,0.49488,1
1699,4825,BV1Hc411971U,1,BV1yVeozzEmC,1,0.4348,4
1700,1958,BV1hH4y167ui,1,BV1bN411v75G,1,0.37884,3
1700,2418,BV1hH4y167ui,1,BV1kv421y7fC,1,0.42535,1
1700,4340,BV1hH4y167ui,1,BV1dAFPe4EgG,1,0.39528,2
1700,5067,BV1hH4y167ui,1,BV18ztmzuEdK,1,0.36275,4
1701,2721,BV1bu4y1P7h8,1,BV1ziqtYkEaH,1,0.52213,1
1701,3414,BV1bu4y1P7h8,1,BV1GWmcBkE9F,1,0.51276,2
1701,4347,BV1bu4y1P7h8,1,BV13VfpYzEC5,1,0.50567,4
1701,5289,BV1bu4y1P7h8,1,BV1DG3Xz5Ea5,1,0.45772,4
1701,5445,BV1bu4y1P7h8,1,BV1JoZZBkE9N,1,0.50768,3
1702,2108,BV14u411F7Ac,1,BV1aJ4m1N722,1,0.44797,4
1702,2658,BV14u411F7Ac,1,BV1JKkdYvE1e,1,0.44059,2
1702,2894,BV14u411F7Ac,1,BV1D8UkYAEgk,1,0.3912,3
1702,3119,BV14u411F7Ac,1,BV1uw2wYVECQ,1,0.45964,3
1702,4423,BV14u411F7Ac,1,BV1By4JzMEx8,1,0.51251,1
1703,2428,BV16N4y1R7My,1,BV1aJUxBLEhk,1,0.47403,3
1703,2594,BV16N4y1R7My,1,BV1L66ZYAE8k,1,0.41087,4
1703,3539,BV16N4y1R7My,1,BV1CQT6zsE8P,1,0.51821,1
1703,4056,BV16N4y1R7My,1,BV1Zz9HYPEyD,1,0.44241,2
1703,4366,BV16N4y1R7My,1,BV1s4UYB9EBQ,2,0.43041,4
1703,4367,BV16N4y1R7My,1,BV1FjmUBXETp,1,0.39934,4
1703,4425,BV16N4y1R7My,1,BV1iPxozTEkc,1,0.43586,4
1703,4827,BV16N4y1R7My,1,BV1bmepzEEg1,1,0.48422,4
1704,2858,BV18Q4y1p7bm,1,BV12RB8YwE5u,1,0.43657,2
1704,3785,BV18Q4y1p7bm,1,BV1hRL1zTEdq,1,0.53388,2
1704,4551,BV18Q4y1p7bm,1,BV1Fdn3zTEpu,2,0.55011,2
1704,5540,BV18Q4y1p7bm,1,BV1pvZ7BvEkN,1,0.50212,3
1704,5548,BV18Q4y1p7bm,1,BV1oYcqzEEwZ,1,0.53585,3
1705,1965,BV1zz4y1P71W,1,BV1L841167sj,1,0.40625,3
1705,2956,BV1zz4y1P71W,1,BV1ifDRYUEj7,1,0.48013,4
1705,3146,BV1zz4y1P71W,1,BV1Jb1RYrEg6,1,0.40421,4
1705,3196,BV1zz4y1P71W,1,BV1zRxCeLE1X,1,0.45868,4
1705,4275,BV1zz4y1P71W,1,BV1Y1FmemEBP,1,0.4908,2
1705,5163,BV1zz4y1P71W,1,BV1WN8AzrE2i,1,0.59302,1
1705,5463,BV1zz4y1P71W,1,BV1cpZXBhEZ2,2,0.48536,2
1705,5569,BV1zz4y1P71W,1,BV1pJF9zuELk,1,0.39119,4
1706,2171,BV1ca4y1U7DP,1,BV1V1421673e,1,0.35094,4
1706,4356,BV1ca4y1U7DP,1,BV1e1pvezEMR,1,0.37028,2
1706,4427,BV1ca4y1U7DP,1,BV1Zkx1zrEjH,1,0.35711,3
1707,2481,BV1DG411S7UY,1,BV1exCyBxEC8,1,0.53894,3
1707,4045,BV1DG411S7UY,1,BV11aAbesE3W,1,0.53309,1
1707,5020,BV1DG411S7UY,1,BV1WqtzzBExP,1,0.48921,1
1707,5774,BV1DG411S7UY,1,BV1GtB1BLEdz,1,0.53361,4
1708,2797,BV1Pu4y1b7mg,1,BV1hb6wYAEhc,1,0.49616,1
1708,3532,BV1Pu4y1b7mg,1,BV1f9MgzvE9p,1,0.42926,3
1708,4759,BV1Pu4y1b7mg,1,BV1WMhCzREfQ,1,0.43692,2
1709,2396,BV1Wb4y1g787,1,BV1fZ42127hr,1,0.52203,3
1709,2615,BV1Wb4y1g787,1,BV13u6GYoEPZ,1,0.53255,1
1709,4876,BV1Wb4y1g787,1,BV1M9ePzaEwW,1,0.53009,2
1709,5068,BV1Wb4y1g787,1,BV1rqhGzeEKS,1,0.48884,1
1709,5836,BV1Wb4y1g787,1,BV1cJUfBsEZa,1,0.51001,4
1710,3886,BV1pw411H7K9,1,BV17qdpYGEE8,1,0.43708,3
1711,5205,BV1Ru411F73a,1,BV1Gpg8zjEoZ,1,0.41743,3
1711,5631,BV1Ru411F73a,1,BV1RozfBdExN,1,0.41865,3
1711,5664,BV1Ru411F73a,1,BV1Y86UBtEJm,1,0.45091,2
1712,1826,BV1CC4y1j7kR,1,BV1er4y1f7WE,1,0.38833,4
1712,3004,BV1CC4y1j7kR,1,BV1pYSJYdEN8,1,0.44708,1
1712,3055,BV1CC4y1j7kR,1,BV1xkyhYDEUw,1,0.48524,1
1712,3604,BV1CC4y1j7kR,1,BV1L17AzcEeq,1,0.34214,1
1712,3712,BV1CC4y1j7kR,1,BV1dJVrzoENZ,1,0.48201,2
1712,3721,BV1CC4y1j7kR,1,BV1QW5Vz5EWX,1,0.45171,3
1712,4750,BV1CC4y1j7kR,1,BV1eehiz9EaX,1,0.42973,3
1712,5305,BV1CC4y1j7kR,1,BV1P3NTzoECG,1,0.447,4
1713,1900,BV1GN4y1m7VG,1,BV1p54y1Y7MB,1,0.37482,2
1713,2673,BV1GN4y1m7VG,1,BV14EkBYYEyX,1,0.36668,3
1713,3713,BV1GN4y1m7VG,1,BV1cbVQzaE82,1,0.41736,1
1713,4815,BV1GN4y1m7VG,1,BV1M1h1zMEWc,1,0.36512,4
1714,2598,BV1DC4y127Bj,1,BV12i6RYMENw,1,0.41326,2
1714,3838,BV1DC4y127Bj,1,BV1US5WzTEvm,1,0.3997,3
1714,4305,BV1DC4y127Bj,1,BV1UPF8eQEGn,1,0.41086,3
1714,4889,BV1DC4y127Bj,1,BV1odYJzHE4A,1,0.44267,1
1715,2052,BV1pu4y1N7jq,1,BV14Wg7e2Em7,1,0.44241,3
1715,2459,BV1pu4y1N7jq,1,BV1MVyPBKEgF,1,0.5257,1
1715,2817,BV1pu4y1N7jq,1,BV1ezzPYgETu,1,0.40326,1
1715,3671,BV1pu4y1N7jq,1,BV1pYE1zAEXy,1,0.44219,4
1716,2386,BV1wj411v7uN,1,BV1jm411D7CM,1,0.52067,2
1716,3231,BV1wj411v7uN,1,BV1CNpweoEcY,1,0.44479,2
1716,3470,BV1wj411v7uN,1,BV1QxNdz6EnY,1,0.32912,4
1716,5241,BV1wj411v7uN,1,BV1raNmzeEtW,1,0.52583,1
1716,5260,BV1wj411v7uN,1,BV1f3u5zCE6q,1,0.39914,2
1717,3251,BV1y94y1n7b6,1,BV1SVtVeUE9X,1,0.377,3
1717,3775,BV1y94y1n7b6,1,BV1gXLpzgEin,1,0.35138,4
1717,3941,BV1y94y1n7b6,1,BV1DxoZY8Ek6,2,0.39526,1
1717,4909,BV1y94y1n7b6,1,BV1PPbBzKELz,1,0.37963,2
1718,3480,BV1iH4y1i73s,1,BV1TyN5z7EA3,1,0.30821,4
1718,3576,BV1iH4y1i73s,1,BV19QTjzTEbN,1,0.40561,1
1718,4584,BV1iH4y1i73s,1,BV1QAWPzgEA3,1,0.34544,4
1719,2598,BV1Je411Q7M5,1,BV12i6RYMENw,1,0.40303,3
1719,4340,BV1Je411Q7M5,1,BV1dAFPe4EgG,1,0.40212,4
1719,4896,BV1Je411Q7M5,1,BV1XvYqzfEwy,1,0.39882,4
1720,2199,BV1je411Q7B9,1,BV15z421D7fR,1,0.48725,1
1720,3087,BV1je411Q7B9,1,BV1rKyPYhEKj,1,0.45237,2
1720,3160,BV1je411Q7B9,1,BV1v2xye6ESU,1,0.42656,3
1720,4590,BV1je411Q7B9,1,BV1oKWcz6Ep9,1,0.60984,2
1720,4695,BV1je411Q7B9,1,BV1aVYVzoE6P,2,0.55994,3
1720,5812,BV1je411Q7B9,1,BV1JJmzBfEUY,1,0.70341,1
1721,4152,BV1HH4y1q7fi,1,BV1LawdejE7e,1,0.33489,3
1721,4559,BV1HH4y1q7fi,1,BV1zYngzAEbQ,1,0.32726,4
1722,1750,BV1GH4y1z7CZ,1,BV1ph411w7md,1,0.39231,4
1722,5173,BV1GH4y1z7CZ,1,BV1Ed3MzTE6B,1,0.3957,3
1723,1813,BV1W94y137Uc,1,BV1XG41127W7,1,0.46435,2
1723,2184,BV1W94y137Uc,1,BV1u142197qJ,1,0.46431,3
1723,3340,BV1W94y137Uc,1,BV1DaHDezEP7,1,0.4563,2
1723,3868,BV1W94y137Uc,1,BV199dBY1Enx,1,0.43565,3
1723,5267,BV1W94y137Uc,1,BV1DXuKzCEtn,1,0.45646,4
1724,2130,BV1oz4y1w7rf,1,BV1oD421A7Pj,1,0.36473,1
1724,2225,BV1oz4y1w7rf,1,BV1GF4m157Gu,1,0.34432,3
1724,2254,BV1oz4y1w7rf,1,BV1up42117wC,1,0.35997,2
1724,3251,BV1oz4y1w7rf,1,BV1SVtVeUE9X,1,0.33955,4
1725,3720,BV1Jz4y1w7k7,1,BV1tNVPzkEs1,1,0.37037,3
1725,3809,BV1Jz4y1w7k7,1,BV1HcR1YGEUQ,1,0.4119,1
1725,4147,BV1Jz4y1w7k7,1,BV11YAheaEd1,1,0.35805,4
1726,1920,BV1rc411R7jb,1,BV1aF411U7fA,1,0.49791,3
1726,3580,BV1rc411R7jb,1,BV1UgEzz9E6u,1,0.48132,4
1726,4996,BV1rc411R7jb,1,BV1FEtmz9Ek5,1,0.52922,2
1727,2259,BV1kC4y127AC,1,BV1gK421e7Rf,1,0.47998,1
1727,3093,BV1kC4y127AC,1,BV1kymVYTE55,1,0.64148,1
1727,3510,BV1kC4y127AC,1,BV1S3j7zdEUR,1,0.48402,1
1727,3751,BV1kC4y127AC,1,BV1tz54zrES5,1,0.51228,4
1727,4037,BV1kC4y127AC,1,BV1dLRsY3EZ8,1,0.51481,3
1727,4271,BV1kC4y127AC,1,BV1CoFXeyEnk,1,0.43458,3
1728,1843,BV13b4y1g7CF,1,BV1SY4y1w7Gb,1,0.45387,3
1728,3211,BV13b4y1g7CF,1,BV1XsxEefExH,1,0.46458,2
1728,3544,BV13b4y1g7CF,1,BV1S67KzcEsU,2,0.46734,1
1728,5050,BV13b4y1g7CF,1,BV17qbNzeEGr,1,0.43671,4
1729,1964,BV1ag4y1Q7Ez,1,BV1Qp4y177tP,1,0.35051,1
1729,4308,BV1ag4y1Q7Ez,1,BV1qWFtecEHF,1,0.3371,4
1729,5200,BV1ag4y1Q7Ez,1,BV1Jzg5zJE6u,1,0.34587,3
1729,5748,BV1ag4y1Q7Ez,1,BV1g8vsBkEB6,1,0.35011,2
1730,2275,BV1Tw411T7op,1,BV1Zx4y1S71z,1,0.42315,3
1730,2636,BV1Tw411T7op,1,BV1raCYYGEWu,1,0.5004,2
1730,3159,BV1Tw411T7op,1,BV1964ceUEpi,1,0.51771,2
1731,3188,BV1ag4y197Mn,1,BV1RzxbeFEyE,1,0.4639,3
1731,3274,BV1ag4y197Mn,1,BV1Z84ZeQEBR,1,0.46863,2
1731,5707,BV1ag4y197Mn,1,BV1eciuBgEZj,1,0.44986,4
1732,3282,BV1H8411r74n,1,BV1sV4dedEBn,1,0.41692,4
1732,3461,BV1H8411r74n,1,BV1cuNZzcE2B,1,0.40552,4
1732,3669,BV1H8411r74n,1,BV1Uh5VzzEDe,1,0.43502,1
1732,3951,BV1H8411r74n,1,BV1v2o9Y8EfR,1,0.45216,1
1732,4288,BV1H8411r74n,1,BV1wAFGe8E8Q,1,0.38374,3
1732,4344,BV1H8411r74n,1,BV1NYfsYeEqw,1,0.35791,3
1732,5729,BV1H8411r74n,1,BV1JZvfBHEqt,1,0.42486,3
1733,2947,BV1Vh411q7Qa,1,BV1irDyYnEhs,1,0.44684,2
1733,3491,BV1Vh411q7Qa,1,BV1GkMTzjEur,1,0.45705,1
1733,3605,BV1Vh411q7Qa,1,BV1VHjZzGEA3,1,0.38843,4
1733,4139,BV1Vh411q7Qa,1,BV1TCAZe6Eqc,1,0.39188,3
1734,3159,BV1mo4y1q7QR,1,BV1964ceUEpi,1,0.47403,1
1734,5162,BV1mo4y1q7QR,1,BV19dbRzeE77,1,0.44413,4
1735,4401,BV1RP41127Q6,1,BV1y2WEzTEsy,1,0.4344,2
1735,5490,BV1RP41127Q6,1,BV1y9ZDBhEtZ,1,0.4378,1
1736,3216,BV1p84y1G7Vo,1,BV1zUxEeVEa5,1,0.43628,1
1736,3947,BV1p84y1G7Vo,1,BV1xfofYoEwZ,1,0.38635,4
1737,2405,BV1RN4y1573Z,1,BV1Jz421d7bj,1,0.42862,3
1737,3388,BV1RN4y1573Z,1,BV1eQs7ebE3k,1,0.46005,1
1737,4600,BV1RN4y1573Z,1,BV1ftWLzQEh2,1,0.42824,4
1737,5638,BV1RN4y1573Z,1,BV14ZztBREK8,1,0.45835,2
1738,2826,BV1Fj411a7WZ,1,BV1i8zpYFErF,1,0.55451,2
1738,3121,BV1Fj411a7WZ,1,BV1vZijeRE6d,1,0.53292,3
1738,3732,BV1Fj411a7WZ,1,BV17dV8zeEaU,1,0.50488,4
1738,4541,BV1Fj411a7WZ,1,BV1wnWVzSErT,1,0.45637,4
1738,5815,BV1Fj411a7WZ,1,BV1ysmiBZEre,1,0.49666,2
1739,2833,BV16H4y1B7yt,1,BV1jLzjYLEFj,1,0.47705,3
1739,3123,BV16H4y1B7yt,1,BV1iC2JYuEzA,1,0.49105,1
1740,2094,BV1ge411Q7JJ,1,BV1xf42117v8,1,0.39969,4
1740,3678,BV1ge411Q7JJ,1,BV1G4JAzcEqB,1,0.43035,3
1740,4665,BV1ge411Q7JJ,1,BV1NMHQzxEE2,1,0.50513,1
1740,4689,BV1ge411Q7JJ,1,BV19aY5zYE8t,2,0.3323,4
1740,5254,BV1ge411Q7JJ,1,BV16KMQzUE2W,1,0.46645,2
1741,2030,BV16H4y1B7jA,1,BV1Rw4m1r7DB,1,0.35817,2
1741,2145,BV16H4y1B7jA,1,BV1gZ421J7xG,1,0.38393,2
1741,2191,BV16H4y1B7jA,1,BV1eT421X7Uk,1,0.37986,4
1741,3094,BV16H4y1B7jA,1,BV1RT2YYgEof,1,0.36649,3
1741,5197,BV16H4y1B7jA,1,BV1ptgWzmEXX,1,0.41228,1
1742,2392,BV1vg4y197VN,1,BV1jJ4m1x7bg,1,0.36021,2
1742,4507,BV1vg4y197VN,1,BV18MHxzbEau,1,0.33251,4
1742,4622,BV1vg4y197VN,1,BV1pRpUzJEwC,1,0.38917,1
1743,2666,BV1pe411Q7bm,1,BV1mKCKYLEbL,1,0.36444,3
1743,3980,BV1pe411Q7bm,1,BV1GoX6YrE5p,1,0.46555,1
1743,4179,BV1pe411Q7bm,1,BV1ztKNeDEcJ,1,0.43609,2
1743,4815,BV1pe411Q7bm,1,BV1M1h1zMEWc,1,0.39474,4
1743,5479,BV1pe411Q7bm,1,BV1YBZTBXENH,1,0.40302,3
1744,2228,BV1Jw411X7As,1,BV1pJ4m1h7Jw,1,0.49537,1
1744,2240,BV1Jw411X7As,1,BV1pp42127py,1,0.54112,2
1744,2378,BV1Jw411X7As,1,BV1L2421A7MN,1,0.44877,3
1744,5826,BV1Jw411X7As,1,BV1wZUfBbEs2,1,0.55939,2
1745,1827,BV1iu4y1t7cq,1,BV1WG41127mP,1,0.45345,4
1745,2379,BV1iu4y1t7cq,1,BV14U421d7xE,1,0.4678,3
1745,2777,BV1iu4y1t7cq,1,BV1AazYYBE8E,1,0.44667,2
1745,5385,BV1iu4y1t7cq,1,BV1RpftB7Eba,1,0.40739,1
1746,1860,BV1qa4y1S7NE,1,BV1Jw411c7zb,1,0.4866,4
1746,2652,BV1qa4y1S7NE,1,BV17ZCFYjEgh,1,0.63399,4
1746,3119,BV1qa4y1S7NE,1,BV1uw2wYVECQ,1,0.64197,3
1746,3890,BV1qa4y1S7NE,1,BV1cTfKYzEbN,1,0.64466,2
1747,1755,BV1KB4y1Z7Uc,1,BV1HG41117jH,1,0.36512,4
1747,1801,BV1KB4y1Z7Uc,1,BV1bu4y1n7nR,1,0.45984,1
1747,3869,BV1KB4y1Z7Uc,1,BV1DpdSYiEEU,1,0.39806,3
1747,5464,BV1KB4y1Z7Uc,1,BV1L4f3B6E46,1,0.3701,4
1747,5605,BV1KB4y1Z7Uc,1,BV1qJFizLEHZ,1,0.40377,2
1748,1821,BV1ZN4y1S75M,1,BV1Th4y1B7pN,1,0.57342,1
1748,2778,BV1ZN4y1S75M,1,BV1RKiZYDEX3,1,0.4295,3
1748,3224,BV1ZN4y1S75M,1,BV1jushevEb1,1,0.60962,2
1748,3466,BV1ZN4y1S75M,1,BV1P4NfzBEM9,1,0.52476,4
1748,4302,BV1ZN4y1S75M,1,BV1dLFHeGEEh,1,0.45761,4
1748,4357,BV1ZN4y1S75M,1,BV1EwfeY2EEP,1,0.59716,3
1748,5050,BV1ZN4y1S75M,1,BV17qbNzeEGr,1,0.58729,4
1748,5203,BV1ZN4y1S75M,1,BV1CPM9zZEjt,1,0.48341,4
1748,5548,BV1ZN4y1S75M,1,BV1oYcqzEEwZ,1,0.584,3
1748,5815,BV1ZN4y1S75M,1,BV1ysmiBZEre,1,0.51073,1
1749,2709,BV16w411T7R5,1,BV1NjBEYbEP6,1,0.35547,4
1749,3458,BV16w411T7R5,1,BV1ULKJzvEu2,1,0.46434,2
1749,3682,BV16w411T7R5,1,BV1vCJwz8ETY,1,0.37561,2
1749,4040,BV16w411T7R5,1,BV1mvRsYtEHE,1,0.38064,4
1749,4143,BV16w411T7R5,1,BV1bfAsenEza,1,0.45842,2
1749,4373,BV16w411T7R5,1,BV15fSeByEwQ,1,0.47447,1
1749,4494,BV16w411T7R5,1,BV1BvHtzUEUo,1,0.42436,3
1750,1903,BV1ph411w7md,1,BV16x41177EV,1,0.41777,1
1750,2603,BV1ph411w7md,1,BV1QF6HY9EBR,1,0.38142,4
1750,3150,BV1ph411w7md,1,BV1eX1QYtECN,1,0.36967,3
1750,4014,BV1ph411w7md,1,BV1tmQ5YZEvf,1,0.47566,3
1750,4193,BV1ph411w7md,1,BV1zZAAerE1m,1,0.49849,2
1750,4306,BV1ph411w7md,1,BV1z7FteNEsp,1,0.47702,1
1750,5030,BV1ph411w7md,1,BV1snbNzLEnT,1,0.35704,4
1750,5085,BV1ph411w7md,1,BV1f8t6zwEDj,1,0.42179,3
1751,1932,BV1fw411s7Yb,1,BV1eL411K7C6,1,0.46051,2
1751,2035,BV1fw411s7Yb,1,BV14M4m127wE,1,0.43963,3
1751,2048,BV1fw411s7Yb,1,BV1JZ421e7EG,1,0.54431,3
1751,2100,BV1fw411s7Yb,1,BV11i421D7Be,1,0.66968,1
1751,2138,BV1fw411s7Yb,1,BV1pt411G7Rh,1,0.4616,2
1751,2255,BV1fw411s7Yb,1,BV1dK421Y7A9,1,0.58596,2
1751,2390,BV1fw411s7Yb,1,BV1hp421d7Na,1,0.61162,2
1751,2860,BV1fw411s7Yb,1,BV1boURYPEhS,1,0.53847,4
1751,2920,BV1fw411s7Yb,1,BV15bmbYYEk2,1,0.63522,3
1751,3473,BV1fw411s7Yb,1,BV1KxMizDEmK,1,0.54865,4
1751,3578,BV1fw411s7Yb,1,BV1smEdzYEzo,1,0.66234,1
1751,3580,BV1fw411s7Yb,1,BV1UgEzz9E6u,1,0.63165,4
1751,3722,BV1fw411s7Yb,1,BV1Ca5TzyEgs,1,0.63895,1
1751,4401,BV1fw411s7Yb,1,BV1y2WEzTEsy,1,0.62088,3
1751,4875,BV1fw411s7Yb,1,BV17HTbzjEWT,1,0.53268,4
1751,4990,BV1fw411s7Yb,1,BV1LetBzQE3a,1,0.55124,4
1751,5176,BV1fw411s7Yb,1,BV1hbuUzcEFk,1,0.47613,2
1751,5259,BV1fw411s7Yb,1,BV13LMfzdEim,1,0.59057,1
1751,5728,BV1fw411s7Yb,1,BV1k7v9BVE8f,1,0.71918,1
1751,5812,BV1fw411s7Yb,1,BV1JJmzBfEUY,1,0.71659,1
1752,2012,BV1iC4y1U7dK,1,BV15r421M76p,1,0.33901,4
1752,2476,BV1iC4y1U7dK,1,BV1yECTBvEBp,1,0.39654,2
1752,5616,BV1iC4y1U7dK,1,BV1cK6YBfE1F,1,0.39215,3
1753,2475,BV1694y1V7yg,1,BV1bZCRB5EDg,1,0.92845,1
1753,3010,BV1694y1V7yg,1,BV1wf1EYLEqm,1,0.90088,3
1753,3649,BV1694y1V7yg,1,BV1QLJ6zAE4Y,1,0.94322,1
1753,5263,BV1694y1V7yg,1,BV1M9MXziEQz,1,0.9315,4
1753,5749,BV1694y1V7yg,1,BV1wVv6BzEBR,1,0.9411,2
1754,2305,BV1Ab4y1g7VH,1,BV1Ft421G7gs,1,0.42912,4
1754,3383,BV1Ab4y1g7VH,1,BV1UHnfexEkX,1,0.44974,1
1756,2268,BV13u4y177Sr,1,BV1Jj421d7F9,1,0.37699,4
1756,2741,BV13u4y177Sr,1,BV1VTqEYrEA9,1,0.38176,3
1756,2821,BV13u4y177Sr,1,BV1qAzdYdEKb,1,0.38177,2
1757,3483,BV1QT411j72P,1,BV1jdNYzQEtH,1,0.70848,3
1757,4811,BV1QT411j72P,1,BV1chemzTEwy,1,0.71265,1
1757,5159,BV1QT411j72P,1,BV18z8tzsEys,1,0.62628,2
1757,5352,BV1QT411j72P,1,BV1yBfUBoEzh,1,0.6844,4
1758,1987,BV1b94y1G7ky,1,BV1uQyfBZERA,1,0.38232,2
1758,2516,BV1b94y1G7ky,1,BV1b9wjeZE1R,1,0.34639,4
1758,3083,BV1b94y1G7ky,1,BV1vnmVYXEws,1,0.4169,1
1759,4497,BV1WC4y1J7ck,1,BV1QNHxzhEJt,1,0.32457,2
1759,5560,BV1WC4y1J7ck,1,BV1TQctzLE3r,1,0.29943,4
1761,1769,BV1tQ4y1s7A9,1,BV1Ru4y1b7Gq,1,0.48172,3
1761,2289,BV1tQ4y1s7A9,1,BV1Fi421d7j9,1,0.50321,1
1761,3433,BV1tQ4y1s7A9,1,BV1ajSaBvE6r,1,0.32971,4
1761,3581,BV1tQ4y1s7A9,1,BV1xNjnztEq9,1,0.48678,4
1761,4132,BV1tQ4y1s7A9,1,BV1hTPKeTEWp,1,0.49656,3
1761,4413,BV1tQ4y1s7A9,1,BV1AdWezjEcf,1,0.42257,3
1761,5047,BV1tQ4y1s7A9,1,BV1g7tUzVEfF,1,0.50197,1
1762,2625,BV1Kw411B7SP,1,BV19BBEYVEQs,1,0.70194,4
1762,3706,BV1Kw411B7SP,1,BV1yL5czwE9K,1,0.71487,2
1762,5405,BV1Kw411B7SP,1,BV1jLfzBQEAi,1,0.37009,2
1763,3014,BV1uu4y187uX,1,BV1yz1YYsETZ,1,0.34629,2
1763,3566,BV1uu4y187uX,1,BV1NT7Kz9Eb4,1,0.33053,3
1763,4728,BV1uu4y187uX,1,BV1uoaNzaEe6,1,0.35619,1
1764,4696,BV1v94y1G7Zm,1,BV1aVYVzoE6P,3,0.43287,1
1765,2190,BV13H4y1672D,1,BV1kw4m1f7DA,1,0.49851,1
1765,2664,BV13H4y1672D,1,BV1pizdYNE6u,1,0.47476,2
1765,5509,BV13H4y1672D,1,BV1tcZqB8Ea3,1,0.4343,4
1766,1936,BV11G411m7uX,1,BV1rP411p7tg,1,0.37213,3
1766,3846,BV11G411m7uX,1,BV1SE5zzCEEF,1,0.43808,2
1766,5077,BV11G411m7uX,1,BV1LxtwzHEey,1,0.40636,2
1767,1824,BV1tH4y167uN,1,BV13m4y1V7X7,1,0.37214,4
1767,2385,BV1tH4y167uN,1,BV1sF4m1M7aV,1,0.44839,4
1767,3610,BV1tH4y167uN,1,BV1oqjBzbEY8,1,0.42195,4
1767,3902,BV1tH4y167uN,1,BV15eRdY8EXF,1,0.46851,2
1767,4046,BV1tH4y167uN,1,BV1QCArevEkv,1,0.43865,4
1767,5569,BV1tH4y167uN,1,BV1pJF9zuELk,1,0.45081,1
1768,2423,BV1EQ4y1n7XB,1,BV1fC41147N3,1,0.4428,2
1768,3727,BV1EQ4y1n7XB,1,BV1uz5MzfExY,1,0.43938,3
1768,3946,BV1EQ4y1n7XB,1,BV1SdZGYKEMz,1,0.44606,1
1768,4305,BV1EQ4y1n7XB,1,BV1UPF8eQEGn,1,0.43281,4
1769,2011,BV1Ru4y1b7Gq,1,BV1qZ421N78R,1,0.4076,1
1769,3022,BV1Ru4y1b7Gq,1,BV1HM1yYLEjY,1,0.47943,3
1769,3402,BV1Ru4y1b7Gq,1,BV1EpH3eVE1r,1,0.42581,4
1769,3428,BV1Ru4y1b7Gq,1,BV1FSmcBRE6d,1,0.43577,2
1769,4278,BV1Ru4y1b7Gq,1,BV1tVFse3EVG,1,0.39771,3
1769,5347,BV1Ru4y1b7Gq,1,BV1jgfqB7Eyx,1,0.43481,3
1769,5483,BV1Ru4y1b7Gq,1,BV1ZPcszSEA2,1,0.44512,2
1770,2533,BV1Ay4y1c7gq,1,BV1XdcUeXE34,1,0.43684,4
1770,4484,BV1Ay4y1c7gq,1,BV1VtxgzNEpv,1,0.38763,1
1770,4524,BV1Ay4y1c7gq,1,BV1xDnizmEu9,1,0.47261,1
1770,5414,BV1Ay4y1c7gq,1,BV1AbZfBDE6L,1,0.46366,1
1771,4993,BV1CC4y1E7vC,1,BV1EgtXzeE4k,1,0.43649,1
1771,5432,BV1CC4y1E7vC,1,BV1KYfABeE8D,1,0.50126,1
1772,2558,BV1uj411v7Un,1,BV1KErrYTExB,1,0.58722,4
1772,4047,BV1uj411v7Un,1,BV12dXRYBErN,1,0.44304,3
1772,4474,BV1uj411v7Un,1,BV1csHGz3E7C,1,0.64433,1
1772,5298,BV1uj411v7Un,1,BV1W5f1B2EMe,1,0.46454,2
1772,5581,BV1uj411v7Un,1,BV1SicgzaEzL,1,0.53633,4
1773,1836,BV1vG411X7JA,1,BV1N8411y7SR,1,0.48433,4
1773,4872,BV1vG411X7JA,1,BV1cVNvzFEs8,1,0.56378,1
1774,1893,BV19a4y1X7Da,1,BV1Tu4y167G7,1,0.30095,2
1774,5652,BV19a4y1X7Da,1,BV1s9rfB1EM8,1,0.38544,1
1774,5772,BV19a4y1X7Da,1,BV1fyBqBhEsz,1,0.29924,4
1775,1791,BV1Rj411a7uQ,1,BV1zw411q7QA,1,0.44466,2
1775,1909,BV1Rj411a7uQ,1,BV1ps41187Cp,1,0.45942,1
1775,3194,BV1Rj411a7uQ,1,BV1aYxsemEoG,1,0.44464,3
1775,4586,BV1Rj411a7uQ,1,BV1eoWcziEGe,1,0.43657,4
1776,1823,BV1NC4y1n78p,1,BV1Wj411b7MM,1,0.50304,2
1776,3465,BV1NC4y1n78p,1,BV1erN1zSEvL,1,0.42757,2
1776,3943,BV1NC4y1n78p,1,BV18cooYZEsu,1,0.47953,3
1776,4991,BV1NC4y1n78p,1,BV1AYt2zsEBe,1,0.51034,4
1776,5424,BV1NC4y1n78p,1,BV1LEfTB8EmQ,1,0.54159,1
1776,5775,BV1NC4y1n78p,1,BV1qrBGB4Ewe,1,0.39252,3
1777,1895,BV11Q4y1J74M,1,BV15K4y1w72A,1,0.5691,2
1777,3119,BV11Q4y1J74M,1,BV1uw2wYVECQ,1,0.61633,2
1777,3235,BV11Q4y1J74M,1,BV118skeSE7V,1,0.61439,4
1777,3547,BV11Q4y1J74M,1,BV1Y1TWzsE6B,1,0.62373,1
1777,3968,BV11Q4y1J74M,1,BV1cxoBYfECd,1,0.53699,1
1777,4222,BV11Q4y1J74M,1,BV1vePoeDEgZ,1,0.57995,2
1777,5116,BV11Q4y1J74M,1,BV1Wf8CzoEUG,1,0.52875,2
1777,5124,BV11Q4y1J74M,1,BV12k82zNEf8,1,0.49439,2
1777,5674,BV11Q4y1J74M,1,BV1hy6RBGErh,1,0.40084,4
1777,5798,BV11Q4y1J74M,1,BV1a12tBEE3N,1,0.53701,1
1778,1807,BV1Nu4y1J7KX,1,BV1EM411R7t6,1,0.37483,2
1778,1820,BV1Nu4y1J7KX,1,BV1gy4y1K7z2,2,0.4367,1
1778,2089,BV1Nu4y1J7KX,1,BV1Lf42127TE,1,0.48488,4
1778,2147,BV1Nu4y1J7KX,1,BV1Nx4y1q7NW,1,0.40212,2
1778,2245,BV1Nu4y1J7KX,1,BV1oJ4m1h7AW,1,0.52198,2
1778,4726,BV1Nu4y1J7KX,1,BV1tCaKzFEuT,1,0.54944,1
1779,2381,BV14u4y1J7op,1,BV1ny421871z,1,0.41834,3
1779,2813,BV14u4y1J7op,1,BV1hE6TYLE1j,1,0.45336,3
1779,2888,BV14u4y1J7op,1,BV1tKUAYjEuz,1,0.48313,4
1779,4264,BV14u4y1J7op,1,BV1iEcFe9ECY,1,0.49393,2
1779,4977,BV14u4y1J7op,1,BV1uKtSz6EgF,1,0.48127,2
1780,2071,BV18N411s7aU,1,BV1zs421g7JX,1,0.37879,4
1780,3845,BV18N411s7aU,1,BV13y5vz3EyF,1,0.35551,4
1780,4313,BV18N411s7aU,1,BV1XyFpe3ELB,1,0.35612,1
1780,5113,BV18N411s7aU,1,BV11KhpzeEBm,1,0.34642,4
1780,5388,BV18N411s7aU,1,BV1CQfCBCEou,1,0.398,2
1781,3224,BV1a84y1X7An,1,BV1jushevEb1,1,0.48327,3
1781,5184,BV1a84y1X7An,1,BV1bzgLzMEUx,1,0.47311,4
1781,5548,BV1a84y1X7An,1,BV1oYcqzEEwZ,1,0.48984,2
1782,5280,BV1W8411r7jP,1,BV1Sc32ztEQp,1,0.48141,1
1783,2422,BV1pu4y1W7Fm,1,BV1NH4y1a7dz,1,0.44634,1
1783,5015,BV1pu4y1W7Fm,1,BV1VBb5zRERb,1,0.34974,3
1783,5308,BV1pu4y1W7Fm,1,BV12qksBpEG1,1,0.40295,4
1784,3894,BV1v84y1X7Co,1,BV1oWZSYXE4m,1,0.41877,3
1784,4635,BV1v84y1X7Co,1,BV12qHfzmEeL,1,0.50094,1
1784,4795,BV1v84y1X7Co,1,BV1ayeozEEna,1,0.41529,4
1785,2429,BV14Q4y1H7Vc,1,BV1ubUNBUEjQ,1,0.49157,4
1785,2637,BV14Q4y1H7Vc,1,BV1fdCFY2EnM,1,0.47704,3
1785,3571,BV14Q4y1H7Vc,1,BV1yLjmzvEfu,1,0.51524,2
1786,2268,BV1gz4y1N7mr,1,BV1Jj421d7F9,1,0.48372,3
1786,2492,BV1gz4y1N7mr,1,BV1urwhePEjr,1,0.45734,4
1786,2949,BV1gz4y1N7mr,1,BV1xfDdYBELG,1,0.44109,3
1786,3216,BV1gz4y1N7mr,1,BV1zUxEeVEa5,1,0.52754,1
1786,4015,BV1gz4y1N7mr,1,BV1vYQ5YMErH,1,0.54334,1
1786,4124,BV1gz4y1N7mr,1,BV1XGAfeSE4J,1,0.45953,3
1786,4274,BV1gz4y1N7mr,1,BV1LhFueCEY2,1,0.34979,2
1786,4453,BV1gz4y1N7mr,1,BV1yXxZzpEVJ,1,0.5546,2
1786,4537,BV1gz4y1N7mr,1,BV1hdnZzXECY,1,0.48175,4
1786,4542,BV1gz4y1N7mr,1,BV1SGnJzBE2Q,1,0.46996,2
1786,4871,BV1gz4y1N7mr,1,BV1SptjzSEwB,1,0.40063,2
1786,4980,BV1gz4y1N7mr,1,BV1A1tRzEE8e,1,0.42445,4
1786,5154,BV1gz4y1N7mr,1,BV18383zzEPw,1,0.63147,1
1786,5832,BV1gz4y1N7mr,1,BV1YxmZBqEoy,1,0.46068,1
1787,2878,BV1dw411q7Ej,1,BV1KGUDYmE5W,1,0.389,2
1787,4922,BV1dw411q7Ej,1,BV1UAtfzYEmP,1,0.3598,4
1788,3682,BV16j411e7YY,1,BV1vCJwz8ETY,1,0.35923,4
1788,4915,BV16j411e7YY,1,BV1fFtZz1E2k,1,0.38976,3
1789,5171,BV1uj411v7HK,1,BV1z1bCzkEce,1,0.46451,2
1790,3659,BV1i94y157kZ,1,BV1h9JKzuEZ6,1,0.32383,4
1790,3965,BV1i94y157kZ,1,BV1Swo1YtEAm,1,0.34762,2
1790,4104,BV1i94y157kZ,1,BV1pCPjepE6o,1,0.44411,1
1791,2686,BV1zw411q7QA,1,BV1pzB7Y9ETx,1,0.61176,1
1791,3002,BV1zw411q7QA,1,BV16XSDYVEzW,1,0.52236,1
1791,3645,BV1zw411q7QA,1,BV1VDJLzAE45,1,0.45644,3
1791,3750,BV1zw411q7QA,1,BV1TEVHzoEJm,1,0.51672,4
1791,4025,BV1zw411q7QA,1,BV17yR8YoE6D,1,0.57502,4
1791,5146,BV1zw411q7QA,1,BV1kE8DzMEUX,1,0.42521,2
1791,5621,BV1zw411q7QA,1,BV17fz6BkEgz,1,0.5047,3
1792,2024,BV1wc411d7hJ,1,BV12Lvpe9Eeu,2,0.35236,3
1792,2386,BV1wc411d7hJ,1,BV1jm411D7CM,1,0.3526,2
1792,4300,BV1wc411d7hJ,1,BV1CBFHe4Ekm,1,0.33329,4
1793,3512,BV1Xw411B7ue,1,BV1ErMwzkEpq,1,0.44963,4
1793,4507,BV1Xw411B7ue,1,BV18MHxzbEau,1,0.39073,4
1793,5420,BV1Xw411B7ue,1,BV1WbfJB3ENL,1,0.46958,3
1793,5607,BV1Xw411B7ue,1,BV14bfZBREEn,1,0.48107,1
1794,2282,BV1vp4y1u7FC,1,BV1SJ4m1j7qe,1,0.37649,4
1794,2488,BV1vp4y1u7FC,1,BV1xPCGBnEs2,1,0.48083,1
1794,2691,BV1vp4y1u7FC,1,BV1gNBnYyEXu,1,0.3476,4
1794,3636,BV1vp4y1u7FC,1,BV1uDJazMEcB,1,0.46558,2
1794,5730,BV1vp4y1u7FC,1,BV1YVvDBJEXy,1,0.36281,2
1795,2271,BV1Pc411f7rF,1,BV1B6421F7KJ,1,0.3291,4
1795,4516,BV1Pc411f7rF,1,BV1chtGzZERi,1,0.35253,4
1795,4910,BV1Pc411f7rF,1,BV1qWbJzzE4c,1,0.40938,2
1796,1916,BV1nw411w7BL,1,BV1LP411b7bu,1,0.44203,4
1796,1976,BV1nw411w7BL,1,BV1Yh4y1N7C3,1,0.51202,1
1796,2034,BV1nw411w7BL,1,BV1dZ421T7vv,1,0.41452,2
1796,2462,BV1nw411w7BL,1,BV1zkeMzxEGt,1,0.41125,3
1796,4758,BV1nw411w7BL,1,BV17ShqzYEp8,1,0.40919,4
1796,5545,BV1nw411w7BL,1,BV1LRcLzRE3R,1,0.48733,2
1797,2126,BV1tN411W7Qj,1,BV1kT421D7YQ,1,0.55551,3
1797,3226,BV1tN411W7Qj,1,BV1mB4Se5Exa,1,0.43647,3
1797,3327,BV1tN411W7Qj,1,BV1RWpiekEkU,1,0.55509,4
1797,5044,BV1tN411W7Qj,1,BV1Cib3zbExf,1,0.57101,2
1798,2970,BV1wC4y1d7TF,1,BV1wCyBYPE2W,1,0.40835,3
1798,3245,BV1wC4y1d7TF,1,BV15tt2eEEKu,1,0.4026,4
1798,4263,BV1wC4y1d7TF,1,BV12vFZeNEZY,1,0.41946,2
1799,2215,BV1e84y1R7NR,1,BV1kJ4m1n7vw,1,0.41009,1
1799,2450,BV1e84y1R7NR,1,BV1pwy5BWER2,1,0.45334,1
1799,2961,BV1e84y1R7NR,1,BV1RCD2YoEXS,1,0.44304,2
1799,5398,BV1e84y1R7NR,1,BV14wPMzZEow,1,0.42012,2
1799,5651,BV1e84y1R7NR,1,BV17orDBrEst,1,0.34931,4
1800,4270,BV1yB4y1d7KL,1,BV1kiF7eGExo,1,0.38757,4
1801,2737,BV1bu4y1n7nR,1,BV19FzKYyEBJ,1,0.53538,3
1801,3352,BV1bu4y1n7nR,1,BV1HbpcepETH,1,0.54046,2
1801,5498,BV1bu4y1n7nR,1,BV1zAZ7B4Eev,1,0.6187,1
1801,5605,BV1bu4y1n7nR,1,BV1qJFizLEHZ,1,0.53524,4
1802,3410,BV12Q4y1p7CH,1,BV1Hom8BkErG,1,0.34217,4
1802,5363,BV12Q4y1p7CH,1,BV1MbPPz9ERz,1,0.36298,2
1803,2231,BV1Kw411z7Fi,1,BV15Z421h7VB,1,0.538,1
1803,2929,BV1Kw411z7Fi,1,BV1dMmaYCEfz,1,0.45808,4
1803,4206,BV1Kw411z7Fi,1,BV1xuN6eoEDL,1,0.48252,2
1803,4475,BV1Kw411z7Fi,1,BV1AzxLzAEKz,1,0.47538,3
1803,5567,BV1Kw411z7Fi,1,BV1XbcYzvEXV,1,0.4075,3
1804,2697,BV16c411o7u8,1,BV1GpqfYXEUH,1,0.4588,3
1804,2737,BV16c411o7u8,1,BV19FzKYyEBJ,1,0.47462,2
1804,2836,BV16c411o7u8,1,BV1MczFYDEYs,1,0.41016,4
1804,3469,BV16c411o7u8,1,BV1xJNpziELD,1,0.42445,3
1804,4127,BV16c411o7u8,1,BV1VaPuemEJi,1,0.50147,1
1804,5726,BV16c411o7u8,1,BV1DpvaB8Ehf,1,0.3465,4
1805,2455,BV1QQ4y1s7tH,1,BV1avUVB2Epw,1,0.34174,4
1805,3236,BV1QQ4y1s7tH,1,BV1DhtyeBEBa,1,0.52881,4
1805,3454,BV1QQ4y1s7tH,1,BV1yGKmz3Eyi,1,0.55654,1
1805,3540,BV1QQ4y1s7tH,1,BV1R3TazSEWM,1,0.3976,1
1805,4017,BV1QQ4y1s7tH,1,BV1x7R5YFEKQ,1,0.41482,1
1805,4440,BV1QQ4y1s7tH,1,BV1RhxvzuEWG,1,0.45859,1
1805,4759,BV1QQ4y1s7tH,1,BV1WMhCzREfQ,1,0.51165,4
1805,4837,BV1QQ4y1s7tH,1,BV1L7YJzEEuz,1,0.33001,4
1805,4890,BV1QQ4y1s7tH,1,BV1UdbtzSEwq,1,0.49898,2
1805,5104,BV1QQ4y1s7tH,1,BV1t8hxz2EBW,1,0.47588,3
1806,2166,BV1u94y1L7Rg,1,BV1cM4m1Z7bx,1,0.43226,2
1806,3658,BV1u94y1L7Rg,1,BV186JtztET6,1,0.41425,1
1806,4131,BV1u94y1L7Rg,1,BV13UPKeuEmi,1,0.41989,3
1806,4241,BV1u94y1L7Rg,1,BV12s411q7Br,1,0.44101,1
1807,1820,BV1EM411R7t6,1,BV1gy4y1K7z2,2,0.38447,1
1807,2832,BV1EM411R7t6,1,BV174zVYgEoi,1,0.36785,3
1807,3652,BV1EM411R7t6,1,BV1C9EdzbEPP,2,0.3666,4
1808,2000,BV1DM41197je,1,BV148V7eWE2D,1,0.46543,3
1808,2490,BV1DM41197je,1,BV1GfrVYKEc2,1,0.48398,3
1808,2739,BV1DM41197je,1,BV1qvz6YUEXN,1,0.44837,3
1808,2796,BV1DM41197je,1,BV1smi1YNEwG,1,0.36863,4
1808,5737,BV1DM41197je,1,BV1AWvWBZEE2,1,0.55099,1
1808,5840,BV1DM41197je,1,BV1th2LBgEgk,1,0.43719,4
1809,1941,BV1cp4y1M78U,1,BV1vR4y1D77R,1,0.59013,1
1809,3164,BV1cp4y1M78U,1,BV1bw4geiEbd,1,0.53902,4
1809,5798,BV1cp4y1M78U,1,BV1a12tBEE3N,1,0.53233,2
1810,2657,BV1Ww41167Yo,1,BV18nCjY1E1H,1,0.36085,2
1810,4691,BV1Ww41167Yo,1,BV1C9YGz6EwJ,1,0.33796,4
1810,4954,BV1Ww41167Yo,1,BV1rYtdzLEee,1,0.33814,3
1811,3521,BV1vw411X7Yg,1,BV1VKMnzEEHT,1,0.37911,3
1811,5100,BV1vw411X7Yg,1,BV18b8JzFEwy,1,0.36952,3
1811,5503,BV1vw411X7Yg,1,BV1cUZyBrEAZ,1,0.41903,1
1811,5574,BV1vw411X7Yg,1,BV1GhFmzqE7M,1,0.38233,2
1811,5693,BV1vw411X7Yg,1,BV1AwrNBQE5w,1,0.37661,4
1812,2120,BV1Ty4y1N7cz,1,BV15J4m1N79f,1,0.93712,1
1812,2128,BV1Ty4y1N7cz,1,BV1cA4m1G7Hf,1,0.92134,4
1812,2846,BV1Ty4y1N7cz,1,BV1hPBCYCEdr,1,0.89128,2
1812,3739,BV1Ty4y1N7cz,1,BV1avVwz5EGX,1,0.86251,4
1812,3828,BV1Ty4y1N7cz,1,BV16iLVzFEem,1,0.89453,2
1812,3839,BV1Ty4y1N7cz,1,BV1DQ5xzCE54,1,0.92848,3
1812,3871,BV1Ty4y1N7cz,1,BV1GydaYbEUZ,1,0.89111,3
1812,4237,BV1Ty4y1N7cz,1,BV1uuNWeXE5n,1,0.95335,1
1812,4732,BV1Ty4y1N7cz,1,BV1F2a3zYECH,1,0.87094,2
1812,5128,BV1Ty4y1N7cz,1,BV1uU8CzeEjg,1,0.90463,2
1812,5494,BV1Ty4y1N7cz,1,BV1yjZ8BKE76,1,0.69203,3
1813,2380,BV1XG41127W7,1,BV14S421K7y5,1,0.49131,1
1813,3367,BV1XG41127W7,1,BV1M4HveZE2j,1,0.43088,4
1813,3596,BV1XG41127W7,1,BV1h6jpzGEcb,1,0.45038,3
1814,3201,BV1Eh4y1B7Lu,1,BV1vaxPeZEfJ,1,0.85421,4
1815,2115,BV1MN4y1C7oB,1,BV1vE421G7AX,1,0.47429,3
1815,2300,BV1MN4y1C7oB,1,BV1iz421R7xh,1,0.50952,4
1815,2912,BV1MN4y1C7oB,1,BV1fiUaYEEv4,1,0.47444,3
1815,3224,BV1MN4y1C7oB,1,BV1jushevEb1,1,0.55479,2
1815,3489,BV1MN4y1C7oB,1,BV1VeMqzPE2m,1,0.66673,1
1815,5203,BV1MN4y1C7oB,1,BV1CPM9zZEjt,1,0.52159,2
1816,2983,BV1o34y1g7Nv,1,BV15fSZYpEkv,1,0.48261,2
1816,3380,BV1o34y1g7Nv,1,BV1DjnfefEdU,1,0.49859,1
1816,3613,BV1o34y1g7Nv,1,BV1oVjZz2E86,1,0.39808,3
1816,4053,BV1o34y1g7Nv,1,BV1N9K5eREDo,1,0.49609,4
1816,5412,BV1o34y1g7Nv,1,BV1FUfqBHEd8,1,0.54116,1
1816,5484,BV1o34y1g7Nv,1,BV1FAZKBZEtk,1,0.45475,2
1816,5846,BV1o34y1g7Nv,1,BV1UWUxBkEW5,1,0.51203,2
1817,2628,BV17N4y1C7jH,1,BV1hQk4Y3EJY,1,0.38538,1
1817,2695,BV17N4y1C7jH,1,BV1LJqfYRELH,1,0.3675,3
1817,2705,BV17N4y1C7jH,1,BV1jaBEYEE7x,1,0.37184,2
1817,5756,BV17N4y1C7jH,1,BV1gHBjBoE6A,1,0.33984,4
1818,5370,BV16Q4y1s7ZG,1,BV18wf1BRE1i,1,0.51427,1
1818,5502,BV16Q4y1s7ZG,1,BV19oZKBDEBM,1,0.43687,3
1818,5846,BV16Q4y1s7ZG,1,BV1UWUxBkEW5,1,0.43349,4
1819,2088,BV1gy4y1K7z2,1,BV1H7KkeKEd3,1,0.45568,3
1819,2147,BV1gy4y1K7z2,1,BV1Nx4y1q7NW,1,0.41377,1
1819,3900,BV1gy4y1K7z2,1,BV1ztZ9YiErB,1,0.40653,3
1819,4258,BV1gy4y1K7z2,1,BV1HHFCemECP,1,0.41916,2
1819,4396,BV1gy4y1K7z2,1,BV1aiWpz8E5c,1,0.34706,4
1819,4522,BV1gy4y1K7z2,1,BV1ybn2zrEHu,1,0.47198,2
1819,5740,BV1gy4y1K7z2,1,BV1hTiTBtEza,1,0.38149,4
1820,1997,BV1gy4y1K7z2,2,BV1kceme7EJL,1,0.3793,2
1820,2089,BV1gy4y1K7z2,2,BV1Lf42127TE,1,0.43281,2
1820,2832,BV1gy4y1K7z2,2,BV174zVYgEoi,1,0.43122,1
1820,4510,BV1gy4y1K7z2,2,BV1eCn9zLExc,1,0.43086,4
1821,1887,BV1Th4y1B7pN,1,BV1DK4y1F72Z,1,0.43796,3
1821,1920,BV1Th4y1B7pN,1,BV1aF411U7fA,1,0.54504,2
1821,3224,BV1Th4y1B7pN,1,BV1jushevEb1,1,0.54322,3
1821,4357,BV1Th4y1B7pN,1,BV1EwfeY2EEP,1,0.53918,4
1821,5815,BV1Th4y1B7pN,1,BV1ysmiBZEre,1,0.47337,4
1822,2140,BV16w411C7sD,1,BV1qM4m1d7eN,1,0.46822,4
1822,3316,BV16w411C7sD,1,BV1oRpneKEwF,1,0.51808,1
1822,3379,BV16w411C7sD,1,BV1oNsJeBESv,1,0.51387,2
1822,3560,BV16w411C7sD,1,BV1Y3jhzNEWv,1,0.44023,2
1823,2131,BV1Wj411b7MM,1,BV1Q4421f7oB,1,0.47654,4
1823,2208,BV1Wj411b7MM,1,BV12m421W7j8,1,0.37946,2
1823,4400,BV1Wj411b7MM,1,BV19pWzzVEKx,1,0.48172,3
1823,4735,BV1Wj411b7MM,1,BV19ZauzjEz3,1,0.53155,1
1824,2569,BV13m4y1V7X7,1,BV12Tr5YfEnv,1,0.41151,1
1824,3707,BV13m4y1V7X7,1,BV1FuVrzvEc2,1,0.39668,2
1825,2989,BV1xF41127Ae,1,BV1u2SVYXE65,1,0.38074,3
1826,2959,BV1er4y1f7WE,1,BV1yUDoYPEF2,1,0.43912,2
1826,3016,BV1er4y1f7WE,1,BV1Gy2bYbE8u,1,0.4176,3
1826,4250,BV1er4y1f7WE,1,BV1ugFfe3Edr,1,0.45372,1
1827,1984,BV1WG41127mP,1,BV1awCjBMEpp,1,0.54948,2
1827,3313,BV1WG41127mP,1,BV1ob4YejEjd,1,0.35523,4
1827,3908,BV1WG41127mP,1,BV1V4ZfYkEkX,1,0.43551,4
1827,4185,BV1WG41127mP,1,BV1kQNme3EMz,1,0.45123,4
1827,5349,BV1WG41127mP,1,BV1iDAzzaEDq,1,0.39561,4
1827,5552,BV1WG41127mP,1,BV1cEZjBtEqF,1,0.55463,3
1828,2819,BV1DH4y1d7m1,1,BV1iNzdYsEny,1,0.44719,1
1828,4202,BV1DH4y1d7m1,1,BV1uzKGe4Ey6,1,0.41834,3
1828,4541,BV1DH4y1d7m1,1,BV1wnWVzSErT,1,0.41411,4
1829,2324,BV1iw411c7Gn,1,BV12r421s7jK,1,0.77375,2
1829,2529,BV1iw411c7Gn,1,BV12TC4YNEKG,1,0.78799,1
1829,2955,BV1iw411c7Gn,1,BV1QVD2Y7EHo,1,0.59197,3
1829,2975,BV1iw411c7Gn,1,BV1muDMYiEYV,1,0.74953,2
1829,3274,BV1iw411c7Gn,1,BV1Z84ZeQEBR,1,0.62486,3
1829,3310,BV1iw411c7Gn,1,BV1LM4CerEbU,1,0.64343,1
1829,4025,BV1iw411c7Gn,1,BV17yR8YoE6D,1,0.69454,4
1829,4713,BV1iw411c7Gn,1,BV1rEbWzbEQN,1,0.4445,4
1829,5121,BV1iw411c7Gn,1,BV1pqhWzPEgv,1,0.68055,3
1829,5134,BV1iw411c7Gn,1,BV1NX8EzREuk,1,0.75286,3
1829,5588,BV1iw411c7Gn,1,BV1zLFPzZE41,1,0.55162,1
1829,5599,BV1iw411c7Gn,1,BV1AokgBVEDi,1,0.70668,4
1829,5677,BV1iw411c7Gn,1,BV1FGi9BrE3P,1,0.65392,4
1829,5789,BV1iw411c7Gn,1,BV1vqBMBCETk,1,0.64506,3
1830,2070,BV1i84y127sy,1,BV1dx4y1J7pf,1,0.5744,2
1830,2819,BV1i84y127sy,1,BV1iNzdYsEny,1,0.51562,4
1830,2826,BV1i84y127sy,1,BV1i8zpYFErF,1,0.52592,3
1830,3837,BV1i84y127sy,1,BV1eu5EzFEv4,1,0.4644,3
1830,4757,BV1i84y127sy,1,BV1yceUz1EL8,1,0.37245,4
1830,5210,BV1i84y127sy,1,BV1vtgizKEvq,1,0.46149,3
1830,5744,BV1i84y127sy,1,BV1XjBjBFE79,1,0.57739,1
1831,1879,BV11j411b7Yj,1,BV1wz4y1G7Zm,1,0.45394,2
1831,2511,BV11j411b7Yj,1,BV1c9cReJEkn,1,0.47531,2
1831,3935,BV11j411b7Yj,1,BV1cTZaYrE3H,1,0.47235,3
1831,4066,BV11j411b7Yj,1,BV1FT9rYZE84,1,0.42529,4
1831,4647,BV11j411b7Yj,1,BV1EAYLzGE4f,1,0.44648,3
1832,2601,BV1u34y1g7tt,1,BV1sd6gY2EJr,1,0.43885,4
1832,2975,BV1u34y1g7tt,1,BV1muDMYiEYV,1,0.60702,1
1832,3251,BV1u34y1g7tt,1,BV1SVtVeUE9X,1,0.40024,4
1832,4043,BV1u34y1g7tt,1,BV167AxeMEbB,1,0.60034,2
1832,4640,BV1u34y1g7tt,1,BV1xXpEzuEQ6,1,0.46302,2
1832,4841,BV1u34y1g7tt,1,BV11KenzBEyR,1,0.57549,3
1833,3981,BV11p4y1u72v,1,BV1ZpQcYqEzM,1,0.41389,3
1833,4843,BV11p4y1u72v,1,BV1r7enzcE48,1,0.3727,3
1833,5139,BV11p4y1u72v,1,BV1gG72zkEFk,1,0.45552,1
1833,5596,BV11p4y1u72v,1,BV1JPFEzYELd,1,0.40115,4
1833,5769,BV11p4y1u72v,1,BV1afBtBcE6k,1,0.36923,4
1834,2010,BV1NG41127je,1,BV1VEvkesEaZ,1,0.35504,4
1834,5107,BV1NG41127je,1,BV1gcKmzSEzH,1,0.36122,3
1835,1910,BV1Cw411c7Ek,1,BV16k4y1s7mj,1,0.49032,2
1835,2116,BV1Cw411c7Ek,1,BV1xf421m7Ni,1,0.52324,2
1835,2269,BV1Cw411c7Ek,1,BV1sH4y1p7Dy,1,0.502,4
1835,2405,BV1Cw411c7Ek,1,BV1Jz421d7bj,1,0.45658,4
1835,2490,BV1Cw411c7Ek,1,BV1GfrVYKEc2,1,0.51977,3
1835,4122,BV1Cw411c7Ek,1,BV12sAferEFL,1,0.51501,4
1835,5114,BV1Cw411c7Ek,1,BV1eghWzQEEQ,1,0.57049,1
1836,1998,BV1N8411y7SR,1,BV1ry411e7hw,1,0.47423,2
1836,2170,BV1N8411y7SR,1,BV1or421E7un,1,0.49091,1
1836,4872,BV1N8411y7SR,1,BV1cVNvzFEs8,1,0.57148,1
1837,3034,BV1dc411J7nf,1,BV1eJymYrEvA,1,0.58061,3
1837,3180,BV1dc411J7nf,1,BV1GpTVeVEW2,1,0.57319,2
1837,3341,BV1dc411J7nf,1,BV1FGHDeWEjC,1,0.52776,4
1837,4419,BV1dc411J7nf,1,BV1VU4bz4EB5,1,0.37255,3
1837,4841,BV1dc411J7nf,1,BV11KenzBEyR,1,0.60108,1
1837,5676,BV1dc411J7nf,1,BV1iM6QBgEbs,1,0.51541,1
1838,2087,BV1UX4y1b7et,1,BV14i421D75s,1,0.43048,4
1838,3803,BV1UX4y1b7et,1,BV1WWLRzJEuj,1,0.5175,4
1838,4695,BV1UX4y1b7et,1,BV1aVYVzoE6P,2,0.57057,1
1838,4703,BV1UX4y1b7et,1,BV1hHYKzMEDT,1,0.42988,4
1838,5065,BV1UX4y1b7et,1,BV1GktbzsEhs,1,0.56249,1
1839,3322,BV1ZN411P7JT,1,BV1PwHjeAEJF,1,0.53407,1
1839,3981,BV1ZN411P7JT,1,BV1ZpQcYqEzM,1,0.49864,2
1839,5413,BV1ZN411P7JT,1,BV1SJ6BBsEet,1,0.39543,3
1840,3102,BV1dA411y7ML,1,BV1xdtCeaEZF,1,0.44883,1
1840,4000,BV1dA411y7ML,1,BV12KQyYMEXm,1,0.39354,4
1841,2788,BV1yP4y1M79k,1,BV1cjiiYvEFC,1,0.55558,4
1841,2853,BV1yP4y1M79k,1,BV1ZGBHYZERU,1,0.489,4
1841,2991,BV1yP4y1M79k,1,BV1cZSnYbEd5,1,0.53692,4
1841,3445,BV1yP4y1M79k,1,BV13ik6BuEmW,1,0.51192,3
1841,4339,BV1yP4y1M79k,1,BV1LucAetETn,1,0.45971,2
1841,4403,BV1yP4y1M79k,1,BV1CDWCzrEfL,1,0.57726,4
1841,5281,BV1yP4y1M79k,1,BV18qG5zqEGC,1,0.55429,4
1842,3401,BV15x4y1T7Wa,1,BV1wrH5eZEBQ,1,0.3956,2
1843,1976,BV1SY4y1w7Gb,1,BV1Yh4y1N7C3,1,0.52506,3
1843,2936,BV1SY4y1w7Gb,1,BV1pAS2YwEsh,1,0.55051,1
1843,4475,BV1SY4y1w7Gb,1,BV1AzxLzAEKz,1,0.53127,2
1844,1986,BV1Ab4y1p7aN,1,BV1NykSBREhX,1,0.37586,2
1844,2289,BV1Ab4y1p7aN,1,BV1Fi421d7j9,1,0.35171,3
1844,5627,BV1Ab4y1p7aN,1,BV12X6CBTErB,1,0.3513,4
1845,2545,BV14v4y1h7Ew,1,BV19KcGenEyU,1,0.4528,1
1845,2734,BV14v4y1h7Ew,1,BV1MTqGY7EGP,1,0.3933,4
1846,2053,BV1Ja4y1g7WK,1,BV1d4VveEEwS,1,0.44102,2
1846,2082,BV1Ja4y1g7WK,1,BV1JEKQeWEtx,1,0.33469,3
1846,2383,BV1Ja4y1g7WK,1,BV1Xj421X7Hm,1,0.47229,1
1846,3252,BV1Ja4y1g7WK,1,BV1SitZerE97,1,0.4177,3
1846,4977,BV1Ja4y1g7WK,1,BV1uKtSz6EgF,1,0.44112,2
1846,5141,BV1Ja4y1g7WK,1,BV13t8GzmEpA,1,0.3557,3
1847,3333,BV1Tk4y1L7HA,1,BV1XVpte7EQX,1,0.50118,1
1847,3338,BV1Tk4y1L7HA,1,BV1WxHQeYEdJ,1,0.45259,1
1847,3760,BV1Tk4y1L7HA,1,BV1iMG6zpExH,1,0.4431,1
1847,4806,BV1Tk4y1L7HA,1,BV1WCe2zuEPG,1,0.40035,3
1847,5102,BV1Tk4y1L7HA,1,BV1f5t3zSEcC,1,0.42511,4
1848,4900,BV1uu4y1s7fu,1,BV1EKbsz4Etq,1,0.45692,2
1848,4921,BV1uu4y1s7fu,1,BV1QBtSzmEHp,1,0.44189,3
1848,4949,BV1uu4y1s7fu,1,BV1ratZz9Ekk,1,0.45772,1
1849,1995,BV1434y1A7VF,1,BV1KJveeQEgf,1,0.50568,1
1849,2490,BV1434y1A7VF,1,BV1GfrVYKEc2,1,0.44291,3
1849,5478,BV1434y1A7VF,1,BV1nBZSBXEu8,1,0.39982,3
1850,2062,BV1Zw411a71V,1,BV12f421X73R,1,0.4629,3
1850,2587,BV1Zw411a71V,1,BV19jr4Y3EGr,1,0.43914,4
1850,3257,BV1Zw411a71V,1,BV1sht4eyEv6,1,0.33872,4
1850,4458,BV1Zw411a71V,1,BV1cux9zTEi3,1,0.39501,4
1851,2113,BV1e94y1h73Y,1,BV1yM4m1C7Gn,1,0.52876,1
1851,2592,BV1e94y1h73Y,1,BV1H9ktYfEhi,1,0.41745,3
1851,3936,BV1e94y1h73Y,1,BV13Uo4Y5E2M,1,0.38968,4
1851,4610,BV1e94y1h73Y,1,BV1UaWNzuEd7,1,0.32528,2
1851,5244,BV1e94y1h73Y,1,BV1LDuHzcEni,1,0.3888,4
1852,1859,BV1Xh4y167Hb,1,BV1Au4y1x7cs,1,0.46778,3
1852,1892,BV1Xh4y167Hb,1,BV1ow41127GW,1,0.63246,1
1852,1945,BV1Xh4y167Hb,1,BV1iN4y197eh,1,0.56441,1
1852,2099,BV1Xh4y167Hb,1,BV1Vi421Q7L9,1,0.56097,2
1852,3612,BV1Xh4y167Hb,1,BV1SyjezMEuu,1,0.49034,4
1852,3989,BV1Xh4y167Hb,1,BV1ijQBYTENs,1,0.58409,1
1852,4217,BV1Xh4y167Hb,1,BV1h8Noe7ERt,1,0.54278,2
1852,5061,BV1Xh4y167Hb,1,BV1M9bNzXEc6,1,0.48062,4
1853,1891,BV1aN4y1Z78L,1,BV1d94y1p7WQ,1,0.43368,3
1853,2013,BV1aN4y1Z78L,1,BV1Xi421h7xa,1,0.43101,4
1853,4144,BV1aN4y1Z78L,1,BV1DSApeUEH2,1,0.49719,1
1854,2338,BV18B4y1Z7g8,1,BV1BJ4m1Y7vT,1,0.40695,4
1854,3924,BV18B4y1Z7g8,1,BV1h5ZAYVEyD,1,0.48665,3
1854,4836,BV18B4y1Z7g8,1,BV1C1ejzxERZ,1,0.60115,3
1854,5573,BV18B4y1Z7g8,1,BV1CiFXzBEth,1,0.62432,2
1855,2417,BV1gm4y1g7vN,1,BV1Wv421y7gC,1,0.35105,4
1855,3498,BV1gm4y1g7vN,1,BV1pFMbzsE9f,1,0.32233,4
1855,5043,BV1gm4y1g7vN,1,BV1Fsb5zeEmq,1,0.35961,3
1855,5754,BV1gm4y1g7vN,1,BV1scmcBtEcU,1,0.40651,1
1856,4393,BV1fp4y1M79a,1,BV1en4qzmEoL,1,0.40974,3
1856,4425,BV1fp4y1M79a,1,BV1iPxozTEkc,1,0.44805,2
1857,4329,BV1WN4y1y7AS,1,BV1PNfkY2E56,1,0.41643,3
1857,5366,BV1WN4y1y7AS,1,BV1LBP5ztEAP,1,0.442,1
1858,2606,BV1GP411h7ZS,1,BV1zk6EYtEx9,1,0.34116,4
1858,3650,BV1GP411h7ZS,1,BV1cMEQzyEee,1,0.44138,1
1858,3923,BV1GP411h7ZS,1,BV1i2o9Y8EGf,1,0.33407,4
1858,5223,BV1GP411h7ZS,1,BV1B8Etz3EBS,1,0.41676,4
1859,2099,BV1Au4y1x7cs,1,BV1Vi421Q7L9,1,0.48265,2
1859,2885,BV1Au4y1x7cs,1,BV1XAyUY3Ed5,1,0.45286,4
1859,4119,BV1Au4y1x7cs,1,BV1i8ADeKErD,1,0.54761,1
1860,2069,BV1Jw411c7zb,1,BV1vRuVeYE9t,1,0.45353,4
1860,3032,BV1Jw411c7zb,1,BV1jR1HY1EGU,1,0.52769,2
1860,3342,BV1Jw411c7zb,1,BV1mhHUeaE2H,1,0.33048,4
1860,3587,BV1Jw411c7zb,1,BV1fT7rz6EF3,1,0.48409,3
1860,4167,BV1Jw411c7zb,1,BV1hfNzeeEFT,1,0.45963,4
1861,2420,BV1n84y1m73e,1,BV1C7421N78r,1,0.62381,2
1861,2523,BV1n84y1m73e,1,BV1qGc8egEnj,1,0.69764,1
1861,3052,BV1n84y1m73e,1,BV1M2yGYKEYN,1,0.67561,2
1861,4347,BV1n84y1m73e,1,BV13VfpYzEC5,1,0.66428,3
1862,4650,BV1Yz4y1F7x5,1,BV1TNYvzkEh1,1,0.39191,2
1862,5138,BV1Yz4y1F7x5,1,BV1oShAzeEgR,1,0.37338,4
1862,5417,BV1Yz4y1F7x5,1,BV1ugZRB7EZZ,1,0.38897,3
1862,5772,BV1Yz4y1F7x5,1,BV1fyBqBhEsz,1,0.38304,3
1863,2601,BV1mh4y1B74p,1,BV1sd6gY2EJr,1,0.44156,3
1863,3642,BV1mh4y1B74p,1,BV1AEJnz8EuN,1,0.46325,3
1863,3653,BV1mh4y1B74p,1,BV1M6JNzFEFR,1,0.57717,1
1863,3802,BV1mh4y1B74p,1,BV1TS5yzZEnZ,1,0.55741,3
1863,4043,BV1mh4y1B74p,1,BV167AxeMEbB,1,0.55317,4
1864,1957,BV1Vj411b7XE,1,BV1KH4y1X7wZ,1,0.35495,3
1864,2998,BV1Vj411b7XE,1,BV16NSZYbEz4,1,0.38449,1
1864,5247,BV1Vj411b7XE,1,BV133GVziEhM,1,0.37312,2
1865,2839,BV1LV411c7sn,1,BV1h8zzYPEqs,1,0.4724,1
1865,3749,BV1LV411c7sn,1,BV1wDVFzxEov,1,0.41283,4
1865,4011,BV1LV411c7sn,1,BV1iDQpYZENu,1,0.42573,3
1866,2922,BV1Fj411h7Ub,1,BV1fKmeYXE4b,1,0.37842,4
1866,3297,BV1Fj411h7Ub,1,BV1BStMeSEt2,1,0.37429,4
1866,3794,BV1Fj411h7Ub,1,BV1awjwzmEjW,1,0.43033,3
1866,4434,BV1Fj411h7Ub,1,BV1qH4TzvEGG,1,0.35567,3
1866,4855,BV1Fj411h7Ub,1,BV12tehzPEP8,2,0.45981,1
1866,5171,BV1Fj411h7Ub,1,BV1z1bCzkEce,1,0.41176,4
1866,5592,BV1Fj411h7Ub,1,BV1QNFGzqEVN,1,0.38712,2
1866,5600,BV1Fj411h7Ub,1,BV1SKFkzEEzp,1,0.43943,2
1867,4698,BV19w411C77Z,1,BV1dWYGzcEqQ,1,0.41231,1
1868,3143,BV1Pw411y7iT,1,BV1q91dYVESq,1,0.484,1
1868,3860,BV1Pw411y7iT,1,BV1M8dkYUEUS,1,0.46006,4
1869,2138,BV11z4y1G78k,1,BV1pt411G7Rh,1,0.35925,3
1869,3027,BV11z4y1G78k,1,BV1cX1xYYEWh,1,0.37522,2
1869,5580,BV11z4y1G78k,1,BV1R8cczyEzy,2,0.35553,4
1870,2264,BV13j411b7az,1,BV1cy4y1A7cj,1,0.3917,3
1870,2787,BV13j411b7az,1,BV1G8iRYBEw5,1,0.42076,4
1870,4133,BV13j411b7az,1,BV1KnNWeLEpv,1,0.5478,3
1870,4276,BV13j411b7az,1,BV1EJFTeVEUj,1,0.57938,1
1870,4308,BV13j411b7az,1,BV1qWFtecEHF,1,0.47128,3
1870,4403,BV13j411b7az,1,BV1CDWCzrEfL,1,0.56376,2
1870,5406,BV13j411b7az,1,BV1h1fiBeEJA,1,0.54672,4
1871,2008,BV1wj411b7YM,1,BV13Mv1efEwe,1,0.48131,2
1871,2452,BV1wj411b7YM,1,BV1kLyuBuEdz,1,0.49622,1
1871,2707,BV1wj411b7YM,1,BV1AoBTYaERc,1,0.42327,4
1871,3075,BV1wj411b7YM,1,BV1sGyGYbEZo,1,0.36934,4
1871,3209,BV1wj411b7YM,1,BV1RfsdeTE6L,1,0.44304,4
1871,4449,BV1wj411b7YM,1,BV1Gaxyz8EzZ,1,0.38197,1
1871,5306,BV1wj411b7YM,1,BV13UAkzhEPa,1,0.47345,3
1871,5550,BV1wj411b7YM,1,BV13dZLBVEsV,1,0.42312,1
1872,3165,BV1Qu4y1s7vY,1,BV1FBxZeWEE2,1,0.37945,3
1872,4472,BV1Qu4y1s7vY,1,BV147H5z9Ese,1,0.38983,1
1872,4873,BV1Qu4y1s7vY,1,BV1fneuzbE52,1,0.37909,4
1872,4912,BV1Qu4y1s7vY,1,BV1yLtSzYE3s,1,0.38803,2
1873,2565,BV1Hj411b7Qw,1,BV1iFraYtE4j,1,0.48333,1
1873,3821,BV1Hj411b7Qw,1,BV1mnLVzgEHi,1,0.52536,1
1873,4054,BV1Hj411b7Qw,1,BV1a498YLEg3,1,0.45645,1
1874,1982,BV1iF411S7Lp,1,BV1wnCtBREUx,1,0.36396,4
1874,4209,BV1iF411S7Lp,1,BV1zfNSe5ELh,1,0.39524,1
1874,5535,BV1iF411S7Lp,1,BV1LkFxzSEk5,1,0.36588,3
1874,5732,BV1iF411S7Lp,1,BV1DDmeBAEnQ,1,0.3819,2
1875,4120,BV1tu4y147HL,1,BV1r7AUeiEVE,1,0.32593,4
1875,4720,BV1tu4y147HL,1,BV14MahzcEab,1,0.35276,2
1875,5538,BV1tu4y147HL,1,BV1MhzfByEiw,1,0.36366,1
1876,3589,BV1G94y1Y7hK,1,BV1dqjBzbE6g,1,0.42938,4
1876,4334,BV1G94y1Y7hK,1,BV1j3ffY2E9S,1,0.43367,1
1876,4363,BV1G94y1Y7hK,1,BV12jf8YSE5P,1,0.4306,3
1876,5269,BV1G94y1Y7hK,1,BV19A3Tz9EPe,1,0.36998,2
1877,2276,BV1gH4y1Z7Rw,1,BV1sa4y1r7Jr,1,0.3827,4
1877,4650,BV1gH4y1Z7Rw,1,BV1TNYvzkEh1,1,0.38629,2
1878,3927,BV14p4y137hV,1,BV1DkZ6YUEs5,1,0.49541,3
1878,4294,BV14p4y137hV,1,BV1JPFherEnF,1,0.56918,1
1879,2019,BV1wz4y1G7Zm,1,BV1yi421h7rP,1,0.51625,1
1879,2433,BV1wz4y1G7Zm,1,BV1XYUwBEEzQ,1,0.41311,4
1879,4066,BV1wz4y1G7Zm,1,BV1FT9rYZE84,1,0.44946,2
1880,3462,BV18m4y1V7Wc,1,BV1rSNyzxEkd,1,0.46611,2
1880,3696,BV18m4y1V7Wc,1,BV1brVozZEix,1,0.49147,1
1880,4431,BV18m4y1V7Wc,1,BV1Z843z1E9o,1,0.40591,4
1880,5450,BV18m4y1V7Wc,1,BV12LZaByELD,1,0.40735,3
1881,2769,BV1hN411n7wH,1,BV18FifYyEm3,1,0.48272,2
1881,3552,BV1hN411n7wH,1,BV1HATRzsEsU,1,0.47912,3
1881,3679,BV1hN411n7wH,1,BV1AuVpzXE9P,1,0.34559,1
1881,3896,BV1hN411n7wH,1,BV196RZYAE54,1,0.45244,4
1882,1942,BV1e841117MV,1,BV1F34y1t7Jz,1,0.40214,2
1882,3433,BV1e841117MV,1,BV1ajSaBvE6r,1,0.36964,2
1882,3995,BV1e841117MV,1,BV1oXQmYYEsp,1,0.40052,3
1882,5495,BV1e841117MV,1,BV1jTZbBWE2W,1,0.40376,1
1882,5780,BV1e841117MV,1,BV1VnmcByE4F,1,0.37934,4
1883,2038,BV1Sj411t7yR,1,BV14h8CeiEKZ,1,0.41829,3
1883,2451,BV1Sj411t7yR,1,BV1j9ycB3ENV,1,0.57705,3
1883,2782,BV1Sj411t7yR,1,BV1ZPiUYwEtY,1,0.60627,1
1883,2811,BV1Sj411t7yR,1,BV1WB6FYEEEu,1,0.50924,2
1883,3302,BV1Sj411t7yR,1,BV1en4femE9c,1,0.57169,4
1883,4126,BV1Sj411t7yR,1,BV1KvAJeaEG7,1,0.46139,4
1883,4514,BV1Sj411t7yR,1,BV1nJHHzvEmx,1,0.51088,4
1883,5331,BV1Sj411t7yR,1,BV1zwA5zFEgd,1,0.52723,3
1884,2168,BV1er4y1f7MY,1,BV1XT421C7Up,1,0.35482,1
1884,2733,BV1er4y1f7MY,1,BV1XCq5Y8EF4,1,0.42295,4
1884,2848,BV1er4y1f7MY,1,BV16MB9YDE3n,1,0.48507,1
1885,2205,BV1Nw411Y7BL,1,BV1Sm421W74R,1,0.48415,2
1885,3360,BV1Nw411Y7BL,1,BV1D7HyeRE26,1,0.49223,3
1885,3829,BV1Nw411Y7BL,1,BV1d6Z2Y5Eye,1,0.52113,4
1885,5338,BV1Nw411Y7BL,1,BV1mScqzqE2X,1,0.47704,1
1885,5452,BV1Nw411Y7BL,1,BV1W3f3BDEpg,1,0.39137,1
1886,2485,BV1K8411i7CJ,1,BV1NbC1BVEnS,1,0.42507,1
1886,2946,BV1K8411i7CJ,1,BV1yLDkY8Ev6,1,0.42267,2
1886,5524,BV1K8411i7CJ,1,BV19NZ1BfEcK,1,0.36883,2
1887,4357,BV1DK4y1F72Z,1,BV1EwfeY2EEP,1,0.44007,2
1887,5468,BV1DK4y1F72Z,1,BV1QgZiBeEen,1,0.43782,4
1887,5730,BV1DK4y1F72Z,1,BV1YVvDBJEXy,1,0.34704,3
1888,2972,BV1kj41187cv,1,BV1i2D5YvEBB,1,0.35789,1
1888,4993,BV1kj41187cv,1,BV1EgtXzeE4k,1,0.34019,2
1888,5755,BV1kj41187cv,1,BV1W7m3B4E1e,1,0.32264,3
1889,2033,BV1CC4y1Z7uk,1,BV12H4y1c78a,1,0.56212,1
1889,2145,BV1CC4y1Z7uk,1,BV1gZ421J7xG,1,0.42192,1
1889,2215,BV1CC4y1Z7uk,1,BV1kJ4m1n7vw,1,0.40267,2
1889,3050,BV1CC4y1Z7uk,1,BV1F2yiYWEhG,1,0.47637,4
1889,4291,BV1CC4y1Z7uk,1,BV1wpFaeEEPx,1,0.46247,3
1889,4744,BV1CC4y1Z7uk,1,BV1vYhizsEAd,1,0.4406,3
1889,4999,BV1CC4y1Z7uk,1,BV1t2tSzGE3a,1,0.51879,3
1889,5048,BV1CC4y1Z7uk,1,BV1QYtizCEeZ,1,0.46331,1
1890,2232,BV1b8411y7sk,1,BV1qi421o7ic,1,0.40489,2
1890,3242,BV1b8411y7sk,1,BV1XWt9ePEx1,1,0.45012,1
1890,5348,BV1b8411y7sk,1,BV1t2PczyEU8,1,0.44472,3
1890,5422,BV1b8411y7sk,1,BV1cNZMBNEB8,1,0.3585,4
1891,2070,BV1d94y1p7WQ,1,BV1dx4y1J7pf,1,0.52144,4
1891,2206,BV1d94y1p7WQ,1,BV1wZ421J7sj,1,0.52218,3
1891,3058,BV1d94y1p7WQ,1,BV1RH28YAEwu,1,0.44969,2
1891,3502,BV1d94y1p7WQ,1,BV131MTz5EMB,1,0.50077,4
1891,4805,BV1d94y1p7WQ,1,BV1zvhQzuEJj,1,0.53374,2
1891,4919,BV1d94y1p7WQ,1,BV16XbBzaEze,1,0.34898,4
1891,5304,BV1d94y1p7WQ,1,BV1tmwRzdEW4,1,0.43786,1
1892,1988,BV1ow41127GW,1,BV1eJCbB5E2w,1,0.47756,2
1892,2870,BV1ow41127GW,1,BV1UgBCYzE4T,1,0.61855,2
1892,3051,BV1ow41127GW,1,BV1etyhYcEGG,1,0.5573,1
1892,3192,BV1ow41127GW,1,BV1Y6xbebESc,1,0.51243,2
1892,3241,BV1ow41127GW,1,BV1hktreYE51,1,0.51227,2
1892,3564,BV1ow41127GW,1,BV1my7KztELH,1,0.59942,4
1892,4378,BV1ow41127GW,1,BV1LHmGBCEAw,1,0.37237,2
1892,4442,BV1ow41127GW,1,BV1GJH3zREmt,1,0.58451,3
1892,4991,BV1ow41127GW,1,BV1AYt2zsEBe,1,0.60004,3
1892,5234,BV1ow41127GW,1,BV1TuKmz5ESC,1,0.59803,1
1892,5686,BV1ow41127GW,1,BV1QBvkBFEfe,1,0.52773,4
1893,2225,BV1Tu4y167G7,1,BV1GF4m157Gu,1,0.39876,3
1893,4818,BV1Tu4y167G7,1,BV1JaemziEiK,1,0.40936,2
1893,5551,BV1Tu4y167G7,1,BV1BCcizXEfZ,1,0.39871,3
1894,2827,BV1vu411g7xo,1,BV1VezpY4Eiu,1,0.41392,1
1894,3669,BV1vu411g7xo,1,BV1Uh5VzzEDe,1,0.40145,3
1894,5446,BV1vu411g7xo,1,BV1QhFszMEkZ,1,0.36236,4
1895,1951,BV15K4y1w72A,1,BV1G841157ZB,1,0.40755,3
1895,2086,BV15K4y1w72A,1,BV1W4uReuEjW,1,0.47738,3
1895,2810,BV15K4y1w72A,1,BV15azpYZEJa,1,0.48644,1
1895,3019,BV15K4y1w72A,1,BV1isCmY5ETn,1,0.47198,4
1895,3295,BV15K4y1w72A,1,BV1mwtAejExk,1,0.55094,3
1895,4265,BV15K4y1w72A,1,BV1w5FEejEv3,1,0.50321,2
1895,5196,BV15K4y1w72A,1,BV1r38AzqE79,1,0.51245,4
1895,5201,BV15K4y1w72A,1,BV1msgjziEyh,1,0.39623,4
1895,5677,BV15K4y1w72A,1,BV1FGi9BrE3P,1,0.60596,1
1896,2305,BV11U4y1i7sb,1,BV1Ft421G7gs,1,0.52644,2
1896,3189,BV11U4y1i7sb,1,BV1rbxheyEaZ,1,0.40465,3
1896,3570,BV11U4y1i7sb,1,BV1TTJazqEYn,1,0.50389,3
1896,4335,BV11U4y1i7sb,1,BV1pofdYEEAU,1,0.53406,1
1896,5253,BV11U4y1i7sb,1,BV1GruwziErn,1,0.45588,2
1897,2133,BV1a841197xq,1,BV1qE421V7ok,1,0.36611,3
1897,3972,BV1a841197xq,1,BV1iZXyY4EFT,1,0.40813,2
1897,5523,BV1a841197xq,1,BV1K2FLzTE5M,1,0.36456,4
1898,2482,BV1hX4y1B7FD,1,BV16bCuBiEDP,1,0.38517,4
1898,2953,BV1hX4y1B7FD,1,BV1BrSkYUEmc,1,0.47366,3
1898,3107,BV1hX4y1B7FD,1,BV1ZC2yY5EHd,1,0.46169,2
1898,3894,BV1hX4y1B7FD,1,BV1oWZSYXE4m,1,0.45187,2
1898,5072,BV1hX4y1B7FD,1,BV15jttzWENB,1,0.44901,1
1898,5688,BV1hX4y1B7FD,1,BV171vrBiEX6,1,0.47477,1
1899,2587,BV1rp4y1w7hH,1,BV19jr4Y3EGr,1,0.45423,1
1899,3197,BV1rp4y1w7hH,1,BV1B2xqe4ESd,1,0.42764,2
1899,3674,BV1rp4y1w7hH,1,BV1hGEazgE4H,1,0.42202,4
1900,2465,BV1p54y1Y7MB,1,BV1sNCGBSE4z,1,0.40198,2
1900,2552,BV1p54y1Y7MB,1,BV1ozrrYQEPU,1,0.55355,2
1900,2873,BV1p54y1Y7MB,1,BV1w4UnYdEJS,1,0.51252,4
1900,3968,BV1p54y1Y7MB,1,BV1cxoBYfECd,1,0.46631,2
1900,4259,BV1p54y1Y7MB,1,BV19VFkePE3X,1,0.47809,1
1900,4420,BV1p54y1Y7MB,1,BV11j4iz8EyS,1,0.483,3
1900,4788,BV1p54y1Y7MB,1,BV15nY9z5Err,1,0.46474,2
1900,5048,BV1p54y1Y7MB,1,BV1QYtizCEeZ,1,0.45232,3
1900,5208,BV1p54y1Y7MB,1,BV1qBjSztEW9,1,0.53246,4
1900,5486,BV1p54y1Y7MB,1,BV1aPZuB9EUB,1,0.51018,3
1900,5799,BV1p54y1Y7MB,1,BV183qSBUES5,1,0.55337,3
1901,2033,BV1aW411V7Th,1,BV12H4y1c78a,1,0.53528,2
1901,2234,BV1aW411V7Th,1,BV1nu4m137W2,1,0.40932,4
1901,2451,BV1aW411V7Th,1,BV1j9ycB3ENV,1,0.53644,3
1901,3436,BV1aW411V7Th,1,BV1YR2eBiEMB,1,0.54227,2
1901,3666,BV1aW411V7Th,1,BV11G4y1z7XZ,1,0.39297,4
1901,4474,BV1aW411V7Th,1,BV1csHGz3E7C,1,0.56228,1
1901,5089,BV1aW411V7Th,1,BV1nmtTzrEnN,1,0.41066,3
1902,2507,BV1zs411t7tp,1,BV1w7cfe8E24,1,0.41817,4
1902,2671,BV1zs411t7tp,1,BV1tWkMYmEBu,1,0.41967,2
1902,4865,BV1zs411t7tp,1,BV1vB7HzmEL9,1,0.42877,1
1902,5829,BV1zs411t7tp,1,BV1mk2kB2E1D,1,0.41821,3
1903,5572,BV16x41177EV,1,BV1yyFozUEch,1,0.3903,3
1904,3288,BV1Dt411z7pL,1,BV1qZ4SehEGZ,1,0.43649,2
1904,3299,BV1Dt411z7pL,1,BV1DdnoeWEPw,1,0.4287,4
1904,3629,BV1Dt411z7pL,1,BV1Woj1zfEWy,1,0.45463,1
1905,2179,BV1pW411r7Wh,1,BV1tJ4m1H78U,1,0.62728,2
1905,2911,BV1pW411r7Wh,1,BV1WPmfYwEbQ,1,0.6139,3
1905,3543,BV1pW411r7Wh,1,BV1S67KzcEsU,1,0.61171,4
1905,4725,BV1pW411r7Wh,1,BV1DiYyzGEd8,1,0.68983,1
1905,5292,BV1pW411r7Wh,1,BV1Gk3NzJEDy,1,0.48778,4
1906,2384,BV1qW411p72m,1,BV19z421R79F,1,0.49956,3
1906,2451,BV1qW411p72m,1,BV1j9ycB3ENV,1,0.61695,1
1906,2984,BV1qW411p72m,1,BV1KLS4YHE9v,1,0.46583,1
1906,3162,BV1qW411p72m,1,BV1N8xZefEp6,1,0.51861,2
1906,3275,BV1qW411p72m,1,BV1x8t4eLEEJ,1,0.60944,2
1906,4225,BV1qW411p72m,1,BV19UNterEdp,1,0.6029,3
1906,4470,BV1qW411p72m,1,BV1CqxLzYEfh,1,0.49489,4
1906,5031,BV1qW411p72m,1,BV1VqbGzmEXA,1,0.47694,3
1906,5108,BV1qW411p72m,1,BV1hrhPzfEic,1,0.59624,4
1907,2158,BV1rx411y7Gc,1,BV1Nw4m1y7eX,1,0.41799,4
1907,2333,BV1rx411y7Gc,1,BV1Hy42187Yd,1,0.30895,3
1907,3456,BV1rx411y7Gc,1,BV1ksK7zDEAs,1,0.4925,1
1907,3646,BV1rx411y7Gc,1,BV1h7J7zYEYq,1,0.39017,4
1908,2233,BV1fb411P7W4,1,BV1tm411R7Hm,1,0.43186,2
1908,3306,BV1fb411P7W4,1,BV1zd4beGEBs,1,0.45249,1
1908,4260,BV1fb411P7W4,1,BV1dqFee1E1S,1,0.39925,4
1908,4724,BV1fb411P7W4,1,BV1BZezz1EAG,1,0.3394,3
1909,3052,BV1ps41187Cp,1,BV1M2yGYKEYN,1,0.69382,1
1909,3194,BV1ps41187Cp,1,BV1aYxsemEoG,1,0.67148,2
1909,3706,BV1ps41187Cp,1,BV1yL5czwE9K,1,0.62887,4
1909,4331,BV1ps41187Cp,1,BV1MffCYbEkw,1,0.65051,3
1910,2827,BV16k4y1s7mj,1,BV1VezpY4Eiu,1,0.42183,2
1910,3981,BV16k4y1s7mj,1,BV1ZpQcYqEzM,1,0.43797,3
1910,4301,BV16k4y1s7mj,1,BV1NtfnYHEFx,1,0.5261,1
1911,2031,BV1d94y1H7cu,1,BV1JT42167Si,1,0.43643,1
1911,2709,BV1d94y1H7cu,1,BV1NjBEYbEP6,1,0.39233,1
1911,5736,BV1d94y1H7cu,1,BV1bkvQBEEPk,1,0.38533,3
1912,4552,BV1dj411k7nz,1,BV1SNn7zvEmA,1,0.3702,4
1913,3388,BV1qK4y1F7aH,1,BV1eQs7ebE3k,1,0.44746,2
1913,4456,BV1qK4y1F7aH,1,BV1q4nizAEEN,1,0.42652,4
1913,5034,BV1qK4y1F7aH,1,BV1dFtJzwEc1,1,0.43975,3
1914,4368,BV18u4y1z7Lw,1,BV1FG26B8EC7,1,0.43112,4
1914,4399,BV18u4y1z7Lw,1,BV18aWEz2ES8,1,0.4488,2
1915,2062,BV11u411c7eh,1,BV12f421X73R,1,0.40814,2
1915,2229,BV11u411c7eh,1,BV1yx42127yV,1,0.39198,4
1915,3556,BV11u411c7eh,1,BV1wi7DzCEac,1,0.40911,1
1915,5783,BV11u411c7eh,1,BV1KzmcBaEqu,1,0.38504,4
1916,3280,BV1LP411b7bu,1,BV13y42eCEBC,1,0.40768,4
1916,5465,BV1LP411b7bu,1,BV1ZmZ6BRENJ,1,0.40317,2
1916,5545,BV1LP411b7bu,1,BV1LRcLzRE3R,1,0.4982,1
1916,5578,BV1LP411b7bu,1,BV14zgazGETV,1,0.51733,1
1917,2633,BV1DP411t7cV,1,BV1EAk9YfEw1,1,0.469,1
1917,5843,BV1DP411t7cV,1,BV18LmSBGEbY,1,0.4157,3
1918,2748,BV11z4y1j7vL,1,BV1USq5YxEY4,5,0.67299,3
1918,2751,BV11z4y1j7vL,1,BV1USq5YxEY4,8,0.68789,1
1918,2829,BV11z4y1j7vL,1,BV1SZzYYSEXZ,1,0.66623,3
1918,3164,BV11z4y1j7vL,1,BV1bw4geiEbd,1,0.63807,1
1918,3229,BV11z4y1j7vL,1,BV1g6tDedE55,1,0.50915,1
1918,3483,BV11z4y1j7vL,1,BV1jdNYzQEtH,1,0.74774,1
1918,3547,BV11z4y1j7vL,1,BV1Y1TWzsE6B,1,0.64661,1
1918,4632,BV11z4y1j7vL,1,BV1TRpTzuENC,1,0.57385,3
1918,4666,BV11z4y1j7vL,1,BV1VjHRz2EBT,1,0.54772,2
1918,5795,BV11z4y1j7vL,1,BV1o8B4BcEEf,1,0.55385,3
1919,3219,BV16w411i7iy,1,BV16kxjezExZ,1,0.45448,3
1919,3910,BV16w411i7iy,1,BV1GsZpYuEoK,1,0.43828,2
1919,3960,BV16w411i7iy,1,BV19gohYdEN5,1,0.45806,2
1919,4307,BV16w411i7iy,1,BV1qsFte8Ewh,1,0.46619,1
1919,4518,BV16w411i7iy,1,BV1PDn1zBEcu,1,0.45022,3
1920,1970,BV1aF411U7fA,1,BV1Xw411m7z9,1,0.56733,2
1920,3215,BV1aF411U7fA,1,BV1jUx5eoEHC,1,0.46734,4
1920,3300,BV1aF411U7fA,1,BV1STtueTE2L,1,0.58229,1
1920,3670,BV1aF411U7fA,1,BV1KxEFz3Exz,1,0.52201,4
1920,4674,BV1aF411U7fA,1,BV1RbY5zvE28,1,0.55297,4
1920,5472,BV1aF411U7fA,1,BV1GYZqBBEb1,1,0.48167,4
1920,5477,BV1aF411U7fA,1,BV1hZZiBaEjG,1,0.45796,4
1920,5487,BV1aF411U7fA,1,BV1y6ZMBgEc2,1,0.53739,2
1921,3186,BV1Z7411376g,1,BV1B6xveXEq7,1,0.51198,2
1921,4002,BV1Z7411376g,1,BV162RVYnEsJ,1,0.4663,3
1921,4177,BV1Z7411376g,1,BV1ikwDePEJB,1,0.45914,4
1922,5010,BV1E3411M7Jb,1,BV1bytSzCEzA,1,0.4602,1
1922,5516,BV1E3411M7Jb,1,BV1mwZxBFE4Y,1,0.36515,4
1922,5660,BV1E3411M7Jb,1,BV1nRrnBhE9Z,1,0.35359,3
1923,2249,BV1rL411r7gc,1,BV1Nx421Q7LG,1,0.43509,4
1923,3374,BV1rL411r7gc,1,BV1b4HveZEn3,1,0.58259,1
1923,4141,BV1rL411r7gc,1,BV1DQApe7ESa,1,0.4645,4
1923,5424,BV1rL411r7gc,1,BV1LEfTB8EmQ,1,0.49315,3
1924,4709,BV1aF411U7nT,1,BV1yEa2zBERL,1,0.38961,2
1925,3324,BV1J8411v7uP,1,BV1UcpBeKEK8,1,0.4321,1
1925,4162,BV1J8411v7uP,1,BV1xVA8e4Eje,1,0.39699,3
1925,4718,BV1J8411v7uP,1,BV1VVarzqEso,1,0.4198,3
1925,5062,BV1J8411v7uP,1,BV1CgtVzcEwD,1,0.42268,2
1926,3404,BV1Gu4y1r7YC,1,BV1UnHgeREh9,1,0.45174,4
1926,4023,BV1Gu4y1r7YC,1,BV1iGRpYvEa4,1,0.48743,1
1926,4507,BV1Gu4y1r7YC,1,BV18MHxzbEau,1,0.39571,3
1926,5137,BV1Gu4y1r7YC,1,BV1AzhAzGEoD,2,0.39531,4
1926,5388,BV1Gu4y1r7YC,1,BV1CQfCBCEou,1,0.40639,4
1926,5512,BV1Gu4y1r7YC,1,BV1RGZQBEEtf,1,0.45472,2
1927,2008,BV1Vp4y1P7ee,1,BV13Mv1efEwe,1,0.47106,4
1927,2264,BV1Vp4y1P7ee,1,BV1cy4y1A7cj,1,0.39538,2
1927,3967,BV1Vp4y1P7ee,1,BV1faX1YAE9z,1,0.5373,1
1927,4938,BV1Vp4y1P7ee,1,BV19gtdzwEFX,1,0.47723,3
1927,5636,BV1Vp4y1P7ee,1,BV1aFzvBmE63,1,0.44595,2
1928,2173,BV1qp4y1N7D2,1,BV1wZ421E7PT,1,0.41107,3
1928,3576,BV1qp4y1N7D2,1,BV19QTjzTEbN,1,0.39867,4
1928,3760,BV1qp4y1N7D2,1,BV1iMG6zpExH,1,0.39441,4
1929,2442,BV1DH4y1D76y,1,BV1QuUHBiE1E,1,0.40329,2
1929,2644,BV1DH4y1D76y,1,BV1MYCaYXEQ1,1,0.38067,4
1929,3325,BV1DH4y1D76y,1,BV1nipteaEm2,1,0.3889,3
1929,5513,BV1DH4y1D76y,1,BV1pqZQBwEQy,1,0.45086,1
1930,2152,BV1Nj411y7SJ,1,BV1KJ4m1T7Vg,1,0.40479,2
1930,2705,BV1Nj411y7SJ,1,BV1jaBEYEE7x,1,0.42471,1
1930,2980,BV1Nj411y7SJ,1,BV1fLDpYZEju,1,0.54061,1
1930,4060,BV1Nj411y7SJ,1,BV1zEXDY7EAr,1,0.48975,1
1930,4483,BV1Nj411y7SJ,1,BV19fxKz4EQA,1,0.44385,4
1931,3233,BV1gV411P7ZK,1,BV1FPskeBEev,1,0.3601,4
1931,4798,BV1gV411P7ZK,1,BV1PuhRz9EpC,1,0.43924,4
1931,4954,BV1gV411P7ZK,1,BV1rYtdzLEee,1,0.43555,3
1931,4966,BV1gV411P7ZK,1,BV1jntozVExy,1,0.52037,1
1932,2048,BV1eL411K7C6,1,BV1JZ421e7EG,1,0.44431,3
1932,3538,BV1eL411K7C6,1,BV1BdMgzPEQu,1,0.43709,1
1932,3697,BV1eL411K7C6,1,BV1UUE5zDETG,1,0.50362,1
1932,3818,BV1eL411K7C6,1,BV1wNLJz1Eqc,1,0.43283,2
1932,5725,BV1eL411K7C6,1,BV1kzvaBUE9u,1,0.43363,3
1933,2226,BV1224y1V7uN,1,BV1Jx4y1D791,1,0.35549,2
1933,2602,BV1224y1V7uN,1,BV1zsCbYhE5w,1,0.37444,1
1933,5038,BV1224y1V7uN,1,BV1iKbuz3Ezv,1,0.35221,4
1934,3030,BV1zU4y1H723,1,BV1NZyZYxEqh,1,0.45823,2
1934,3211,BV1zU4y1H723,1,BV1XsxEefExH,1,0.45254,3
1934,3300,BV1zU4y1H723,1,BV1STtueTE2L,1,0.52993,1
1934,5455,BV1zU4y1H723,1,BV19jfGBKEVL,1,0.4198,4
1935,2356,BV1aX4y1o72y,1,BV1Uz421d72F,1,0.39053,2
1935,3302,BV1aX4y1o72y,1,BV1en4femE9c,1,0.44422,3
1935,3369,BV1aX4y1o72y,1,BV1oAHke4Exc,1,0.44647,1
1935,3893,BV1aX4y1o72y,1,BV1WpRUY9En2,1,0.44502,2
1935,5674,BV1aX4y1o72y,1,BV1hy6RBGErh,1,0.40787,3
1936,5381,BV1rP411p7tg,1,BV1HnABzPEjM,1,0.36622,4
1936,5385,BV1rP411p7tg,1,BV1RpftB7Eba,1,0.39751,2
1936,5432,BV1rP411p7tg,1,BV1KYfABeE8D,1,0.40983,1
1937,2118,BV1G34y1K7Le,1,BV1bE421G7tu,1,0.44994,2
1937,2129,BV1G34y1K7Le,1,BV1GC411J7HC,1,0.42316,2
1937,2265,BV1G34y1K7Le,1,BV17D42177ak,1,0.42482,3
1938,2419,BV1nN411p7B6,1,BV1oK421r7WA,1,0.72148,2
1938,2620,BV1nN411p7B6,1,BV1HaC5Y8Eof,1,0.70709,4
1938,2908,BV1nN411p7B6,1,BV1BCUiYFEG6,1,0.68341,2
1938,3262,BV1nN411p7B6,1,BV1hNtneMEbE,1,0.71089,3
1938,3301,BV1nN411p7B6,1,BV1Pt48enEpr,1,0.71032,4
1938,4838,BV1nN411p7B6,1,BV1QPeoz1Ear,1,0.60823,2
1938,4909,BV1nN411p7B6,1,BV1PPbBzKELz,1,0.64741,4
1938,4946,BV1nN411p7B6,1,BV13Sb5z7EwR,1,0.53615,4
1938,5352,BV1nN411p7B6,1,BV1yBfUBoEzh,1,0.74,1
1939,3162,BV1M14y1r7PF,1,BV1N8xZefEp6,1,0.39932,2
1939,4424,BV1M14y1r7PF,1,BV16Z48zuEBR,1,0.39872,3
1939,4717,BV1M14y1r7PF,1,BV1UrabzfEU7,1,0.39017,4
1940,3727,BV1Kp4y1j7By,1,BV1uz5MzfExY,1,0.56316,4
1940,4572,BV1Kp4y1j7By,1,BV17aJ1zoEnB,1,0.53075,4
1941,2887,BV1vR4y1D77R,1,BV1Z5DpYbEaP,1,0.59437,1
1941,3166,BV1vR4y1D77R,1,BV15DxZeLE4o,1,0.51601,1
1941,3205,BV1vR4y1D77R,1,BV1vm4ne1Efv,1,0.54499,4
1941,3336,BV1vR4y1D77R,1,BV1QaHXe7ERX,1,0.45394,4
1941,3436,BV1vR4y1D77R,1,BV1YR2eBiEMB,1,0.5788,3
1941,5122,BV1vR4y1D77R,1,BV12Jh7zHETi,1,0.46547,1
1942,2133,BV1F34y1t7Jz,1,BV1qE421V7ok,1,0.46715,2
1942,5146,BV1F34y1t7Jz,1,BV1kE8DzMEUX,1,0.46267,1
1942,5780,BV1F34y1t7Jz,1,BV1VnmcByE4F,1,0.44577,4
1943,1998,BV1JP41187Eo,1,BV1ry411e7hw,1,0.43148,1
1943,2246,BV1JP41187Eo,1,BV1si421o7P3,1,0.33664,4
1943,3862,BV1JP41187Eo,1,BV1sydYY7EY6,1,0.4045,3
1943,4513,BV1JP41187Eo,1,BV1nJnmzqE5S,1,0.41001,2
1944,2123,BV1ah4y1P7Bd,1,BV19E42137YE,1,0.38709,2
1944,2433,BV1ah4y1P7Bd,1,BV1XYUwBEEzQ,1,0.36831,4
1944,4873,BV1ah4y1P7Bd,1,BV1fneuzbE52,1,0.3716,3
1944,5580,BV1ah4y1P7Bd,1,BV1R8cczyEzy,2,0.40945,1
1945,3989,BV1iN4y197eh,1,BV1ijQBYTENs,1,0.55679,2
1946,3071,BV14H4y1D7A1,1,BV1aYmKYaEeZ,1,0.40706,4
1946,3313,BV14H4y1D7A1,1,BV1ob4YejEjd,1,0.35927,3
1946,3495,BV14H4y1D7A1,1,BV1NFMgzkEpc,1,0.41575,2
1946,5706,BV14H4y1D7A1,1,BV1aZqMBKE6Z,1,0.41075,3
1947,2137,BV19v4y1W7x1,1,BV1cT4y197kA,1,0.52578,4
1947,2426,BV19v4y1W7x1,1,BV1Uu4m1K7SP,1,0.51676,3
1947,2452,BV19v4y1W7x1,1,BV1kLyuBuEdz,1,0.48139,3
1947,2624,BV19v4y1W7x1,1,BV1ZPkhYfEbV,1,0.50102,4
1947,2633,BV19v4y1W7x1,1,BV1EAk9YfEw1,1,0.56143,4
1947,2703,BV19v4y1W7x1,1,BV18mBuYjEo4,1,0.54572,1
1947,3767,BV19v4y1W7x1,1,BV1WHGezJEDb,1,0.45001,4
1947,4952,BV19v4y1W7x1,1,BV1RNtdzeE9E,1,0.56484,1
1947,5134,BV19v4y1W7x1,1,BV1NX8EzREuk,1,0.63083,1
1947,5218,BV19v4y1W7x1,1,BV1xig8ziEAH,1,0.51104,3
1947,5306,BV19v4y1W7x1,1,BV13UAkzhEPa,1,0.50167,2
1947,5461,BV19v4y1W7x1,1,BV1waZiBnE81,1,0.55315,3
1947,5475,BV19v4y1W7x1,1,BV12eZMB5EDa,1,0.53691,1
1947,5797,BV19v4y1W7x1,1,BV1PrBnB8EEq,1,0.56461,3
1948,2835,BV1KD4y1A7cX,1,BV1vzzBYuEXc,1,0.42072,1
1948,2844,BV1KD4y1A7cX,1,BV1uGzhYCERS,1,0.38413,2
1948,3954,BV1KD4y1A7cX,1,BV1euZ5YjEup,1,0.38318,3
1949,2288,BV1VY411J7b9,1,BV1H6421M7vE,1,0.41333,2
1949,3309,BV1VY411J7b9,1,BV1XV4CeTEQY,1,0.43659,3
1949,3362,BV1VY411J7b9,1,BV1rwePeoEXG,1,0.43346,4
1950,2499,BV1aN411v7Mq,1,BV15cwzeYEZL,1,0.37915,4
1950,3520,BV1aN411v7Mq,1,BV1ZbMEz9Eoj,1,0.43293,1
1951,3168,BV1G841157ZB,1,BV1y74GePEK9,1,0.41037,2
1951,3603,BV1G841157ZB,1,BV1Ay7FzNEmH,1,0.43118,1
1951,4759,BV1G841157ZB,1,BV1WMhCzREfQ,1,0.39882,4
1952,2075,BV17r4y1r7o4,1,BV1zw4m1S7KZ,1,0.39826,4
1952,2937,BV17r4y1r7o4,1,BV1RPD2YWEWX,1,0.43916,2
1952,3538,BV17r4y1r7o4,1,BV1BdMgzPEQu,1,0.42424,4
1952,5037,BV17r4y1r7o4,1,BV1wHb5ziErL,1,0.48471,1
1953,5482,BV1Tk4y1N71V,1,BV1E5cHzjEfW,1,0.43678,4
1953,5505,BV1Tk4y1N71V,1,BV1bBZxBvEdf,1,0.44796,2
1954,2171,BV1Ni4y1X7pt,1,BV1V1421673e,1,0.40844,2
1954,4508,BV1Ni4y1X7pt,1,BV1BXHwz3EvP,1,0.34973,3
1954,4895,BV1Ni4y1X7pt,1,BV1ohYqzaELD,1,0.41771,1
1955,2174,BV1Cz4y1u79T,1,BV13Z421J7Xd,1,0.38443,1
1955,4436,BV1Cz4y1u79T,1,BV1WU4NzuETi,1,0.41908,4
1956,2786,BV1Yu4y1y7mH,1,BV1Gci6YwEuL,1,0.45935,4
1956,3464,BV1Yu4y1y7mH,1,BV1aCNCz6EqV,1,0.47075,3
1956,4865,BV1Yu4y1y7mH,1,BV1vB7HzmEL9,1,0.47495,2
1956,5132,BV1Yu4y1y7mH,1,BV1xT8qzMExv,1,0.54965,1
1957,1964,BV1KH4y1X7wZ,1,BV1Qp4y177tP,1,0.46168,2
1957,2253,BV1KH4y1X7wZ,1,BV17w4m1Z7Hy,1,0.46775,4
1957,4403,BV1KH4y1X7wZ,1,BV1CDWCzrEfL,1,0.50521,2
1957,4660,BV1KH4y1X7wZ,1,BV1NAezzWEDX,1,0.5076,1
1957,5204,BV1KH4y1X7wZ,1,BV1fpgbzxEZJ,1,0.49999,3
1957,5247,BV1KH4y1X7wZ,1,BV133GVziEhM,1,0.43565,4
1958,2720,BV1bN411v75G,1,BV1KLq5YSEVy,1,0.36614,1
1958,3002,BV1bN411v75G,1,BV16XSDYVEzW,1,0.39606,4
1958,3986,BV1bN411v75G,1,BV1ErXKY9EmK,1,0.42605,1
1958,5095,BV1bN411v75G,1,BV1eWhuz2Eyi,1,0.42103,2
1959,4046,BV1Uu411N7DK,1,BV1QCArevEkv,1,0.35175,2
1960,2020,BV1534y1T7vH,1,BV132421Z7wV,1,0.43682,2
1960,2483,BV1534y1T7vH,1,BV1NYCPBbEUe,1,0.44484,3
1960,2845,BV1534y1T7vH,1,BV1aNBRYkEuq,1,0.53766,2
1960,3780,BV1534y1T7vH,1,BV1qGL6zhEp3,1,0.59104,1
1960,3954,BV1534y1T7vH,1,BV1euZ5YjEup,1,0.51596,3
1960,4079,BV1534y1T7vH,1,BV1gR9gYsExL,1,0.45503,3
1960,4178,BV1534y1T7vH,1,BV154A5eYEWG,1,0.52595,2
1960,4520,BV1534y1T7vH,1,BV1x5J1zuEQm,1,0.46237,3
1960,4522,BV1534y1T7vH,1,BV1ybn2zrEHu,1,0.52354,1
1960,5106,BV1534y1T7vH,1,BV1KkhuzeEBf,1,0.47327,1
1961,2197,BV1Cp4y1E7UT,1,BV1eH4y1A7YN,1,0.341,4
1961,3794,BV1Cp4y1E7UT,1,BV1awjwzmEjW,1,0.56008,2
1961,3842,BV1Cp4y1E7UT,1,BV1NXX8YeEQN,1,0.56621,1
1961,3937,BV1Cp4y1E7UT,1,BV1FcRuYiEMf,1,0.51954,4
1961,4786,BV1Cp4y1E7UT,1,BV13BhozkEU5,1,0.43102,4
1962,2076,BV1JF41167Zu,1,BV1Vz421Y7or,1,0.4576,3
1962,2701,BV1JF41167Zu,1,BV1aGBLYeERy,1,0.42115,4
1962,2727,BV1JF41167Zu,1,BV1exqSYfEup,1,0.52496,1
1962,3357,BV1JF41167Zu,1,BV1PJH4ehEjn,1,0.44708,4
1962,5099,BV1JF41167Zu,1,BV1w1tuzQECf,1,0.43847,1
1963,4023,BV1hh4y1m7Cs,1,BV1iGRpYvEa4,1,0.37668,4
1963,4580,BV1hh4y1m7Cs,1,BV1XYnwzcE6U,1,0.44839,1
1963,4766,BV1hh4y1m7Cs,1,BV1UGaGzyEum,1,0.37745,2
1963,5141,BV1hh4y1m7Cs,1,BV13t8GzmEpA,1,0.43932,1
1964,2029,BV1Qp4y177tP,1,BV1uz421i7U9,1,0.46159,3
1964,2998,BV1Qp4y177tP,1,BV16NSZYbEz4,1,0.45272,1
1964,3456,BV1Qp4y177tP,1,BV1ksK7zDEAs,1,0.45704,4
1964,3646,BV1Qp4y177tP,1,BV1h7J7zYEYq,1,0.41307,1
1964,3833,BV1Qp4y177tP,1,BV1xLRdYkEGy,1,0.39766,3
1964,4114,BV1Qp4y177tP,1,BV1odPxeNE4X,1,0.35685,4
1964,4308,BV1Qp4y177tP,1,BV1qWFtecEHF,1,0.48318,1
1964,4578,BV1Qp4y177tP,1,BV12VpnzCEjJ,1,0.40334,1
1964,5520,BV1Qp4y177tP,1,BV1DrZDBzEW3,1,0.36876,2
1965,3196,BV1L841167sj,1,BV1zRxCeLE1X,1,0.41347,2
1965,3451,BV1L841167sj,1,BV1EmK2zbEF9,1,0.39844,2
1965,3478,BV1L841167sj,1,BV1uDNpzLEYi,1,0.3813,3
1966,2451,BV1qP411h76u,1,BV1j9ycB3ENV,1,0.54284,2
1966,3343,BV1qP411h76u,1,BV16Tp3e7En6,1,0.53861,4
1966,3530,BV1qP411h76u,1,BV1XfTXzMEbE,1,0.47758,1
1966,4270,BV1qP411h76u,1,BV1kiF7eGExo,1,0.57161,1
1966,4822,BV1qP411h76u,1,BV16Ne2zNECL,1,0.45632,1
1967,2545,BV1h34y1T7sr,1,BV19KcGenEyU,1,0.41512,1
1967,4698,BV1h34y1T7sr,1,BV1dWYGzcEqQ,1,0.41151,2
1967,5291,BV1h34y1T7sr,1,BV1t93tzgE2Y,1,0.38728,4
1968,2779,BV1bp4y1K7EU,1,BV1DbqLYfENW,1,0.51553,3
1968,3343,BV1bp4y1K7EU,1,BV16Tp3e7En6,1,0.58172,1
1968,3495,BV1bp4y1K7EU,1,BV1NFMgzkEpc,1,0.50354,1
1968,5179,BV1bp4y1K7EU,1,BV1j9bmzXExr,1,0.55182,2
1969,2304,BV1AN411q7eW,1,BV1VH4y1p7Wm,1,0.51635,4
1969,3044,BV1AN411q7eW,1,BV19Wy7YxEGp,1,0.46713,2
1969,3427,BV1AN411q7eW,1,BV1Yv2WBzEjF,1,0.49617,2
1969,4497,BV1AN411q7eW,1,BV1QNHxzhEJt,1,0.49437,3
1969,5038,BV1AN411q7eW,1,BV1iKbuz3Ezv,1,0.50005,1
1969,5051,BV1AN411q7eW,1,BV1A5bGzYEfR,1,0.55103,1
1969,5731,BV1AN411q7eW,1,BV1FZiYBJEGK,1,0.52668,3
1970,2417,BV1Xw411m7z9,1,BV1Wv421y7gC,1,0.39777,4
1970,2560,BV1Xw411m7z9,1,BV1UmrzYBEaM,1,0.45352,4
1970,2642,BV1Xw411m7z9,1,BV1eJkZYeEAZ,1,0.5389,1
1970,3265,BV1Xw411m7z9,1,BV1JatpetEnp,1,0.51077,3
1970,3300,BV1Xw411m7z9,1,BV1STtueTE2L,1,0.53918,4
1970,3448,BV1Xw411m7z9,1,BV1mTg6zKEeE,1,0.51274,4
1970,5477,BV1Xw411m7z9,1,BV1hZZiBaEjG,1,0.46723,2
1970,5633,BV1Xw411m7z9,1,BV1Vkz5BbEgz,1,0.49856,3
1970,5684,BV1Xw411m7z9,1,BV1gSrKBBECg,1,0.5744,1
1971,4355,BV18H4y1Q7Xd,1,BV1B9fBY4EVA,1,0.44205,3
1971,5155,BV18H4y1Q7Xd,1,BV16n8tzqEUi,1,0.43845,4
1972,2881,BV1aw411S7t3,1,BV1RBUXYqEVr,1,0.45023,3
1972,3159,BV1aw411S7t3,1,BV1964ceUEpi,1,0.49675,3
1972,3721,BV1aw411S7t3,1,BV1QW5Vz5EWX,1,0.49795,2
1972,4711,BV1aw411S7t3,1,BV1bAhmzyEBY,1,0.46839,2
1973,2918,BV1rz4y1K7NU,1,BV1Q1mdYiEpx,1,0.38848,1
1973,4126,BV1rz4y1K7NU,1,BV1KvAJeaEG7,1,0.39208,4
1973,4224,BV1rz4y1K7NU,1,BV1i2NTepE9H,1,0.4616,1
1974,2454,BV1Z34y1K7bu,1,BV1aEU5B7EeF,1,0.51527,2
1974,3578,BV1Z34y1K7bu,1,BV1smEdzYEzo,1,0.53614,2
1974,3593,BV1Z34y1K7bu,1,BV1Kq7pzME9F,1,0.53029,3
1974,4695,BV1Z34y1K7bu,1,BV1aVYVzoE6P,2,0.51651,4
1975,3255,BV1Qu4y1D7TT,1,BV185tsemEWc,1,0.41502,4
1976,2114,BV1Yh4y1N7C3,1,BV1XRMmeVEpt,1,0.5027,2
1976,3095,BV1Yh4y1N7C3,1,BV12mmMYfENf,1,0.39742,3
1976,4144,BV1Yh4y1N7C3,1,BV1DSApeUEH2,1,0.46154,3
1976,4472,BV1Yh4y1N7C3,1,BV147H5z9Ese,1,0.55254,1
1977,2190,BV19u411A7kR,1,BV1kw4m1f7DA,1,0.58632,1
1977,2977,BV19u411A7kR,1,BV18dS6YhEGX,2,0.42672,2
1977,3255,BV19u411A7kR,1,BV185tsemEWc,1,0.51856,4
1977,3781,BV19u411A7kR,1,BV1TbL6zSE15,1,0.59528,1
1977,4453,BV19u411A7kR,1,BV1yXxZzpEVJ,1,0.54604,3
1977,4512,BV19u411A7kR,1,BV1sxHtzREV6,1,0.40997,4
1977,5136,BV19u411A7kR,1,BV1AzhAzGEoD,1,0.38009,3
1978,2046,BV1v8411z7Fx,1,BV1Lc411K7Fr,1,0.50174,1
1978,2966,BV1v8411z7Fx,1,BV1hCDMYVE79,1,0.42275,1
1978,3422,BV1v8411z7Fx,1,BV1mZ2XBjERh,1,0.3869,2
1978,4020,BV1v8411z7Fx,1,BV1f2QVYzE9g,1,0.50078,1
1978,4337,BV1v8411z7Fx,1,BV1a3cWe2EkU,1,0.52297,1
1978,4493,BV1v8411z7Fx,1,BV18VxnzsEdD,1,0.40069,4
1978,4977,BV1v8411z7Fx,1,BV1uKtSz6EgF,1,0.46536,4
1978,5777,BV1v8411z7Fx,1,BV1pKUnBSE47,1,0.44121,3
1979,3285,BV1iw411Q7xa,1,BV1xJ4UeBENp,1,0.4077,4
1979,4113,BV1iw411Q7xa,1,BV1KLAXesEpD,1,0.49787,1
1979,4439,BV1iw411Q7xa,1,BV1ddH3zFEu2,1,0.41401,3
1979,5426,BV1iw411Q7xa,1,BV1ocfQBSEMW,1,0.3582,2
1980,2247,BV1yj411g7Lo,1,BV1NC411Y7PE,1,0.43023,2
1980,3243,BV1yj411g7Lo,1,BV1sEtCeZEWV,1,0.40158,3
1980,5032,BV1yj411g7Lo,1,BV1LithzTEUB,1,0.40622,3
1980,5825,BV1yj411g7Lo,1,BV1FPqGBfEE6,1,0.3608,4
1981,3869,BV12F411r7LR,1,BV1DpdSYiEEU,1,0.42998,1
1981,3928,BV12F411r7LR,1,BV1v3ZrYfEug,1,0.36411,3
1981,4815,BV12F411r7LR,1,BV1M1h1zMEWc,1,0.38212,2
1981,5764,BV12F411r7LR,1,BV1cpqpB4EsM,1,0.35713,4
1982,3033,BV1wnCtBREUx,1,BV1Sg1pYeEEb,1,0.42639,1
1982,4276,BV1wnCtBREUx,1,BV1EJFTeVEUj,1,0.50174,1
1982,4351,BV1wnCtBREUx,1,BV1T6fJYsE1Y,1,0.47916,4
1982,5406,BV1wnCtBREUx,1,BV1h1fiBeEJA,1,0.48101,2
1983,2363,BV1c4CTBcE3U,1,BV1Wz421d7Ns,1,0.53983,2
1983,2619,BV1c4CTBcE3U,1,BV1mnCAYMEz6,1,0.61063,2
1983,3925,BV1c4CTBcE3U,1,BV15PCWY6ExC,1,0.58913,3
1983,4276,BV1c4CTBcE3U,1,BV1EJFTeVEUj,1,0.57958,1
1983,4338,BV1c4CTBcE3U,1,BV1jyfRYBEa1,1,0.52684,3
1983,4848,BV1c4CTBcE3U,1,BV1RNYRzVEBN,1,0.468,3
1983,4862,BV1c4CTBcE3U,1,BV1GwYXzBERT,1,0.56861,1
1983,5208,BV1c4CTBcE3U,1,BV1qBjSztEW9,1,0.60737,1
1983,5281,BV1c4CTBcE3U,1,BV18qG5zqEGC,1,0.56822,2
1983,5519,BV1c4CTBcE3U,1,BV17LFmzmEUg,1,0.58906,3
1983,5521,BV1c4CTBcE3U,1,BV1AJZXBYE8s,1,0.53335,4
1983,5750,BV1c4CTBcE3U,1,BV1UTmFBeEXn,1,0.60622,2
1984,3441,BV1awCjBMEpp,1,BV1cxUKB6ELn,1,0.463,1
1984,3490,BV1awCjBMEpp,1,BV1KQMUzHEBF,1,0.52406,2
1984,3859,BV1awCjBMEpp,1,BV1LjdkYtEh6,1,0.62298,1
1984,4106,BV1awCjBMEpp,1,BV1WaKseSEX2,1,0.44405,2
1984,4121,BV1awCjBMEpp,1,BV1K3ADeJEPu,1,0.45231,2
1984,4139,BV1awCjBMEpp,1,BV1TCAZe6Eqc,1,0.52616,1
1984,4938,BV1awCjBMEpp,1,BV19gtdzwEFX,1,0.53961,4
1984,5204,BV1awCjBMEpp,1,BV1fpgbzxEZJ,1,0.54315,3
1985,2781,BV1fWCtBQESz,1,BV1w2qLYEEkr,1,0.33822,3
1985,5800,BV1fWCtBQESz,1,BV1dTm6BdEK3,1,0.335,4
1986,2686,BV1NykSBREhX,1,BV1pzB7Y9ETx,1,0.41817,2
1986,3150,BV1NykSBREhX,1,BV1eX1QYtECN,1,0.36907,4
1986,3750,BV1NykSBREhX,1,BV1TEVHzoEJm,1,0.42835,1
1986,4201,BV1NykSBREhX,1,BV1J7KGerESK,1,0.39379,3
1986,5495,BV1NykSBREhX,1,BV1jTZbBWE2W,1,0.39613,4
1987,3188,BV1uQyfBZERA,1,BV1RzxbeFEyE,1,0.39495,3
1987,5247,BV1uQyfBZERA,1,BV133GVziEhM,1,0.3903,4
1987,5841,BV1uQyfBZERA,1,BV1zQUTBrE5D,1,0.35041,4
1988,2409,BV1eJCbB5E2w,1,BV1PH4y1a7GP,1,0.49773,1
1988,2870,BV1eJCbB5E2w,1,BV1UgBCYzE4T,1,0.44134,4
1988,4392,BV1eJCbB5E2w,1,BV18vWnzpE4Z,1,0.43476,3
1989,2011,BV1pj4Rz5EXE,1,BV1qZ421N78R,1,0.38222,3
1989,2454,BV1pj4Rz5EXE,1,BV1aEU5B7EeF,1,0.43368,2
1989,4745,BV1pj4Rz5EXE,1,BV16GaPzkEnD,1,0.40752,4
1989,4763,BV1pj4Rz5EXE,1,BV14FhCzcEQg,1,0.3834,3
1989,5832,BV1pj4Rz5EXE,1,BV1YxmZBqEoy,1,0.42514,3
1990,2149,BV1uyCjBzEht,1,BV1VW411i71N,1,0.42287,2
1990,5198,BV1uyCjBzEht,1,BV1ZrG7zhE9p,1,0.39273,4
1990,5424,BV1uyCjBzEht,1,BV1LEfTB8EmQ,1,0.40204,3
1991,2116,BV1rPCbBsEub,1,BV1xf421m7Ni,1,0.40018,3
1991,2688,BV1rPCbBsEub,1,BV1f7kEYaEe6,1,0.35441,4
1991,3947,BV1rPCbBsEub,1,BV1xfofYoEwZ,1,0.40627,2
1991,4356,BV1rPCbBsEub,1,BV1e1pvezEMR,1,0.43467,1
1992,2045,BV1PkkmBEEJM,1,BV1f434ebExn,1,0.49374,4
1992,2637,BV1PkkmBEEJM,1,BV1fdCFY2EnM,1,0.52399,1
1992,3058,BV1PkkmBEEJM,1,BV1RH28YAEwu,1,0.5306,1
1992,3285,BV1PkkmBEEJM,1,BV1xJ4UeBENp,1,0.45422,2
1992,4656,BV1PkkmBEEJM,1,BV1xxa8zfEqc,1,0.44638,1
1992,5799,BV1PkkmBEEJM,1,BV183qSBUES5,1,0.52355,3
1993,2560,BV1aoCsBYEUa,1,BV1UmrzYBEaM,1,0.41696,4
1993,2818,BV1aoCsBYEUa,1,BV1nezHYqERH,1,0.47112,1
1994,2544,BV1Y3CsBPEms,1,BV1uSqZYjEnk,1,0.3765,4
1994,5112,BV1Y3CsBPEms,1,BV1QM81zzE15,1,0.4218,1
1995,2654,BV1KJveeQEgf,1,BV14KCPYqEV5,1,0.49778,2
1996,2001,BV1g2vaesEjC,1,BV1kr3jeuESa,1,0.50234,3
1996,2406,BV1g2vaesEjC,1,BV16v421y7Sx,1,0.48542,3
1996,2694,BV1g2vaesEjC,1,BV164qZYcEvK,1,0.66495,1
1996,3254,BV1g2vaesEjC,1,BV1tZpvehEvK,1,0.58656,4
1996,4006,BV1g2vaesEjC,1,BV1hWQPYeEkr,1,0.52897,3
1996,4888,BV1g2vaesEjC,1,BV14kYyzMEo4,1,0.60593,1
1996,4889,BV1g2vaesEjC,1,BV1odYJzHE4A,1,0.55309,1
1996,4948,BV1g2vaesEjC,1,BV1hBtSzmE9J,1,0.58898,3
1996,5103,BV1g2vaesEjC,1,BV1Cqh5zGE17,1,0.54375,4
1996,5810,BV1g2vaesEjC,1,BV1q3qZBDE9y,1,0.52281,3
1997,2074,BV1kceme7EJL,1,BV1iz421b7jY,1,0.36915,3
1997,4726,BV1kceme7EJL,1,BV1tCaKzFEuT,1,0.40912,1
1998,2804,BV1ry411e7hw,1,BV1yaUBYLEkX,1,0.37861,4
1998,3017,BV1ry411e7hw,1,BV1hKyUYuEfd,1,0.4819,1
1998,3440,BV1ry411e7hw,1,BV1CJUKBCEVH,1,0.43537,4
1998,4694,BV1ry411e7hw,1,BV1aVYVzoE6P,1,0.46894,3
1999,2058,BV1i4421S7iL,1,BV1LJ4m1u7jN,1,0.50011,1
1999,3055,BV1i4421S7iL,1,BV1xkyhYDEUw,1,0.4541,3
1999,4471,BV1i4421S7iL,1,BV1Lvxjz9EFP,1,0.45521,2
1999,5761,BV1i4421S7iL,1,BV116bKznERC,1,0.40439,3
2000,3757,BV148V7eWE2D,1,BV1cbVJzGEeY,1,0.42602,4
2000,3763,BV148V7eWE2D,1,BV16mGYzkEhw,1,0.46549,2
2001,2653,BV1kr3jeuESa,1,BV1HAkdYqELH,1,0.43099,2
2001,2694,BV1kr3jeuESa,1,BV164qZYcEvK,1,0.54394,1
2001,3617,BV1kr3jeuESa,1,BV1aSjQzZEdG,1,0.39345,3
2001,4231,BV1kr3jeuESa,1,BV1ym421W7PQ,1,0.53629,2
2001,4770,BV1kr3jeuESa,1,BV1cFvNzHEBD,1,0.48808,2
2002,3722,BV1Pmvxe8Ejs,1,BV1Ca5TzyEgs,1,0.40488,2
2002,5004,BV1Pmvxe8Ejs,1,BV1ubtXzHEwg,1,0.38394,4
2003,2180,BV1Rt421n7Du,1,BV1Fm421W7vG,1,0.59325,1
2003,3020,BV1Rt421n7Du,1,BV1uA18YpEnG,1,0.47455,1
2003,3929,BV1Rt421n7Du,1,BV1vYQ2YtE2q,1,0.45407,2
2003,3999,BV1Rt421n7Du,1,BV1TH9HY2EEa,1,0.42322,4
2003,4053,BV1Rt421n7Du,1,BV1N9K5eREDo,1,0.50166,3
2003,4078,BV1Rt421n7Du,1,BV1tSPsenE4y,1,0.49519,4
2003,4471,BV1Rt421n7Du,1,BV1Lvxjz9EFP,1,0.51397,2
2003,4502,BV1Rt421n7Du,1,BV1daHGzvEyo,1,0.36779,2
2003,4709,BV1Rt421n7Du,1,BV1yEa2zBERL,1,0.37246,4
2003,4866,BV1Rt421n7Du,1,BV1i3eGzPEdP,1,0.44754,1
2003,4973,BV1Rt421n7Du,1,BV1bQt9zsEqA,1,0.46207,4
2003,5193,BV1Rt421n7Du,1,BV1hybZzzEar,1,0.44088,4
2003,5484,BV1Rt421n7Du,1,BV1FAZKBZEtk,1,0.44026,4
2004,4211,BV19mvse6EbN,1,BV1RKNAePEKD,1,0.43404,1
2004,5843,BV19mvse6EbN,1,BV18LmSBGEbY,1,0.39967,4
2005,2670,BV1gz421B7pN,1,BV1jykKYxE8C,2,0.48877,4
2005,5625,BV1gz421B7pN,1,BV1NuzgBvEWJ,1,0.43125,4
2005,5645,BV1gz421B7pN,1,BV1AxzzBjEeK,1,0.4833,4
2006,2143,BV1Vu411x7cz,1,BV1gD421A7Sk,1,0.42947,1
2006,3910,BV1Vu411x7cz,1,BV1GsZpYuEoK,1,0.42377,4
2006,3960,BV1Vu411x7cz,1,BV19gohYdEN5,1,0.51693,1
2006,4285,BV1Vu411x7cz,1,BV1uQFVe1EDJ,1,0.42289,4
2006,4518,BV1Vu411x7cz,1,BV1PDn1zBEcu,1,0.44726,3
2006,5518,BV1Vu411x7cz,1,BV1zSZMBNEBz,1,0.47533,2
2007,2124,BV1rjvDeoEnv,1,BV1GM4m1y7Jk,1,0.4705,1
2007,2355,BV1rjvDeoEnv,1,BV18p421R7oY,1,0.33762,1
2007,3874,BV1rjvDeoEnv,1,BV1fPdLYDENo,1,0.40428,1
2007,5446,BV1rjvDeoEnv,1,BV1QhFszMEkZ,1,0.39733,3
2008,2575,BV13Mv1efEwe,1,BV19CkmYTEjq,1,0.48973,3
2008,2961,BV13Mv1efEwe,1,BV1RCD2YoEXS,1,0.44861,2
2008,3967,BV13Mv1efEwe,1,BV1faX1YAE9z,1,0.50376,1
2008,4090,BV13Mv1efEwe,1,BV122PueTEge,1,0.38195,4
2008,5464,BV13Mv1efEwe,1,BV1L4f3B6E46,1,0.48824,4
2008,5557,BV13Mv1efEwe,1,BV19FFgzAEUu,1,0.42974,2
2009,2311,BV1LRvkefE2A,1,BV1pZ421a7py,1,0.49546,4
2009,2379,BV1LRvkefE2A,1,BV14U421d7xE,1,0.46348,4
2009,2446,BV1LRvkefE2A,1,BV1LbC2BwE1E,1,0.62782,1
2009,2812,BV1LRvkefE2A,1,BV13yzfYxEpg,1,0.38931,3
2009,3054,BV1LRvkefE2A,1,BV16xyqYdEM6,1,0.47019,2
2009,3270,BV1LRvkefE2A,1,BV1xS42197sE,1,0.42529,1
2009,3621,BV1LRvkefE2A,1,BV1aFjozqE5x,1,0.50484,2
2009,4007,BV1LRvkefE2A,1,BV1apQPYNEYw,1,0.49041,4
2009,4035,BV1LRvkefE2A,1,BV1w79mYLEgR,1,0.53349,4
2009,4139,BV1LRvkefE2A,1,BV1TCAZe6Eqc,1,0.43034,4
2009,4561,BV1LRvkefE2A,1,BV1cVnezNEnF,1,0.55062,3
2009,5204,BV1LRvkefE2A,1,BV1fpgbzxEZJ,1,0.5966,2
2009,5432,BV1LRvkefE2A,1,BV1KYfABeE8D,1,0.4827,2
2009,5532,BV1LRvkefE2A,1,BV1TiUTBQEqy,1,0.38273,4
2010,3293,BV1VEvkesEaZ,1,BV1zHW2emE6c,1,0.37926,3
2010,4153,BV1VEvkesEaZ,1,BV1PEAreXEr5,1,0.34149,2
2011,3433,BV1qZ421N78R,1,BV1ajSaBvE6r,1,0.39056,1
2011,4190,BV1qZ421N78R,1,BV1R3KLeGEor,1,0.36563,4
2012,2730,BV15r421M76p,1,BV1Z5qLYuESW,1,0.34806,3
2012,4519,BV15r421M76p,1,BV1sBnzzpEr4,1,0.35926,2
2013,2587,BV1Xi421h7xa,1,BV19jr4Y3EGr,1,0.53543,1
2013,2986,BV1Xi421h7xa,1,BV1osSaYSEWB,1,0.43429,2
2013,3224,BV1Xi421h7xa,1,BV1jushevEb1,1,0.47717,2
2013,4044,BV1Xi421h7xa,1,BV1wcK7eZEXw,1,0.38269,4
2013,5724,BV1Xi421h7xa,1,BV1MhvpBPEi6,1,0.45426,2
2014,2043,BV1cs4y1z7Mq,1,BV1K5eqeZEWP,1,0.39396,3
2014,3322,BV1cs4y1z7Mq,1,BV1PwHjeAEJF,1,0.49035,2
2014,3462,BV1cs4y1z7Mq,1,BV1rSNyzxEkd,1,0.52805,1
2014,3585,BV1cs4y1z7Mq,1,BV17P7DzeEB3,1,0.48624,2
2014,4659,BV1cs4y1z7Mq,1,BV13wHyzjENT,1,0.48129,2
2014,5270,BV1cs4y1z7Mq,1,BV1QXKkzBEhr,1,0.47094,1
2015,2276,BV1eVvMefE63,1,BV1sa4y1r7Jr,1,0.37563,2
2015,3306,BV1eVvMefE63,1,BV1zd4beGEBs,1,0.39506,1
2015,4571,BV1eVvMefE63,1,BV1TsnAzxETo,1,0.35775,1
2015,4669,BV1eVvMefE63,1,BV1Y3HXzGEuw,1,0.3575,4
2016,2256,BV1BK421e72t,1,BV1vt421t7V5,1,0.35819,4
2016,2895,BV1BK421e72t,1,BV1NqU7YpEC1,1,0.41376,1
2016,5199,BV1BK421e72t,1,BV1Js3WzCE43,1,0.37181,2
2017,3024,BV1cm42137VV,1,BV1XG1bY4EXf,1,0.47938,2
2018,2681,BV17f421B7Hd,1,BV1h7kMYQE9t,1,0.39135,4
2018,4062,BV17f421B7Hd,1,BV13T97Y6EFS,1,0.45471,1
2018,4071,BV17f421B7Hd,1,BV1anX9YCEnr,1,0.40617,2
2019,2607,BV1yi421h7rP,1,BV1to6GY9EGn,1,0.38275,4
2019,4015,BV1yi421h7rP,1,BV1vYQ5YMErH,1,0.40715,3
2019,4430,BV1yi421h7rP,1,BV1cZ4uzSE1h,1,0.36143,4
2019,5361,BV1yi421h7rP,1,BV1RaPkzKEcu,1,0.37097,3
2019,5397,BV1yi421h7rP,1,BV15eABzsECc,1,0.38322,4
2020,2313,BV132421Z7wV,1,BV19D42177M2,1,0.45239,1
2020,3909,BV132421Z7wV,1,BV1A5R9YvEwq,1,0.43528,3
2020,3915,BV132421Z7wV,1,BV1xDZJYXESQ,1,0.39386,1
2020,4706,BV132421Z7wV,1,BV1VFYTzGETg,1,0.34856,4
2021,4122,BV1wW421R7QE,1,BV12sAferEFL,1,0.50156,2
2021,4279,BV1wW421R7QE,1,BV1E6F7ezEvL,1,0.50145,3
2021,5114,BV1wW421R7QE,1,BV1eghWzQEEQ,1,0.47792,4
2022,2154,BV1tS421K76n,1,BV1QZ421j7sA,1,0.46916,1
2022,2448,BV1tS421K76n,1,BV1iFUHBkEik,1,0.49227,2
2022,2598,BV1tS421K76n,1,BV12i6RYMENw,1,0.48992,3
2022,3101,BV1tS421K76n,1,BV1Ji2YYnEDQ,1,0.50266,1
2022,3208,BV1tS421K76n,1,BV1P1xFeYEmQ,1,0.4261,4
2022,4299,BV1tS421K76n,1,BV1vtF8eKEvE,2,0.40845,3
2023,2261,BV12Lvpe9Eeu,1,BV1nJ4m1a7Y4,1,0.47931,1
2023,2863,BV12Lvpe9Eeu,1,BV1wTU9YUEPa,1,0.42905,4
2023,3210,BV12Lvpe9Eeu,1,BV1wnx7eCEdg,1,0.4138,3
2023,3874,BV12Lvpe9Eeu,1,BV1fPdLYDENo,1,0.34243,4
2023,5763,BV12Lvpe9Eeu,1,BV13mB9BeEcC,1,0.43469,3
2024,3878,BV12Lvpe9Eeu,2,BV1YCdXYSEKK,1,0.474,4
2024,5265,BV12Lvpe9Eeu,2,BV18DuwzbEPX,1,0.43835,3
2024,5627,BV12Lvpe9Eeu,2,BV12X6CBTErB,1,0.42572,4
2025,2443,BV1DS421X7Cg,1,BV1JsULBAED5,1,0.39987,2
2025,3378,BV1DS421X7Cg,1,BV14xsMesEr8,1,0.40973,1
2025,3390,BV1DS421X7Cg,1,BV1JaH7ehEsP,1,0.38658,3
2025,5402,BV1DS421X7Cg,1,BV16YfbB8ESE,1,0.36208,4
2026,3346,BV1odbDezESS,1,BV1hKpgeFEwi,1,0.35779,4
2026,4273,BV1odbDezESS,1,BV1acFuePELF,1,0.40775,1
2026,4568,BV1odbDezESS,1,BV12bJkzwEae,1,0.36365,2
2026,5220,BV1odbDezESS,1,BV1qVuZzwEhM,1,0.35167,3
2027,2179,BV1ei421h7av,1,BV1tJ4m1H78U,1,0.52659,2
2027,2934,BV1ei421h7av,1,BV1oYm2YXEzj,1,0.41667,4
2027,3246,BV1ei421h7av,1,BV1QHtQeoEop,1,0.52892,1
2027,3488,BV1ei421h7av,1,BV1pzNhzREKj,1,0.50858,3
2027,4725,BV1ei421h7av,1,BV1DiYyzGEd8,1,0.5255,3
2028,2268,BV1A142187jk,1,BV1Jj421d7F9,1,0.38235,3
2028,2281,BV1A142187jk,1,BV1Ux421r7Cq,1,0.38985,2
2028,3708,BV1A142187jk,1,BV1Ky5KzmEr4,1,0.417,1
2028,4227,BV1A142187jk,1,BV1LkNGehEct,1,0.37558,4
2029,2542,BV1uz421i7U9,1,BV1zKCrYAECm,1,0.53886,1
2029,3456,BV1uz421i7U9,1,BV1ksK7zDEAs,1,0.52195,1
2029,3869,BV1uz421i7U9,1,BV1DpdSYiEEU,1,0.50996,2
2029,4161,BV1uz421i7U9,1,BV1XZAbeqEZL,1,0.50986,3
2029,4749,BV1uz421i7U9,1,BV1kaajz7EkA,1,0.5374,2
2030,3469,BV1Rw4m1r7DB,1,BV1xJNpziELD,1,0.35754,3
2030,5417,BV1Rw4m1r7DB,1,BV1ugZRB7EZZ,1,0.35075,4
2030,5646,BV1Rw4m1r7DB,1,BV13dkjBMEPY,1,0.40844,1
2031,3619,BV1JT42167Si,1,BV1EHjRzyEPn,1,0.42361,4
2031,4353,BV1JT42167Si,1,BV1XiwheiEud,1,0.43976,1
2031,5568,BV1JT42167Si,1,BV1avFSzkEB6,1,0.36757,3
2032,3016,BV1mS421X7m9,1,BV1Gy2bYbE8u,1,0.46315,1
2032,3533,BV1mS421X7m9,1,BV1v5TuzJE5X,1,0.36671,3
2032,3765,BV1mS421X7m9,1,BV1hdL1ziEF4,1,0.49043,1
2032,3898,BV1mS421X7m9,1,BV1RXRRYtERY,1,0.44932,3
2032,5392,BV1mS421X7m9,1,BV1tvAaz8E5Q,1,0.33171,4
2033,2372,BV12H4y1c78a,1,BV1Rp421R7Xz,1,0.53298,1
2033,2451,BV12H4y1c78a,1,BV1j9ycB3ENV,1,0.50641,4
2034,4789,BV1dZ421T7vv,1,BV18ovczdEco,1,0.38319,4
2035,4053,BV14M4m127wE,1,BV1N9K5eREDo,1,0.43863,4
2035,5812,BV14M4m127wE,1,BV1JJmzBfEUY,1,0.46702,2
2036,3290,BV1tM4m1y7HD,1,BV1Ro41e1EpW,1,0.39951,3
2036,4452,BV1tM4m1y7HD,1,BV1tmxvztEgm,1,0.43243,2
2036,5659,BV1tM4m1y7HD,1,BV19YrpBWENY,1,0.38898,4
2037,2052,BV1fb421E7nM,1,BV14Wg7e2Em7,1,0.55134,2
2037,2788,BV1fb421E7nM,1,BV1cjiiYvEFC,1,0.50699,3
2037,3289,BV1fb421E7nM,1,BV1PA4SeuEnY,1,0.38822,3
2037,3481,BV1fb421E7nM,1,BV1p2NvziEiR,1,0.43721,2
2037,4635,BV1fb421E7nM,1,BV12qHfzmEeL,1,0.47424,2
2038,3698,BV14h8CeiEKZ,1,BV11BEKzxE4w,1,0.42169,2
2038,4268,BV14h8CeiEKZ,1,BV1xU4y1k7Cf,1,0.39974,1
2038,4300,BV14h8CeiEKZ,1,BV1CBFHe4Ekm,1,0.41415,4
2039,4657,BV1uU411S79G,1,BV1dmYmzhE8t,1,0.39114,1
2040,2347,BV1ctezeoEX6,1,BV1VH4y1J7AR,1,0.34602,2
2040,2949,BV1ctezeoEX6,1,BV1xfDdYBELG,1,0.37866,1
2041,2180,BV1PE421N7qq,1,BV1Fm421W7vG,1,0.46304,1
2041,3485,BV1PE421N7qq,1,BV1rFNbzCE6D,1,0.40763,4
2041,5760,BV1PE421N7qq,1,BV1hCBQBbE6G,1,0.43241,2
2042,3543,BV1X2ezeCEcS,1,BV1S67KzcEsU,1,0.54834,4
2042,3689,BV1X2ezeCEcS,1,BV1eWEbzNE2o,1,0.51779,2
2042,4101,BV1X2ezeCEcS,1,BV1nJNkeZEUx,1,0.59251,2
2042,5680,BV1X2ezeCEcS,1,BV1aivQBpEcD,1,0.44704,4
2043,4659,BV1K5eqeZEWP,1,BV13wHyzjENT,1,0.40716,1
2043,4665,BV1K5eqeZEWP,1,BV1NMHQzxEE2,1,0.39137,4
2043,5827,BV1K5eqeZEWP,1,BV1DeUnB8ErT,1,0.39575,2
2044,2936,BV1Po8ge6E1K,1,BV1pAS2YwEsh,1,0.5308,4
2044,3476,BV1Po8ge6E1K,1,BV1RAMCzUEzW,1,0.55924,2
2044,3901,BV1Po8ge6E1K,1,BV1ziZZY2Ej6,1,0.54596,2
2044,4325,BV1Po8ge6E1K,1,BV1mQwAeQEGE,1,0.34354,4
2044,4475,BV1Po8ge6E1K,1,BV1AzxLzAEKz,1,0.53967,4
2044,5153,BV1Po8ge6E1K,1,BV1gdbXzoEEN,1,0.46902,2
2044,5478,BV1Po8ge6E1K,1,BV1nBZSBXEu8,1,0.46866,1
2044,5497,BV1Po8ge6E1K,1,BV1EGZkBtE3m,1,0.58033,1
2045,2886,BV1f434ebExn,1,BV1RoScY4E6s,1,0.42704,1
2045,3120,BV1f434ebExn,1,BV1bp2AYmEu1,1,0.50858,2
2045,3199,BV1f434ebExn,1,BV1j4xweWEnf,1,0.44046,3
2045,3527,BV1f434ebExn,1,BV1Fz7jzkEXF,1,0.43768,1
2045,4700,BV1f434ebExn,1,BV11xaUzrEF2,1,0.50417,3
2046,2712,BV1Lc411K7Fr,1,BV1o7BGYYEjN,1,0.42366,2
2046,3448,BV1Lc411K7Fr,1,BV1mTg6zKEeE,1,0.41496,4
2046,4337,BV1Lc411K7Fr,1,BV1a3cWe2EkU,1,0.41664,3
2047,3350,BV1Cb421J7Fn,1,BV1PZpMe2ENo,1,0.54549,1
2048,2390,BV1JZ421e7EG,1,BV1hp421d7Na,1,0.516,4
2048,3086,BV1JZ421e7EG,1,BV1ncmnYSEMX,1,0.50735,2
2048,3578,BV1JZ421e7EG,1,BV1smEdzYEzo,1,0.62614,1
2048,3792,BV1JZ421e7EG,1,BV1KzLkzDEuM,1,0.4183,3
2048,5336,BV1JZ421e7EG,1,BV16oNAzzEHV,1,0.55294,2
2048,5409,BV1JZ421e7EG,1,BV1sXfiBfEBh,1,0.49114,4
2049,2093,BV1kGe9ePEex,1,BV1vw4m1U77k,1,0.37738,2
2049,2108,BV1kGe9ePEex,1,BV1aJ4m1N722,1,0.55036,4
2049,2363,BV1kGe9ePEex,1,BV1Wz421d7Ns,1,0.59022,1
2049,4248,BV1kGe9ePEex,1,BV1XRPde7Eug,1,0.57395,2
2049,5249,BV1kGe9ePEex,1,BV1sXuazzE6R,1,0.56724,3
2050,2330,BV1dt421M72p,1,BV1xH4y1j7oy,1,0.53328,1
2050,2888,BV1dt421M72p,1,BV1tKUAYjEuz,1,0.51629,2
2050,3153,BV1dt421M72p,1,BV1qZxCeVEXZ,1,0.38861,3
2050,3733,BV1dt421M72p,1,BV1KqVrzjEeG,1,0.41621,2
2050,4337,BV1dt421M72p,1,BV1a3cWe2EkU,1,0.47768,2
2050,5603,BV1dt421M72p,1,BV12pFjzrEC1,1,0.40879,3
2051,2227,BV1nJ4m1T75E,1,BV1Ju4m137Dx,2,0.41413,1
2051,2459,BV1nJ4m1T75E,1,BV1MVyPBKEgF,1,0.39075,3
2051,4559,BV1nJ4m1T75E,1,BV1zYngzAEbQ,1,0.38105,3
2051,5277,BV1nJ4m1T75E,1,BV1m3Gpz4Eey,1,0.3513,2
2052,2310,BV14Wg7e2Em7,1,BV12v421k7Dg,1,0.53627,2
2052,2387,BV14Wg7e2Em7,1,BV1HA4m1V7mc,1,0.48828,3
2052,2448,BV14Wg7e2Em7,1,BV1iFUHBkEik,1,0.56323,1
2052,2459,BV14Wg7e2Em7,1,BV1MVyPBKEgF,1,0.62526,1
2052,2932,BV14Wg7e2Em7,1,BV1jEm4YaEno,1,0.46136,2
2052,4067,BV14Wg7e2Em7,1,BV1xA9FYJEvJ,1,0.43018,4
2052,4334,BV14Wg7e2Em7,1,BV1j3ffY2E9S,1,0.51509,2
2052,4739,BV14Wg7e2Em7,1,BV1e4aPzAEiu,1,0.50882,3
2052,4788,BV14Wg7e2Em7,1,BV15nY9z5Err,1,0.50597,1
2052,5066,BV14Wg7e2Em7,1,BV1YAthzfEK8,1,0.65255,1
2052,5087,BV14Wg7e2Em7,1,BV1SntqzrEF2,1,0.6097,2
2053,2188,BV1d4VveEEwS,1,BV1A142167ri,1,0.42954,2
2053,2407,BV1d4VveEEwS,1,BV1Fj421X734,1,0.43055,2
2053,4219,BV1d4VveEEwS,1,BV1bPN9eBEYP,1,0.35896,4
2053,5011,BV1d4VveEEwS,1,BV1PktXzkEVQ,1,0.4522,1
2054,2324,BV1vM4m1z7oo,1,BV12r421s7jK,1,0.64684,2
2054,2625,BV1vM4m1z7oo,1,BV19BBEYVEQs,1,0.63876,4
2054,4490,BV1vM4m1z7oo,1,BV1mTHGzQE1K,1,0.53955,3
2055,2233,BV1hx4y1b71p,1,BV1tm411R7Hm,1,0.40253,3
2055,2806,BV1hx4y1b71p,1,BV1Rm6NY2EiW,1,0.43212,1
2055,5067,BV1hx4y1b71p,1,BV18ztmzuEdK,1,0.39216,4
2055,5076,BV1hx4y1b71p,1,BV1jCt2zmEk5,1,0.4111,2
2056,3023,BV1Yr421F7Ti,1,BV1j42oYyExn,1,0.36984,4
2056,3595,BV1Yr421F7Ti,1,BV1H67zzgE8A,1,0.45763,1
2056,4793,BV1Yr421F7Ti,1,BV1UyhozqECb,1,0.37864,3
2057,2718,BV11x4y147nL,1,BV1Q7qaY3EVD,1,0.61694,1
2057,2938,BV11x4y147nL,1,BV1r5DBYyExy,1,0.54264,1
2057,3043,BV11x4y147nL,1,BV1tzy6YyEt4,1,0.57563,2
2057,3708,BV11x4y147nL,1,BV1Ky5KzmEr4,1,0.53937,4
2058,2708,BV1LJ4m1u7jN,1,BV1uoz6YvEG9,1,0.40802,3
2058,4160,BV1LJ4m1u7jN,1,BV1G7PdeCETU,1,0.38134,2
2058,4471,BV1LJ4m1u7jN,1,BV1Lvxjz9EFP,1,0.488,3
2059,3111,BV1n7421o79a,1,BV1DQ2MYAE8s,1,0.42199,2
2059,3237,BV1n7421o79a,1,BV14Ft2eqEPc,1,0.42435,4
2059,3757,BV1n7421o79a,1,BV1cbVJzGEeY,1,0.43229,3
2059,3840,BV1n7421o79a,1,BV18cfcYMExL,1,0.42507,2
2059,5737,BV1n7421o79a,1,BV1AWvWBZEE2,1,0.52012,1
2060,3548,BV1sT421e7be,1,BV13yTvzRESn,1,0.40761,3
2060,5831,BV1sT421e7be,1,BV1hFUfBMECP,1,0.44539,1
2061,2503,BV1Tz42187Mv,1,BV163wKe2ExG,1,0.36711,3
2061,2738,BV1Tz42187Mv,1,BV1hYqJYkEQJ,1,0.34208,3
2061,5600,BV1Tz42187Mv,1,BV1SKFkzEEzp,1,0.35209,4
2062,3674,BV12f421X73R,1,BV1hGEazgE4H,1,0.48396,1
2062,4277,BV12f421X73R,1,BV1y8FKe2E7o,1,0.47397,4
2062,4458,BV12f421X73R,1,BV1cux9zTEi3,1,0.41945,1
2062,4922,BV12f421X73R,1,BV1UAtfzYEmP,1,0.47685,1
2062,5284,BV12f421X73R,1,BV1tp3ezREXR,1,0.42109,3
2062,5439,BV12f421X73R,1,BV1zLZZB6Eij,1,0.37389,2
2063,2432,BV1rr421c7i9,1,BV1SZUcBGEDs,1,0.42588,3
2063,3042,BV1rr421c7i9,1,BV1V4y6YXE18,1,0.37725,3
2063,3407,BV1rr421c7i9,1,BV1Z7m2BVEtv,1,0.50664,2
2063,4198,BV1rr421c7i9,1,BV1rqKpeBExU,1,0.55027,1
2063,4203,BV1rr421c7i9,1,BV1cMNmerEiU,1,0.41119,1
2063,4851,BV1rr421c7i9,1,BV1MXeizpEpp,1,0.47193,3
2064,2144,BV1Ky41187fj,1,BV1Vi421C77i,1,0.58671,1
2064,2412,BV1Ky41187fj,1,BV1N6421g7AM,1,0.4231,2
2064,3012,BV1Ky41187fj,1,BV1mN1EYHEhB,1,0.53941,1
2064,3337,BV1Ky41187fj,1,BV1VgH9epEP1,1,0.55882,3
2064,4011,BV1Ky41187fj,1,BV1iDQpYZENu,1,0.54634,4
2064,5699,BV1Ky41187fj,1,BV1suquBZEnC,1,0.41703,3
2065,2271,BV1Zr421F7Tv,1,BV1B6421F7KJ,1,0.34049,3
2065,2361,BV1Zr421F7Tv,1,BV1ZZ42117L2,1,0.44474,4
2065,4136,BV1Zr421F7Tv,1,BV1nhAeehEKP,1,0.44845,2
2065,4164,BV1Zr421F7Tv,1,BV11HAeeqEzp,1,0.47803,1
2065,5654,BV1Zr421F7Tv,1,BV1kDrCBaEg7,1,0.42514,2
2066,3798,BV1FZ421x79c,1,BV1sSLqzBEYq,1,0.53797,1
2066,3945,BV1FZ421x79c,1,BV1sMoRYLEsS,1,0.39301,4
2066,4273,BV1FZ421x79c,1,BV1acFuePELF,1,0.40125,3
2066,4315,BV1FZ421x79c,1,BV1rtfzYPED5,1,0.42133,3
2066,5803,BV1FZ421x79c,1,BV1rYq6BkEbg,1,0.37082,1
2067,3440,BV11U411d7xT,1,BV1CJUKBCEVH,1,0.4693,2
2067,4381,BV11U411d7xT,1,BV1RjC7B2Eu6,1,0.48154,4
2067,4694,BV11U411d7xT,1,BV1aVYVzoE6P,1,0.52368,2
2067,5181,BV11U411d7xT,1,BV1vgbCziEvE,1,0.50859,1
2068,2340,BV12M4m1U7zk,1,BV1sZ42127Xh,1,0.67844,3
2068,3653,BV12M4m1U7zk,1,BV1M6JNzFEFR,1,0.58267,4
2068,3888,BV12M4m1U7zk,1,BV162dJYBEFx,1,0.43122,3
2068,4248,BV12M4m1U7zk,1,BV1XRPde7Eug,1,0.61769,1
2068,4841,BV12M4m1U7zk,1,BV11KenzBEyR,1,0.68233,2
2069,2814,BV1vRuVeYE9t,1,BV1oxBtYgEFe,1,0.45679,3
2069,3608,BV1vRuVeYE9t,1,BV1UojBz1EM9,1,0.43185,3
2069,3664,BV1vRuVeYE9t,1,BV1A5JTzdE65,1,0.43133,1
2069,3827,BV1vRuVeYE9t,1,BV1vFLazqEGu,1,0.41551,2
2069,4636,BV1vRuVeYE9t,1,BV1DupFzdE9b,1,0.41497,3
2069,5306,BV1vRuVeYE9t,1,BV13UAkzhEPa,1,0.53775,1
2069,5496,BV1vRuVeYE9t,1,BV1kkUDBiEgN,1,0.5203,1
2069,5585,BV1vRuVeYE9t,1,BV1zaFZz2EtZ,1,0.36609,4
2070,2826,BV1dx4y1J7pf,1,BV1i8zpYFErF,1,0.55433,4
2070,2909,BV1dx4y1J7pf,1,BV1UEUeYBERN,1,0.5753,3
2070,3121,BV1dx4y1J7pf,1,BV1vZijeRE6d,1,0.65693,1
2070,4922,BV1dx4y1J7pf,1,BV1UAtfzYEmP,1,0.39311,4
2071,2411,BV1zs421g7JX,1,BV1H4421w7dc,1,0.38722,3
2071,3748,BV1zs421g7JX,1,BV1KjoKY1Eyo,1,0.39621,2
2071,4031,BV1zs421g7JX,1,BV1XnRpYFExc,1,0.41631,1
2072,3356,BV1Ry411B7Yd,1,BV1ugH4eqEcP,1,0.47893,2
2072,3564,BV1Ry411B7Yd,1,BV1my7KztELH,1,0.46445,3
2072,4475,BV1Ry411B7Yd,1,BV1AzxLzAEKz,1,0.47926,1
2073,2573,BV18J4m1g765,1,BV1JmrKY8E3Y,1,0.79392,4
2073,3418,BV18J4m1g765,1,BV1Pv2fBxER5,1,0.7552,3
2073,4812,BV18J4m1g765,1,BV1CDeXzZEWq,1,0.84498,1
2073,5757,BV18J4m1g765,1,BV1Sgm3BwEh5,1,0.73718,3
2074,2774,BV1iz421b7jY,1,BV13jqnYVEx3,1,0.48641,2
2074,4038,BV1iz421b7jY,1,BV1WkRsYXEu1,1,0.34629,1
2074,4519,BV1iz421b7jY,1,BV1sBnzzpEr4,1,0.434,4
2074,4726,BV1iz421b7jY,1,BV1tCaKzFEuT,1,0.51192,1
2074,5202,BV1iz421b7jY,1,BV1P3gfzjEwJ,1,0.4269,4
2074,5242,BV1iz421b7jY,1,BV1D9ubz3Ep8,1,0.44114,4
2075,2296,BV1zw4m1S7KZ,1,BV1pi421o7Ys,1,0.40101,3
2075,4559,BV1zw4m1S7KZ,1,BV1zYngzAEbQ,1,0.3941,1
2076,2313,BV1Vz421Y7or,1,BV19D42177M2,1,0.46361,4
2076,2727,BV1Vz421Y7or,1,BV1exqSYfEup,1,0.40534,4
2076,3210,BV1Vz421Y7or,1,BV1wnx7eCEdg,1,0.42212,1
2076,4000,BV1Vz421Y7or,1,BV12KQyYMEXm,1,0.47825,2
2076,4134,BV1Vz421Y7or,1,BV12RAneqER3,1,0.46233,2
2076,4750,BV1Vz421Y7or,1,BV1eehiz9EaX,1,0.41778,4
2076,4830,BV1Vz421Y7or,1,BV1XGvNzGEmJ,1,0.46747,1
2076,5515,BV1Vz421Y7or,1,BV1seZQBPE2j,1,0.48726,1
2077,2216,BV19Z421s7Zk,1,BV1Hq421F79e,1,0.46851,2
2077,3762,BV19Z421s7Zk,1,BV1yxGizsEw6,1,0.48267,1
2077,4489,BV19Z421s7Zk,1,BV1UfxazpEby,1,0.45373,3
2077,4982,BV19Z421s7Zk,1,BV1NCtRzSEKa,1,0.43895,4
2077,5046,BV19Z421s7Zk,1,BV1LobVzXEhy,1,0.40195,4
2078,2419,BV1My411a7wC,1,BV1oK421r7WA,1,0.67364,3
2078,2721,BV1My411a7wC,1,BV1ziqtYkEaH,1,0.64679,4
2078,2816,BV1My411a7wC,1,BV1bCzVYbEDc,1,0.64225,4
2078,4195,BV1My411a7wC,1,BV1ZrP9eEE5h,1,0.53684,3
2079,2534,BV1am421K7k3,1,BV1hdCvYeEZe,1,0.44261,4
2079,3946,BV1am421K7k3,1,BV1SdZGYKEMz,1,0.47208,2
2079,4928,BV1am421K7k3,1,BV1HobYzsEkZ,1,0.49604,1
2079,5168,BV1am421K7k3,1,BV1hF8TzhEL6,1,0.39981,1
2079,5521,BV1am421K7k3,1,BV1AJZXBYE8s,1,0.45749,3
2080,2241,BV1ps42137PN,1,BV1Up421U7zH,1,0.36168,3
2080,3783,BV1ps42137PN,1,BV1GAG1zwEqP,1,0.41337,3
2080,5697,BV1ps42137PN,1,BV1DbBRBvE46,1,0.41956,2
2081,2993,BV1Rr421j7Yh,1,BV1ew1eYzEd9,1,0.51531,1
2081,3946,BV1Rr421j7Yh,1,BV1SdZGYKEMz,1,0.50635,3
2081,4626,BV1Rr421j7Yh,1,BV1rgp2zrEDR,1,0.43712,4
2081,5499,BV1Rr421j7Yh,1,BV1gBZABTE82,1,0.51154,2
2082,2355,BV1JEKQeWEtx,1,BV18p421R7oY,1,0.32275,3
2082,4239,BV1JEKQeWEtx,1,BV13SNWexERw,1,0.34299,2
2082,4397,BV1JEKQeWEtx,1,BV1w5WCzKEKQ,1,0.36289,1
2082,4528,BV1JEKQeWEtx,1,BV1iUn5zBEtx,1,0.33232,4
2083,4674,BV1eZ421s7yA,1,BV1RbY5zvE28,1,0.55808,2
2083,5050,BV1eZ421s7yA,1,BV17qbNzeEGr,1,0.58196,1
2083,5813,BV1eZ421s7yA,1,BV13uBcBSEps,1,0.38141,4
2084,2357,BV1NHKkeCEz3,1,BV1aS421N7jJ,1,0.42657,3
2084,2502,BV1NHKkeCEz3,1,BV1ctwqeTExz,1,0.54917,1
2084,2685,BV1NHKkeCEz3,1,BV1kCkcYDEwa,1,0.57457,2
2084,3051,BV1NHKkeCEz3,1,BV1etyhYcEGG,1,0.51588,3
2084,3353,BV1NHKkeCEz3,1,BV17VHqeLE7A,1,0.40993,4
2084,4119,BV1NHKkeCEz3,1,BV1i8ADeKErD,1,0.45283,2
2084,4764,BV1NHKkeCEz3,1,BV1ffhCzSEmn,1,0.45982,1
2084,4898,BV1NHKkeCEz3,1,BV1ppYrzsEMQ,1,0.53743,3
2084,4991,BV1NHKkeCEz3,1,BV1AYt2zsEBe,1,0.55623,4
2084,5083,BV1NHKkeCEz3,1,BV1J6hHzWEE1,1,0.53752,3
2085,2622,BV1oH4y1V7gT,1,BV1D4CCYxEkU,1,0.42231,2
2085,2932,BV1oH4y1V7gT,1,BV1jEm4YaEno,1,0.48104,1
2085,3895,BV1oH4y1V7gT,1,BV1tRRvYsEYx,1,0.34055,4
2085,5038,BV1oH4y1V7gT,1,BV1iKbuz3Ezv,1,0.47511,3
2085,5152,BV1oH4y1V7gT,1,BV1tD8uzNEjv,1,0.53605,1
2085,5731,BV1oH4y1V7gT,1,BV1FZiYBJEGK,1,0.54123,1
2086,3368,BV1W4uReuEjW,1,BV17uHvegEJq,1,0.4685,4
2086,3702,BV1W4uReuEjW,1,BV14sE3z6EaM,1,0.50278,2
2086,5476,BV1W4uReuEjW,1,BV1Jh6FBYEfo,1,0.41859,1
2087,3539,BV14i421D75s,1,BV1CQT6zsE8P,1,0.46007,2
2088,2734,BV1H7KkeKEd3,1,BV1MTqGY7EGP,1,0.47509,4
2088,2835,BV1H7KkeKEd3,1,BV1vzzBYuEXc,1,0.46987,3
2088,3382,BV1H7KkeKEd3,1,BV1PxH7eiENf,1,0.46769,4
2089,2119,BV1Lf42127TE,1,BV1fw4m117N4,1,0.45356,2
2089,4102,BV1Lf42127TE,1,BV11MPoeBERf,1,0.53091,2
2089,4510,BV1Lf42127TE,1,BV1eCn9zLExc,1,0.52792,1
2090,2358,BV1mf421R7nK,1,BV1zw4m1f72M,1,0.47569,2
2090,2954,BV1mf421R7nK,1,BV1ghSjYhEWF,1,0.55891,3
2090,3231,BV1mf421R7nK,1,BV1CNpweoEcY,1,0.43794,4
2090,4261,BV1mf421R7nK,1,BV1kWFeesEX9,1,0.56367,1
2090,4480,BV1mf421R7nK,1,BV18bxMzdE15,1,0.55746,4
2090,5323,BV1mf421R7nK,1,BV1rZPYz4ExY,1,0.43126,2
2091,2244,BV1Sbu3eUE5o,1,BV1H2421N7oL,1,0.42541,3
2091,3174,BV1Sbu3eUE5o,1,BV1uy4Ge1EUB,1,0.44149,2
2091,3203,BV1Sbu3eUE5o,1,BV1p8tseqEgp,1,0.44332,1
2092,2305,BV1BJ4m1A7jt,1,BV1Ft421G7gs,1,0.59296,1
2092,2640,BV1BJ4m1A7jt,1,BV1cPCrYeEKP,1,0.49737,2
2092,2670,BV1BJ4m1A7jt,1,BV1jykKYxE8C,2,0.60392,1
2092,2906,BV1BJ4m1A7jt,1,BV1FFUiY8EbS,1,0.56101,3
2092,3259,BV1BJ4m1A7jt,1,BV1ugtaeeEnL,1,0.44159,4
2092,4203,BV1BJ4m1A7jt,1,BV1cMNmerEiU,1,0.36939,3
2092,4335,BV1BJ4m1A7jt,1,BV1pofdYEEAU,1,0.53751,1
2092,5344,BV1BJ4m1A7jt,1,BV1vjAXzAESv,1,0.49365,1
2093,2257,BV1vw4m1U77k,1,BV1kw4m1Z7ad,1,0.40948,1
2093,3100,BV1vw4m1U77k,1,BV1Fy2UYcEPc,1,0.36378,4
2093,5415,BV1vw4m1U77k,1,BV1AbZfBDE6L,2,0.37059,3
2094,4080,BV1xf42117v8,1,BV1hcPieXEuN,1,0.45408,4
2095,2194,BV1my411a72U,1,BV1xF4m1w7dN,1,0.47957,1
2095,4424,BV1my411a72U,1,BV16Z48zuEBR,1,0.40124,2
2095,4832,BV1my411a72U,1,BV1GTe4zAEut,1,0.41131,2
2096,2232,BV1xC411a7zb,1,BV1qi421o7ic,1,0.41817,1
2096,3122,BV1xC411a7zb,1,BV1i74weWEuL,1,0.41413,4
2096,5342,BV1xC411a7zb,1,BV154S4BWEKe,1,0.41831,2
2097,3189,BV1vf421R72w,1,BV1rbxheyEaZ,1,0.40076,4
2097,3340,BV1vf421R72w,1,BV1DaHDezEP7,1,0.4308,3
2097,3614,BV1vf421R72w,1,BV17ZjUzdE3h,1,0.45361,1
2097,3704,BV1vf421R72w,1,BV1KhVZzsEWw,1,0.39207,1
2097,3856,BV1vf421R72w,1,BV1Wco5YZEMX,1,0.49433,2
2097,3958,BV1vf421R72w,1,BV1egZNY9EQh,1,0.4675,1
2097,4198,BV1vf421R72w,1,BV1rqKpeBExU,1,0.4914,3
2098,2929,BV1ib421b729,1,BV1dMmaYCEfz,1,0.56803,2
2098,3815,BV1ib421b729,1,BV1d6L3zUE6P,1,0.46331,1
2098,4570,BV1ib421b729,1,BV1q9JyzXEX7,1,0.56936,1
2099,2299,BV1Vi421Q7L9,1,BV1dK421x7eN,1,0.41085,2
2099,3497,BV1Vi421Q7L9,1,BV1rcMSz5EZ5,1,0.54367,3
2099,3725,BV1Vi421Q7L9,1,BV17gVxzUEKD,1,0.47176,3
2099,4217,BV1Vi421Q7L9,1,BV1h8Noe7ERt,1,0.5241,4
2099,4254,BV1Vi421Q7L9,1,BV1rhFBeKEmu,1,0.42297,1
2100,2217,BV11i421D7Be,1,BV12t421778Y,1,0.59917,4
2100,3404,BV11i421D7Be,1,BV1UnHgeREh9,1,0.51407,2
2100,3921,BV11i421D7Be,1,BV1RXZEYaEoT,1,0.43147,1
2100,5600,BV11i421D7Be,1,BV1SKFkzEEzp,1,0.49856,2
2100,5693,BV11i421D7Be,1,BV1AwrNBQE5w,1,0.61269,2
2100,5728,BV11i421D7Be,1,BV1k7v9BVE8f,1,0.65432,2
2101,2256,BV1Ei421k7XD,1,BV1vt421t7V5,1,0.50815,2
2101,3468,BV1Ei421k7XD,1,BV1CN73z8EaG,1,0.37868,4
2101,3513,BV1Ei421k7XD,1,BV1JGMgzeEqT,1,0.41127,3
2101,4018,BV1Ei421k7XD,1,BV1XsRLYVE9p,1,0.51591,1
2101,5262,BV1Ei421k7XD,1,BV1DouMzUEd5,1,0.42511,2
2101,5569,BV1Ei421k7XD,1,BV1pJF9zuELk,1,0.41649,2
2101,5812,BV1Ei421k7XD,1,BV1JJmzBfEUY,1,0.48,4
2102,2550,BV16b421h7gq,1,BV1VorBYCEQJ,1,0.39579,4
2102,4023,BV16b421h7gq,1,BV1iGRpYvEa4,1,0.42612,2
2102,5042,BV16b421h7gq,1,BV1ZmtUzQEnD,1,0.41406,3
2102,5465,BV16b421h7gq,1,BV1ZmZ6BRENJ,1,0.38092,4
2103,2679,BV1dM4m1d736,1,BV1G2kwYBEPD,1,0.56046,1
2103,3611,BV1dM4m1d736,1,BV1tWjyzYESh,1,0.42179,4
2103,3762,BV1dM4m1d736,1,BV1yxGizsEw6,1,0.43603,3
2104,2977,BV1ur421j7BJ,1,BV18dS6YhEGX,2,0.43359,1
2104,3339,BV1ur421j7BJ,1,BV1oTWsemEE1,1,0.46595,4
2104,3385,BV1ur421j7BJ,1,BV1gQH7emE1y,1,0.46481,4
2104,3439,BV1ur421j7BJ,1,BV1d8UsBUE4n,1,0.55728,2
2104,4546,BV1ur421j7BJ,1,BV1yunVzjE3D,1,0.54987,3
2104,4923,BV1ur421j7BJ,1,BV1sRbvzeExH,1,0.56375,1
2104,5126,BV1ur421j7BJ,1,BV1uu411i7D2,1,0.53647,4
2105,2645,BV1Pq421F7q2,1,BV18ACBYqEWp,1,0.49449,2
2105,3384,BV1Pq421F7q2,1,BV1Ka411o75u,1,0.5443,1
2105,4330,BV1Pq421F7q2,1,BV1VSfCYvEjo,1,0.40322,3
2105,4941,BV1Pq421F7q2,1,BV1qytZz1E9d,1,0.48347,2
2105,5109,BV1Pq421F7q2,1,BV1JVhuzWEer,1,0.46838,4
2106,3134,BV1hz421U7Tj,1,BV1Yb1qYmEUx,1,0.35633,4
2106,3138,BV1hz421U7Tj,1,BV15T1BYQE4i,1,0.36524,1
2106,3656,BV1hz421U7Tj,1,BV1RcEtzcEwA,1,0.35713,3
2106,3789,BV1hz421U7Tj,1,BV1hddVYME5D,1,0.36142,2
2107,3397,BV14M4m1C7EL,1,BV1RJHjeSEiY,1,0.61069,2
2107,3706,BV14M4m1C7EL,1,BV1yL5czwE9K,1,0.5703,4
2107,4623,BV14M4m1C7EL,1,BV1MJMpz7Ek8,1,0.59613,3
2107,4838,BV14M4m1C7EL,1,BV1QPeoz1Ear,1,0.63885,1
2108,2771,BV1aJ4m1N722,1,BV1tUzwYxEsh,1,0.42889,4
2108,3168,BV1aJ4m1N722,1,BV1y74GePEK9,1,0.59479,1
2108,3230,BV1aJ4m1N722,1,BV1YPs1eNEaQ,1,0.52354,2
2108,5281,BV1aJ4m1N722,1,BV18qG5zqEGC,1,0.5997,1
2109,2791,BV1Zw4m1S7ef,1,BV1mBieYrEZd,1,0.45089,3
2109,3423,BV1Zw4m1S7ef,1,BV1VWmcBkENX,1,0.38977,2
2109,5747,BV1Zw4m1S7ef,1,BV1vXiPBFEkR,1,0.44668,4
2110,2588,BV1NE42157kP,1,BV1dRC8YfES6,1,0.3555,4
2110,4118,BV1NE42157kP,1,BV1TbPxe9EBa,1,0.4181,3
2110,5485,BV1NE42157kP,1,BV1y9F6zBE6H,1,0.46893,1
2111,2451,BV1K1421B7P1,1,BV1j9ycB3ENV,1,0.57402,3
2111,5292,BV1K1421B7P1,1,BV1Gk3NzJEDy,1,0.59407,1
2112,4539,BV1cx4y1W7js,1,BV1ydnSzDEHS,1,0.45975,1
2112,4917,BV1cx4y1W7js,1,BV18obazvEfx,1,0.46528,2
2112,5301,BV1cx4y1W7js,1,BV14TAKzXEjc,1,0.47721,1
2113,3011,BV1yM4m1C7Gn,1,BV1wj2VYYE87,1,0.51754,1
2113,3526,BV1yM4m1C7Gn,1,BV1dfTszeEGo,1,0.35497,4
2113,3936,BV1yM4m1C7Gn,1,BV13Uo4Y5E2M,1,0.41082,3
2113,4946,BV1yM4m1C7Gn,1,BV13Sb5z7EwR,1,0.5127,3
2113,5220,BV1yM4m1C7Gn,1,BV1qVuZzwEhM,1,0.36831,1
2114,5167,BV1XRMmeVEpt,1,BV1HY38zaEJz,1,0.50391,1
2114,5628,BV1XRMmeVEpt,1,BV1Qt6vBHEb4,1,0.46531,3
2114,5774,BV1XRMmeVEpt,1,BV1GtB1BLEdz,1,0.45638,4
2115,2644,BV1vE421G7AX,1,BV1MYCaYXEQ1,1,0.4234,3
2115,2818,BV1vE421G7AX,1,BV1nezHYqERH,1,0.46631,4
2115,3238,BV1vE421G7AX,1,BV1gNsCedEHn,1,0.57984,2
2115,3276,BV1vE421G7AX,1,BV1YWtYeCE13,1,0.45275,3
2115,3489,BV1vE421G7AX,1,BV1VeMqzPE2m,1,0.59091,1
2116,2269,BV1xf421m7Ni,1,BV1sH4y1p7Dy,1,0.56376,1
2116,2933,BV1xf421m7Ni,1,BV1tFmbYpEPw,1,0.52248,2
2116,4146,BV1xf421m7Ni,1,BV1HoAjeSEdz,1,0.47326,3
2116,4196,BV1xf421m7Ni,1,BV1xRNheNE2L,1,0.4926,4
2116,4241,BV1xf421m7Ni,1,BV12s411q7Br,1,0.47967,2
2116,4309,BV1xf421m7Ni,1,BV1hUfrYtEoi,1,0.42092,4
2116,5114,BV1xf421m7Ni,1,BV1eghWzQEEQ,1,0.52558,3
2116,5324,BV1xf421m7Ni,1,BV1JJwuzEEiV,1,0.48913,1
2116,5387,BV1xf421m7Ni,1,BV11jAhzXE8Q,1,0.49254,3
2116,5400,BV1xf421m7Ni,1,BV1cYfbBhEnS,1,0.53343,2
2117,3008,BV1hD421A7i5,1,BV1kDSEYsENJ,1,0.47707,3
2117,3890,BV1hD421A7i5,1,BV1cTfKYzEbN,1,0.46856,4
2117,4225,BV1hD421A7i5,1,BV19UNterEdp,1,0.48616,2
2117,4476,BV1hD421A7i5,1,BV1KZHAzoEWg,1,0.50036,1
2118,3134,BV1bE421G7tu,1,BV1Yb1qYmEUx,1,0.43918,2
2118,3317,BV1bE421G7tu,1,BV1n7pBexEpX,1,0.44841,2
2118,3768,BV1bE421G7tu,1,BV11AoTYVEDe,1,0.47419,1
2118,4395,BV1bE421G7tu,1,BV1YCW4z3EsB,1,0.39932,4
2118,5471,BV1bE421G7tu,1,BV12RZ8BgENT,1,0.46382,2
2119,5747,BV1fw4m117N4,1,BV1vXiPBFEkR,1,0.4404,3
2120,2526,BV15J4m1N79f,1,BV1yKrGYQEog,1,0.91137,4
2120,2846,BV15J4m1N79f,1,BV1hPBCYCEdr,1,0.88611,4
2120,3201,BV15J4m1N79f,1,BV1vaxPeZEfJ,1,0.85511,2
2120,4237,BV15J4m1N79f,1,BV1uuNWeXE5n,1,0.93549,2
2121,3413,BV1Sb421b7u8,1,BV14YSwBGEHL,1,0.44547,4
2121,3616,BV1Sb421b7u8,1,BV1o8jezmEiz,1,0.53077,1
2122,2815,BV1my411Y7td,1,BV1B7DVYiE4M,1,0.47492,4
2122,2900,BV1my411Y7td,1,BV1MuUEY8EPW,1,0.50068,3
2122,3943,BV1my411Y7td,1,BV18cooYZEsu,1,0.46358,4
2122,5424,BV1my411Y7td,1,BV1LEfTB8EmQ,1,0.54229,1
2122,5566,BV1my411Y7td,1,BV1UskuBLEeS,1,0.46834,2
2123,2697,BV19E42137YE,1,BV1GpqfYXEUH,1,0.45651,4
2123,2743,BV19E42137YE,1,BV1ALzpY6EMb,1,0.47691,1
2123,3769,BV19E42137YE,1,BV1MsLmziEKk,1,0.44447,1
2123,4931,BV19E42137YE,1,BV1yxTtz9Ey6,1,0.45981,3
2123,5119,BV19E42137YE,1,BV1ZFhhzkEPA,1,0.46775,1
2124,2393,BV1GM4m1y7Jk,1,BV1jS421K7uF,1,0.35398,3
2124,3939,BV1GM4m1y7Jk,1,BV1vKZAYUE5g,1,0.40726,2
2124,5094,BV1GM4m1y7Jk,1,BV1W1huzaEok,1,0.40341,3
2125,2888,BV1SZ421x7c4,1,BV1tKUAYjEuz,1,0.43934,2
2125,4471,BV1SZ421x7c4,1,BV1Lvxjz9EFP,1,0.44266,1
2125,4977,BV1SZ421x7c4,1,BV1uKtSz6EgF,1,0.42174,3
2126,2316,BV1kT421D7YQ,1,BV1zC41147jr,1,0.68591,1
2126,2325,BV1kT421D7YQ,1,BV1xK421x7wy,1,0.62937,2
2126,2420,BV1kT421D7YQ,1,BV1C7421N78r,1,0.65907,1
2126,3801,BV1kT421D7YQ,1,BV1qERfYTEtR,1,0.43465,2
2126,4632,BV1kT421D7YQ,1,BV1TRpTzuENC,1,0.54008,4
2126,4909,BV1kT421D7YQ,1,BV1PPbBzKELz,1,0.72371,1
2126,5033,BV1kT421D7YQ,1,BV1yFbLzzEvU,1,0.70546,4
2126,5044,BV1kT421D7YQ,1,BV1Cib3zbExf,1,0.60309,3
2126,5459,BV1kT421D7YQ,1,BV1WfZrBTEwf,1,0.65005,2
2127,2158,BV17Z421E7tf,1,BV1Nw4m1y7eX,1,0.43323,3
2127,2446,BV17Z421E7tf,1,BV1LbC2BwE1E,1,0.43433,2
2127,3849,BV17Z421E7tf,1,BV1FJoFYJEM4,1,0.43264,1
2127,5246,BV17Z421E7tf,1,BV1JDTVz3EPx,1,0.35339,4
2128,2846,BV1cA4m1G7Hf,1,BV1hPBCYCEdr,1,0.9148,1
2128,3839,BV1cA4m1G7Hf,1,BV1DQ5xzCE54,1,0.93082,2
2128,4237,BV1cA4m1G7Hf,1,BV1uuNWeXE5n,1,0.93382,1
2129,3114,BV1GC411J7HC,1,BV1rz2WY4ENZ,1,0.41574,3
2129,4007,BV1GC411J7HC,1,BV1apQPYNEYw,1,0.40579,4
2129,4343,BV1GC411J7HC,1,BV1fYwNekER5,1,0.36036,4
2129,4393,BV1GC411J7HC,1,BV1en4qzmEoL,1,0.53902,1
2129,4636,BV1GC411J7HC,1,BV1DupFzdE9b,1,0.40549,4
2129,4859,BV1GC411J7HC,1,BV1wsYzzLEJc,1,0.38585,2
2130,4374,BV1oD421A7Pj,1,BV1U5mmBNEfW,1,0.35862,3
2130,5038,BV1oD421A7Pj,1,BV1iKbuz3Ezv,1,0.39305,2
2130,5818,BV1oD421A7Pj,1,BV1ZbqpBHEHW,1,0.42539,1
2131,4593,BV1Q4421f7oB,1,BV1vjW5z3Efk,1,0.42541,2
2131,4898,BV1Q4421f7oB,1,BV1ppYrzsEMQ,1,0.52413,2
2131,5424,BV1Q4421f7oB,1,BV1LEfTB8EmQ,1,0.48699,4
2132,3358,BV1BD421P7xF,1,BV1Q7HyeREjw,1,0.36683,3
2132,5066,BV1BD421P7xF,1,BV1YAthzfEK8,1,0.4173,4
2132,5519,BV1BD421P7xF,1,BV17LFmzmEUg,1,0.46113,1
2133,2609,BV1qE421V7ok,1,BV1Sm6hYkEF1,1,0.38808,1
2133,3274,BV1qE421V7ok,1,BV1Z84ZeQEBR,1,0.45794,3
2133,3775,BV1qE421V7ok,1,BV1gXLpzgEin,1,0.41311,2
2133,4204,BV1qE421V7ok,1,BV1h6N6eiErS,1,0.45758,1
2133,4878,BV1qE421V7ok,1,BV1EaePz2EbL,1,0.47335,1
2134,2828,BV1NB42167U7,1,BV1CyzEYAEhn,1,0.48964,3
2134,4059,BV1NB42167U7,1,BV1g39HYWEzS,1,0.51029,3
2134,4465,BV1NB42167U7,1,BV1JvHtzUE5A,1,0.52324,1
2134,5327,BV1NB42167U7,1,BV1S5iFBzE6f,1,0.58147,2
2134,5677,BV1NB42167U7,1,BV1FGi9BrE3P,1,0.62808,4
2134,5807,BV1NB42167U7,1,BV1qjqqBoEfD,1,0.52806,1
2135,3083,BV1DT421S7q2,1,BV1vnmVYXEws,1,0.41261,2
2135,3906,BV1DT421S7q2,1,BV1QEZ8YsEtp,1,0.40779,3
2136,2484,BV14S4y1F7Bu,1,BV1acCtBBEzG,1,0.51688,4
2136,3265,BV14S4y1F7Bu,1,BV1JatpetEnp,1,0.52988,1
2136,3685,BV14S4y1F7Bu,1,BV1PFEBzkEi7,1,0.51915,2
2137,2368,BV1cT4y197kA,1,BV1jj421X7rr,1,0.52651,3
2137,2965,BV1cT4y197kA,1,BV1nu1GYsEK4,1,0.44685,2
2137,2975,BV1cT4y197kA,1,BV1muDMYiEYV,1,0.54117,2
2137,3537,BV1cT4y197kA,1,BV1tGTvz2EiE,1,0.49977,3
2137,3790,BV1cT4y197kA,1,BV1hxL6zQE36,1,0.39484,1
2137,4588,BV1cT4y197kA,1,BV1eoWAz5Etb,1,0.37475,4
2137,5119,BV1cT4y197kA,1,BV1ZFhhzkEPA,1,0.45376,2
2137,5309,BV1cT4y197kA,1,BV1BVwUzREDd,1,0.33376,4
2138,4018,BV1pt411G7Rh,1,BV1XsRLYVE9p,1,0.45298,3
2138,4990,BV1pt411G7Rh,1,BV1LetBzQE3a,1,0.44064,4
2139,3156,BV1w1421z7Gk,1,BV1fyxZeEEt2,1,0.82957,2
2139,5045,BV1w1421z7Gk,1,BV11FbLzzE3T,1,0.86129,4
2139,5758,BV1w1421z7Gk,1,BV1AyBCBdEPq,1,0.86281,3
2140,2628,BV1qM4m1d7eN,1,BV1hQk4Y3EJY,1,0.4469,2
2140,4238,BV1qM4m1d7eN,1,BV1jRNpeAE8j,1,0.47139,2
2140,5333,BV1qM4m1d7eN,1,BV1VfwyzBEFL,1,0.54108,1
2140,5701,BV1qM4m1d7eN,1,BV1QKqPBsEes,1,0.49057,3
2141,4286,BV1pT421C75w,1,BV1G1FVeSE17,1,0.47484,1
2141,5082,BV1pT421C75w,1,BV1kPtuzUECf,1,0.45546,2
2142,2845,BV1mb421b7Xy,1,BV1aNBRYkEuq,1,0.45613,1
2142,3780,BV1mb421b7Xy,1,BV1qGL6zhEp3,1,0.44764,2
2142,4283,BV1mb421b7Xy,1,BV1aFFpeGECw,1,0.44202,3
2143,2433,BV1gD421A7Sk,1,BV1XYUwBEEzQ,1,0.38593,3
2143,3375,BV1gD421A7Sk,1,BV173YrepE7y,1,0.40435,2
2143,4285,BV1gD421A7Sk,1,BV1uQFVe1EDJ,1,0.37915,4
2144,2660,BV1Vi421C77i,1,BV1Hdk8YKEbj,1,0.48188,1
2144,2764,BV1Vi421C77i,1,BV1HqzdYYEax,1,0.52487,2
2144,2768,BV1Vi421C77i,1,BV1hmzSYaEF8,1,0.41379,3
2144,3337,BV1Vi421C77i,1,BV1VgH9epEP1,1,0.6776,1
2144,3367,BV1Vi421C77i,1,BV1M4HveZE2j,1,0.64645,1
2144,3458,BV1Vi421C77i,1,BV1ULKJzvEu2,1,0.53289,4
2144,3588,BV1Vi421C77i,1,BV1A872zcE3n,1,0.48504,4
2144,4147,BV1Vi421C77i,1,BV11YAheaEd1,1,0.50595,2
2144,4399,BV1Vi421C77i,1,BV18aWEz2ES8,1,0.58013,4
2144,4421,BV1Vi421C77i,1,BV1yP4zzTE95,1,0.56167,4
2144,4563,BV1Vi421C77i,1,BV1jzpFzKEU7,1,0.51224,1
2145,3050,BV1gZ421J7xG,1,BV1F2yiYWEhG,1,0.39576,4
2145,5685,BV1gZ421J7xG,1,BV1yKi9ByEFN,1,0.41965,2
2146,2222,BV1CT421S7qR,1,BV1sJ4m187W6,1,0.51051,4
2146,2386,BV1CT421S7qR,1,BV1jm411D7CM,1,0.50202,4
2146,2555,BV1CT421S7qR,1,BV16grkYhEBJ,1,0.51186,3
2146,3531,BV1CT421S7qR,1,BV1fwTTzSEhX,1,0.53445,2
2146,4093,BV1CT421S7qR,1,BV1aSPheyEV4,1,0.54182,1
2147,2734,BV1Nx4y1q7NW,1,BV1MTqGY7EGP,1,0.36392,4
2147,3620,BV1Nx4y1q7NW,1,BV1TvjUzrEim,1,0.39382,3
2148,3778,BV1sq421F73j,1,BV14tGQzuExS,1,0.45159,3
2148,4004,BV1sq421F73j,1,BV1nSQKYsEQW,1,0.4264,3
2148,5359,BV1sq421F73j,1,BV1SsZ7BGEEs,1,0.37341,4
2149,2424,BV1VW411i71N,1,BV1oJ4m1x7gk,1,0.38667,1
2149,2762,BV1VW411i71N,1,BV1YtzaYHERP,1,0.39143,4
2149,3778,BV1VW411i71N,1,BV14tGQzuExS,1,0.41071,3
2150,2166,BV1Db411u77w,1,BV1cM4m1Z7bx,1,0.45641,1
2150,3382,BV1Db411u77w,1,BV1PxH7eiENf,1,0.42749,2
2150,4088,BV1Db411u77w,1,BV166PveTEyQ,1,0.36226,4
2151,2986,BV1Hw4m117Qo,1,BV1osSaYSEWB,1,0.4321,3
2151,3224,BV1Hw4m117Qo,1,BV1jushevEb1,1,0.43929,3
2151,3701,BV1Hw4m117Qo,1,BV1Tk5MzoEdi,1,0.45746,2
2151,4086,BV1Hw4m117Qo,1,BV1fiNZewEd6,1,0.48317,1
2151,4719,BV1Hw4m117Qo,1,BV1LaahzyExi,1,0.41209,2
2152,2980,BV1KJ4m1T7Vg,1,BV1fLDpYZEju,1,0.45233,1
2152,4074,BV1KJ4m1T7Vg,1,BV1ooXZYeED1,1,0.3905,3
2152,4301,BV1KJ4m1T7Vg,1,BV1NtfnYHEFx,1,0.36176,4
2152,5214,BV1KJ4m1T7Vg,1,BV1WzuZz5EuE,1,0.35303,3
2153,3183,BV1xS411c7k3,1,BV1cw4m1U72r,1,0.39753,3
2155,2707,BV1um421u7f1,1,BV1AoBTYaERc,1,0.38905,3
2155,3984,BV1um421u7f1,1,BV1d2XSYuEtG,1,0.41377,2
2155,4314,BV1um421u7f1,1,BV1RjFHerEin,1,0.47536,1
2156,2452,BV1oJ4m1H7aV,1,BV1kLyuBuEdz,1,0.47876,4
2156,2975,BV1oJ4m1H7aV,1,BV1muDMYiEYV,1,0.48243,3
2156,5588,BV1oJ4m1H7aV,1,BV1zLFPzZE41,1,0.49933,1
2157,3884,BV1TE421V7TY,1,BV1jFdpYBEwf,1,0.59908,2
2157,3964,BV1TE421V7TY,1,BV1YYoCYbEzN,1,0.50895,3
2157,4749,BV1TE421V7TY,1,BV1kaajz7EkA,1,0.57164,4
2157,5535,BV1TE421V7TY,1,BV1LkFxzSEk5,1,0.56649,4
2157,5581,BV1TE421V7TY,1,BV1SicgzaEzL,1,0.54744,3
2158,2928,BV1Nw4m1y7eX,1,BV1JtUTYmEhj,1,0.48138,1
2158,3270,BV1Nw4m1y7eX,1,BV1xS42197sE,1,0.40739,4
2158,3393,BV1Nw4m1y7eX,1,BV1gwececEbu,1,0.34642,2
2158,3715,BV1Nw4m1y7eX,1,BV1Z4VmzjE8w,1,0.46392,4
2158,3772,BV1Nw4m1y7eX,1,BV1GMGmziESH,1,0.49134,1
2158,3938,BV1Nw4m1y7eX,1,BV1o6ZGYjEGn,1,0.5138,1
2158,5547,BV1Nw4m1y7eX,1,BV1k5zYB8EqZ,1,0.43925,4
2159,2275,BV1Vp421Q7rd,1,BV1Zx4y1S71z,1,0.36015,4
2159,2485,BV1Vp421Q7rd,1,BV1NbC1BVEnS,1,0.38002,1
2159,2533,BV1Vp421Q7rd,1,BV1XdcUeXE34,1,0.36175,3
2160,3294,BV1BZ421j7AY,1,BV1kQHXeeEqt,1,0.34966,3
2160,3543,BV1BZ421j7AY,1,BV1S67KzcEsU,1,0.49539,4
2160,3776,BV1BZ421j7AY,1,BV1wtd3YSEWd,1,0.53299,1
2160,4272,BV1BZ421j7AY,1,BV14sFQemEQT,1,0.4058,1
2160,5470,BV1BZ421j7AY,1,BV1HVZqBHE1a,1,0.50997,3
2160,5734,BV1BZ421j7AY,1,BV1EjvfBJEN9,1,0.48582,3
2161,3552,BV1dD421P7Vy,1,BV1HATRzsEsU,1,0.40504,4
2161,3582,BV1dD421P7Vy,1,BV1oAJLzNEN2,1,0.39177,4
2161,4239,BV1dD421P7Vy,1,BV13SNWexERw,1,0.41688,1
2161,4256,BV1dD421P7Vy,1,BV1xKFzeGERG,1,0.41087,3
2161,4481,BV1dD421P7Vy,1,BV1fQxKzwEGj,1,0.37405,3
2161,5223,BV1dD421P7Vy,1,BV1B8Etz3EBS,1,0.41475,2
2162,3499,BV1kZ421j7qV,1,BV1eGM4zBEpt,1,0.42094,2
2162,3783,BV1kZ421j7qV,1,BV1GAG1zwEqP,1,0.60923,1
2162,4002,BV1kZ421j7qV,1,BV162RVYnEsJ,1,0.53296,3
2162,4696,BV1kZ421j7qV,1,BV1aVYVzoE6P,3,0.36529,4
2162,5466,BV1kZ421j7qV,1,BV1QXZsBKESy,1,0.51762,1
2162,5839,BV1kZ421j7qV,1,BV18TUQBJERZ,1,0.526,4
2163,3515,BV1rs421N7XQ,1,BV1mmdzYzEW2,1,0.43548,4
2163,3620,BV1rs421N7XQ,1,BV1TvjUzrEim,1,0.5313,1
2163,3835,BV1rs421N7XQ,1,BV1QS5ZzNEFQ,1,0.49294,3
2163,4102,BV1rs421N7XQ,1,BV11MPoeBERf,1,0.47553,4
2164,2924,BV1cM4m1f7wq,1,BV1thUMYvESW,1,0.33221,4
2165,3192,BV1xf421S7EE,1,BV1Y6xbebESc,1,0.43237,2
2165,4019,BV1xf421S7EE,1,BV1ckReYyEXy,1,0.43613,1
2165,4570,BV1xf421S7EE,1,BV1q9JyzXEX7,1,0.40447,4
2166,2192,BV1cM4m1Z7bx,1,BV1eu4m1F7Ys,1,0.39557,2
2166,2314,BV1cM4m1Z7bx,1,BV1Pv421y76Z,1,0.35424,3
2166,2364,BV1cM4m1Z7bx,1,BV1tv421k731,1,0.46186,1
2166,3148,BV1cM4m1Z7bx,1,BV1AG2FYZEF5,1,0.41836,1
2166,3618,BV1cM4m1Z7bx,1,BV16ij9zLEaJ,1,0.40025,3
2166,3705,BV1cM4m1Z7bx,1,BV1cBVZzSEcU,1,0.48135,1
2166,5085,BV1cM4m1Z7bx,1,BV1f8t6zwEDj,1,0.44224,2
2166,5667,BV1cM4m1Z7bx,1,BV1bNrLB8E1K,1,0.4412,1
2167,2492,BV1XJ4m1E751,1,BV1urwhePEjr,1,0.40732,3
2167,3461,BV1XJ4m1E751,1,BV1cuNZzcE2B,1,0.41353,2
2167,3568,BV1XJ4m1E751,1,BV1YyjSzsE4U,1,0.40605,4
2167,4737,BV1XJ4m1E751,1,BV1sUaKzdELM,1,0.3511,2
2167,5267,BV1XJ4m1E751,1,BV1DXuKzCEtn,1,0.45804,1
2168,2614,BV1XT421C7Up,1,BV1Xn63Y8Ex3,1,0.34014,4
2168,4058,BV1XT421C7Up,1,BV14Q94YhEc1,1,0.3408,3
2169,3709,BV1Vr421g7Ag,1,BV1nAVtzwEob,1,0.42677,4
2170,2691,BV1or421E7un,1,BV1gNBnYyEXu,1,0.36944,1
2170,4479,BV1or421E7un,1,BV1SfHEz3EFb,1,0.41488,4
2171,2435,BV1V1421673e,1,BV1Xw19BSExh,1,0.4553,1
2171,3000,BV1V1421673e,1,BV1nASvYaE3i,1,0.37595,4
2171,4807,BV1V1421673e,1,BV1xjhSzCEVq,1,0.42994,2
2172,4244,BV11w4m1C75z,1,BV1NkNweDESd,1,0.38943,2
2172,5156,BV11w4m1C75z,1,BV1Kb84zVEKh,1,0.40946,2
2173,2253,BV1wZ421E7PT,1,BV17w4m1Z7Hy,1,0.42047,3
2173,5108,BV1wZ421E7PT,1,BV1hrhPzfEic,1,0.46454,2
2174,2477,BV13Z421J7Xd,1,BV1qZC9BsEMP,1,0.37546,1
2174,3014,BV13Z421J7Xd,1,BV1yz1YYsETZ,1,0.35827,4
2174,5350,BV13Z421J7Xd,1,BV1SUP5zDEMP,1,0.36596,3
2175,3226,BV1cs421T79i,1,BV1mB4Se5Exa,1,0.45813,2
2175,3327,BV1cs421T79i,1,BV1RWpiekEkU,1,0.47482,4
2175,3801,BV1cs421T79i,1,BV1qERfYTEtR,1,0.44586,1
2175,5070,BV1cs421T79i,1,BV1Wd4RzmELG,1,0.48433,3
2175,5535,BV1cs421T79i,1,BV1LkFxzSEk5,1,0.50931,2
2176,2296,BV1bw4m1178G,1,BV1pi421o7Ys,1,0.51909,4
2176,3204,BV1bw4m1178G,1,BV1vTt4ecEfR,1,0.4849,3
2176,3485,BV1bw4m1178G,1,BV1rFNbzCE6D,1,0.46427,4
2176,3955,BV1bw4m1178G,1,BV1EPXJY4ENE,1,0.53332,2
2176,4205,BV1bw4m1178G,1,BV1QfNreGE7V,1,0.50332,1
2176,4367,BV1bw4m1178G,1,BV1FjmUBXETp,1,0.40499,3
2176,4410,BV1bw4m1178G,1,BV1i14JzqEfv,1,0.5278,1
2176,5027,BV1bw4m1178G,1,BV1i3bVzWEXA,1,0.4666,2
2176,5441,BV1bw4m1178G,1,BV1WwFpznEZQ,1,0.50077,1
2176,5602,BV1bw4m1178G,1,BV163FizDELA,1,0.49995,3
2177,4682,BV1ei42117Vu,1,BV1mvaozqEWV,1,0.3949,3
2177,5175,BV1ei42117Vu,1,BV1Sp8MzeEqa,1,0.41047,1
2177,5466,BV1ei42117Vu,1,BV1QXZsBKESy,1,0.40525,2
2178,3306,BV1dH4y1P768,1,BV1zd4beGEBs,1,0.42069,3
2178,4039,BV1dH4y1P768,1,BV1axRsYeEFR,1,0.5933,2
2178,4270,BV1dH4y1P768,1,BV1kiF7eGExo,1,0.58408,1
2178,4363,BV1dH4y1P768,1,BV12jf8YSE5P,1,0.44421,4
2178,4583,BV1dH4y1P768,1,BV1GqWwzuECE,1,0.54118,3
2178,4756,BV1dH4y1P768,1,BV1MBKRzqE1B,1,0.43504,1
2178,5342,BV1dH4y1P768,1,BV154S4BWEKe,1,0.43643,3
2179,3082,BV1tJ4m1H78U,1,BV1K6mLYUEri,1,0.48063,2
2179,3302,BV1tJ4m1H78U,1,BV1en4femE9c,1,0.72111,1
2179,3543,BV1tJ4m1H78U,1,BV1S67KzcEsU,1,0.67637,2
2179,3652,BV1tJ4m1H78U,1,BV1C9EdzbEPP,2,0.53252,4
2179,3739,BV1tJ4m1H78U,1,BV1avVwz5EGX,1,0.70158,3
2179,4016,BV1tJ4m1H78U,1,BV16jQJYsELp,1,0.63722,4
2179,4279,BV1tJ4m1H78U,1,BV1E6F7ezEvL,1,0.55555,4
2179,4725,BV1tJ4m1H78U,1,BV1DiYyzGEd8,1,0.74491,1
2179,5053,BV1tJ4m1H78U,1,BV19hbMzNEAV,1,0.59499,3
2179,5358,BV1tJ4m1H78U,1,BV1kHPqzqEjW,2,0.58678,3
2180,2605,BV1Fm421W7vG,1,BV1YZkgYAE1x,1,0.4767,3
2180,2898,BV1Fm421W7vG,1,BV1dLm1YjEAo,1,0.47573,3
2180,2959,BV1Fm421W7vG,1,BV1yUDoYPEF2,1,0.49236,2
2180,3193,BV1Fm421W7vG,1,BV1jMxxe9EoR,1,0.46199,2
2180,3321,BV1Fm421W7vG,1,BV1hmHLekEKg,1,0.4906,4
2180,3325,BV1Fm421W7vG,1,BV1nipteaEm2,1,0.54966,1
2180,4198,BV1Fm421W7vG,1,BV1rqKpeBExU,1,0.55283,3
2180,4552,BV1Fm421W7vG,1,BV1SNn7zvEmA,1,0.45476,4
2180,4866,BV1Fm421W7vG,1,BV1i3eGzPEdP,1,0.44319,2
2180,5063,BV1Fm421W7vG,1,BV1mYbPz7Ee7,1,0.50308,1
2180,5489,BV1Fm421W7vG,1,BV1M8ZhBjEmF,1,0.40937,4
2180,5539,BV1Fm421W7vG,1,BV1pEZEBKEYs,1,0.55326,1
2180,5596,BV1Fm421W7vG,1,BV1JPFEzYELd,1,0.47215,4
2180,5644,BV1Fm421W7vG,1,BV1HnzWBeE62,1,0.37872,4
2181,3738,BV16x4y1B7QS,1,BV1X5VAz2EGn,1,0.43314,3
2181,4399,BV16x4y1B7QS,1,BV18aWEz2ES8,1,0.44419,1
2182,5170,BV1tZ42177hZ,1,BV1mpu9zzEQ7,1,0.4146,1
2183,3001,BV1Fp421S7yr,1,BV1XvSnYVEEf,1,0.39011,2
2183,3443,BV1Fp421S7yr,1,BV1oyCeBaEtC,1,0.45686,2
2183,4408,BV1Fp421S7yr,1,BV1yg4uzDEKG,1,0.46159,1
2183,5139,BV1Fp421S7yr,1,BV1gG72zkEFk,1,0.44351,3
2183,5272,BV1Fp421S7yr,1,BV1diG3zrEGb,1,0.44027,3
2184,2346,BV1u142197qJ,1,BV1FC411s7s4,1,0.41896,3
2184,2496,BV1u142197qJ,1,BV19icfejETu,1,0.48282,2
2184,2503,BV1u142197qJ,1,BV163wKe2ExG,1,0.42452,3
2184,2595,BV1u142197qJ,1,BV1T46zYFEHx,1,0.5675,2
2184,3749,BV1u142197qJ,1,BV1wDVFzxEov,1,0.53966,3
2184,4245,BV1u142197qJ,1,BV1TBNweWE6D,1,0.44001,4
2184,5139,BV1u142197qJ,1,BV1gG72zkEFk,1,0.56475,1
2184,5267,BV1u142197qJ,1,BV1DXuKzCEtn,1,0.46203,2
2184,5301,BV1u142197qJ,1,BV14TAKzXEjc,1,0.55955,3
2184,5430,BV1u142197qJ,1,BV1EaFWzUEg9,1,0.46016,3
2184,5738,BV1u142197qJ,1,BV1tZiuBwEBG,1,0.46178,3
2185,2228,BV1pi421C7wX,1,BV1pJ4m1h7Jw,1,0.46258,2
2185,2349,BV1pi421C7wX,1,BV1L4421c7AR,1,0.46852,3
2185,4354,BV1pi421C7wX,1,BV1WdfGYcEv5,1,0.35694,3
2185,4501,BV1pi421C7wX,1,BV1AqH3zVEEs,1,0.38529,2
2185,4575,BV1pi421C7wX,1,BV1GpnTzVEM2,1,0.38433,2
2186,3601,BV1Fm421W7La,1,BV1HRjuzsEkc,1,0.4228,4
2186,3779,BV1Fm421W7La,1,BV18VGmzAExL,1,0.46548,2
2186,5490,BV1Fm421W7La,1,BV1y9ZDBhEtZ,1,0.51451,1
2186,5709,BV1Fm421W7La,1,BV1FxvkBuEGD,1,0.42907,3
2187,4890,BV1sT421X73X,1,BV1UdbtzSEwq,1,0.48883,1
2188,3115,BV1A142167ri,1,BV17j12YmEWs,1,0.35768,3
2188,3381,BV1A142167ri,1,BV1SSHPerEPg,1,0.41851,3
2188,5120,BV1A142167ri,1,BV1tZh7zxEF1,1,0.35885,2
2188,5253,BV1A142167ri,1,BV1GruwziErn,1,0.4538,1
2189,2382,BV1Fy421677R,1,BV1Rx4y1C7NA,1,0.43202,1
2190,2787,BV1kw4m1f7DA,1,BV1G8iRYBEw5,1,0.45808,2
2190,2913,BV1kw4m1f7DA,1,BV1iDSyYnEbH,1,0.51294,1
2190,3255,BV1kw4m1f7DA,1,BV185tsemEWc,1,0.57475,3
2190,4065,BV1kw4m1f7DA,1,BV19q9BY6E2E,1,0.54413,4
2190,4161,BV1kw4m1f7DA,1,BV1XZAbeqEZL,1,0.5594,2
2190,4685,BV1kw4m1f7DA,1,BV1PpeBzQEdY,1,0.43088,3
2190,5396,BV1kw4m1f7DA,1,BV1vRAzzfEGy,1,0.49524,1
2190,5509,BV1kw4m1f7DA,1,BV1tcZqB8Ea3,1,0.58582,2
2190,5565,BV1kw4m1f7DA,1,BV1TtFDzTEVi,1,0.56947,2
2191,2522,BV1eT421X7Uk,1,BV1xG6HY1EBn,1,0.37092,1
2191,2648,BV1eT421X7Uk,1,BV1WPCFYpE1s,1,0.42114,2
2191,5091,BV1eT421X7Uk,1,BV1cxtMz1E6Z,1,0.40689,3
2191,5645,BV1eT421X7Uk,1,BV1AxzzBjEeK,1,0.43779,1
2192,2998,BV1eu4m1F7Ys,1,BV16NSZYbEz4,1,0.3976,1
2192,4944,BV1eu4m1F7Ys,1,BV1RktdzuE9s,1,0.32847,4
2193,4215,BV14p421X7tx,1,BV1ibwgeDEXo,1,0.37956,2
2193,4875,BV14p421X7tx,1,BV17HTbzjEWT,1,0.49943,3
2194,3554,BV1xF4m1w7dN,1,BV1j7TizAE3o,1,0.3878,1
2194,3715,BV1xF4m1w7dN,1,BV1Z4VmzjE8w,1,0.39752,3
2194,4028,BV1xF4m1w7dN,1,BV1v5RpYPEQF,1,0.37622,2
2194,4876,BV1xF4m1w7dN,1,BV1M9ePzaEwW,1,0.39699,4
2194,5765,BV1xF4m1w7dN,1,BV1tSBQBsEeo,1,0.45059,2
2195,2549,BV1mm411y7Pf,1,BV1bjcWeVEQD,1,0.39462,1
2195,3638,BV1mm411y7Pf,1,BV1w4Jsz6ETH,1,0.37484,3
2195,5123,BV1mm411y7Pf,1,BV1C588zJEqA,1,0.38168,2
2196,2557,BV12p421X7oF,1,BV17hc7e6Eer,1,0.5685,2
2196,3005,BV12p421X7oF,1,BV1mTS3YrE2k,1,0.46582,4
2196,3464,BV12p421X7oF,1,BV1aCNCz6EqV,1,0.59359,1
2196,4296,BV12p421X7oF,1,BV1BhFwe8EQ8,1,0.47955,2
2196,5260,BV12p421X7oF,1,BV1f3u5zCE6q,1,0.4365,1
2196,5811,BV12p421X7oF,1,BV1hDqBBpE1q,1,0.55446,3
2197,3584,BV1eH4y1A7YN,1,BV1uk74znEsk,1,0.31138,2
2197,4469,BV1eH4y1A7YN,1,BV1GpHVzhECQ,1,0.36144,2
2197,5837,BV1eH4y1A7YN,1,BV12UmEBEE4K,1,0.34511,3
2198,2266,BV1xp421S7AA,1,BV1pv421r7X4,1,0.48121,2
2198,2723,BV1xp421S7AA,1,BV1yCqLYJE4z,1,0.44875,2
2198,4082,BV1xp421S7AA,1,BV1s3PeeME8t,1,0.4619,1
2199,2246,BV15z421D7fR,1,BV1si421o7P3,1,0.35036,2
2199,3747,BV15z421D7fR,1,BV17nGZzMEM6,1,0.47619,2
2199,5065,BV15z421D7fR,1,BV1GktbzsEhs,1,0.47885,3
2199,5301,BV15z421D7fR,1,BV14TAKzXEjc,1,0.48654,2
2199,5481,BV15z421D7fR,1,BV1MmfoB9EQv,1,0.43431,4
2200,2504,BV1GH4y1V7b7,1,BV1LTcAefEkp,1,0.41325,4
2200,3126,BV1GH4y1V7b7,1,BV1Z91yYCEFi,1,0.45624,3
2200,3558,BV1GH4y1V7b7,1,BV1imE1zXE6b,1,0.51866,1
2200,4694,BV1GH4y1V7b7,1,BV1aVYVzoE6P,1,0.44749,4
2200,4882,BV1GH4y1V7b7,1,BV1BDYbz2Eej,1,0.49109,2
2201,2457,BV1rc411C7bC,1,BV1jzyPBEEw6,1,0.44854,2
2201,3940,BV1rc411C7bC,1,BV1DxoZY8Ek6,1,0.39404,4
2201,4825,BV1rc411C7bC,1,BV1yVeozzEmC,1,0.43545,3
2201,5811,BV1rc411C7bC,1,BV1hDqBBpE1q,1,0.42727,4
2202,2896,BV1Wr421G7VG,1,BV1c6UiYAEVW,1,0.3862,3
2202,3056,BV1Wr421G7VG,1,BV1FCyeYmE38,1,0.38376,4
2202,3686,BV1Wr421G7VG,1,BV1m4EezqELo,1,0.36713,4
2203,2811,BV19m411y7e8,1,BV1WB6FYEEEu,1,0.48534,1
2203,3953,BV19m411y7e8,1,BV1aBoRYREKs,1,0.43951,3
2203,4422,BV19m411y7e8,1,BV12Q4ezfEXY,1,0.44048,2
2203,4495,BV19m411y7e8,1,BV14ixbzrE9n,1,0.38889,4
2204,3664,BV1tE421L7Hr,1,BV1A5JTzdE65,1,0.41001,4
2204,3977,BV1tE421L7Hr,1,BV18UXRYVESt,1,0.40873,4
2204,4049,BV1tE421L7Hr,1,BV1XW9EYmEbX,1,0.47089,1
2204,5479,BV1tE421L7Hr,1,BV1YBZTBXENH,1,0.43109,3
2205,5102,BV1Sm421W74R,1,BV1f5t3zSEcC,1,0.52724,1
2205,5649,BV1Sm421W74R,1,BV1RczjBPE4W,1,0.39793,4
2206,2702,BV1wZ421J7sj,1,BV1HqBLY7EUs,1,0.53029,1
2206,3284,BV1wZ421J7sj,1,BV1dd41ejEP5,1,0.44598,4
2206,3885,BV1wZ421J7sj,1,BV1MFdWY4Eyx,1,0.5084,1
2206,4755,BV1wZ421J7sj,1,BV15JaVzfEHC,1,0.54213,4
2206,4805,BV1wZ421J7sj,1,BV1zvhQzuEJj,1,0.60368,1
2206,4880,BV1wZ421J7sj,1,BV1gFtKzRE14,1,0.50339,1
2206,5184,BV1wZ421J7sj,1,BV1bzgLzMEUx,1,0.54588,3
2207,2819,BV1uJ4m1n7jg,1,BV1iNzdYsEny,1,0.50911,1
2207,3377,BV1uJ4m1n7jg,1,BV1pyYCeBExh,1,0.454,4
2207,4597,BV1uJ4m1n7jg,1,BV1iipRzdERr,1,0.35732,3
2207,4786,BV1uJ4m1n7jg,1,BV13BhozkEU5,1,0.48074,2
2208,2555,BV12m421W7j8,1,BV16grkYhEBJ,1,0.36899,3
2208,4411,BV12m421W7j8,1,BV1CeWYzkEPo,1,0.4367,1
2208,5640,BV12m421W7j8,1,BV1bfBZBkEQ8,1,0.35995,4
2209,3678,BV1cM4m1f77j,1,BV1G4JAzcEqB,1,0.44815,4
2209,3930,BV1cM4m1f77j,1,BV1ToQtYFEsV,1,0.41574,3
2209,3991,BV1cM4m1f77j,1,BV1kUQbYWE7E,1,0.4708,1
2209,5225,BV1cM4m1f77j,1,BV1FTuUzLED8,1,0.51354,1
2209,5449,BV1cM4m1f77j,1,BV1TYf5BPEX2,1,0.41407,4
2209,5452,BV1cM4m1f77j,1,BV1W3f3BDEpg,1,0.37668,3
2209,5649,BV1cM4m1f77j,1,BV1RczjBPE4W,1,0.41828,2
2209,5828,BV1cM4m1f77j,1,BV13NqsB2EQv,1,0.46216,3
2210,3881,BV12p421D7Zc,1,BV1wHdtYfEKi,1,0.36059,4
2210,4180,BV12p421D7Zc,1,BV1pUAGezE8Z,1,0.39135,2
2210,5228,BV12p421D7Zc,1,BV1rEg6zZEQf,1,0.47137,1
2211,2356,BV1xH4y1K73F,1,BV1Uz421d72F,1,0.36605,4
2211,4376,BV1xH4y1K73F,1,BV1SWmMBREu5,1,0.47366,1
2211,5610,BV1xH4y1K73F,1,BV15FFYzaEEW,1,0.44258,3
2212,3244,BV1aJ4m157PJ,1,BV1W1tYebEW2,1,0.34294,2
2212,4118,BV1aJ4m157PJ,1,BV1TbPxe9EBa,1,0.33849,4
2212,5845,BV1aJ4m157PJ,1,BV14hm9BmESR,1,0.37607,1
2213,3104,BV1mM4m1D71v,1,BV12T2sYMEtS,1,0.54847,1
2213,3254,BV1mM4m1D71v,1,BV1tZpvehEvK,1,0.43197,3
2213,4206,BV1mM4m1D71v,1,BV1xuN6eoEDL,1,0.44927,2
2214,2962,BV1XZ421n7qY,1,BV1oeDYYxErp,1,0.4102,3
2214,3501,BV1XZ421n7qY,1,BV1nrM4zUEAT,1,0.45627,3
2214,3981,BV1XZ421n7qY,1,BV1ZpQcYqEzM,1,0.46008,4
2214,4691,BV1XZ421n7qY,1,BV1C9YGz6EwJ,1,0.48194,1
2214,5679,BV1XZ421n7qY,1,BV14CraBBEpp,1,0.47434,2
2215,4299,BV1kJ4m1n7vw,1,BV1vtF8eKEvE,2,0.37986,4
2216,2548,BV1Hq421F79e,1,BV1Sj411P7w5,1,0.3831,4
2216,3991,BV1Hq421F79e,1,BV1kUQbYWE7E,1,0.46069,2
2216,5658,BV1Hq421F79e,1,BV1WavzBqEVg,1,0.40703,1
2217,2390,BV12t421778Y,1,BV1hp421d7Na,1,0.59426,4
2217,2488,BV12t421778Y,1,BV1xPCGBnEs2,1,0.54476,3
2217,2844,BV12t421778Y,1,BV1uGzhYCERS,1,0.494,2
2217,3692,BV12t421778Y,1,BV1PU7fziE3F,1,0.63749,2
2217,3803,BV12t421778Y,1,BV1WWLRzJEuj,1,0.55052,3
2217,3854,BV12t421778Y,1,BV13xo5YrEGg,1,0.56441,4
2217,4022,BV12t421778Y,1,BV1u8QLYFEZf,1,0.60298,4
2217,4255,BV12t421778Y,1,BV1JJFre3EaR,1,0.56156,1
2217,4590,BV12t421778Y,1,BV1oKWcz6Ep9,1,0.63987,4
2217,4705,BV12t421778Y,1,BV1TMahzcEAP,1,0.51328,4
2217,5611,BV12t421778Y,1,BV1VoF8zdE61,1,0.56015,4
2217,5639,BV12t421778Y,1,BV1uCzYB6EJo,1,0.57753,4
2217,5693,BV12t421778Y,1,BV1AwrNBQE5w,1,0.67972,1
2217,5728,BV12t421778Y,1,BV1k7v9BVE8f,1,0.58945,4
2217,5793,BV12t421778Y,1,BV1FdqDBBEpA,1,0.51353,4
2217,5812,BV12t421778Y,1,BV1JJmzBfEUY,1,0.66439,3
2218,2449,BV1rH4y1T7wi,1,BV13mCXBVEGs,1,0.41272,2
2218,3291,BV1rH4y1T7wi,1,BV1KoWzerEGh,1,0.47706,2
2218,3322,BV1rH4y1T7wi,1,BV1PwHjeAEJF,1,0.4501,3
2218,5556,BV1rH4y1T7wi,1,BV1eXzeBpEQB,1,0.44947,4
2219,2637,BV1C1421U7bC,1,BV1fdCFY2EnM,1,0.40448,1
2219,4781,BV1C1421U7bC,1,BV1vNh9zqEj7,1,0.38791,3
2219,5190,BV1C1421U7bC,1,BV19f3Lz7EXp,1,0.40211,2
2220,3059,BV14t42177d2,1,BV1sv2qYqE1j,1,0.4816,1
2220,4042,BV14t42177d2,1,BV1zvRNYdE9i,2,0.4625,1
2220,4681,BV14t42177d2,1,BV1oQYLzBELL,1,0.4769,2
2221,2555,BV1xx421S7Ys,1,BV16grkYhEBJ,1,0.53174,3
2221,2762,BV1xx421S7Ys,1,BV1YtzaYHERP,1,0.41552,4
2221,3821,BV1xx421S7Ys,1,BV1mnLVzgEHi,1,0.48985,3
2221,4736,BV1xx421S7Ys,1,BV1PCaVzVETV,1,0.53051,1
2221,5022,BV1xx421S7Ys,1,BV1MSb5z7EDv,1,0.48254,3
2221,5115,BV1xx421S7Ys,1,BV1s28ZzwERj,1,0.43911,3
2221,5450,BV1xx421S7Ys,1,BV12LZaByELD,1,0.49771,4
2221,5493,BV1xx421S7Ys,1,BV19VFXzWEni,1,0.42154,1
2222,2307,BV1sJ4m187W6,1,BV1xz421d7oq,1,0.60361,3
2222,2536,BV1sJ4m187W6,1,BV1oqcgeHE2B,1,0.47119,4
2222,2792,BV1sJ4m187W6,1,BV1X8zRYEE12,1,0.381,3
2222,2839,BV1sJ4m187W6,1,BV1h8zzYPEqs,1,0.59367,2
2222,3729,BV1sJ4m187W6,1,BV1eYVizCEDi,1,0.62176,1
2222,4311,BV1sJ4m187W6,1,BV1fYfDYbEsh,1,0.42274,4
2222,4618,BV1sJ4m187W6,1,BV1mspBzFEjd,1,0.47632,3
2222,5419,BV1sJ4m187W6,1,BV1iLfNB9EeR,1,0.60677,1
2222,5828,BV1sJ4m187W6,1,BV13NqsB2EQv,1,0.503,3
2223,4409,BV1qi42197zG,1,BV1fR42zLEuR,1,0.48636,2
2223,5301,BV1qi42197zG,1,BV14TAKzXEjc,1,0.48462,3
2223,5714,BV1qi42197zG,1,BV1NXqFBBEfH,1,0.59385,1
2224,2920,BV16m421L7RA,1,BV15bmbYYEk2,1,0.44987,3
2224,3146,BV16m421L7RA,1,BV1Jb1RYrEg6,1,0.4078,3
2224,3334,BV16m421L7RA,1,BV1ZnHXeRE4r,1,0.52482,1
2225,3674,BV1GF4m157Gu,1,BV1hGEazgE4H,1,0.42893,1
2225,4649,BV1GF4m157Gu,1,BV1WhpLzoEtb,1,0.4261,2
2225,4818,BV1GF4m157Gu,1,BV1JaemziEiK,1,0.408,3
2226,3530,BV1Jx4y1D791,1,BV1XfTXzMEbE,1,0.44762,3
2226,3962,BV1Jx4y1D791,1,BV1xioqYAEtS,1,0.42621,4
2226,5155,BV1Jx4y1D791,1,BV16n8tzqEUi,1,0.51667,1
2226,5732,BV1Jx4y1D791,1,BV1DDmeBAEnQ,1,0.46172,2
2227,2517,BV1Ju4m137Dx,2,BV16iwnedEmP,1,0.30818,4
2227,4246,BV1Ju4m137Dx,2,BV1a1NcefE36,1,0.41785,1
2227,4935,BV1Ju4m137Dx,2,BV1ZftozjE2a,1,0.37672,2
2227,5462,BV1Ju4m137Dx,2,BV1cpZXBhEZ2,1,0.39905,3
2228,2240,BV1pJ4m1h7Jw,1,BV1pp42127py,1,0.44349,4
2228,4920,BV1pJ4m1h7Jw,1,BV1zzb8zuEba,1,0.45011,3
2229,5536,BV1yx42127yV,1,BV1qd6cBNERK,1,0.51067,2
2230,3266,BV15w4m1d7oJ,1,BV1p1tYebEDR,1,0.44985,1
2230,3507,BV15w4m1d7oJ,1,BV12wTLzQE7Q,1,0.53276,1
2230,4662,BV15w4m1d7oJ,1,BV1zkaXzjEKQ,1,0.42311,3
2231,2929,BV15Z421h7VB,1,BV1dMmaYCEfz,1,0.5187,3
2231,4206,BV15Z421h7VB,1,BV1xuN6eoEDL,1,0.49688,3
2231,4217,BV15Z421h7VB,1,BV1h8Noe7ERt,1,0.52109,2
2232,3097,BV1qi421o7ic,1,BV1ZU2qYZEmQ,1,0.37419,3
2233,2274,BV1tm411R7Hm,1,BV1Y1421S7Bh,1,0.45794,1
2233,5332,BV1tm411R7Hm,1,BV1bmwRzdET9,1,0.44061,2
2234,2248,BV1nu4m137W2,1,BV1Ru4m1g7pW,1,0.40988,3
2234,3038,BV1nu4m137W2,1,BV1HvyRYCEhW,1,0.47255,1
2234,3268,BV1nu4m137W2,1,BV1hztjebEMG,1,0.33724,4
2234,3346,BV1nu4m137W2,1,BV1hKpgeFEwi,1,0.37174,3
2234,3574,BV1nu4m137W2,1,BV1JLJNzjE6U,1,0.39616,4
2235,2433,BV1ay421B7LE,1,BV1XYUwBEEzQ,1,0.47162,1
2235,2456,BV1ay421B7LE,1,BV1fsyFB3EPD,1,0.37884,4
2235,3931,BV1ay421B7LE,1,BV1ECZzYFEBp,1,0.39319,3
2235,4837,BV1ay421B7LE,1,BV1L7YJzEEuz,1,0.35134,2
2235,5378,BV1ay421B7LE,1,BV1jiAQzhE7d,1,0.42079,1
2235,5753,BV1ay421B7LE,1,BV1oMBDBYEfY,1,0.35276,4
2236,3507,BV1Yt42137V1,1,BV12wTLzQE7Q,1,0.49031,1
2236,4177,BV1Yt42137V1,1,BV1ikwDePEJB,1,0.43861,3
2236,5374,BV1Yt42137V1,1,BV1WwcJz2Eiz,1,0.38218,4
2236,5678,BV1Yt42137V1,1,BV1MDrPBFEnB,1,0.45495,2
2237,2313,BV1pj421R797,1,BV19D42177M2,1,0.38452,3
2237,3084,BV1pj421R797,1,BV1MNmMYbEYQ,1,0.41012,1
2237,4264,BV1pj421R797,1,BV1iEcFe9ECY,1,0.38299,4
2239,3543,BV1fJ4m177bE,1,BV1S67KzcEsU,1,0.54373,1
2239,3567,BV1fJ4m177bE,1,BV1bajUzCEHH,1,0.48754,3
2239,5397,BV1fJ4m177bE,1,BV15eABzsECc,1,0.43798,2
2240,2556,BV1pp42127py,1,BV1V1cHe1Ej6,1,0.48165,4
2241,3042,BV1Up421U7zH,1,BV1V4y6YXE18,1,0.37278,2
2241,5771,BV1Up421U7zH,1,BV17eB9BVEqS,1,0.34901,4
2242,2479,BV12u4m1g7qa,1,BV1AcCQBdEjK,1,0.37726,3
2242,3868,BV12u4m1g7qa,1,BV199dBY1Enx,1,0.39598,3
2242,4975,BV12u4m1g7qa,1,BV1bDtQz7E13,1,0.39754,2
2243,2660,BV19H4y1n78F,1,BV1Hdk8YKEbj,1,0.40813,3
2243,3358,BV19H4y1n78F,1,BV1Q7HyeREjw,1,0.36009,4
2243,4009,BV19H4y1n78F,1,BV19uQpYdErb,1,0.40811,4
2243,5242,BV19H4y1n78F,1,BV1D9ubz3Ep8,1,0.48643,1
2244,2498,BV1H2421N7oL,1,BV1QocqepEzF,1,0.45206,2
2244,3203,BV1H2421N7oL,1,BV1p8tseqEgp,1,0.45611,3
2244,4196,BV1H2421N7oL,1,BV1xRNheNE2L,1,0.60191,1
2244,5387,BV1H2421N7oL,1,BV11jAhzXE8Q,1,0.47045,2
2245,4551,BV1oJ4m1h7AW,1,BV1Fdn3zTEpu,2,0.52269,1
2245,4726,BV1oJ4m1h7AW,1,BV1tCaKzFEuT,1,0.45061,3
2246,4543,BV1si421o7P3,1,BV1qFnHzsEDD,1,0.35506,1
2247,2366,BV1NC411Y7PE,1,BV1St42187J4,1,0.4478,4
2247,3264,BV1NC411Y7PE,1,BV1gQtpeyEFg,1,0.47371,1
2247,3984,BV1NC411Y7PE,1,BV1d2XSYuEtG,1,0.45137,3
2247,4635,BV1NC411Y7PE,1,BV12qHfzmEeL,1,0.43699,4
2248,2301,BV1Ru4m1g7pW,1,BV1vi421o7A3,1,0.45908,4
2248,2396,BV1Ru4m1g7pW,1,BV1fZ42127hr,1,0.48759,1
2248,2583,BV1Ru4m1g7pW,1,BV1idCrYZEkd,1,0.36886,2
2248,3938,BV1Ru4m1g7pW,1,BV1o6ZGYjEGn,1,0.47373,2
2249,2768,BV1Nx421Q7LG,1,BV1hmzSYaEF8,1,0.41405,2
2249,3374,BV1Nx421Q7LG,1,BV1b4HveZEn3,1,0.50059,3
2250,4673,BV1dJ4m1L7Dc,1,BV1mKHyzkEkj,1,0.46166,3
2250,4958,BV1dJ4m1L7Dc,1,BV1vytZz1ERZ,1,0.45299,4
2251,2331,BV1Jx421k7AD,1,BV1Vx4y1r7yY,1,0.46887,2
2251,2434,BV1Jx421k7AD,1,BV1yGUPB6EZU,1,0.41386,4
2251,3894,BV1Jx421k7AD,1,BV1oWZSYXE4m,1,0.45134,3
2252,2621,BV1Vm411k7No,1,BV1qVCaYiE88,1,0.38972,2
2252,2997,BV1Vm411k7No,1,BV12mSRYAEnN,1,0.39075,1
2253,2451,BV17w4m1Z7Hy,1,BV1j9ycB3ENV,1,0.5708,2
2253,4149,BV17w4m1Z7Hy,1,BV1C5AjeEEjt,1,0.39592,4
2253,4660,BV17w4m1Z7Hy,1,BV1NAezzWEDX,1,0.56101,4
2253,4687,BV17w4m1Z7Hy,1,BV1RbYGzoEBk,1,0.38099,4
2253,4749,BV17w4m1Z7Hy,1,BV1kaajz7EkA,1,0.56419,3
2253,5351,BV17w4m1Z7Hy,1,BV1swACzQEX5,1,0.5237,1
2253,5560,BV17w4m1Z7Hy,1,BV1TQctzLE3r,1,0.46952,2
2254,2456,BV1up42117wC,1,BV1fsyFB3EPD,1,0.48563,2
2254,2678,BV1up42117wC,1,BV1gfkkYQEnf,1,0.42933,3
2254,3001,BV1up42117wC,1,BV1XvSnYVEEf,1,0.37006,3
2254,3027,BV1up42117wC,1,BV1cX1xYYEWh,1,0.49959,1
2254,4387,BV1up42117wC,1,BV115xzziE28,1,0.34367,4
2254,4993,BV1up42117wC,1,BV1EgtXzeE4k,1,0.40362,4
2254,5176,BV1up42117wC,1,BV1hbuUzcEFk,1,0.4759,3
2254,5492,BV1up42117wC,1,BV1bKZuBpEQP,1,0.38169,1
2255,2528,BV1dK421Y7A9,1,BV15J63YcEZL,1,0.53427,4
2255,2920,BV1dK421Y7A9,1,BV15bmbYYEk2,1,0.5811,3
2255,4381,BV1dK421Y7A9,1,BV1RjC7B2Eu6,1,0.5272,4
2255,5340,BV1dK421Y7A9,1,BV1o1Paz1ErB,1,0.51547,2
2255,5812,BV1dK421Y7A9,1,BV1JJmzBfEUY,1,0.57869,4
2256,3136,BV1vt421t7V5,1,BV1Ua1dYtE2Y,1,0.49333,3
2256,3803,BV1vt421t7V5,1,BV1WWLRzJEuj,1,0.50078,4
2256,3810,BV1vt421t7V5,1,BV1jzLnz3Eek,1,0.50278,3
2256,4779,BV1vt421t7V5,1,BV1LCh9zrE5b,1,0.47468,2
2256,5472,BV1vt421t7V5,1,BV1GYZqBBEb1,1,0.4988,2
2256,5796,BV1vt421t7V5,1,BV1eDq6BcEyh,1,0.44943,2
2257,2985,BV1kw4m1Z7ad,1,BV1qJDwYvEWH,1,0.34003,4
2258,4532,BV1Yu4m1T7aQ,1,BV1bqn3zJE57,1,0.43895,2
2258,5036,BV1Yu4m1T7aQ,1,BV1C7tSzwETJ,1,0.37612,4
2259,2703,BV1gK421e7Rf,1,BV18mBuYjEo4,1,0.42985,4
2259,4865,BV1gK421e7Rf,1,BV1vB7HzmEL9,1,0.46422,3
2259,5786,BV1gK421e7Rf,1,BV1GKq4B9ELq,1,0.47737,2
2260,3512,BV1ay421B7i3,1,BV1ErMwzkEpq,1,0.41991,2
2260,5489,BV1ay421B7i3,1,BV1M8ZhBjEmF,1,0.40909,3
2261,3311,BV1nJ4m1a7Y4,1,BV17d4BePESH,1,0.39536,3
2261,4367,BV1nJ4m1a7Y4,1,BV1FjmUBXETp,1,0.38627,4
2262,3053,BV1gr421W7Hz,1,BV1kyyLYPE1P,1,0.42462,3
2262,3691,BV1gr421W7Hz,1,BV1EJEkzLEpi,1,0.42809,1
2262,4239,BV1gr421W7Hz,1,BV13SNWexERw,1,0.39129,4
2263,2331,BV11r421t7EW,1,BV1Vx4y1r7yY,1,0.57537,1
2263,2838,BV11r421t7EW,1,BV1bBzaYyEgv,1,0.36881,3
2263,2893,BV11r421t7EW,1,BV1K9UrYZERo,1,0.45269,4
2263,3612,BV11r421t7EW,1,BV1SyjezMEuu,1,0.49385,3
2263,4475,BV11r421t7EW,1,BV1AzxLzAEKz,1,0.56346,3
2263,5453,BV11r421t7EW,1,BV1qHfuBKEpV,1,0.53025,4
2264,3034,BV1cy4y1A7cj,1,BV1eJymYrEvA,1,0.39141,4
2264,5458,BV1cy4y1A7cj,1,BV1vdZ6BJETa,1,0.37662,3
2265,2928,BV17D42177ak,1,BV1JtUTYmEhj,1,0.40536,4
2265,4308,BV17D42177ak,1,BV1qWFtecEHF,1,0.4416,4
2265,5610,BV17D42177ak,1,BV15FFYzaEEW,1,0.49478,1
2265,5732,BV17D42177ak,1,BV1DDmeBAEnQ,1,0.48931,1
2266,2394,BV1pv421r7X4,1,BV12v421C7X1,1,0.46515,4
2266,3172,BV1pv421r7X4,1,BV1vF4jewEYN,1,0.51011,4
2266,5023,BV1pv421r7X4,1,BV1aBtSzmEMr,1,0.55424,1
2266,5354,BV1pv421r7X4,1,BV1GVfYBfEMT,1,0.51194,1
2267,3708,BV1Vu4m1T7dh,1,BV1Ky5KzmEr4,1,0.47396,3
2267,4256,BV1Vu4m1T7dh,1,BV1xKFzeGERG,1,0.52145,1
2267,4809,BV1Vu4m1T7dh,1,BV15Uh9zMEE1,1,0.4144,4
2268,4453,BV1Jj421d7F9,1,BV1yXxZzpEVJ,1,0.45486,4
2268,4537,BV1Jj421d7F9,1,BV1hdnZzXECY,1,0.52242,1
2268,5565,BV1Jj421d7F9,1,BV1TtFDzTEVi,1,0.49621,2
2269,2785,BV1sH4y1p7Dy,1,BV1oei6YBExF,1,0.48295,2
2269,3174,BV1sH4y1p7Dy,1,BV1uy4Ge1EUB,1,0.52761,1
2269,4309,BV1sH4y1p7Dy,1,BV1hUfrYtEoi,1,0.42847,3
2269,4747,BV1sH4y1p7Dy,1,BV1PmaLzEEeN,1,0.55074,2
2270,3081,BV1qx4y1C7jB,1,BV1h8mLYsE7j,1,0.42028,1
2270,5171,BV1qx4y1C7jB,1,BV1z1bCzkEce,1,0.44408,4
2270,5299,BV1qx4y1C7jB,1,BV14tA5z3Epo,1,0.44506,3
2271,4164,BV1B6421F7KJ,1,BV11HAeeqEzp,1,0.34184,2
2272,3598,BV1iz421Z7Js,1,BV1Qh7wzDEQ7,1,0.46133,1
2272,4185,BV1iz421Z7Js,1,BV1kQNme3EMz,1,0.35933,3
2272,5209,BV1iz421Z7Js,1,BV1tvgezXE6c,1,0.35253,4
2273,2698,BV1Cu4m1M7zA,1,BV1bEBLY8EUE,1,0.42276,2
2273,3058,BV1Cu4m1M7zA,1,BV1RH28YAEwu,1,0.43732,1
2273,3218,BV1Cu4m1M7zA,1,BV1NQxLeyE1Z,1,0.40492,2
2274,2301,BV1Y1421S7Bh,1,BV1vi421o7A3,1,0.45984,3
2274,2338,BV1Y1421S7Bh,1,BV1BJ4m1Y7vT,1,0.49914,1
2274,5026,BV1Y1421S7Bh,1,BV1Cgt1znEFv,1,0.34286,4
2275,3159,BV1Zx4y1S71z,1,BV1964ceUEpi,1,0.43331,2
2275,4977,BV1Zx4y1S71z,1,BV1uKtSz6EgF,1,0.45324,1
2276,2279,BV1sa4y1r7Jr,1,BV1nw4m1R7SP,1,0.27592,4
2276,2444,BV1sa4y1r7Jr,1,BV1JsULBAED5,2,0.39344,4
2276,3275,BV1sa4y1r7Jr,1,BV1x8t4eLEEJ,1,0.41518,4
2276,4577,BV1sa4y1r7Jr,1,BV165nFzvEom,1,0.50062,1
2276,4660,BV1sa4y1r7Jr,1,BV1NAezzWEDX,1,0.42146,3
2276,4807,BV1sa4y1r7Jr,1,BV1xjhSzCEVq,1,0.42209,2
2277,2432,BV1Nt421L7mX,1,BV1SZUcBGEDs,1,0.40604,4
2277,2995,BV1Nt421L7mX,1,BV1JY1sY4EVj,1,0.38701,2
2277,3305,BV1Nt421L7mX,1,BV1hTtFejE48,1,0.53877,2
2277,3443,BV1Nt421L7mX,1,BV1oyCeBaEtC,1,0.56142,2
2277,4652,BV1Nt421L7mX,1,BV1mMHyz3EM4,1,0.3975,2
2277,5429,BV1Nt421L7mX,1,BV1eUZ1B8Egm,1,0.37417,3
2278,3136,BV1BZ421y7hb,1,BV1Ua1dYtE2Y,1,0.50219,2
2278,4901,BV1BZ421y7hb,1,BV1fPYizwEDN,1,0.453,2
2278,5286,BV1BZ421y7hb,1,BV1Nx3CzyEJH,1,0.45205,3
2278,5379,BV1BZ421y7hb,1,BV1kyArz5EJB,1,0.52651,1
2278,5666,BV1BZ421y7hb,1,BV1EN6QBGEXC,1,0.4602,3
2279,2732,BV1nw4m1R7SP,1,BV1aGqTYBELx,1,0.33817,1
2279,4660,BV1nw4m1R7SP,1,BV1NAezzWEDX,1,0.29142,2
2280,3873,BV18F4m1L7Ft,1,BV1LvdDY7EAK,1,0.3691,4
2280,5776,BV18F4m1L7Ft,1,BV1VbBVBsETY,1,0.37087,3
2281,2711,BV1Ux421r7Cq,1,BV1opBGYFEcr,1,0.46761,2
2281,2822,BV1Ux421r7Cq,1,BV1oGmRYgEry,1,0.4278,4
2281,3708,BV1Ux421r7Cq,1,BV1Ky5KzmEr4,1,0.60622,1
2281,5156,BV1Ux421r7Cq,1,BV1Kb84zVEKh,1,0.54568,2
2281,5283,BV1Ux421r7Cq,1,BV11m3yzEEDX,1,0.4323,2
2282,2724,BV1SJ4m1j7qe,1,BV197qwYfEjg,1,0.37203,3
2282,3615,BV1SJ4m1j7qe,1,BV1GHjGzyEGc,1,0.3317,4
2283,2937,BV18u4m1A7Rn,1,BV1RPD2YWEWX,1,0.39433,2
2283,3375,BV18u4m1A7Rn,1,BV173YrepE7y,1,0.43832,1
2283,4455,BV18u4m1A7Rn,1,BV1YhxyzcEjM,1,0.38815,4
2283,4670,BV18u4m1A7Rn,1,BV1AXh1zYEi4,1,0.3935,3
2284,2368,BV1YD4y1X72n,1,BV1jj421X7rr,1,0.57443,4
2284,2814,BV1YD4y1X72n,1,BV1oxBtYgEFe,1,0.54668,1
2284,2975,BV1YD4y1X72n,1,BV1muDMYiEYV,1,0.59278,3
2284,3142,BV1YD4y1X72n,1,BV11M1qYwEw8,1,0.45705,2
2284,3905,BV1YD4y1X72n,1,BV1TzZoYdEju,1,0.48726,2
2284,4678,BV1YD4y1X72n,1,BV1qyYozsE4e,1,0.41354,2
2284,5089,BV1YD4y1X72n,1,BV1nmtTzrEnN,1,0.39734,4
2284,5134,BV1YD4y1X72n,1,BV1NX8EzREuk,1,0.6184,2
2285,2696,BV1qv4y1u7Hg,1,BV1fnB5YuE2T,1,0.40794,2
2285,2786,BV1qv4y1u7Hg,1,BV1Gci6YwEuL,1,0.53353,2
2285,3202,BV1qv4y1u7Hg,1,BV1prxNerETV,1,0.37332,4
2285,3464,BV1qv4y1u7Hg,1,BV1aCNCz6EqV,1,0.52051,3
2285,3475,BV1qv4y1u7Hg,1,BV1TENizyEQa,1,0.49946,4
2285,4979,BV1qv4y1u7Hg,1,BV1j7tRzqEuq,1,0.61604,1
2286,3571,BV1rD42177Bg,1,BV1yLjmzvEfu,1,0.43145,4
2286,3746,BV1rD42177Bg,1,BV15PVHzTEyF,1,0.49719,1
2286,4774,BV1rD42177Bg,1,BV1t2hiz1EDD,1,0.43184,3
2287,2595,BV1r1421Z7SM,1,BV1T46zYFEHx,1,0.57633,1
2287,2839,BV1r1421Z7SM,1,BV1h8zzYPEqs,1,0.52546,2
2287,3391,BV1r1421Z7SM,1,BV1wKYCevEZD,1,0.44605,1
2287,4345,BV1r1421Z7SM,1,BV1D9fRYhEU5,1,0.44723,3
2288,2935,BV1H6421M7vE,1,BV1m3mWYzE9d,1,0.38692,4
2288,3574,BV1H6421M7vE,1,BV1JLJNzjE6U,1,0.47212,1
2289,2454,BV1Fi421d7j9,1,BV1aEU5B7EeF,1,0.47806,4
2289,2596,BV1Fi421d7j9,1,BV1XjCzY2Ecp,1,0.54306,1
2289,4383,BV1Fi421d7j9,1,BV1b6ynBQEqd,1,0.44914,4
2289,4604,BV1Fi421d7j9,1,BV1jjp9zDEU4,1,0.52265,2
2290,2959,BV1YS421P7Dp,1,BV1yUDoYPEF2,1,0.39308,2
2290,3287,BV1YS421P7Dp,1,BV1124Qe2EA7,1,0.39007,3
2290,4317,BV1YS421P7Dp,1,BV1p2fJYJEEt,1,0.37865,4
2291,3243,BV1cS421P7Jh,1,BV1sEtCeZEWV,1,0.35123,2
2291,5442,BV1cS421P7Jh,1,BV1SxfGBFEMh,1,0.3429,4
2292,3184,BV11i421Z71k,1,BV1ys4EeXEyv,1,0.42891,1
2292,5077,BV11i421Z71k,1,BV1LxtwzHEey,1,0.37544,4
2292,5532,BV11i421Z71k,1,BV1TiUTBQEqy,1,0.4767,1
2293,3102,BV1EZ421b73V,1,BV1xdtCeaEZF,1,0.32715,4
2293,4628,BV1EZ421b73V,1,BV163pyzAEiL,1,0.34963,2
2293,4794,BV1EZ421b73V,1,BV1T8h2zMEwQ,1,0.36208,1
2293,5592,BV1EZ421b73V,1,BV1QNFGzqEVN,1,0.34187,3
2294,2756,BV1Ni421f7dB,1,BV1nNzqYkE69,1,0.62647,4
2294,3105,BV1Ni421f7dB,1,BV11H29YnEds,1,0.65994,1
2294,3431,BV1Ni421f7dB,1,BV1Ki2fBdEF1,1,0.47807,4
2294,4133,BV1Ni421f7dB,1,BV1KnNWeLEpv,1,0.57496,1
2294,4934,BV1Ni421f7dB,1,BV1kQTKz4ErC,1,0.46773,4
2294,5573,BV1Ni421f7dB,1,BV1CiFXzBEth,1,0.63181,3
2294,5624,BV1Ni421f7dB,1,BV1AV6zBEEw3,1,0.48206,2
2295,3133,BV19w4m1d7Jn,1,BV1BH1zYcEDX,1,0.38794,3
2295,3788,BV19w4m1d7Jn,1,BV13fLmzVEqm,1,0.43664,3
2295,3907,BV19w4m1d7Jn,1,BV1XuZZYNEhQ,1,0.44337,2
2295,4212,BV19w4m1d7Jn,1,BV1RKNAePEKD,2,0.48753,1
2295,5545,BV19w4m1d7Jn,1,BV1LRcLzRE3R,1,0.39591,4
2296,2631,BV1pi421o7Ys,1,BV1SACbY1Eah,1,0.51454,4
2296,3347,BV1pi421o7Ys,1,BV1zbpgeVEeu,1,0.46657,3
2296,3354,BV1pi421o7Ys,1,BV1CNpweoEu7,1,0.53817,2
2296,4793,BV1pi421o7Ys,1,BV1UyhozqECb,1,0.44946,4
2296,4857,BV1pi421o7Ys,1,BV1w9YZzMErC,1,0.48788,2
2296,5169,BV1pi421o7Ys,1,BV1B934znE6T,1,0.62291,1
2296,5420,BV1pi421o7Ys,1,BV1WbfJB3ENL,1,0.5751,3
2296,5602,BV1pi421o7Ys,1,BV163FizDELA,1,0.49212,4
2296,5838,BV1pi421o7Ys,1,BV1SRmwBgEJE,1,0.41845,4
2297,2634,BV1cr421H7Py,1,BV1ANCCYrEbd,1,0.3513,1
2297,3359,BV1cr421H7Py,1,BV13jHye4EkR,1,0.40658,3
2297,4031,BV1cr421H7Py,1,BV1XnRpYFExc,1,0.41258,2
2297,4482,BV1cr421H7Py,1,BV175xMzKEiH,1,0.40325,4
2298,2446,BV14t42157i6,1,BV1LbC2BwE1E,1,0.44527,2
2298,4923,BV14t42157i6,1,BV1sRbvzeExH,1,0.44253,3
2298,5039,BV14t42157i6,1,BV1TAbMzsENN,1,0.44946,1
2298,5594,BV14t42157i6,1,BV1wHFhzzE5K,1,0.44155,1
2299,4217,BV1dK421x7eN,1,BV1h8Noe7ERt,1,0.4365,1
2300,3215,BV1iz421R7xh,1,BV1jUx5eoEHC,1,0.47965,3
2300,3489,BV1iz421R7xh,1,BV1VeMqzPE2m,1,0.52254,4
2300,3661,BV1iz421R7xh,1,BV1QtJGznE5u,1,0.36985,2
2300,3701,BV1iz421R7xh,1,BV1Tk5MzoEdi,1,0.52947,2
2300,3877,BV1iz421R7xh,1,BV1bjZ5YrEnp,2,0.50664,1
2300,4607,BV1iz421R7xh,1,BV1HyeWzgEMe,1,0.51814,2
2300,5768,BV1iz421R7xh,1,BV1ZXBrBrEaC,1,0.62132,1
2301,2743,BV1vi421o7A3,1,BV1ALzpY6EMb,1,0.48301,2
2301,2812,BV1vi421o7A3,1,BV13yzfYxEpg,1,0.43164,2
2301,3267,BV1vi421o7A3,1,BV1Ua4me6EJd,1,0.42629,3
2301,3752,BV1vi421o7A3,1,BV1zZdZYyEVN,1,0.4351,4
2301,5406,BV1vi421o7A3,1,BV1h1fiBeEJA,1,0.51618,1
2301,5464,BV1vi421o7A3,1,BV1L4f3B6E46,1,0.50333,4
2302,2371,BV1nw4m1o7yf,1,BV1Hj421X7L7,1,0.36838,1
2302,2898,BV1nw4m1o7yf,1,BV1dLm1YjEAo,1,0.43499,1
2302,4817,BV1nw4m1o7yf,1,BV1Cye2zBEAN,1,0.414,2
2302,5079,BV1nw4m1o7yf,1,BV1yNt1z9ECt,1,0.39047,4
2303,3354,BV1vj421D7rM,1,BV1CNpweoEu7,1,0.51985,1
2303,3381,BV1vj421D7rM,1,BV1SSHPerEPg,1,0.46681,2
2303,3786,BV1vj421D7rM,1,BV1F6LPziEg9,1,0.4537,1
2303,4535,BV1vj421D7rM,1,BV1bWHFzpEiE,1,0.35901,4
2304,2453,BV1VH4y1p7Wm,1,BV1zUyABpEmP,1,0.36493,3
2304,2648,BV1VH4y1p7Wm,1,BV1WPCFYpE1s,1,0.47502,3
2304,2916,BV1VH4y1p7Wm,1,BV1h91VYVEhL,1,0.35728,4
2304,3236,BV1VH4y1p7Wm,1,BV1DhtyeBEBa,1,0.57484,1
2304,3813,BV1VH4y1p7Wm,1,BV1AALHzREDa,1,0.55508,2
2304,3979,BV1VH4y1p7Wm,1,BV1tWX6YPE6y,1,0.4147,3
2304,4868,BV1VH4y1p7Wm,1,BV1MxYSzsE4U,1,0.43816,4
2304,5129,BV1VH4y1p7Wm,1,BV1cA8kzjEcu,1,0.42185,3
2304,5696,BV1VH4y1p7Wm,1,BV1TWUYBdEwA,1,0.43585,3
2304,5801,BV1VH4y1p7Wm,1,BV12c2JBjEjM,1,0.43377,3
2305,2670,BV1Ft421G7gs,1,BV1jykKYxE8C,2,0.54438,2
2305,3122,BV1Ft421G7gs,1,BV1i74weWEuL,1,0.4658,1
2305,3405,BV1Ft421G7gs,1,BV1LxsTeiE6r,1,0.42887,3
2305,3680,BV1Ft421G7gs,1,BV1mLJPz4EQe,1,0.48173,4
2305,4240,BV1Ft421G7gs,1,BV1LQNEeUE9D,1,0.40368,2
2305,4298,BV1Ft421G7gs,1,BV1vtF8eKEvE,1,0.45735,3
2305,4846,BV1Ft421G7gs,1,BV1REeqzeEha,1,0.48417,3
2305,4897,BV1Ft421G7gs,1,BV1ZiYrz1EgZ,1,0.4893,3
2306,3272,BV1ty421q7f7,1,BV17Qthe2EZd,1,0.40919,1
2306,3481,BV1ty421q7f7,1,BV1p2NvziEiR,1,0.38422,4
2306,4804,BV1ty421q7f7,1,BV19AhQzcEuq,1,0.46621,1
2307,2618,BV1xz421d7oq,1,BV1DeCpYcEQj,1,0.58496,2
2307,2942,BV1xz421d7oq,1,BV1v9DDYiEMP,1,0.68334,1
2307,3103,BV1xz421d7oq,1,BV1Si2aYhEm2,1,0.59511,1
2307,3504,BV1xz421d7oq,1,BV1ZdJAzgEn7,1,0.47146,4
2307,3729,BV1xz421d7oq,1,BV1eYVizCEDi,1,0.60944,2
2307,3857,BV1xz421d7oq,1,BV1dNoJY8EmM,1,0.48104,2
2307,4296,BV1xz421d7oq,1,BV1BhFwe8EQ8,1,0.44687,3
2307,5419,BV1xz421d7oq,1,BV1iLfNB9EeR,1,0.59681,3
2308,2518,BV1UH4y157gD,1,BV1nCkyY6EvB,1,0.69229,1
2308,4141,BV1UH4y157gD,1,BV1DQApe7ESa,1,0.58722,2
2308,4506,BV1UH4y157gD,1,BV1pJHWzVE7x,1,0.57222,3
2308,5083,BV1UH4y157gD,1,BV1J6hHzWEE1,1,0.55649,1
2308,5198,BV1UH4y157gD,1,BV1ZrG7zhE9p,1,0.58694,2
2309,2393,BV1YC411p7FX,1,BV1jS421K7uF,1,0.38268,2
2309,2917,BV1YC411p7FX,1,BV14ZmZYKEJv,1,0.51748,1
2309,3404,BV1YC411p7FX,1,BV1UnHgeREh9,1,0.45445,4
2309,4144,BV1YC411p7FX,1,BV1DSApeUEH2,1,0.48774,2
2310,2334,BV12v421k7Dg,1,BV1Wx42117XN,1,0.44133,4
2310,2459,BV12v421k7Dg,1,BV1MVyPBKEgF,1,0.52369,4
2310,3571,BV12v421k7Dg,1,BV1yLjmzvEfu,1,0.52801,3
2310,4314,BV12v421k7Dg,1,BV1RjFHerEin,1,0.57997,1
2311,2446,BV1pZ421a7py,1,BV1LbC2BwE1E,1,0.55736,2
2311,2726,BV1pZ421a7py,1,BV1FJqkYDEDZ,1,0.43971,2
2311,3027,BV1pZ421a7py,1,BV1cX1xYYEWh,1,0.43651,4
2311,4983,BV1pZ421a7py,1,BV1WctRzEESc,1,0.47693,3
2311,5581,BV1pZ421a7py,1,BV1SicgzaEzL,1,0.50186,3
2312,2617,BV1K6421u7pK,1,BV1hUChYXExG,1,0.46474,1
2312,3178,BV1K6421u7pK,1,BV1wm4PerEr8,1,0.36495,3
2312,3306,BV1K6421u7pK,1,BV1zd4beGEBs,1,0.44214,2
2312,4376,BV1K6421u7pK,1,BV1SWmMBREu5,1,0.46435,2
2312,5118,BV1K6421u7pK,1,BV1ywh8zHEZd,1,0.37201,1
2312,5765,BV1K6421u7pK,1,BV1tSBQBsEeo,1,0.46151,4
2313,2511,BV19D42177M2,1,BV1c9cReJEkn,1,0.51248,3
2313,2564,BV19D42177M2,1,BV1mzrYYSEC9,1,0.43342,3
2313,3106,BV19D42177M2,1,BV1LU2GYQEtp,1,0.50959,1
2313,3299,BV19D42177M2,1,BV1DdnoeWEPw,1,0.53254,1
2313,3712,BV19D42177M2,1,BV1dJVrzoENZ,1,0.56802,1
2313,3718,BV19D42177M2,1,BV1whVHzUESi,1,0.44262,3
2313,3722,BV19D42177M2,1,BV1Ca5TzyEgs,1,0.54618,3
2313,3864,BV19D42177M2,1,BV1ihdzYnEHu,1,0.5349,3
2313,3958,BV19D42177M2,1,BV1egZNY9EQh,1,0.4617,2
2313,4000,BV19D42177M2,1,BV12KQyYMEXm,1,0.47422,4
2313,4842,BV19D42177M2,1,BV14DepzjEGy,1,0.4612,4
2313,4974,BV19D42177M2,1,BV1qxtSzdEnV,1,0.44004,3
2313,5384,BV19D42177M2,1,BV1GkfBBLEXc,1,0.63257,1
2314,3889,BV1Pv421y76Z,1,BV1mfQrYNEHC,1,0.34212,3
2315,3732,BV1Wv421C7np,1,BV17dV8zeEaU,1,0.37414,4
2316,2325,BV1zC41147jr,1,BV1xK421x7wy,1,0.58657,4
2316,2468,BV1zC41147jr,1,BV1mECCB3ESP,1,0.63905,2
2316,2652,BV1zC41147jr,1,BV17ZCFYjEgh,1,0.66817,2
2316,3411,BV1zC41147jr,1,BV19bMGz8Ewa,1,0.6353,1
2316,3675,BV1zC41147jr,1,BV1zi5zzwEH3,1,0.64919,4
2316,3946,BV1zC41147jr,1,BV1SdZGYKEMz,1,0.60764,3
2316,4363,BV1zC41147jr,1,BV12jf8YSE5P,1,0.44524,3
2316,5044,BV1zC41147jr,1,BV1Cib3zbExf,1,0.60208,4
2317,2495,BV1jm411Z7BR,1,BV1CfwceuEps,1,0.51485,2
2317,2566,BV1jm411Z7BR,1,BV1Vgr3YcEn2,1,0.6349,1
2317,2834,BV1jm411Z7BR,1,BV1jLzjYLEFj,2,0.44632,3
2317,3068,BV1jm411Z7BR,1,BV1qHCmYjErd,1,0.4687,4
2317,3478,BV1jm411Z7BR,1,BV1uDNpzLEYi,1,0.41804,2
2317,4599,BV1jm411Z7BR,1,BV1m2pDzYEkx,1,0.44228,2
2318,2591,BV1GS421w7AU,1,BV15t6SYuEQR,1,0.49809,1
2318,4754,BV1GS421w7AU,1,BV1NQaJzwEf3,1,0.38634,2
2318,5177,BV1GS421w7AU,1,BV1qTgtzmEGt,1,0.44929,4
2319,2660,BV1Dx42127Xc,1,BV1Hdk8YKEbj,1,0.40057,4
2319,4796,BV1Dx42127Xc,1,BV1muhmz6EFa,1,0.39439,2
2320,2474,BV19x42117yM,1,BV1f5C9B9EY8,1,0.3395,4
2321,2853,BV1Dm411Z7TG,1,BV1ZGBHYZERU,1,0.41206,4
2321,3942,BV1Dm411Z7TG,1,BV1MFZPYkEqD,1,0.43781,3
2321,4423,BV1Dm411Z7TG,1,BV1By4JzMEx8,1,0.44103,2
2321,5109,BV1Dm411Z7TG,1,BV1JVhuzWEer,1,0.46037,1
2322,2568,BV1yZ42187YJ,1,BV1iVrKYXEgb,1,0.44283,3
2322,3230,BV1yZ42187YJ,1,BV1YPs1eNEaQ,1,0.5398,1
2322,3565,BV1yZ42187YJ,1,BV1Wsjbz2E6y,1,0.52237,4
2322,3855,BV1yZ42187YJ,1,BV13xo5YrEGg,2,0.57541,4
2322,3876,BV1yZ42187YJ,1,BV1bjZ5YrEnp,1,0.48108,4
2322,5380,BV1yZ42187YJ,1,BV1tvAaz8EV6,1,0.43494,3
2322,5382,BV1yZ42187YJ,1,BV1svADzGE5m,1,0.5924,1
2323,2510,BV1Au4m137qL,1,BV1RC6qYzE4t,1,0.54304,1
2323,3535,BV1Au4m137qL,1,BV1DNTWzQEp3,1,0.57992,1
2323,3672,BV1Au4m137qL,1,BV1h7VGziEc8,1,0.44312,3
2323,3756,BV1Au4m137qL,1,BV133VHzaErX,1,0.46511,1
2323,4090,BV1Au4m137qL,1,BV122PueTEge,1,0.38262,3
2323,4150,BV1Au4m137qL,1,BV1UuAneMEmx,1,0.46062,4
2323,4494,BV1Au4m137qL,1,BV1BvHtzUEUo,1,0.40432,4
2323,4680,BV1Au4m137qL,1,BV1NXa9zbETB,1,0.49043,3
2324,2875,BV12r421s7jK,1,BV1wRBqYjEDW,1,0.65119,2
2324,3274,BV12r421s7jK,1,BV1Z84ZeQEBR,1,0.65231,1
2324,3415,BV12r421s7jK,1,BV17NUvB2E1S,1,0.70747,4
2324,3663,BV12r421s7jK,1,BV1nnJuzbECH,1,0.63898,4
2324,4043,BV12r421s7jK,1,BV167AxeMEbB,1,0.64482,4
2324,4293,BV12r421s7jK,1,BV1b1F8e9Ewj,1,0.73981,4
2324,4841,BV12r421s7jK,1,BV11KenzBEyR,1,0.73194,2
2324,5599,BV12r421s7jK,1,BV1AokgBVEDi,1,0.73721,1
2325,4811,BV1xK421x7wy,1,BV1chemzTEwy,1,0.67094,1
2326,2678,BV1tS421w7JK,1,BV1gfkkYQEnf,1,0.42358,4
2326,3265,BV1tS421w7JK,1,BV1JatpetEnp,1,0.45228,3
2326,3810,BV1tS421w7JK,1,BV1jzLnz3Eek,1,0.46694,2
2326,4214,BV1tS421w7JK,1,BV1vgNXeyEsy,1,0.51711,1
2327,3099,BV1gu4m1g7C4,1,BV1QT2bY9EN8,1,0.42246,1
2327,4987,BV1gu4m1g7C4,1,BV1djbLzZE34,1,0.41368,3
2327,5137,BV1gu4m1g7C4,1,BV1AzhAzGEoD,2,0.40306,2
2327,5660,BV1gu4m1g7C4,1,BV1nRrnBhE9Z,1,0.44658,1
2328,2396,BV1X6421M7nV,1,BV1fZ42127hr,1,0.45424,2
2328,2795,BV1X6421M7nV,1,BV1fuzUYBEnF,1,0.42396,4
2328,5485,BV1X6421M7nV,1,BV1y9F6zBE6H,1,0.45538,1
2328,5718,BV1X6421M7nV,1,BV1ZfqUBoEL3,1,0.42554,3
2329,2457,BV1nr421W7CT,1,BV1jzyPBEEw6,1,0.45452,1
2329,2649,BV1nr421W7CT,1,BV1nhCgYyE2D,1,0.37518,2
2329,4409,BV1nr421W7CT,1,BV1fR42zLEuR,1,0.38106,4
2329,4883,BV1nr421W7CT,1,BV1aRYsztE17,1,0.33432,3
2329,4905,BV1nr421W7CT,1,BV1t7YezyErR,1,0.37081,2
2330,2569,BV1xH4y1j7oy,1,BV12Tr5YfEnv,1,0.46092,3
2330,3363,BV1xH4y1j7oy,1,BV1rwePeoEXG,2,0.37657,3
2330,3711,BV1xH4y1j7oy,1,BV1bdVhzpEWM,1,0.48349,2
2330,4550,BV1xH4y1j7oy,1,BV1Fdn3zTEpu,1,0.45701,4
2331,3668,BV1Vx4y1r7yY,1,BV1hKJ3z2Evp,1,0.4406,2
2331,4475,BV1Vx4y1r7yY,1,BV1AzxLzAEKz,1,0.56691,2
2331,4589,BV1Vx4y1r7yY,1,BV1pbpizUE61,1,0.44798,2
2331,4991,BV1Vx4y1r7yY,1,BV1AYt2zsEBe,1,0.48404,4
2331,5043,BV1Vx4y1r7yY,1,BV1Fsb5zeEmq,1,0.49528,2
2332,2661,BV1hZ42117Hi,1,BV1M1kaYDE7D,1,0.38577,3
2332,2778,BV1hZ42117Hi,1,BV1RKiZYDEX3,1,0.38838,2
2332,2912,BV1hZ42117Hi,1,BV1fiUaYEEv4,1,0.39634,1
2333,4449,BV1Hy42187Yd,1,BV1Gaxyz8EzZ,1,0.32178,1
2333,5512,BV1Hy42187Yd,1,BV1RGZQBEEtf,1,0.30456,4
2334,2722,BV1Wx42117XN,1,BV1Vsq4YwEPa,1,0.48652,3
2334,4314,BV1Wx42117XN,1,BV1RjFHerEin,1,0.48843,2
2334,4849,BV1Wx42117XN,1,BV1Aaebz9Eje,1,0.36949,4
2335,2849,BV1Vz42197eP,1,BV1aazuYEEvb,1,0.49772,1
2335,3475,BV1Vz42197eP,1,BV1TENizyEQa,1,0.53909,4
2335,3603,BV1Vz42197eP,1,BV1Ay7FzNEmH,1,0.55817,1
2335,4437,BV1Vz42197eP,1,BV1vvxDzQErD,1,0.54543,2
2336,2590,BV1rr421s7XU,1,BV1RK6UYeE5z,1,0.57829,4
2336,3238,BV1rr421s7XU,1,BV1gNsCedEHn,1,0.61681,2
2336,3675,BV1rr421s7XU,1,BV1zi5zzwEH3,1,0.67129,4
2336,3771,BV1rr421s7XU,1,BV1wk5CzyEjn,1,0.62144,1
2336,3922,BV1rr421s7XU,1,BV1SrZ6YJEYQ,1,0.52482,1
2336,4465,BV1rr421s7XU,1,BV1JvHtzUE5A,1,0.50617,3
2336,4928,BV1rr421s7XU,1,BV1HobYzsEkZ,1,0.75271,1
2336,4948,BV1rr421s7XU,1,BV1hBtSzmE9J,1,0.6515,2
2336,5126,BV1rr421s7XU,1,BV1uu411i7D2,1,0.63158,3
2336,5445,BV1rr421s7XU,1,BV1JoZZBkE9N,1,0.71644,2
2336,5798,BV1rr421s7XU,1,BV1a12tBEE3N,1,0.50848,4
2337,3268,BV1jU411F7aU,1,BV1hztjebEMG,1,0.34811,3
2337,3531,BV1jU411F7aU,1,BV1fwTTzSEhX,1,0.49464,1
2337,4929,BV1jU411F7aU,1,BV1Vgb8zFEqV,1,0.46171,4
2337,5346,BV1jU411F7aU,1,BV1CSZWBJEPf,1,0.37295,4
2337,5424,BV1jU411F7aU,1,BV1LEfTB8EmQ,1,0.47265,3
2338,4600,BV1BJ4m1Y7vT,1,BV1ftWLzQEh2,1,0.44148,2
2339,2384,BV1e2421M7xJ,1,BV19z421R79F,1,0.49719,2
2339,2439,BV1e2421M7xJ,1,BV1vzU7B8EXP,1,0.50123,1
2339,3689,BV1e2421M7xJ,1,BV1eWEbzNE2o,1,0.48208,4
2340,2523,BV1sZ42127Xh,1,BV1qGc8egEnj,1,0.7703,4
2340,2625,BV1sZ42127Xh,1,BV19BBEYVEQs,1,0.72272,2
2340,2889,BV1sZ42127Xh,1,BV1u2UzYRETb,1,0.6861,1
2340,3003,BV1sZ42127Xh,1,BV1rBSgYhETr,1,0.77142,2
2340,3301,BV1sZ42127Xh,1,BV1Pt48enEpr,1,0.73535,2
2340,3457,BV1sZ42127Xh,1,BV1NaK5zJEyu,1,0.77519,2
2340,3675,BV1sZ42127Xh,1,BV1zi5zzwEH3,1,0.70757,3
2340,4208,BV1sZ42127Xh,1,BV1KUN6ecEvP,1,0.64772,3
2340,4560,BV1sZ42127Xh,1,BV1bdngz7E4B,1,0.64393,4
2340,4841,BV1sZ42127Xh,1,BV11KenzBEyR,1,0.70788,3
2340,5352,BV1sZ42127Xh,1,BV1yBfUBoEzh,1,0.77055,4
2341,5685,BV1pH4y1a7uP,1,BV1yKi9ByEFN,1,0.43944,4
2341,5790,BV1pH4y1a7uP,1,BV1vBq1ByEEX,1,0.46143,2
2342,3538,BV1ou4m1g7EC,1,BV1BdMgzPEQu,1,0.35292,1
2342,4606,BV1ou4m1g7EC,1,BV1hZWGzvEfp,1,0.33542,2
2342,5782,BV1ou4m1g7EC,1,BV17mUZBjEgG,1,0.33362,3
2343,3130,BV1pJ4m1Y7kw,1,BV1Wi16Y6ED4,1,0.36069,2
2343,3541,BV1pJ4m1Y7kw,1,BV1ipTKz7ECW,1,0.32454,4
2344,3317,BV1TZ421a74J,1,BV1n7pBexEpX,1,0.41546,4
2344,3958,BV1TZ421a74J,1,BV1egZNY9EQh,1,0.42404,2
2344,5614,BV1TZ421a74J,1,BV1SRFAzGET4,1,0.42085,2
2345,2729,BV1kA4m1G762,1,BV1g2q2YUEaL,1,0.59626,1
2345,3167,BV1kA4m1G762,1,BV15SxdeMELP,1,0.61123,4
2345,3240,BV1kA4m1G762,1,BV1cotUeTEkN,1,0.51629,3
2345,3339,BV1kA4m1G762,1,BV1oTWsemEE1,1,0.48133,2
2345,3572,BV1kA4m1G762,1,BV1SB7BzQE3t,1,0.49327,2
2345,3942,BV1kA4m1G762,1,BV1MFZPYkEqD,1,0.50438,1
2345,4019,BV1kA4m1G762,1,BV1ckReYyEXy,1,0.57799,3
2345,4442,BV1kA4m1G762,1,BV1GJH3zREmt,1,0.65135,1
2345,4549,BV1kA4m1G762,1,BV1adncz4EJ8,1,0.46718,4
2345,5217,BV1kA4m1G762,1,BV1segtzFEm7,1,0.54557,1
2345,5222,BV1kA4m1G762,1,BV18Ju9zrEhm,1,0.6544,1
2345,5615,BV1kA4m1G762,1,BV1Ty6tBtEDe,1,0.54318,2
2346,2383,BV1FC411s7s4,1,BV1Xj421X7Hm,1,0.44526,1
2346,4373,BV1FC411s7s4,1,BV15fSeByEwQ,1,0.40354,4
2347,2800,BV1VH4y1J7AR,1,BV1xQ6MYrEd2,1,0.3548,3
2347,4739,BV1VH4y1J7AR,1,BV1e4aPzAEiu,1,0.37092,3
2347,4858,BV1VH4y1J7AR,1,BV1ncYfzYE4F,1,0.48143,1
2347,4943,BV1VH4y1J7AR,1,BV12Zt9znEwz,1,0.37026,4
2349,2822,BV1L4421c7AR,1,BV1oGmRYgEry,1,0.44696,1
2349,3464,BV1L4421c7AR,1,BV1aCNCz6EqV,1,0.55706,2
2349,3603,BV1L4421c7AR,1,BV1Ay7FzNEmH,1,0.53436,3
2349,3820,BV1L4421c7AR,1,BV1vcLnzTEJ8,1,0.44207,4
2349,4791,BV1L4421c7AR,1,BV1XDhYzLEQg,1,0.50033,3
2349,4920,BV1L4421c7AR,1,BV1zzb8zuEba,1,0.53397,3
2350,3365,BV1pr421W7eH,1,BV1o5HqeyEW3,1,0.37692,2
2350,4405,BV1pr421W7eH,1,BV18BWCzSETs,1,0.35894,3
2350,5233,BV1pr421W7eH,1,BV1mPuazGE74,1,0.38275,1
2350,5680,BV1pr421W7eH,1,BV1aivQBpEcD,1,0.349,4
2351,3528,BV1Lj421U7DW,1,BV1hPMjzPEWL,1,0.536,1
2351,3543,BV1Lj421U7DW,1,BV1S67KzcEsU,1,0.52014,2
2351,4876,BV1Lj421U7DW,1,BV1M9ePzaEwW,1,0.47622,4
2352,2508,BV1cj421S7eB,1,BV1PTcoebEUU,1,0.38311,4
2352,2806,BV1cj421S7eB,1,BV1Rm6NY2EiW,1,0.3965,2
2352,4092,BV1cj421S7eB,1,BV1VG9cYAEMJ,1,0.46654,1
2352,4124,BV1cj421S7eB,1,BV1XGAfeSE4J,1,0.38444,4
2353,2710,BV1tx4y1C7h4,1,BV1fKBMYsECn,1,0.63593,1
2353,3819,BV1tx4y1C7h4,1,BV1KZLEznE3G,1,0.58209,3
2353,4376,BV1tx4y1C7h4,1,BV1SWmMBREu5,1,0.46408,3
2353,4561,BV1tx4y1C7h4,1,BV1cVnezNEnF,1,0.57964,4
2354,3450,BV1jx421f7YR,1,BV17VKDzMEnh,1,0.36382,2
2355,5379,BV18p421R7oY,1,BV1kyArz5EJB,1,0.3207,4
2356,4266,BV1Uz421d72F,1,BV1kcFdeSEVD,1,0.3887,1
2356,4662,BV1Uz421d72F,1,BV1zkaXzjEKQ,1,0.40713,1
2357,4377,BV1aS421N7jJ,1,BV1fv2EBPEtS,1,0.37857,3
2357,4536,BV1aS421N7jJ,1,BV1EAnqzBEAH,1,0.37548,4
2357,4589,BV1aS421N7jJ,1,BV1pbpizUE61,1,0.41122,4
2357,5460,BV1aS421N7jJ,1,BV1QJfGBPEDp,1,0.42894,2
2358,2457,BV1zw4m1f72M,1,BV1jzyPBEEw6,1,0.49915,1
2358,2535,BV1zw4m1f72M,1,BV1eaCsYgEKd,1,0.44792,1
2358,2649,BV1zw4m1f72M,1,BV1nhCgYyE2D,1,0.3257,4
2358,2925,BV1zw4m1f72M,1,BV1TXUTYhEMY,1,0.44601,4
2358,4396,BV1zw4m1f72M,1,BV1aiWpz8E5c,1,0.47442,1
2358,5014,BV1zw4m1f72M,1,BV1wPbVzFEn7,1,0.44382,2
2359,5030,BV1am411S75u,1,BV1snbNzLEnT,1,0.38205,1
2359,5782,BV1am411S75u,1,BV17mUZBjEgG,1,0.35684,3
2360,3428,BV1EH4y1a7CM,1,BV1FSmcBRE6d,1,0.51553,1
2360,3780,BV1EH4y1a7CM,1,BV1qGL6zhEp3,1,0.45106,2
2361,4788,BV1ZZ42117L2,1,BV15nY9z5Err,1,0.45168,4
2361,5406,BV1ZZ42117L2,1,BV1h1fiBeEJA,1,0.53282,3
2362,3638,BV1PW421K7SR,1,BV1w4Jsz6ETH,1,0.36417,4
2362,5745,BV1PW421K7SR,1,BV1QxiMBPExM,1,0.37698,3
2363,3890,BV1Wz421d7Ns,1,BV1cTfKYzEbN,1,0.51894,3
2363,4687,BV1Wz421d7Ns,1,BV1RbYGzoEBk,1,0.41141,1
2363,4756,BV1Wz421d7Ns,1,BV1MBKRzqE1B,1,0.42168,2
2363,5249,BV1Wz421d7Ns,1,BV1sXuazzE6R,1,0.48863,4
2364,4083,BV1tv421k731,1,BV1VWwSetEb2,1,0.43048,4
2364,4676,BV1tv421k731,1,BV1MwYAzsETg,1,0.43179,2
2365,3058,BV1Y4421F74s,1,BV1RH28YAEwu,1,0.40119,3
2365,3190,BV1Y4421F74s,1,BV1JGtyeDEEy,1,0.41826,2
2365,3472,BV1Y4421F74s,1,BV19tNxzoE5C,1,0.36946,4
2365,4607,BV1Y4421F74s,1,BV1HyeWzgEMe,1,0.46294,1
2366,2967,BV1St42187J4,1,BV193DDYNEQe,1,0.51976,1
2366,4166,BV1St42187J4,1,BV1hgKneEEer,1,0.46953,2
2366,4168,BV1St42187J4,1,BV1pBFHe4EnR,1,0.45416,3
2367,2440,BV1bA4m1V7vW,1,BV1TAUpBhENx,1,0.40083,3
2367,2566,BV1bA4m1V7vW,1,BV1Vgr3YcEn2,1,0.57264,2
2367,2628,BV1bA4m1V7vW,1,BV1hQk4Y3EJY,1,0.44436,3
2367,3053,BV1bA4m1V7vW,1,BV1kyyLYPE1P,1,0.49352,2
2367,3067,BV1bA4m1V7vW,1,BV1KGCSYcEFH,1,0.50119,3
2367,3068,BV1bA4m1V7vW,1,BV1qHCmYjErd,1,0.55499,3
2367,3214,BV1bA4m1V7vW,1,BV1PmszerEeL,1,0.47804,1
2367,3394,BV1bA4m1V7vW,1,BV1zLHTeaEnz,1,0.66801,1
2367,3500,BV1bA4m1V7vW,1,BV1P3T6zXEdP,1,0.46187,3
2367,3931,BV1bA4m1V7vW,1,BV1ECZzYFEBp,1,0.50944,2
2367,5056,BV1bA4m1V7vW,1,BV1PTbMzQE2s,1,0.53733,1
2367,5142,BV1bA4m1V7vW,1,BV11ghwzGEo6,1,0.37143,2
2367,5425,BV1bA4m1V7vW,1,BV1f2fAB9Eij,1,0.52655,1
2367,5576,BV1bA4m1V7vW,1,BV1SHFDzgE4D,1,0.48176,3
2368,2975,BV1jj421X7rr,1,BV1muDMYiEYV,1,0.64527,1
2368,3142,BV1jj421X7rr,1,BV11M1qYwEw8,1,0.45115,4
2368,3751,BV1jj421X7rr,1,BV1tz54zrES5,1,0.5205,3
2368,4654,BV1jj421X7rr,1,BV1SmHvzXEYT,1,0.48911,2
2368,4826,BV1jj421X7rr,1,BV1uEeJzrEye,1,0.47576,3
2368,5134,BV1jj421X7rr,1,BV1NX8EzREuk,1,0.63512,2
2368,5582,BV1jj421X7rr,1,BV17pzJB2EJ3,1,0.42897,4
2368,5655,BV1jj421X7rr,1,BV1yEkcB7EKP,1,0.5862,1
2368,5665,BV1jj421X7rr,1,BV1z2BDBqE11,1,0.4111,3
2369,2909,BV1ov421C7hP,1,BV1UEUeYBERN,1,0.47333,3
2369,4880,BV1ov421C7hP,1,BV1gFtKzRE14,1,0.45274,3
2369,5314,BV1ov421C7hP,1,BV1KawWziEUT,1,0.42839,1
2370,2642,BV1Wv421y77C,1,BV1eJkZYeEAZ,1,0.4238,3
2370,5366,BV1Wv421y77C,1,BV1LBP5ztEAP,1,0.46329,1
2370,5407,BV1Wv421y77C,1,BV12XfiBfETe,1,0.36322,3
2371,3320,BV1Hj421X7L7,1,BV1A2pVebEn5,1,0.27,4
2372,5215,BV1Rp421R7Xz,1,BV1LQudztEEM,1,0.39138,3
2373,3197,BV1sj421D7q2,1,BV1B2xqe4ESd,1,0.3822,2
2373,5818,BV1sj421D7q2,1,BV1ZbqpBHEHW,1,0.39052,1
2374,2897,BV1AS421T7wz,1,BV12nUeYTEXh,1,0.37276,4
2374,3394,BV1AS421T7wz,1,BV1zLHTeaEnz,1,0.43766,4
2374,4127,BV1AS421T7wz,1,BV1VaPuemEJi,1,0.43856,3
2374,4185,BV1AS421T7wz,1,BV1kQNme3EMz,1,0.47255,1
2374,4965,BV1AS421T7wz,1,BV1YdttzdEov,1,0.41645,2
2375,3640,BV1ev421y794,1,BV1cyEfzAEyN,1,0.40086,4
2375,4502,BV1ev421y794,1,BV1daHGzvEyo,1,0.37486,1
2375,5207,BV1ev421y794,1,BV1vEgazdEw5,1,0.44827,2
2376,4297,BV1Fy421h7j6,1,BV1xQfWYaE3a,1,0.42305,3
2376,4487,BV1Fy421h7j6,1,BV1WzxKz3EXk,1,0.39028,2
2376,5835,BV1Fy421h7j6,1,BV1oYmRBNE4Z,1,0.42092,4
2377,2628,BV1k4421A7mJ,1,BV1hQk4Y3EJY,1,0.38042,4
2377,3068,BV1k4421A7mJ,1,BV1qHCmYjErd,1,0.42474,1
2377,5156,BV1k4421A7mJ,1,BV1Kb84zVEKh,1,0.41775,2
2377,5277,BV1k4421A7mJ,1,BV1m3Gpz4Eey,1,0.33755,4
2378,3749,BV1L2421A7MN,1,BV1wDVFzxEov,1,0.43926,4
2378,4207,BV1L2421A7MN,1,BV1XANYemE3G,1,0.50808,1
2378,5429,BV1L2421A7MN,1,BV1eUZ1B8Egm,1,0.36457,4
2378,5613,BV1L2421A7MN,1,BV1oM6hBUEfY,1,0.42756,4
2379,2972,BV14U421d7xE,1,BV1i2D5YvEBB,1,0.38009,1
2379,3143,BV14U421d7xE,1,BV1q91dYVESq,1,0.40726,3
2379,5292,BV14U421d7xE,1,BV1Gk3NzJEDy,1,0.48001,2
2379,5432,BV14U421d7xE,1,BV1KYfABeE8D,1,0.42708,4
2380,4502,BV14S421K7y5,1,BV1daHGzvEyo,1,0.36524,3
2380,4614,BV14S421K7y5,1,BV1LCpizuEoP,1,0.47288,4
2381,4676,BV1ny421871z,1,BV1MwYAzsETg,1,0.42192,2
2381,4777,BV1ny421871z,1,BV17MhqzhEhn,1,0.41638,4
2381,5603,BV1ny421871z,1,BV12pFjzrEC1,1,0.43,1
2382,4111,BV1Rx4y1C7NA,1,BV1sLPieVEsz,1,0.46487,2
2382,4233,BV1Rx4y1C7NA,1,BV1ZKP2eFE6A,1,0.48164,3
2382,4244,BV1Rx4y1C7NA,1,BV1NkNweDESd,1,0.40099,1
2382,4847,BV1Rx4y1C7NA,1,BV1cGezz7EcL,1,0.47052,4
2382,5052,BV1Rx4y1C7NA,1,BV1fobKzzEhh,1,0.41851,2
2383,5743,BV1Xj421X7Hm,1,BV12Wi3BAEud,1,0.37386,3
2383,5776,BV1Xj421X7Hm,1,BV1VbBVBsETY,1,0.37104,4
2384,3345,BV19z421R79F,1,BV1vEpFegEmE,1,0.38926,3
2384,4165,BV19z421R79F,1,BV13xAheMEN9,1,0.52614,1
2384,4595,BV19z421R79F,1,BV1YApRzJEVH,1,0.50039,2
2384,5157,BV19z421R79F,1,BV1az8tzsEcf,1,0.46175,3
2385,2580,BV1sF4m1M7aV,1,BV1HJrxYnE6f,1,0.42166,2
2385,2599,BV1sF4m1M7aV,1,BV1RU6DYCErD,1,0.39289,4
2385,3444,BV1sF4m1M7aV,1,BV1d3CSBgEsS,1,0.44558,2
2385,3545,BV1sF4m1M7aV,1,BV1Pr7nzoE3e,1,0.45508,3
2385,3786,BV1sF4m1M7aV,1,BV1F6LPziEg9,1,0.44271,2
2385,3997,BV1sF4m1M7aV,1,BV1eMQ3YZEXY,1,0.43395,1
2385,4011,BV1sF4m1M7aV,1,BV1iDQpYZENu,1,0.50991,1
2385,4083,BV1sF4m1M7aV,1,BV1VWwSetEb2,1,0.45069,3
2385,4366,BV1sF4m1M7aV,1,BV1s4UYB9EBQ,2,0.43477,2
2386,3595,BV1jm411D7CM,1,BV1H67zzgE8A,1,0.41021,2
2386,5256,BV1jm411D7CM,1,BV1v5MQzVESs,1,0.36264,3
2387,3957,BV1HA4m1V7mc,1,BV1roZPYYEqX,1,0.48306,4
2387,5066,BV1HA4m1V7mc,1,BV1YAthzfEK8,1,0.51566,2
2388,2672,BV14A4m1G7Ti,1,BV1Bek4YXE9S,1,0.42195,4
2388,3094,BV14A4m1G7Ti,1,BV1RT2YYgEof,1,0.36196,4
2388,3297,BV14A4m1G7Ti,1,BV1BStMeSEt2,1,0.39061,2
2388,3611,BV14A4m1G7Ti,1,BV1tWjyzYESh,1,0.42201,4
2388,4247,BV14A4m1G7Ti,1,BV15JNweiE9o,1,0.44436,1
2388,5316,BV14A4m1G7Ti,1,BV1uqw8z4EfC,1,0.42719,3
2388,5826,BV14A4m1G7Ti,1,BV1wZUfBbEs2,1,0.43907,2
2389,4616,BV1pj421D7oE,1,BV1E7pWzBEQS,1,0.52817,2
2389,4646,BV1pj421D7oE,1,BV1nmpgz6Exq,1,0.38212,3
2389,4821,BV1pj421D7oE,1,BV11KeXzZE5D,1,0.54619,1
2389,4889,BV1pj421D7oE,1,BV1odYJzHE4A,1,0.51393,4
2389,5103,BV1pj421D7oE,1,BV1Cqh5zGE17,1,0.52427,3
2389,5806,BV1pj421D7oE,1,BV1Pd2vBREWh,1,0.50009,2
2390,3009,BV1hp421d7Na,1,BV1WsS7YWE6Z,1,0.53953,1
2390,3473,BV1hp421d7Na,1,BV1KxMizDEmK,1,0.55298,2
2390,3578,BV1hp421d7Na,1,BV1smEdzYEzo,1,0.61158,3
2390,3581,BV1hp421d7Na,1,BV1xNjnztEq9,1,0.553,1
2390,3722,BV1hp421d7Na,1,BV1Ca5TzyEgs,1,0.54364,4
2390,4413,BV1hp421d7Na,1,BV1AdWezjEcf,1,0.48624,1
2390,4604,BV1hp421d7Na,1,BV1jjp9zDEU4,1,0.58026,3
2391,3705,BV1y4421F74D,1,BV1cBVZzSEcU,1,0.34617,4
2391,4088,BV1y4421F74D,1,BV166PveTEyQ,1,0.35843,3
2391,4916,BV1y4421F74D,1,BV1VLbazeEV3,1,0.40797,1
2391,5296,BV1y4421F74D,1,BV1BNKcz8EsH,1,0.37883,2
2392,2720,BV1jJ4m1x7bg,1,BV1KLq5YSEVy,1,0.36295,2
2392,3334,BV1jJ4m1x7bg,1,BV1ZnHXeRE4r,1,0.39587,2
2393,2892,BV1jS421K7uF,1,BV1uMUrY8EsS,1,0.34266,4
2393,3672,BV1jS421K7uF,1,BV1h7VGziEc8,1,0.38856,1
2394,5441,BV12v421C7X1,1,BV1WwFpznEZQ,1,0.47269,3
2394,5602,BV12v421C7X1,1,BV163FizDELA,1,0.47737,2
2395,2518,BV1zA4m1G753,1,BV1nCkyY6EvB,1,0.60598,1
2395,2578,BV1zA4m1G753,1,BV1DP6yYJEbw,1,0.39413,2
2395,3591,BV1zA4m1G753,1,BV1H872zcEXE,1,0.51955,4
2395,4452,BV1zA4m1G753,1,BV1tmxvztEgm,1,0.53694,2
2395,4735,BV1zA4m1G753,1,BV19ZauzjEz3,1,0.53674,3
2396,2657,BV1fZ42127hr,1,BV18nCjY1E1H,1,0.50349,3
2396,2793,BV1fZ42127hr,1,BV1W3ifYTEmo,1,0.50201,2
2396,4877,BV1fZ42127hr,1,BV1iTYizFEgy,1,0.63758,1
2396,5706,BV1fZ42127hr,1,BV1aZqMBKE6Z,1,0.56683,2
2396,5718,BV1fZ42127hr,1,BV1ZfqUBoEL3,1,0.47377,3
2396,5752,BV1fZ42127hr,1,BV1V1vvBGEDW,2,0.5844,2
2397,3589,BV1hH4y1a7C5,1,BV1dqjBzbE6g,1,0.48346,1
2397,4036,BV1hH4y1a7C5,1,BV1Kx9WYQEG2,1,0.43274,3
2397,4660,BV1hH4y1a7C5,1,BV1NAezzWEDX,1,0.4933,4
2397,5325,BV1hH4y1a7C5,1,BV1m9AJzZE42,1,0.51444,3
2397,5364,BV1hH4y1a7C5,1,BV1MfBWByEj8,1,0.48885,3
2397,5605,BV1hH4y1a7C5,1,BV1qJFizLEHZ,1,0.51681,2
2398,3029,BV1Uz421R7aN,1,BV1bn14YVEzp,1,0.52336,1
2398,4472,BV1Uz421R7aN,1,BV147H5z9Ese,1,0.423,3
2398,4912,BV1Uz421R7aN,1,BV1yLtSzYE3s,1,0.42801,2
2399,2592,BV1UC41147Sw,1,BV1H9ktYfEhi,1,0.45714,4
2399,3379,BV1UC41147Sw,1,BV1oNsJeBESv,1,0.5814,1
2399,3835,BV1UC41147Sw,1,BV1QS5ZzNEFQ,1,0.53792,2
2399,4137,BV1UC41147Sw,1,BV1kfPmekEDi,1,0.46049,3
2400,3107,BV1Dm411D7kv,1,BV1ZC2yY5EHd,1,0.52251,1
2400,3919,BV1Dm411D7kv,1,BV1qmZtYoEFy,1,0.6109,1
2400,3939,BV1Dm411D7kv,1,BV1vKZAYUE5g,1,0.40757,3
2400,4238,BV1Dm411D7kv,1,BV1jRNpeAE8j,1,0.45784,3
2400,4309,BV1Dm411D7kv,1,BV1hUfrYtEoi,1,0.48645,1
2400,4790,BV1Dm411D7kv,1,BV1XdhvzSEc2,1,0.56574,1
2400,4791,BV1Dm411D7kv,1,BV1XDhYzLEQg,1,0.48288,4
2401,2591,BV12J4m1x7rD,1,BV15t6SYuEQR,1,0.58021,2
2401,2595,BV12J4m1x7rD,1,BV1T46zYFEHx,1,0.70357,1
2401,2660,BV12J4m1x7rD,1,BV1Hdk8YKEbj,1,0.42073,4
2401,2699,BV12J4m1x7rD,1,BV13uqjYaE42,1,0.50604,2
2401,2872,BV12J4m1x7rD,1,BV1MABzYfEFS,1,0.50543,1
2401,3738,BV12J4m1x7rD,1,BV1X5VAz2EGn,1,0.62917,1
2401,4399,BV12J4m1x7rD,1,BV18aWEz2ES8,1,0.5868,4
2401,4860,BV12J4m1x7rD,1,BV11jeVzUEcs,1,0.51563,3
2401,5786,BV12J4m1x7rD,1,BV1GKq4B9ELq,1,0.54157,3
2402,4036,BV1Nx4y1y7T9,1,BV1Kx9WYQEG2,1,0.40086,3
2402,5069,BV1Nx4y1y7T9,1,BV1xbtAzME84,1,0.46469,1
2402,5318,BV1Nx4y1y7T9,1,BV1S3BgBuEX3,1,0.45832,2
2402,5325,BV1Nx4y1y7T9,1,BV1m9AJzZE42,1,0.40053,4
2403,2556,BV144421F7gW,1,BV1V1cHe1Ej6,1,0.4482,3
2403,3443,BV144421F7gW,1,BV1oyCeBaEtC,1,0.48579,1
2403,4011,BV144421F7gW,1,BV1iDQpYZENu,1,0.44391,4
2403,4311,BV144421F7gW,1,BV1fYfDYbEsh,1,0.42354,3
2403,5419,BV144421F7gW,1,BV1iLfNB9EeR,1,0.4716,2
2404,2581,BV1Bt421872V,1,BV1N6kqY8ETM,1,0.38907,4
2404,2976,BV1Bt421872V,1,BV18dS6YhEGX,1,0.47857,2
2404,3978,BV1Bt421872V,1,BV1CsQEYFEER,1,0.58591,1
2405,2952,BV1Jz421d7bj,1,BV1A2SzYUE6z,1,0.51689,1
2405,5687,BV1Jz421d7bj,1,BV1ykiMBWE6Q,1,0.38748,4
2406,2807,BV16v421y7Sx,1,BV1kG6KY8Eru,1,0.44167,4
2406,2975,BV16v421y7Sx,1,BV1muDMYiEYV,1,0.48979,2
2406,3235,BV16v421y7Sx,1,BV118skeSE7V,1,0.4918,1
2406,3714,BV16v421y7Sx,1,BV1cYdeYyEY1,1,0.40103,4
2407,4277,BV1Fj421X734,1,BV1y8FKe2E7o,1,0.42652,3
2407,5439,BV1Fj421X734,1,BV1zLZZB6Eij,1,0.34604,4
2408,2946,BV1Ej421X7cw,1,BV1yLDkY8Ev6,1,0.3896,2
2408,4514,BV1Ej421X7cw,1,BV1nJHHzvEmx,1,0.38933,3
2408,5491,BV1Ej421X7cw,1,BV1ubkwB8EXC,1,0.41471,1
2409,2563,BV1PH4y1a7GP,1,BV1HhraYTEHV,1,0.52804,3
2409,4141,BV1PH4y1a7GP,1,BV1DQApe7ESa,1,0.52141,4
2409,4581,BV1PH4y1a7GP,1,BV1PxpozGEsZ,1,0.54722,2
2410,2507,BV1WH4y1a7Ds,1,BV1w7cfe8E24,1,0.36557,4
2410,2552,BV1WH4y1a7Ds,1,BV1ozrrYQEPU,1,0.3888,1
2410,4019,BV1WH4y1a7Ds,1,BV1ckReYyEXy,1,0.38287,3
2410,4437,BV1WH4y1a7Ds,1,BV1vvxDzQErD,1,0.38727,2
2411,2947,BV1H4421w7dc,1,BV1irDyYnEhs,1,0.45118,1
2411,5764,BV1H4421w7dc,1,BV1cpqpB4EsM,1,0.40448,2
2413,4013,BV1ox4y117Qf,1,BV1sB9DYtEPQ,1,0.36954,1
2413,5427,BV1ox4y117Qf,1,BV1hEfcBKEXu,1,0.35031,3
2413,5492,BV1ox4y117Qf,1,BV1bKZuBpEQP,1,0.33439,4
2413,5524,BV1ox4y117Qf,1,BV19NZ1BfEcK,1,0.35121,2
2414,5181,BV1b6421M77u,1,BV1vgbCziEvE,1,0.45445,2
2415,3289,BV1Cz421d7pG,1,BV1PA4SeuEnY,1,0.45801,1
2415,4120,BV1Cz421d7pG,1,BV1r7AUeiEVE,1,0.4018,2
2415,5165,BV1Cz421d7pG,1,BV1EqgWzrECV,1,0.39252,4
2416,3297,BV1ht421a7Ka,1,BV1BStMeSEt2,1,0.43671,1
2416,4354,BV1ht421a7Ka,1,BV1WdfGYcEv5,1,0.47273,1
2416,5288,BV1ht421a7Ka,1,BV1gB39zjEvv,1,0.37772,3
2417,2959,BV1Wv421y7gC,1,BV1yUDoYPEF2,1,0.40659,3
2417,3029,BV1Wv421y7gC,1,BV1bn14YVEzp,1,0.43894,1
2418,2913,BV1kv421y7fC,1,BV1iDSyYnEbH,1,0.46453,4
2418,3691,BV1kv421y7fC,1,BV1EJEkzLEpi,1,0.41024,2
2418,4114,BV1kv421y7fC,1,BV1odPxeNE4X,1,0.37183,2
2418,4685,BV1kv421y7fC,1,BV1PpeBzQEdY,1,0.49552,1
2418,5509,BV1kv421y7fC,1,BV1tcZqB8Ea3,1,0.49088,2
2419,2420,BV1oK421r7WA,1,BV1C7421N78r,1,0.61138,3
2419,2523,BV1oK421r7WA,1,BV1qGc8egEnj,1,0.75675,2
2419,2875,BV1oK421r7WA,1,BV1wRBqYjEDW,1,0.64539,4
2419,2889,BV1oK421r7WA,1,BV1u2UzYRETb,1,0.63698,4
2419,4293,BV1oK421r7WA,1,BV1b1F8e9Ewj,1,0.7197,4
2419,4909,BV1oK421r7WA,1,BV1PPbBzKELz,1,0.66047,3
2419,4984,BV1oK421r7WA,1,BV1KBtXzLEtp,1,0.6454,4
2419,5352,BV1oK421r7WA,1,BV1yBfUBoEzh,1,0.77042,1
2419,5459,BV1oK421r7WA,1,BV1WfZrBTEwf,1,0.63743,4
2420,2611,BV1C7421N78r,1,BV1xd6hYMENF,2,0.60994,4
2421,3038,BV1qy421h7KX,1,BV1HvyRYCEhW,1,0.40364,4
2421,5223,BV1qy421h7KX,1,BV1B8Etz3EBS,1,0.50661,1
2421,5264,BV1qy421h7KX,1,BV1Kqu5zoEAv,1,0.42655,3
2422,3625,BV1NH4y1a7dz,1,BV1tpjhzdEvq,1,0.36942,3
2422,5271,BV1NH4y1a7dz,1,BV1u8GHzxELB,1,0.37389,2
2423,3547,BV1fC41147N3,1,BV1Y1TWzsE6B,1,0.5619,1
2423,3771,BV1fC41147N3,1,BV1wk5CzyEjn,1,0.53194,4
2423,5070,BV1fC41147N3,1,BV1Wd4RzmELG,1,0.54393,3
2424,4574,BV1oJ4m1x7gk,1,BV1z4JCzpE9v,1,0.35947,4
2424,4947,BV1oJ4m1x7gk,1,BV1bwtfzPE96,1,0.3597,3
2425,3124,BV15F4m177z1,1,BV11P2nY9E5Q,1,0.40359,2
2425,3242,BV15F4m177z1,1,BV1XWt9ePEx1,1,0.39676,3
2425,4115,BV15F4m177z1,1,BV19wP4ecEho,1,0.40219,1
2426,2427,BV1Uu4m1K7SP,1,BV1Yt421p7eo,1,0.33134,4
2426,3477,BV1Uu4m1K7SP,1,BV1ppNnzdEa8,1,0.41942,3
2426,5134,BV1Uu4m1K7SP,1,BV1NX8EzREuk,1,0.50884,4
2427,3600,BV1Yt421p7eo,1,BV1e37NzwELK,1,0.33163,3
2427,4800,BV1Yt421p7eo,1,BV1B6ebz7Ep2,1,0.34944,2
2427,4987,BV1Yt421p7eo,1,BV1djbLzZE34,1,0.36781,1
2428,3539,BV1aJUxBLEhk,1,BV1CQT6zsE8P,1,0.50454,1
2428,5284,BV1aJUxBLEhk,1,BV1tp3ezREXR,1,0.41752,4
2429,2447,BV1ubUNBUEjQ,1,BV1LbC2BwE1E,2,0.54194,4
2429,4731,BV1ubUNBUEjQ,1,BV1BAeyzZEm3,1,0.54773,1
2429,5598,BV1ubUNBUEjQ,1,BV1okFAznEJU,1,0.54336,1
2430,5302,BV1GcUKBoEAL,1,BV1Y6Pvz2EpF,1,0.32261,3
2431,2773,BV115UPBuEqu,1,BV16FiqYNE5E,1,0.42056,2
2431,3114,BV115UPBuEqu,1,BV1rz2WY4ENZ,1,0.44474,3
2431,4521,BV115UPBuEqu,1,BV1jVnzzzEgV,1,0.44806,1
2432,3325,BV1SZUcBGEDs,1,BV1nipteaEm2,1,0.43545,1
2432,3407,BV1SZUcBGEDs,1,BV1Z7m2BVEtv,1,0.42888,2
2433,2677,BV1XYUwBEEzQ,1,BV1ZxkCYAEmC,1,0.42467,3
2433,2682,BV1XYUwBEEzQ,1,BV1EBkKY8E54,1,0.46108,1
2433,3379,BV1XYUwBEEzQ,1,BV1oNsJeBESv,1,0.4965,4
2433,3454,BV1XYUwBEEzQ,1,BV1yGKmz3Eyi,1,0.38644,4
2433,3669,BV1XYUwBEEzQ,1,BV1Uh5VzzEDe,1,0.42139,4
2433,3898,BV1XYUwBEEzQ,1,BV1RXRRYtERY,1,0.51164,1
2433,3935,BV1XYUwBEEzQ,1,BV1cTZaYrE3H,1,0.50959,3
2433,4698,BV1XYUwBEEzQ,1,BV1dWYGzcEqQ,1,0.42114,1
2433,4771,BV1XYUwBEEzQ,1,BV1ote3zaESx,1,0.41086,1
2434,3894,BV1yGUPB6EZU,1,BV1oWZSYXE4m,1,0.43001,1
2434,4263,BV1yGUPB6EZU,1,BV12vFZeNEZY,1,0.41976,3
2434,5507,BV1yGUPB6EZU,1,BV1ZiZRBbEtg,1,0.42351,2
2435,2608,BV1Xw19BSExh,1,BV1xY68YPEct,1,0.42313,2
2435,2976,BV1Xw19BSExh,1,BV18dS6YhEGX,1,0.4435,3
2435,3491,BV1Xw19BSExh,1,BV1GkMTzjEur,1,0.40665,4
2435,3528,BV1Xw19BSExh,1,BV1hPMjzPEWL,1,0.5098,3
2435,3740,BV1Xw19BSExh,1,BV1H7VwzdE7H,1,0.40112,2
2435,4007,BV1Xw19BSExh,1,BV1apQPYNEYw,1,0.49225,3
2435,4034,BV1Xw19BSExh,1,BV1HoRhYqEV2,1,0.54336,1
2435,4096,BV1Xw19BSExh,1,BV1rq9AYXEio,1,0.42728,1
2435,4877,BV1Xw19BSExh,1,BV1iTYizFEgy,1,0.55632,1
2435,5533,BV1Xw19BSExh,1,BV15RELziEZZ,1,0.41536,1
2435,5805,BV1Xw19BSExh,1,BV1cZqrBLEJR,1,0.38731,2
2436,2437,BV1DAUPB2EcV,1,BV1uuUKBHE6P,1,0.41113,1
2436,3689,BV1DAUPB2EcV,1,BV1eWEbzNE2o,1,0.3977,4
2436,4943,BV1DAUPB2EcV,1,BV12Zt9znEwz,1,0.39823,3
2437,3772,BV1uuUKBHE6P,1,BV1GMGmziESH,1,0.4161,1
2437,4935,BV1uuUKBHE6P,1,BV1ZftozjE2a,1,0.38498,1
2438,3235,BV1rvUWB4Ent,1,BV118skeSE7V,1,0.52864,2
2438,4755,BV1rvUWB4Ent,1,BV15JaVzfEHC,1,0.50028,3
2438,5082,BV1rvUWB4Ent,1,BV1kPtuzUECf,1,0.57856,1
2438,5382,BV1rvUWB4Ent,1,BV1svADzGE5m,1,0.49179,4
2439,4428,BV1vzU7B8EXP,1,BV1smxYzSEv1,1,0.49881,2
2440,2566,BV1TAUpBhENx,1,BV1Vgr3YcEn2,1,0.39283,4
2440,2857,BV1TAUpBhENx,1,BV1WUBxYSEPK,1,0.3875,3
2440,2946,BV1TAUpBhENx,1,BV1yLDkY8Ev6,1,0.42562,1
2440,4599,BV1TAUpBhENx,1,BV1m2pDzYEkx,1,0.41356,2
2441,3206,BV1kS11B1EYg,1,BV1njxwecEyM,1,0.36981,4
2441,3682,BV1kS11B1EYg,1,BV1vCJwz8ETY,1,0.38035,1
2441,4278,BV1kS11B1EYg,1,BV1tVFse3EVG,1,0.36982,3
2442,4759,BV1QuUHBiE1E,1,BV1WMhCzREfQ,1,0.55777,2
2442,5007,BV1QuUHBiE1E,1,BV1ittSzsEod,1,0.59842,1
2442,5587,BV1QuUHBiE1E,1,BV17vFZzyEvp,1,0.47378,1
2443,4335,BV1JsULBAED5,1,BV1pofdYEEAU,1,0.45096,2
2443,4387,BV1JsULBAED5,1,BV115xzziE28,1,0.42537,1
2443,4492,BV1JsULBAED5,1,BV169xJzMEQX,1,0.38393,1
2443,4973,BV1JsULBAED5,1,BV1bQt9zsEqA,1,0.41589,4
2443,5385,BV1JsULBAED5,1,BV1RpftB7Eba,1,0.38709,3
2444,4918,BV1JsULBAED5,2,BV19HbBzXEEg,1,0.36632,3
2444,5607,BV1JsULBAED5,2,BV14bfZBREEn,1,0.4249,2
2445,2825,BV1ab11BFEp4,1,BV1cLzpYzEtA,1,0.43985,1
2445,2992,BV1ab11BFEp4,1,BV15RSgYDEYs,1,0.36001,2
2445,3529,BV1ab11BFEp4,1,BV1kfM5zmEK1,1,0.41412,4
2445,3556,BV1ab11BFEp4,1,BV1wi7DzCEac,1,0.39204,3
2445,4449,BV1ab11BFEp4,1,BV1Gaxyz8EzZ,1,0.37781,2
2445,5776,BV1ab11BFEp4,1,BV1VbBVBsETY,1,0.44587,1
2446,2914,BV1LbC2BwE1E,1,BV1toUFYyExZ,1,0.52763,2
2446,3038,BV1LbC2BwE1E,1,BV1HvyRYCEhW,1,0.54266,4
2446,3469,BV1LbC2BwE1E,1,BV1xJNpziELD,1,0.43031,1
2446,4577,BV1LbC2BwE1E,1,BV165nFzvEom,1,0.50823,2
2446,4692,BV1LbC2BwE1E,1,BV1hueKzgEmY,1,0.54699,1
2446,5533,BV1LbC2BwE1E,1,BV15RELziEZZ,1,0.39023,4
2447,3047,BV1LbC2BwE1E,2,BV1LyynYzED6,1,0.47076,3
2447,3934,BV1LbC2BwE1E,2,BV11NZVYFEc3,1,0.59046,1
2447,4742,BV1LbC2BwE1E,2,BV1QSaAztEwP,1,0.54513,1
2447,5745,BV1LbC2BwE1E,2,BV1QxiMBPExM,1,0.57785,1
2448,2669,BV1iFUHBkEik,1,BV1jykKYxE8C,1,0.46782,2
2448,2702,BV1iFUHBkEik,1,BV1HqBLY7EUs,1,0.49189,3
2448,2990,BV1iFUHBkEik,1,BV1ntSfYYE5B,1,0.5533,2
2448,3647,BV1iFUHBkEik,1,BV1hRJBzZEkq,1,0.37953,3
2448,4371,BV1iFUHBkEik,1,BV1iauwzrEkN,1,0.43241,1
2448,5064,BV1iFUHBkEik,1,BV1BmbwzFEaU,1,0.53043,2
2449,3986,BV13mCXBVEGs,1,BV1ErXKY9EmK,1,0.4257,1
2449,4273,BV13mCXBVEGs,1,BV1acFuePELF,1,0.39253,3
2449,4516,BV13mCXBVEGs,1,BV1chtGzZERi,1,0.38489,4
2449,5220,BV13mCXBVEGs,1,BV1qVuZzwEhM,1,0.35458,2
2450,3034,BV1pwy5BWER2,1,BV1eJymYrEvA,1,0.59467,1
2450,4561,BV1pwy5BWER2,1,BV1cVnezNEnF,1,0.57776,4
2450,5204,BV1pwy5BWER2,1,BV1fpgbzxEZJ,1,0.63905,1
2451,2542,BV1j9ycB3ENV,1,BV1zKCrYAECm,1,0.68485,3
2451,2710,BV1j9ycB3ENV,1,BV1fKBMYsECn,1,0.59415,3
2451,3113,BV1j9ycB3ENV,1,BV1Hk2NYkEBi,1,0.59472,2
2451,3343,BV1j9ycB3ENV,1,BV16Tp3e7En6,1,0.67406,1
2451,3368,BV1j9ycB3ENV,1,BV17uHvegEJq,1,0.58098,4
2451,3436,BV1j9ycB3ENV,1,BV1YR2eBiEMB,1,0.60941,2
2451,3543,BV1j9ycB3ENV,1,BV1S67KzcEsU,1,0.66099,4
2451,3766,BV1j9ycB3ENV,1,BV1EiGizmEt2,1,0.50371,4
2451,3819,BV1j9ycB3ENV,1,BV1KZLEznE3G,1,0.61312,1
2451,3964,BV1j9ycB3ENV,1,BV1YYoCYbEzN,1,0.5353,2
2451,4225,BV1j9ycB3ENV,1,BV19UNterEdp,1,0.64544,1
2451,4384,BV1j9ycB3ENV,1,BV1GuxFzqEZE,1,0.63362,1
2451,4474,BV1j9ycB3ENV,1,BV1csHGz3E7C,1,0.69767,1
2451,4749,BV1j9ycB3ENV,1,BV1kaajz7EkA,1,0.72507,1
2451,5108,BV1j9ycB3ENV,1,BV1hrhPzfEic,1,0.63494,1
2451,5157,BV1j9ycB3ENV,1,BV1az8tzsEcf,1,0.51008,1
2451,5197,BV1j9ycB3ENV,1,BV1ptgWzmEXX,1,0.58038,1
2451,5328,BV1j9ycB3ENV,1,BV1tBNAzQE4x,1,0.60097,3
2451,5470,BV1j9ycB3ENV,1,BV1HVZqBHE1a,1,0.62625,3
2451,5735,BV1j9ycB3ENV,1,BV1PzvoBdEmL,1,0.50747,1
2452,2781,BV1kLyuBuEdz,1,BV1w2qLYEEkr,1,0.34512,4
2452,3209,BV1kLyuBuEdz,1,BV1RfsdeTE6L,1,0.45379,3
2452,5461,BV1kLyuBuEdz,1,BV1waZiBnE81,1,0.53521,1
2452,5500,BV1kLyuBuEdz,1,BV1xFZyB5EbG,1,0.46386,2
2452,5523,BV1kLyuBuEdz,1,BV1K2FLzTE5M,1,0.44441,3
2452,5634,BV1kLyuBuEdz,1,BV1PVzYBcE3a,1,0.33587,3
2452,5652,BV1kLyuBuEdz,1,BV1s9rfB1EM8,1,0.37015,2
2452,5733,BV1kLyuBuEdz,1,BV1mcicBMEVu,1,0.33266,4
2453,3153,BV1zUyABpEmP,1,BV1qZxCeVEXZ,1,0.37088,2
2453,3892,BV1zUyABpEmP,1,BV1siXgYCEvU,1,0.36012,4
2454,3022,BV1aEU5B7EeF,1,BV1HM1yYLEjY,1,0.47518,4
2454,4466,BV1aEU5B7EeF,1,BV1p4xRzCE2L,1,0.50658,1
2455,3557,BV1avUVB2Epw,1,BV1N8jyzbEDt,1,0.35444,2
2456,2504,BV1fsyFB3EPD,1,BV1LTcAefEkp,1,0.4449,1
2456,4198,BV1fsyFB3EPD,1,BV1rqKpeBExU,1,0.47196,3
2456,4509,BV1fsyFB3EPD,1,BV13THNzzE3T,1,0.43688,2
2456,5176,BV1fsyFB3EPD,1,BV1hbuUzcEFk,1,0.45908,4
2456,5626,BV1fsyFB3EPD,1,BV1jA6iBbEtw,1,0.50176,1
2457,3157,BV1jzyPBEEw6,1,BV1uVteegEEm,1,0.45089,2
2457,3219,BV1jzyPBEEw6,1,BV16kxjezExZ,1,0.54618,2
2457,4249,BV1jzyPBEEw6,1,BV1CVPoeNEq4,1,0.47765,4
2457,5014,BV1jzyPBEEw6,1,BV1wPbVzFEn7,1,0.43291,3
2458,2859,BV1UHyHBXEQ1,1,BV17JB2YcENd,1,0.39349,1
2458,3878,BV1UHyHBXEQ1,1,BV1YCdXYSEKK,1,0.36561,3
2458,5146,BV1UHyHBXEQ1,1,BV1kE8DzMEUX,1,0.34804,4
2459,3232,BV1MVyPBKEgF,1,BV1QzsCeaEso,1,0.52757,2
2459,4530,BV1MVyPBKEgF,1,BV1uennzVEg3,1,0.53012,1
2459,4619,BV1MVyPBKEgF,1,BV1uipWzxEVX,1,0.44952,4
2459,4765,BV1MVyPBKEgF,1,BV1t4hvz6EpF,1,0.43265,4
2459,5066,BV1MVyPBKEgF,1,BV1YAthzfEK8,1,0.60594,2
2460,3665,BV1A9CWB2EjN,1,BV1CqJgziEBz,1,0.35843,4
2461,3019,BV1fNyHBeEKF,1,BV1isCmY5ETn,1,0.4975,1
2461,3436,BV1fNyHBeEKF,1,BV1YR2eBiEMB,1,0.51054,3
2461,4326,BV1fNyHBeEKF,1,BV1BKfmYnEb1,1,0.35681,3
2461,4795,BV1fNyHBeEKF,1,BV1ayeozEEna,1,0.55472,1
2462,2862,BV1zkeMzxEGt,1,BV1fbUXYCEov,1,0.45767,1
2462,4491,BV1zkeMzxEGt,1,BV1qHHJzxE9x,1,0.37234,4
2462,5817,BV1zkeMzxEGt,1,BV1ABSnBQELh,1,0.40503,4
2463,3631,BV1AVCvBCEK1,1,BV1YxjTziEzW,1,0.36863,3
2463,5437,BV1AVCvBCEK1,1,BV1HXZZBLE8r,1,0.45157,1
2464,2471,BV11KCvB7EAT,1,BV1C5C5BHEdZ,1,0.54949,1
2464,2906,BV11KCvB7EAT,1,BV1FFUiY8EbS,1,0.60451,2
2464,2921,BV11KCvB7EAT,1,BV1vsmSYdEMK,1,0.45558,4
2464,3360,BV11KCvB7EAT,1,BV1D7HyeRE26,1,0.50354,2
2464,3676,BV11KCvB7EAT,1,BV15SECzCERP,1,0.57597,1
2464,3762,BV11KCvB7EAT,1,BV1yxGizsEw6,1,0.73178,1
2464,4658,BV11KCvB7EAT,1,BV1JHH9zWEUC,1,0.54437,4
2464,5055,BV11KCvB7EAT,1,BV12ebPz2E33,1,0.65597,1
2465,2627,BV1sNCGBSE4z,1,BV1kukzYbETs,1,0.39786,4
2465,3995,BV1sNCGBSE4z,1,BV1oXQmYYEsp,1,0.4158,1
2465,5527,BV1sNCGBSE4z,1,BV1xfcEzUE73,1,0.39971,3
2466,3862,BV14GCXBTEfS,1,BV1sydYY7EY6,1,0.50439,1
2466,4046,BV14GCXBTEfS,1,BV1QCArevEkv,1,0.49965,1
2466,4287,BV14GCXBTEfS,1,BV1ozFsepEG4,1,0.42311,4
2466,4784,BV14GCXBTEfS,1,BV1a8hXzaEiq,1,0.37957,1
2466,4866,BV14GCXBTEfS,1,BV1i3eGzPEdP,1,0.43785,4
2466,5830,BV14GCXBTEfS,1,BV1A4mfBdEJ7,1,0.56475,1
2467,3703,BV1LJC9BHEbr,1,BV1vFETz3ESw,1,0.45515,3
2467,3767,BV1LJC9BHEbr,1,BV1WHGezJEDb,1,0.47686,2
2467,4686,BV1LJC9BHEbr,1,BV1bRe4zFEnL,1,0.45347,2
2468,4928,BV1mECCB3ESP,1,BV1HobYzsEkZ,1,0.69588,1
2469,2860,BV1NNCdBzEM8,1,BV1boURYPEhS,1,0.45504,4
2469,4005,BV1NNCdBzEM8,1,BV1T3QNYaE8Q,1,0.3905,3
2469,4350,BV1NNCdBzEM8,1,BV1UkwheaE5k,1,0.44184,4
2469,4867,BV1NNCdBzEM8,1,BV1NEeVz7EdE,1,0.54129,1
2470,2948,BV1dPC1BbEN1,1,BV1zWD6YjEpz,1,0.57405,1
2470,4856,BV1dPC1BbEN1,1,BV1ure8ziEgD,1,0.46376,3
2470,5012,BV1dPC1BbEN1,1,BV1nEh3zZEVV,1,0.47002,4
2470,5517,BV1dPC1BbEN1,1,BV1otZDBEEBm,1,0.48946,2
2471,2789,BV1C5C5BHEdZ,1,BV1JnifYcEYz,1,0.39553,3
2471,3360,BV1C5C5BHEdZ,1,BV1D7HyeRE26,1,0.51596,1
2471,4349,BV1C5C5BHEdZ,1,BV15yfnY6Exy,1,0.38065,1
2471,4894,BV1C5C5BHEdZ,1,BV1fYYrz2E8i,1,0.53961,1
2472,3114,BV12qCQBcEVQ,1,BV1rz2WY4ENZ,1,0.41147,4
2472,4007,BV12qCQBcEVQ,1,BV1apQPYNEYw,1,0.41433,3
2472,4035,BV12qCQBcEVQ,1,BV1w79mYLEgR,1,0.54715,1
2472,5525,BV12qCQBcEVQ,1,BV1YBZtBVE3z,1,0.41623,2
2473,2534,BV1MHyQBKE1Y,1,BV1hdCvYeEZe,1,0.50886,2
2473,4225,BV1MHyQBKE1Y,1,BV19UNterEdp,1,0.4776,3
2473,5486,BV1MHyQBKE1Y,1,BV1aPZuB9EUB,1,0.56009,1
2473,5733,BV1MHyQBKE1Y,1,BV1mcicBMEVu,1,0.34677,2
2474,2650,BV1f5C9B9EY8,1,BV1rHkRYvEvu,1,0.52674,3
2474,3057,BV1f5C9B9EY8,1,BV15TyaYeEj6,1,0.53377,2
2474,5628,BV1f5C9B9EY8,1,BV1Qt6vBHEb4,1,0.55132,1
2475,2744,BV1bZCRB5EDg,1,BV1USq5YxEY4,1,0.87759,2
2476,4971,BV1yECTBvEBp,1,BV1eetSznEc8,1,0.3517,4
2477,3183,BV1qZC9BsEMP,1,BV1cw4m1U72r,1,0.37087,2
2477,5657,BV1qZC9BsEMP,1,BV1Z2kTBpE7z,1,0.36563,2
2478,3330,BV15NC1BfEm8,1,BV16zpte8E2J,1,0.34088,4
2478,3399,BV15NC1BfEm8,1,BV1kasKekEpR,1,0.35494,3
2478,3998,BV15NC1BfEm8,1,BV15TQCYUEVk,1,0.49271,1
2478,4289,BV15NC1BfEm8,1,BV1rcFHeQEhj,1,0.47884,2
2478,4509,BV15NC1BfEm8,1,BV13THNzzE3T,1,0.41707,4
2479,2992,BV1AcCQBdEjK,1,BV15RSgYDEYs,1,0.4218,1
2479,3568,BV1AcCQBdEjK,1,BV1YyjSzsE4U,1,0.39094,2
2479,4527,BV1AcCQBdEjK,1,BV1abn3zREfy,1,0.34072,3
2480,3539,BV1mhCQBNE5m,1,BV1CQT6zsE8P,1,0.63758,1
2480,3613,BV1mhCQBNE5m,1,BV1oVjZz2E86,1,0.40939,2
2480,3913,BV1mhCQBNE5m,1,BV1A8ZZYQEWn,1,0.47021,4
2480,4536,BV1mhCQBNE5m,1,BV1EAnqzBEAH,1,0.40536,2
2480,5078,BV1mhCQBNE5m,1,BV1LxtwzHEey,2,0.5635,1
2480,5164,BV1mhCQBNE5m,1,BV1WSb9zSE6T,1,0.55312,3
2480,5274,BV1mhCQBNE5m,1,BV1vr3jzUEzN,1,0.43753,4
2481,3057,BV1exCyBxEC8,1,BV15TyaYeEj6,1,0.5879,2
2481,4050,BV1exCyBxEC8,1,BV1qpRKY9EbX,1,0.60184,1
2481,4177,BV1exCyBxEC8,1,BV1ikwDePEJB,1,0.5603,2
2481,4390,BV1exCyBxEC8,1,BV1aH4gzAE3q,1,0.50111,4
2481,4614,BV1exCyBxEC8,1,BV1LCpizuEoP,1,0.59734,1
2481,4985,BV1exCyBxEC8,1,BV161t8z3E8T,1,0.61172,1
2481,5020,BV1exCyBxEC8,1,BV1WqtzzBExP,1,0.42912,4
2481,5081,BV1exCyBxEC8,1,BV1PDtizAEYR,1,0.58815,1
2481,5242,BV1exCyBxEC8,1,BV1D9ubz3Ep8,1,0.53362,2
2481,5628,BV1exCyBxEC8,1,BV1Qt6vBHEb4,1,0.61871,1
2482,3070,BV16bCuBiEDP,1,BV1uCxie6Ej8,1,0.4115,1
2482,5651,BV16bCuBiEDP,1,BV17orDBrEst,1,0.36515,1
2483,3091,BV1NYCPBbEUe,1,BV1Pd2fYYE6G,1,0.43557,1
2483,4752,BV1NYCPBbEUe,1,BV1QDa5z4Ecb,1,0.40781,2
2483,4867,BV1NYCPBbEUe,1,BV1NEeVz7EdE,1,0.49251,1
2483,5032,BV1NYCPBbEUe,1,BV1LithzTEUB,1,0.43373,1
2484,2724,BV1acCtBBEzG,1,BV197qwYfEjg,1,0.36334,4
2484,3196,BV1acCtBBEzG,1,BV1zRxCeLE1X,1,0.4805,2
2484,3311,BV1acCtBBEzG,1,BV17d4BePESH,1,0.46488,3
2484,3892,BV1acCtBBEzG,1,BV1siXgYCEvU,1,0.48146,1
2484,3973,BV1acCtBBEzG,1,BV1NPXNYcEtK,1,0.54575,2
2484,4210,BV1acCtBBEzG,1,BV1a9NqeFEzP,1,0.50493,1
2484,4694,BV1acCtBBEzG,1,BV1aVYVzoE6P,1,0.54608,1
2485,3214,BV1NbC1BVEnS,1,BV1PmszerEeL,1,0.40497,3
2485,3424,BV1NbC1BVEnS,1,BV19PmwB5E6H,1,0.43819,1
2485,5414,BV1NbC1BVEnS,1,BV1AbZfBDE6L,1,0.37947,4
2486,3055,BV1DVC1BpEco,1,BV1xkyhYDEUw,1,0.36275,3
2486,3212,BV1DVC1BpEco,1,BV12UxLe1EiG,1,0.4415,1
2486,4005,BV1DVC1BpEco,1,BV1T3QNYaE8Q,1,0.37193,2
2486,5305,BV1DVC1BpEco,1,BV1P3NTzoECG,1,0.36232,4
2486,5821,BV1DVC1BpEco,1,BV1vtmzBWE7z,1,0.33377,4
2487,2955,BV1iDkrBmEYj,1,BV1QVD2Y7EHo,1,0.55448,4
2487,3600,BV1iDkrBmEYj,1,BV1e37NzwELK,1,0.44596,1
2487,3664,BV1iDkrBmEYj,1,BV1A5JTzdE65,1,0.42084,2
2487,5134,BV1iDkrBmEYj,1,BV1NX8EzREuk,1,0.55815,3
2487,5307,BV1iDkrBmEYj,1,BV1mSwRzsEVV,1,0.37603,2
2488,3196,BV1xPCGBnEs2,1,BV1zRxCeLE1X,1,0.52403,1
2488,4590,BV1xPCGBnEs2,1,BV1oKWcz6Ep9,1,0.57082,1
2488,4695,BV1xPCGBnEs2,1,BV1aVYVzoE6P,2,0.54664,2
2488,4748,BV1xPCGBnEs2,1,BV1hZaEzMEZQ,1,0.5368,3
2488,5507,BV1xPCGBnEs2,1,BV1ZiZRBbEtg,1,0.49435,4
2488,5796,BV1xPCGBnEs2,1,BV1eDq6BcEyh,1,0.44079,3
2489,3761,BV1VoweeSEgZ,1,BV1sMGzzeEeM,1,0.47149,2
2489,4511,BV1VoweeSEgZ,1,BV1RcHxzPEuA,1,0.48085,1
2490,2739,BV1GfrVYKEc2,1,BV1qvz6YUEXN,1,0.45199,2
2490,3406,BV1GfrVYKEc2,1,BV1b3sVegEio,1,0.46831,2
2490,3757,BV1GfrVYKEc2,1,BV1cbVJzGEeY,1,0.53166,1
2490,3961,BV1GfrVYKEc2,1,BV1Sqo8YEEEP,1,0.40736,4
2490,4122,BV1GfrVYKEc2,1,BV12sAferEFL,1,0.53278,3
2490,4496,BV1GfrVYKEc2,1,BV1oexTzYEQo,1,0.39963,3
2490,5236,BV1GfrVYKEc2,1,BV1YVgNzLEa6,1,0.58833,1
2490,5713,BV1GfrVYKEc2,1,BV1EKqcBZEUQ,1,0.43813,3
2491,3027,BV13bwmejEFv,1,BV1cX1xYYEWh,1,0.38694,3
2491,3308,BV13bwmejEFv,1,BV1jF4zehEVJ,1,0.40353,1
2491,4521,BV13bwmejEFv,1,BV1jVnzzzEgV,1,0.37706,3
2491,5337,BV13bwmejEFv,1,BV13MNwzWEzT,1,0.34221,4
2491,5463,BV13bwmejEFv,1,BV1cpZXBhEZ2,2,0.38632,4
2491,5644,BV13bwmejEFv,1,BV1HnzWBeE62,1,0.3927,2
2492,3288,BV1urwhePEjr,1,BV1qZ4SehEGZ,1,0.46019,3
2492,3475,BV1urwhePEjr,1,BV1TENizyEQa,1,0.46385,2
2492,3722,BV1urwhePEjr,1,BV1Ca5TzyEgs,1,0.4743,1
2492,4620,BV1urwhePEjr,1,BV1EFpmzMECk,1,0.42961,4
2493,2712,BV1TRwAeDEyQ,1,BV1o7BGYYEjN,1,0.42658,3
2493,4806,BV1TRwAeDEyQ,1,BV1WCe2zuEPG,1,0.46324,1
2493,5213,BV1TRwAeDEyQ,1,BV1LQudztE1E,1,0.49323,1
2494,3030,BV1K2wke8EKg,1,BV1NZyZYxEqh,1,0.49218,1
2494,3265,BV1K2wke8EKg,1,BV1JatpetEnp,1,0.47189,4
2495,2566,BV1CfwceuEps,1,BV1Vgr3YcEn2,1,0.43659,3
2495,3068,BV1CfwceuEps,1,BV1qHCmYjErd,1,0.40522,4
2495,3478,BV1CfwceuEps,1,BV1uDNpzLEYi,1,0.51907,1
2496,2920,BV19icfejETu,1,BV15bmbYYEk2,1,0.45743,3
2496,3914,BV19icfejETu,1,BV18QZdYZEMR,1,0.40997,2
2496,4233,BV19icfejETu,1,BV1ZKP2eFE6A,1,0.50096,1
2496,4723,BV19icfejETu,1,BV1FrYmziEKV,1,0.39727,2
2497,2682,BV1xCw6eXExh,1,BV1EBkKY8E54,1,0.415,4
2497,4116,BV1xCw6eXExh,1,BV1yEAReFEm9,1,0.4404,2
2497,5373,BV1xCw6eXExh,1,BV1qpAfzpEYW,1,0.41873,3
2497,5514,BV1xCw6eXExh,1,BV1SbZJB7EQg,1,0.46088,1
2498,3188,BV1QocqepEzF,1,BV1RzxbeFEyE,1,0.41321,4
2498,3420,BV1QocqepEzF,1,BV1qW29B8EJW,1,0.39373,2
2498,3584,BV1QocqepEzF,1,BV1uk74znEsk,1,0.30501,3
2498,4227,BV1QocqepEzF,1,BV1LkNGehEct,1,0.45909,1
2498,5516,BV1QocqepEzF,1,BV1mwZxBFE4Y,1,0.37107,2
2499,2591,BV15cwzeYEZL,1,BV15t6SYuEQR,1,0.47063,2
2499,2685,BV15cwzeYEZL,1,BV1kCkcYDEwa,1,0.48609,1
2499,4399,BV15cwzeYEZL,1,BV18aWEz2ES8,1,0.44426,4
2499,4508,BV15cwzeYEZL,1,BV1BXHwz3EvP,1,0.39855,3
2500,3714,BV1r3w6eyEvp,1,BV1cYdeYyEY1,1,0.37254,1
2500,4617,BV1r3w6eyEvp,1,BV1AZptzoEJy,1,0.34085,3
2500,4940,BV1r3w6eyEvp,1,BV1pV8qzPEzG,1,0.34064,4
2501,2913,BV1wkwVezE5B,1,BV1iDSyYnEbH,1,0.46314,1
2501,4276,BV1wkwVezE5B,1,BV1EJFTeVEUj,1,0.44907,4
2501,4279,BV1wkwVezE5B,1,BV1E6F7ezEvL,1,0.45634,3
2501,5067,BV1wkwVezE5B,1,BV18ztmzuEdK,1,0.46143,2
2502,2518,BV1ctwqeTExz,1,BV1nCkyY6EvB,1,0.52919,3
2502,2540,BV1ctwqeTExz,1,BV1gec1e3E6p,1,0.52384,4
2502,3559,BV1ctwqeTExz,1,BV1SaEMzME6B,1,0.35445,4
2503,3753,BV163wKe2ExG,1,BV1oToWYyEns,1,0.42036,4
2503,4245,BV163wKe2ExG,1,BV1TBNweWE6D,1,0.43166,2
2503,5708,BV163wKe2ExG,1,BV1QUvWB6Ery,1,0.45362,1
2504,3733,BV1LTcAefEkp,1,BV1KqVrzjEeG,1,0.39819,4
2504,4053,BV1LTcAefEkp,1,BV1N9K5eREDo,1,0.42027,3
2504,4718,BV1LTcAefEkp,1,BV1VVarzqEso,1,0.42664,2
2504,5759,BV1LTcAefEkp,1,BV1s322BsEXg,1,0.37672,4
2505,2619,BV1Pb6zYZE8r,1,BV1mnCAYMEz6,1,0.60662,1
2505,5066,BV1Pb6zYZE8r,1,BV1YAthzfEK8,1,0.587,3
2505,5328,BV1Pb6zYZE8r,1,BV1tBNAzQE4x,1,0.57143,4
2505,5519,BV1Pb6zYZE8r,1,BV17LFmzmEUg,1,0.59311,1
2506,2848,BV1W569YeEq1,1,BV16MB9YDE3n,1,0.55733,2
2506,3172,BV1W569YeEq1,1,BV1vF4jewEYN,1,0.55901,3
2506,3773,BV1W569YeEq1,1,BV1BNBbY1E55,1,0.58371,1
2506,4350,BV1W569YeEq1,1,BV1UkwheaE5k,1,0.45843,2
2506,4440,BV1W569YeEq1,1,BV1RhxvzuEWG,1,0.42748,4
2506,4674,BV1W569YeEq1,1,BV1RbY5zvE28,1,0.56297,2
2506,4830,BV1W569YeEq1,1,BV1XGvNzGEmJ,1,0.43995,2
2506,5023,BV1W569YeEq1,1,BV1aBtSzmEMr,1,0.52107,3
2506,5455,BV1W569YeEq1,1,BV19jfGBKEVL,1,0.49281,1
2507,2729,BV1w7cfe8E24,1,BV1g2q2YUEaL,1,0.47168,4
2507,4549,BV1w7cfe8E24,1,BV1adncz4EJ8,1,0.47508,3
2507,4865,BV1w7cfe8E24,1,BV1vB7HzmEL9,1,0.52385,1
2507,5196,BV1w7cfe8E24,1,BV1r38AzqE79,1,0.49267,2
2507,5668,BV1w7cfe8E24,1,BV1nV6ZBcEyH,1,0.36935,4
2508,2863,BV1PTcoebEUU,1,BV1wTU9YUEPa,1,0.40308,2
2508,3380,BV1PTcoebEUU,1,BV1DjnfefEdU,1,0.41334,1
2508,5212,BV1PTcoebEUU,1,BV1PjgbzhEo5,1,0.31518,3
2509,4564,BV1m1cfegEUR,1,BV1nrJ9zXEWD,1,0.35172,4
2509,5060,BV1m1cfegEUR,1,BV147bNz7E4X,1,0.38001,2
2509,5185,BV1m1cfegEUR,1,BV1f7gszVEo8,1,0.3984,1
2509,5635,BV1m1cfegEUR,1,BV1HzzeBwEXJ,1,0.37613,3
2510,3060,BV1RC6qYzE4t,1,BV1K6CRY7EaW,1,0.49873,1
2510,3756,BV1RC6qYzE4t,1,BV133VHzaErX,1,0.42952,2
2510,5217,BV1RC6qYzE4t,1,BV1segtzFEm7,1,0.53137,2
2511,2856,BV1c9cReJEkn,1,BV13SmUYDEeC,1,0.41631,1
2511,4137,BV1c9cReJEkn,1,BV1kfPmekEDi,1,0.48538,3
2511,4784,BV1c9cReJEkn,1,BV1a8hXzaEiq,1,0.35456,4
2511,5515,BV1c9cReJEkn,1,BV1seZQBPE2j,1,0.49455,4
2512,2966,BV1nVcoesEr5,1,BV1hCDMYVE79,1,0.33824,4
2513,2627,BV1DGwjedEc5,1,BV1kukzYbETs,1,0.32089,3
2513,2996,BV1DGwjedEc5,1,BV18MSLY4EyT,1,0.37313,2
2513,3421,BV1DGwjedEc5,1,BV1Xd2oBPECb,1,0.42673,1
2514,3722,BV1X3wEeNE4o,1,BV1Ca5TzyEgs,1,0.55542,2
2514,3742,BV1X3wEeNE4o,1,BV1t9GozdEV1,1,0.59629,1
2514,3810,BV1X3wEeNE4o,1,BV1jzLnz3Eek,1,0.58259,2
2514,3973,BV1X3wEeNE4o,1,BV1NPXNYcEtK,1,0.54852,4
2514,4634,BV1X3wEeNE4o,1,BV1FGpczCEGB,1,0.5009,4
2514,4643,BV1X3wEeNE4o,1,BV1sQpjzwE7n,1,0.45334,3
2514,4817,BV1X3wEeNE4o,1,BV1Cye2zBEAN,1,0.58758,1
2514,5816,BV1X3wEeNE4o,1,BV1S7SEB4EkA,1,0.45608,4
2515,3945,BV1GVwnekEdE,1,BV1sMoRYLEsS,1,0.45218,1
2515,4894,BV1GVwnekEdE,1,BV1fYYrz2E8i,1,0.4664,4
2515,5022,BV1GVwnekEdE,1,BV1MSb5z7EDv,1,0.50009,2
2515,5229,BV1GVwnekEdE,1,BV1KrKnzqEUN,1,0.48613,1
2515,5420,BV1GVwnekEdE,1,BV1WbfJB3ENL,1,0.51594,1
2516,3524,BV1b9wjeZE1R,1,BV1xajvzKEi1,1,0.53507,3
2516,3535,BV1b9wjeZE1R,1,BV1DNTWzQEp3,1,0.53423,4
2516,3820,BV1b9wjeZE1R,1,BV1vcLnzTEJ8,1,0.44588,3
2516,4358,BV1b9wjeZE1R,1,BV1nZfYYJE4V,1,0.46499,3
2516,4903,BV1b9wjeZE1R,1,BV1rjbYzQEnp,1,0.415,4
2516,5217,BV1b9wjeZE1R,1,BV1segtzFEm7,1,0.53684,2
2516,5739,BV1b9wjeZE1R,1,BV1QTvWBBEqU,1,0.44903,4
2517,3148,BV16iwnedEmP,1,BV1AG2FYZEF5,1,0.35567,1
2517,3584,BV16iwnedEmP,1,BV1uk74znEsk,1,0.33256,1
2518,4452,BV1nCkyY6EvB,1,BV1tmxvztEgm,1,0.56383,1
2520,3631,BV17GkZYuEBQ,1,BV1YxjTziEzW,1,0.39473,1
2520,3826,BV17GkZYuEBQ,1,BV1C6LbzkETu,1,0.42398,2
2520,5321,BV17GkZYuEBQ,1,BV1SrAfzgEMs,1,0.41504,1
2521,2554,BV1PLcBe3E7B,1,BV1gzrWYfEQv,1,0.41137,3
2521,3569,BV1PLcBe3E7B,1,BV1YXTEzLEeZ,1,0.40802,3
2521,3968,BV1PLcBe3E7B,1,BV1cxoBYfECd,1,0.43391,4
2521,4457,BV1PLcBe3E7B,1,BV1izxEzfETF,1,0.48406,1
2521,5154,BV1PLcBe3E7B,1,BV18383zzEPw,1,0.44458,3
2522,5074,BV1xG6HY1EBn,1,BV1sNtpzxEpJ,1,0.306,4
2522,5669,BV1xG6HY1EBn,1,BV1vcr6BuENM,1,0.30749,3
2523,2889,BV1qGc8egEnj,1,BV1u2UzYRETb,1,0.63992,3
2523,3052,BV1qGc8egEnj,1,BV1M2yGYKEYN,1,0.71243,4
2523,3262,BV1qGc8egEnj,1,BV1hNtneMEbE,1,0.78136,3
2523,3397,BV1qGc8egEnj,1,BV1RJHjeSEiY,1,0.7656,1
2523,3415,BV1qGc8egEnj,1,BV17NUvB2E1S,1,0.70918,3
2523,4293,BV1qGc8egEnj,1,BV1b1F8e9Ewj,1,0.80362,2
2523,4331,BV1qGc8egEnj,1,BV1MffCYbEkw,1,0.76267,3
2523,5352,BV1qGc8egEnj,1,BV1yBfUBoEzh,1,0.80959,1
2524,2598,BV1VLcqeHENd,1,BV12i6RYMENw,1,0.41816,2
2524,3455,BV1VLcqeHENd,1,BV11GKmz3ESE,1,0.41719,3
2524,5001,BV1VLcqeHENd,1,BV1kDhnzoEDj,1,0.43312,1
2525,2667,BV1Dn6EYkEm3,1,BV1XnkvYeEko,1,0.50704,2
2525,3840,BV1Dn6EYkEm3,1,BV18cfcYMExL,1,0.39359,4
2525,4029,BV1Dn6EYkEm3,1,BV1oGRVYCEYp,1,0.37944,3
2525,5067,BV1Dn6EYkEm3,1,BV18ztmzuEdK,1,0.67308,1
2526,2553,BV1yKrGYQEog,1,BV17BcHenEyd,1,0.88732,2
2526,2798,BV1yKrGYQEog,1,BV1zYzQYSEnK,1,0.92343,4
2526,3430,BV1yKrGYQEog,1,BV1XkSyBKEBC,1,0.92355,4
2526,3828,BV1yKrGYQEog,1,BV16iLVzFEem,1,0.89939,1
2526,3839,BV1yKrGYQEog,1,BV1DQ5xzCE54,1,0.93018,3
2526,3871,BV1yKrGYQEog,1,BV1GydaYbEUZ,1,0.8757,4
2526,4237,BV1yKrGYQEog,1,BV1uuNWeXE5n,1,0.93262,2
2526,4379,BV1yKrGYQEog,1,BV1RPmwB5Ejg,1,0.89047,4
2526,4417,BV1yKrGYQEog,1,BV18r4EzHEM6,1,0.909,4
2526,5128,BV1yKrGYQEog,1,BV1uU8CzeEjg,1,0.91451,1
2526,5695,BV1yKrGYQEog,1,BV1XyiXBfEqB,1,0.93348,1
2527,2557,BV1qrcgeUEws,1,BV17hc7e6Eer,1,0.45947,3
2527,3515,BV1qrcgeUEws,1,BV1mmdzYzEW2,1,0.46029,2
2527,5510,BV1qrcgeUEws,1,BV1i1ZiB6EDw,1,0.31942,4
2527,5811,BV1qrcgeUEws,1,BV1hDqBBpE1q,1,0.43134,4
2528,4628,BV15J63YcEZL,1,BV163pyzAEiL,1,0.37747,2
2528,4779,BV15J63YcEZL,1,BV1LCh9zrE5b,1,0.47354,3
2528,4803,BV15J63YcEZL,1,BV1yWhQz2EA4,1,0.44779,3
2528,5329,BV15J63YcEZL,1,BV1mXfBBqEdt,1,0.36132,2
2528,5611,BV15J63YcEZL,1,BV1VoF8zdE61,1,0.58015,1
2528,5812,BV15J63YcEZL,1,BV1JJmzBfEUY,1,0.55142,3
2529,2671,BV12TC4YNEKG,1,BV1tWkMYmEBu,1,0.55023,4
2529,3028,BV12TC4YNEKG,1,BV1Nb1KY7Er7,1,0.7599,4
2529,3092,BV12TC4YNEKG,1,BV1ZHmMY2EoE,1,0.81066,1
2529,3884,BV12TC4YNEKG,1,BV1jFdpYBEwf,1,0.78529,3
2529,5558,BV12TC4YNEKG,1,BV1iHk4B3ETs,1,0.52045,2
2529,5789,BV12TC4YNEKG,1,BV1vqBMBCETk,1,0.66886,1
2530,2975,BV1RKc2eEEvm,1,BV1muDMYiEYV,1,0.68335,1
2530,5002,BV1RKc2eEEvm,1,BV1Wib3zbEp5,1,0.46066,1
2530,5134,BV1RKc2eEEvm,1,BV1NX8EzREuk,1,0.65975,3
2531,2905,BV1HscbeVEXx,1,BV1ziUaYEEP9,1,0.61582,1
2531,3456,BV1HscbeVEXx,1,BV1ksK7zDEAs,1,0.5051,2
2531,4749,BV1HscbeVEXx,1,BV1kaajz7EkA,1,0.55747,3
2531,5573,BV1HscbeVEXx,1,BV1CiFXzBEth,1,0.54568,4
2532,2577,BV16ScXeVEEg,1,BV1oHB5YBEow,1,0.47131,3
2532,4102,BV16ScXeVEEg,1,BV11MPoeBERf,1,0.51034,3
2532,4861,BV16ScXeVEEg,1,BV1CGhVz6E2Z,1,0.46062,3
2532,4940,BV16ScXeVEEg,1,BV1pV8qzPEzG,1,0.47594,1
2533,3244,BV1XdcUeXE34,1,BV1W1tYebEW2,1,0.33321,4
2533,4977,BV1XdcUeXE34,1,BV1uKtSz6EgF,1,0.45387,1
2533,5074,BV1XdcUeXE34,1,BV1sNtpzxEpJ,1,0.34907,1
2533,5814,BV1XdcUeXE34,1,BV1snqLByEZq,1,0.36247,4
2534,3819,BV1hdCvYeEZe,1,BV1KZLEznE3G,1,0.50912,2
2534,5501,BV1hdCvYeEZe,1,BV15yZ3BNE9A,1,0.50267,4
2535,3656,BV1eaCsYgEKd,1,BV1RcEtzcEwA,1,0.3626,3
2535,4420,BV1eaCsYgEKd,1,BV11j4iz8EyS,1,0.36174,4
2536,2567,BV1oqcgeHE2B,1,BV1YW6iYeESj,1,0.50826,1
2536,2618,BV1oqcgeHE2B,1,BV1DeCpYcEQj,1,0.48036,3
2536,3291,BV1oqcgeHE2B,1,BV1KoWzerEGh,1,0.42402,4
2536,4976,BV1oqcgeHE2B,1,BV1p3tozJEX6,1,0.52076,1
2536,5682,BV1oqcgeHE2B,1,BV1vRrNBLESp,1,0.41504,3
2537,5187,BV1qickeGE7y,1,BV1Hn8uzREUH,1,0.44569,1
2538,2990,BV16vcyeDEC7,1,BV1ntSfYYE5B,1,0.56857,2
2538,3413,BV16vcyeDEC7,1,BV14YSwBGEHL,1,0.5323,3
2538,4188,BV16vcyeDEC7,1,BV1LaNkeSExC,1,0.47871,3
2539,3400,BV1RpcreAEud,1,BV1GYHueZEJ8,1,0.44001,1
2539,3826,BV1RpcreAEud,1,BV1C6LbzkETu,1,0.51903,1
2539,4064,BV1RpcreAEud,1,BV16APxerEFM,1,0.48805,4
2539,4663,BV1RpcreAEud,1,BV17NhvzREQz,1,0.34117,4
2539,4704,BV1RpcreAEud,1,BV1ccYKzXEXV,1,0.41823,1
2539,5355,BV1RpcreAEud,1,BV1N3PHzFE38,1,0.50695,2
2539,5637,BV1RpcreAEud,1,BV1KozxBmE9G,1,0.50055,3
2539,5771,BV1RpcreAEud,1,BV17eB9BVEqS,1,0.40284,2
2540,3591,BV1gec1e3E6p,1,BV1H872zcEXE,1,0.52469,4
2540,4421,BV1gec1e3E6p,1,BV1yP4zzTE95,1,0.55808,1
2540,4594,BV1gec1e3E6p,1,BV1ycpdzzEYS,1,0.54399,2
2540,4621,BV1gec1e3E6p,1,BV1pRptzfEtb,1,0.54176,3
2540,5232,BV1gec1e3E6p,1,BV1XbMdzJENY,1,0.36509,3
2541,2888,BV1g14y1T7oK,1,BV1tKUAYjEuz,1,0.36292,4
2541,4855,BV1g14y1T7oK,1,BV12tehzPEP8,2,0.4184,1
2542,2783,BV1zKCrYAECm,1,BV1SdUoYrEC3,1,0.45912,2
2542,2887,BV1zKCrYAECm,1,BV1Z5DpYbEaP,1,0.59909,2
2542,2911,BV1zKCrYAECm,1,BV1WPmfYwEbQ,1,0.71611,1
2542,3038,BV1zKCrYAECm,1,BV1HvyRYCEhW,1,0.57216,2
2542,3342,BV1zKCrYAECm,1,BV1mhHUeaE2H,1,0.33064,3
2542,3869,BV1zKCrYAECm,1,BV1DpdSYiEEU,1,0.49092,3
2542,3896,BV1zKCrYAECm,1,BV196RZYAE54,1,0.51713,4
2542,4016,BV1zKCrYAECm,1,BV16jQJYsELp,1,0.67118,2
2542,4384,BV1zKCrYAECm,1,BV1GuxFzqEZE,1,0.60979,4
2542,4474,BV1zKCrYAECm,1,BV1csHGz3E7C,1,0.65553,3
2542,5039,BV1zKCrYAECm,1,BV1TAbMzsENN,1,0.61876,4
2542,5197,BV1zKCrYAECm,1,BV1ptgWzmEXX,1,0.50813,2
2542,5689,BV1zKCrYAECm,1,BV1fTvaB6EDk,1,0.6083,4
2543,2730,BV1stcGeTEuu,1,BV1Z5qLYuESW,1,0.41251,1
2544,3484,BV1uSqZYjEnk,1,BV1MRTqzdEUs,1,0.38391,4
2544,3634,BV1uSqZYjEnk,1,BV1CejHz4EjH,1,0.38581,3
2544,4586,BV1uSqZYjEnk,1,BV1eoWcziEGe,1,0.39129,2
2545,3960,BV19KcGenEyU,1,BV19gohYdEN5,1,0.43253,4
2545,4409,BV19KcGenEyU,1,BV1fR42zLEuR,1,0.47496,1
2546,4508,BV1XscnegEpH,1,BV1BXHwz3EvP,1,0.39455,1
2546,4534,BV1XscnegEpH,1,BV1fnnfzvErk,1,0.3776,4
2546,5594,BV1XscnegEpH,1,BV1wHFhzzE5K,1,0.38555,2
2547,2934,BV1pYcWeaESc,1,BV1oYm2YXEzj,1,0.42508,2
2547,4105,BV1pYcWeaESc,1,BV1VDPgeWENc,1,0.40811,3
2547,4618,BV1pYcWeaESc,1,BV1mspBzFEjd,1,0.47455,3
2547,5488,BV1pYcWeaESc,1,BV1GAZuBxEqo,1,0.49906,1
2547,5811,BV1pYcWeaESc,1,BV1hDqBBpE1q,1,0.44132,4
2548,3611,BV1Sj411P7w5,1,BV1tWjyzYESh,1,0.42549,1
2548,4844,BV1Sj411P7w5,1,BV1Wneiz5EZ2,1,0.39083,3
2549,3278,BV1bjcWeVEQD,1,BV1km4bemEf7,1,0.33085,4
2549,3863,BV1bjcWeVEQD,1,BV14coEY5Eqc,1,0.39207,3
2549,4297,BV1bjcWeVEQD,1,BV1xQfWYaE3a,1,0.44696,1
2549,4592,BV1bjcWeVEQD,1,BV1cGWuzzEKZ,1,0.38967,4
2549,5769,BV1bjcWeVEQD,1,BV1afBtBcE6k,1,0.37236,3
2550,2902,BV1VorBYCEQJ,1,BV1AtUeYYEf6,1,0.44989,3
2550,3089,BV1VorBYCEQJ,1,BV1YkyNYRExe,1,0.46756,2
2550,3193,BV1VorBYCEQJ,1,BV1jMxxe9EoR,1,0.43804,4
2550,4469,BV1VorBYCEQJ,1,BV1GpHVzhECQ,1,0.52412,1
2550,4779,BV1VorBYCEQJ,1,BV1LCh9zrE5b,1,0.45254,4
2550,5454,BV1VorBYCEQJ,1,BV1HGfuBGEEc,1,0.37014,1
2551,3030,BV1CGcPe5EqQ,1,BV1NZyZYxEqh,1,0.56177,2
2551,5633,BV1CGcPe5EqQ,1,BV1Vkz5BbEgz,1,0.48464,3
2552,2761,BV1ozrrYQEPU,1,BV1GJqsYoEQS,1,0.44596,2
2552,2842,BV1ozrrYQEPU,1,BV1RQt6eqEdb,2,0.43915,3
2552,3177,BV1ozrrYQEPU,1,BV1eC4AesE3T,1,0.50934,1
2552,3807,BV1ozrrYQEPU,1,BV1sFLdzRERd,1,0.45796,2
2552,4259,BV1ozrrYQEPU,1,BV19VFkePE3X,1,0.42323,3
2552,5799,BV1ozrrYQEPU,1,BV183qSBUES5,1,0.56441,1
2553,2573,BV17BcHenEyd,1,BV1JmrKY8E3Y,1,0.83397,2
2553,2798,BV17BcHenEyd,1,BV1zYzQYSEnK,1,0.88192,4
2553,3828,BV17BcHenEyd,1,BV16iLVzFEem,1,0.88542,3
2553,4129,BV17BcHenEyd,1,BV1FhA1ecEYB,1,0.82607,4
2553,4379,BV17BcHenEyd,1,BV1RPmwB5Ejg,1,0.90621,1
2554,2859,BV1gzrWYfEQv,1,BV17JB2YcENd,1,0.43429,2
2554,2895,BV1gzrWYfEQv,1,BV1NqU7YpEC1,1,0.4007,4
2555,3381,BV16grkYhEBJ,1,BV1SSHPerEPg,1,0.54209,2
2555,4097,BV16grkYhEBJ,1,BV1oo9TYxEZq,1,0.49266,2
2555,4896,BV16grkYhEBJ,1,BV1XvYqzfEwy,1,0.41373,2
2555,5419,BV16grkYhEBJ,1,BV1iLfNB9EeR,1,0.55568,1
2555,5669,BV16grkYhEBJ,1,BV1vcr6BuENM,1,0.54033,3
2556,2786,BV1V1cHe1Ej6,1,BV1Gci6YwEuL,1,0.55079,3
2556,2839,BV1V1cHe1Ej6,1,BV1h8zzYPEqs,1,0.53937,4
2556,3412,BV1V1cHe1Ej6,1,BV1q72JBvEQG,1,0.38023,1
2556,3873,BV1V1cHe1Ej6,1,BV1LvdDY7EAK,1,0.40186,2
2556,4342,BV1V1cHe1Ej6,1,BV15gfoYzEpr,1,0.45547,1
2556,4715,BV1V1cHe1Ej6,1,BV11gakztEkS,1,0.42053,3
2556,4727,BV1V1cHe1Ej6,1,BV1u6h1zrEdR,1,0.45329,2
2557,2618,BV17hc7e6Eer,1,BV1DeCpYcEQj,1,0.53494,4
2557,3103,BV17hc7e6Eer,1,BV1Si2aYhEm2,1,0.54708,2
2557,3303,BV17hc7e6Eer,1,BV1W244e6E7o,1,0.52981,3
2557,3591,BV17hc7e6Eer,1,BV1H872zcEXE,1,0.63006,1
2557,4141,BV17hc7e6Eer,1,BV1DQApe7ESa,1,0.62019,1
2557,4991,BV17hc7e6Eer,1,BV1AYt2zsEBe,1,0.65353,2
2557,5811,BV17hc7e6Eer,1,BV1hDqBBpE1q,1,0.75835,1
2558,3185,BV1KErrYTExB,1,BV1xJxheQESG,1,0.57045,1
2558,3436,BV1KErrYTExB,1,BV1YR2eBiEMB,1,0.60489,3
2558,3962,BV1KErrYTExB,1,BV1xioqYAEtS,1,0.53535,3
2558,5233,BV1KErrYTExB,1,BV1mPuazGE74,1,0.53096,2
2558,5552,BV1KErrYTExB,1,BV1cEZjBtEqF,1,0.60787,1
2558,5560,BV1KErrYTExB,1,BV1TQctzLE3r,1,0.44431,4
2559,4300,BV11BcEeXEDR,1,BV1CBFHe4Ekm,1,0.46499,2
2559,4407,BV11BcEeXEDR,1,BV1cTWzzsERa,2,0.42653,4
2560,3357,BV1UmrzYBEaM,1,BV1PJH4ehEjn,1,0.54381,1
2560,4762,BV1UmrzYBEaM,1,BV1tFhCzcEtv,1,0.38053,3
2560,5050,BV1UmrzYBEaM,1,BV17qbNzeEGr,1,0.48117,3
2561,3063,BV1AN6oYMELu,1,BV1DCCQY2EjZ,1,0.40339,4
2561,3998,BV1AN6oYMELu,1,BV15TQCYUEVk,1,0.41284,4
2561,4126,BV1AN6oYMELu,1,BV1KvAJeaEG7,1,0.42024,3
2561,4173,BV1AN6oYMELu,1,BV1hiA5exEup,1,0.38928,1
2561,5123,BV1AN6oYMELu,1,BV1C588zJEqA,1,0.3899,2
2561,5363,BV1AN6oYMELu,1,BV1MbPPz9ERz,1,0.38189,3
2561,5446,BV1AN6oYMELu,1,BV1QhFszMEkZ,1,0.39958,4
2561,5529,BV1AN6oYMELu,1,BV1iUcszSE7x,1,0.43245,2
2562,3003,BV1z5r9YtErt,1,BV1rBSgYhETr,1,0.56177,2
2562,4394,BV1z5r9YtErt,1,BV1h8WzzzECm,1,0.46777,2
2562,4744,BV1z5r9YtErt,1,BV1vYhizsEAd,1,0.53974,1
2562,4749,BV1z5r9YtErt,1,BV1kaajz7EkA,1,0.58947,1
2562,5364,BV1z5r9YtErt,1,BV1MfBWByEj8,1,0.54907,1
2562,5369,BV1z5r9YtErt,1,BV1N3cqzeEzr,1,0.45613,1
2562,5501,BV1z5r9YtErt,1,BV15yZ3BNE9A,1,0.5464,4
2563,2885,BV1HhraYTEHV,1,BV1XAyUY3Ed5,1,0.48658,2
2563,3385,BV1HhraYTEHV,1,BV1gQH7emE1y,1,0.54191,1
2563,3506,BV1HhraYTEHV,1,BV1Y2MuzHEUc,1,0.55826,1
2563,4363,BV1HhraYTEHV,1,BV12jf8YSE5P,1,0.44716,2
2563,4581,BV1HhraYTEHV,1,BV1PxpozGEsZ,1,0.56865,1
2563,5554,BV1HhraYTEHV,1,BV1vLcPzQEFB,1,0.61387,1
2564,3712,BV1mzrYYSEC9,1,BV1dJVrzoENZ,1,0.42337,4
2564,5384,BV1mzrYYSEC9,1,BV1GkfBBLEXc,1,0.44439,1
2564,5763,BV1mzrYYSEC9,1,BV13mB9BeEcC,1,0.43665,2
2565,5254,BV1iFraYtE4j,1,BV16KMQzUE2W,1,0.45984,2
2566,2661,BV1Vgr3YcEn2,1,BV1M1kaYDE7D,1,0.44351,2
2566,2916,BV1Vgr3YcEn2,1,BV1h91VYVEhL,1,0.43336,1
2566,3077,BV1Vgr3YcEn2,1,BV18r2oYNEh9,1,0.48315,3
2566,3435,BV1Vgr3YcEn2,1,BV1rwSeBXELd,1,0.58691,1
2566,3813,BV1Vgr3YcEn2,1,BV1AALHzREDa,1,0.56011,1
2566,4599,BV1Vgr3YcEn2,1,BV1m2pDzYEkx,1,0.51221,1
2566,4925,BV1Vgr3YcEn2,1,BV1EsbYzjEb2,1,0.44159,4
2566,5817,BV1Vgr3YcEn2,1,BV1ABSnBQELh,1,0.58596,1
2567,2891,BV1YW6iYeESj,1,BV1DFUtY4Evw,1,0.41726,3
2567,3303,BV1YW6iYeESj,1,BV1W244e6E7o,1,0.49927,2
2567,4004,BV1YW6iYeESj,1,BV1nSQKYsEQW,1,0.40484,4
2568,3413,BV1iVrKYXEgb,1,BV14YSwBGEHL,1,0.43464,4
2568,3855,BV1iVrKYXEgb,1,BV13xo5YrEGg,2,0.47056,1
2568,4824,BV1iVrKYXEgb,1,BV181eozmEAY,1,0.45228,2
2569,4184,BV12Tr5YfEnv,1,BV1uoKpeREqd,1,0.48511,2
2569,5005,BV12Tr5YfEnv,1,BV1DvbMzaESm,1,0.48431,4
2569,5285,BV12Tr5YfEnv,1,BV1Ah3Cz3Evs,1,0.3848,2
2569,5412,BV12Tr5YfEnv,1,BV1FUfqBHEd8,1,0.48459,3
2570,3993,BV1tWrVYFEpo,1,BV1ezXRYJEug,1,0.43649,3
2570,5086,BV1tWrVYFEpo,1,BV1i5tzzWEAn,1,0.42577,4
2571,2719,BV1mmrNY6Eae,1,BV1yPqQYQEpF,1,0.43267,1
2571,3597,BV1mmrNY6Eae,1,BV19i7kzzEyB,1,0.44458,1
2571,5477,BV1mmrNY6Eae,1,BV1hZZiBaEjG,1,0.43252,3
2572,4451,BV1NKrWYpEhB,1,BV1saxfzdEmY,1,0.39026,1
2572,4768,BV1NKrWYpEhB,1,BV1MphyzNEKz,1,0.59451,4
2572,5001,BV1NKrWYpEhB,1,BV1kDhnzoEDj,1,0.63095,2
2572,5167,BV1NKrWYpEhB,1,BV1HY38zaEJz,1,0.65287,1
2572,5377,BV1NKrWYpEhB,1,BV1DLfMBnEGd,1,0.60109,2
2573,3828,BV1JmrKY8E3Y,1,BV16iLVzFEem,1,0.82317,4
2573,5758,BV1JmrKY8E3Y,1,BV1AyBCBdEPq,1,0.8541,1
2574,3765,BV1yeCNYTEUp,1,BV1hdL1ziEF4,1,0.4103,4
2574,5266,BV1yeCNYTEUp,1,BV1zVGAzsEni,1,0.52194,2
2574,5360,BV1yeCNYTEUp,1,BV1kmZgBVEvv,1,0.48732,3
2574,5436,BV1yeCNYTEUp,1,BV1T4ZKBGEZx,1,0.45789,4
2575,2972,BV19CkmYTEjq,1,BV1i2D5YvEBB,1,0.3581,2
2575,3130,BV19CkmYTEjq,1,BV1Wi16Y6ED4,1,0.40336,4
2575,3655,BV19CkmYTEjq,1,BV1P3VmztE65,1,0.56229,1
2575,4688,BV19CkmYTEjq,1,BV19aY5zYE8t,1,0.37824,3
2575,5029,BV19CkmYTEjq,1,BV1gitwzyEKD,1,0.55952,1
2575,5134,BV19CkmYTEjq,1,BV1NX8EzREuk,1,0.55221,3
2575,5302,BV19CkmYTEjq,1,BV1Y6Pvz2EpF,1,0.49124,2
2575,5500,BV19CkmYTEjq,1,BV1xFZyB5EbG,1,0.52549,1
2576,2942,BV1Fh4y1d7Ge,1,BV1v9DDYiEMP,1,0.61105,1
2576,3337,BV1Fh4y1d7Ge,1,BV1VgH9epEP1,1,0.49098,3
2577,3616,BV1oHB5YBEow,1,BV1o8jezmEiz,1,0.50225,2
2577,4821,BV1oHB5YBEow,1,BV11KeXzZE5D,1,0.50823,1
2578,4621,BV1DP6yYJEbw,1,BV1pRptzfEtb,1,0.37747,3
2578,4680,BV1DP6yYJEbw,1,BV1NXa9zbETB,1,0.44598,1
2578,4737,BV1DP6yYJEbw,1,BV1sUaKzdELM,1,0.32601,4
2579,3750,BV1s5rtYaE1e,1,BV1TEVHzoEJm,1,0.43117,2
2579,4586,BV1s5rtYaE1e,1,BV1eoWcziEGe,1,0.44368,1
2579,4693,BV1s5rtYaE1e,1,BV1sDYGzkEjR,1,0.40794,4
2579,5621,BV1s5rtYaE1e,1,BV17fz6BkEgz,1,0.41201,3
2580,3579,BV1HJrxYnE6f,1,BV13n7XzhE5k,1,0.42038,3
2580,4198,BV1HJrxYnE6f,1,BV1rqKpeBExU,1,0.46291,1
2580,4389,BV1HJrxYnE6f,1,BV1vuWyztEWv,1,0.41904,4
2580,5291,BV1HJrxYnE6f,1,BV1t93tzgE2Y,1,0.41402,2
2581,2797,BV1N6kqY8ETM,1,BV1hb6wYAEhc,1,0.44614,3
2581,3673,BV1N6kqY8ETM,1,BV1XDJPzYEUD,1,0.5158,1
2582,4092,BV1jMCtYWEHZ,1,BV1VG9cYAEMJ,1,0.43138,1
2582,4124,BV1jMCtYWEHZ,1,BV1XGAfeSE4J,1,0.38384,4
2582,4315,BV1jMCtYWEHZ,1,BV1rtfzYPED5,1,0.39825,3
2583,3740,BV1idCrYZEkd,1,BV1H7VwzdE7H,1,0.37877,1
2583,5394,BV1idCrYZEkd,1,BV1JKA8zrEfC,1,0.35426,4
2583,5718,BV1idCrYZEkd,1,BV1ZfqUBoEL3,1,0.36266,3
2584,4075,BV1A26mYEENV,1,BV1s698YiEyV,1,0.47641,1
2584,4436,BV1A26mYEENV,1,BV1WU4NzuETi,1,0.44783,2
2585,3652,BV15jr4YGEJs,1,BV1C9EdzbEPP,2,0.41763,3
2585,4035,BV15jr4YGEJs,1,BV1w79mYLEgR,1,0.41171,4
2586,3108,BV1EL6mYzEco,1,BV1qW2VYoEqn,1,0.45288,4
2586,4951,BV1EL6mYzEco,1,BV1VQtqznE99,1,0.46878,1
2587,2733,BV19jr4Y3EGr,1,BV1XCq5Y8EF4,1,0.4786,4
2587,3160,BV19jr4Y3EGr,1,BV1v2xye6ESU,1,0.45344,1
2587,3197,BV19jr4Y3EGr,1,BV1B2xqe4ESd,1,0.44869,2
2587,3701,BV19jr4Y3EGr,1,BV1Tk5MzoEdi,1,0.54779,1
2587,5050,BV19jr4Y3EGr,1,BV17qbNzeEGr,1,0.54037,3
2588,3631,BV1dRC8YfES6,1,BV1YxjTziEzW,1,0.35323,4
2588,3982,BV1dRC8YfES6,1,BV1kMX5YEEGC,1,0.36112,3
2589,3465,BV19qi6YiEa1,1,BV1erN1zSEvL,1,0.38153,4
2589,5082,BV19qi6YiEa1,1,BV1kPtuzUECf,1,0.43397,3
2590,2721,BV1RK6UYeE5z,1,BV1ziqtYkEaH,1,0.61979,2
2590,5445,BV1RK6UYeE5z,1,BV1JoZZBkE9N,1,0.592,3
2591,3370,BV15t6SYuEQR,1,BV1PDHCe5EZU,1,0.5299,4
2591,3535,BV15t6SYuEQR,1,BV1DNTWzQEp3,1,0.59984,1
2591,4754,BV15t6SYuEQR,1,BV1NQaJzwEf3,1,0.37359,4
2591,4860,BV15t6SYuEQR,1,BV11jeVzUEcs,1,0.49809,4
2591,5448,BV15t6SYuEQR,1,BV1XQfgBeEGT,1,0.53857,3
2592,3186,BV1H9ktYfEhi,1,BV1B6xveXEq7,1,0.56242,4
2592,3586,BV1H9ktYfEhi,1,BV12QjezYEu8,1,0.46392,2
2592,3606,BV1H9ktYfEhi,1,BV1pn52zxE9b,1,0.53023,1
2592,3791,BV1H9ktYfEhi,1,BV1pGL2zREGk,1,0.53463,3
2592,3872,BV1H9ktYfEhi,1,BV1uwR9YCE68,1,0.59581,1
2592,3877,BV1H9ktYfEhi,1,BV1bjZ5YrEnp,2,0.4442,4
2592,4137,BV1H9ktYfEhi,1,BV1kfPmekEDi,1,0.48408,4
2592,4461,BV1H9ktYfEhi,1,BV1GMxaztEHn,1,0.56827,2
2592,4601,BV1H9ktYfEhi,1,BV1zKpQzSErY,1,0.4074,4
2592,5086,BV1H9ktYfEhi,1,BV1i5tzzWEAn,1,0.56811,2
2593,2962,BV1S46RY5EAN,1,BV1oeDYYxErp,1,0.45143,1
2593,3227,BV1S46RY5EAN,1,BV1WYskemEHb,1,0.4437,2
2593,3422,BV1S46RY5EAN,1,BV1mZ2XBjERh,1,0.41921,1
2593,3684,BV1S46RY5EAN,1,BV1f6VdzzEkY,1,0.37677,4
2593,4643,BV1S46RY5EAN,1,BV1sQpjzwE7n,1,0.46777,1
2593,4709,BV1S46RY5EAN,1,BV1yEa2zBERL,1,0.38965,1
2593,5036,BV1S46RY5EAN,1,BV1C7tSzwETJ,1,0.50549,1
2593,5515,BV1S46RY5EAN,1,BV1seZQBPE2j,1,0.54372,1
2594,2971,BV1L66ZYAE8k,1,BV1zVD1YbEny,1,0.44318,3
2594,3539,BV1L66ZYAE8k,1,BV1CQT6zsE8P,1,0.44506,2
2594,4827,BV1L66ZYAE8k,1,BV1bmepzEEg1,1,0.50014,1
2594,4902,BV1L66ZYAE8k,1,BV1t7YezyECM,1,0.40926,2
2594,5030,BV1L66ZYAE8k,1,BV1snbNzLEnT,1,0.39083,1
2594,5071,BV1L66ZYAE8k,1,BV1kZtBzNEeu,1,0.35107,1
2595,2660,BV1T46zYFEHx,1,BV1Hdk8YKEbj,1,0.46818,2
2595,2839,BV1T46zYFEHx,1,BV1h8zzYPEqs,1,0.62276,1
2595,3443,BV1T46zYFEHx,1,BV1oyCeBaEtC,1,0.6259,1
2595,3738,BV1T46zYFEHx,1,BV1X5VAz2EGn,1,0.61922,2
2595,4315,BV1T46zYFEHx,1,BV1rtfzYPED5,1,0.62353,1
2595,4320,BV1T46zYFEHx,1,BV12Sf2YwEnV,1,0.47674,4
2595,4373,BV1T46zYFEHx,1,BV15fSeByEwQ,1,0.54861,4
2595,4399,BV1T46zYFEHx,1,BV18aWEz2ES8,1,0.66129,2
2595,5057,BV1T46zYFEHx,1,BV1Hib3zbEkY,1,0.54487,1
2595,5164,BV1T46zYFEHx,1,BV1WSb9zSE6T,1,0.56051,4
2595,5177,BV1T46zYFEHx,1,BV1qTgtzmEGt,1,0.5715,4
2595,5301,BV1T46zYFEHx,1,BV14TAKzXEjc,1,0.52768,4
2595,5448,BV1T46zYFEHx,1,BV1XQfgBeEGT,1,0.6097,2
2595,5786,BV1T46zYFEHx,1,BV1GKq4B9ELq,1,0.55269,2
2596,3578,BV1XjCzY2Ecp,1,BV1smEdzYEzo,1,0.56876,2
2596,5035,BV1XjCzY2Ecp,1,BV1V2hbzYEFA,1,0.5536,2
2596,5595,BV1XjCzY2Ecp,1,BV1kzFnzjEdf,1,0.38999,3
2596,5802,BV1XjCzY2Ecp,1,BV12c2JBjEjM,2,0.52299,2
2597,2716,BV1u16JYLEQV,1,BV14sBLYxEsq,1,0.37584,3
2597,4033,BV1u16JYLEQV,1,BV1hiRbYVET7,1,0.46303,3
2597,4034,BV1u16JYLEQV,1,BV1HoRhYqEV2,1,0.53735,1
2597,4716,BV1u16JYLEQV,1,BV1xta8ztECP,1,0.46314,2
2597,5292,BV1u16JYLEQV,1,BV1Gk3NzJEDy,1,0.44803,4
2598,3903,BV12i6RYMENw,1,BV11rRSY8Emu,1,0.49847,1
2598,4251,BV12i6RYMENw,1,BV1YZFkePEjA,1,0.44672,1
2599,3474,BV1RU6DYCErD,1,BV1QiNxzHEL2,1,0.40015,1
2599,3868,BV1RU6DYCErD,1,BV199dBY1Enx,1,0.39681,3
2599,4366,BV1RU6DYCErD,1,BV1s4UYB9EBQ,2,0.39734,2
2599,5516,BV1RU6DYCErD,1,BV1mwZxBFE4Y,1,0.3756,1
2600,2909,BV1ZJCVYUEed,1,BV1UEUeYBERN,1,0.43524,3
2600,3489,BV1ZJCVYUEed,1,BV1VeMqzPE2m,1,0.49414,2
2600,5203,BV1ZJCVYUEed,1,BV1CPM9zZEjt,1,0.42194,4
2602,3256,BV1zsCbYhE5w,1,BV16q4nepEde,1,0.41731,1
2602,3697,BV1zsCbYhE5w,1,BV1UUE5zDETG,1,0.41159,2
2602,5336,BV1zsCbYhE5w,1,BV16oNAzzEHV,1,0.38443,4
2602,5704,BV1zsCbYhE5w,1,BV12iSeB8EF4,1,0.39028,3
2603,4053,BV1QF6HY9EBR,1,BV1N9K5eREDo,1,0.41709,1
2603,5412,BV1QF6HY9EBR,1,BV1FUfqBHEd8,1,0.39048,2
2603,5846,BV1QF6HY9EBR,1,BV1UWUxBkEW5,1,0.38257,3
2604,2791,BV1fz6DYSEew,1,BV1mBieYrEZd,1,0.48119,2
2604,4045,BV1fz6DYSEew,1,BV11aAbesE3W,1,0.48202,1
2604,4479,BV1fz6DYSEew,1,BV1SfHEz3EFb,1,0.44971,2
2604,4614,BV1fz6DYSEew,1,BV1LCpizuEoP,1,0.47217,3
2604,5040,BV1fz6DYSEew,1,BV1Beb5ztEjQ,1,0.47054,4
2605,2635,BV1YZkgYAE1x,1,BV17cCWYkE5G,1,0.42546,3
2605,2880,BV1YZkgYAE1x,1,BV17PSgYRE4X,1,0.4508,3
2605,3742,BV1YZkgYAE1x,1,BV1t9GozdEV1,1,0.4838,1
2605,3883,BV1YZkgYAE1x,1,BV1xuXTYvEb4,1,0.4492,4
2605,4038,BV1YZkgYAE1x,1,BV1WkRsYXEu1,1,0.32506,4
2605,4191,BV1YZkgYAE1x,1,BV1T3KNeYEYq,1,0.47706,2
2606,3143,BV1zk6EYtEx9,1,BV1q91dYVESq,1,0.36382,2
2606,5307,BV1zk6EYtEx9,1,BV1mSwRzsEVV,1,0.34765,3
2607,4577,BV1to6GY9EGn,1,BV165nFzvEom,1,0.39055,3
2607,5787,BV1to6GY9EGn,1,BV1KHBcBrEwn,1,0.32227,4
2608,5432,BV1xY68YPEct,1,BV1KYfABeE8D,1,0.42446,1
2608,5765,BV1xY68YPEct,1,BV1tSBQBsEeo,1,0.41625,4
2609,2621,BV1Sm6hYkEF1,1,BV1qVCaYiE88,1,0.38259,2
2609,4648,BV1Sm6hYkEF1,1,BV1uvpGztEiL,1,0.37979,1
2610,3241,BV1xd6hYMENF,1,BV1hktreYE51,1,0.38267,4
2610,4386,BV1xd6hYMENF,1,BV1V6W4z5ERV,1,0.35941,4
2610,5659,BV1xd6hYMENF,1,BV19YrpBWENY,1,0.42388,2
2611,2620,BV1xd6hYMENF,2,BV1HaC5Y8Eof,1,0.65613,1
2611,3675,BV1xd6hYMENF,2,BV1zi5zzwEH3,1,0.64065,3
2612,4170,BV1xd6hYMENF,3,BV1WkwSeLEQg,1,0.40411,3
2612,4332,BV1xd6hYMENF,3,BV1ehcweWEuq,1,0.36727,4
2613,5130,BV1696sY5E4J,1,BV1Vz8Cz6EUJ,1,0.38389,3
2613,5250,BV1696sY5E4J,1,BV1RZuAzkE3w,1,0.4085,1
2614,3938,BV1Xn63Y8Ex3,1,BV1o6ZGYjEGn,1,0.47987,1
2614,5636,BV1Xn63Y8Ex3,1,BV1aFzvBmE63,1,0.44452,3
2614,5710,BV1Xn63Y8Ex3,1,BV1tVqmBzEPm,1,0.47906,2
2615,2911,BV13u6GYoEPZ,1,BV1WPmfYwEbQ,1,0.56811,4
2615,4554,BV13u6GYoEPZ,1,BV1ZrnGzvEx7,1,0.59008,2
2615,4561,BV13u6GYoEPZ,1,BV1cVnezNEnF,1,0.57207,3
2615,5355,BV13u6GYoEPZ,1,BV1N3PHzFE38,1,0.62541,1
2616,3377,BV1A7CbYTEcZ,1,BV1pyYCeBExh,1,0.39566,3
2616,3944,BV1A7CbYTEcZ,1,BV11mZLYuEE1,1,0.42007,1
2616,4202,BV1A7CbYTEcZ,1,BV1uzKGe4Ey6,1,0.41182,2
2617,2913,BV1hUChYXExG,1,BV1iDSyYnEbH,1,0.37145,4
2617,2923,BV1hUChYXExG,1,BV1xxUVYVE37,1,0.46024,1
2618,3322,BV1DeCpYcEQj,1,BV1PwHjeAEJF,1,0.59465,1
2618,4296,BV1DeCpYcEQj,1,BV1BhFwe8EQ8,1,0.48984,1
2618,4907,BV1DeCpYcEQj,1,BV1ndbJzmEME,1,0.53113,1
2619,4802,BV1mnCAYMEz6,1,BV1twhRzbEnk,1,0.47461,3
2619,4967,BV1mnCAYMEz6,1,BV1cGtozSE5v,1,0.64282,1
2619,5519,BV1mnCAYMEz6,1,BV17LFmzmEUg,1,0.59085,2
2620,2908,BV1HaC5Y8Eof,1,BV1BCUiYFEG6,1,0.66119,4
2620,3262,BV1HaC5Y8Eof,1,BV1hNtneMEbE,1,0.71784,1
2620,3663,BV1HaC5Y8Eof,1,BV1nnJuzbECH,1,0.67146,1
2620,4293,BV1HaC5Y8Eof,1,BV1b1F8e9Ewj,1,0.71452,2
2620,5352,BV1HaC5Y8Eof,1,BV1yBfUBoEzh,1,0.70851,3
2621,3097,BV1qVCaYiE88,1,BV1ZU2qYZEmQ,1,0.38652,3
2621,5250,BV1qVCaYiE88,1,BV1RZuAzkE3w,1,0.40467,3
2621,5620,BV1qVCaYiE88,1,BV1RrkxBBEYc,1,0.39606,3
2622,3517,BV1D4CCYxEkU,1,BV191MnzDEAi,1,0.40969,4
2622,4226,BV1D4CCYxEkU,1,BV1NfNGeSEML,1,0.442,1
2622,5152,BV1D4CCYxEkU,1,BV1tD8uzNEjv,1,0.4205,3
2623,3123,BV1HKCaY3EgK,1,BV1iC2JYuEzA,1,0.52436,2
2623,3384,BV1HKCaY3EgK,1,BV1Ka411o75u,1,0.47538,4
2623,3425,BV1HKCaY3EgK,1,BV1Bd2QBfEPa,1,0.37868,3
2623,5116,BV1HKCaY3EgK,1,BV1Wf8CzoEUG,1,0.49832,3
2624,3655,BV1ZPkhYfEbV,1,BV1P3VmztE65,1,0.50695,2
2624,3881,BV1ZPkhYfEbV,1,BV1wHdtYfEKi,1,0.42614,1
2624,5218,BV1ZPkhYfEbV,1,BV1xig8ziEAH,1,0.50392,3
2625,3397,BV19BBEYVEQs,1,BV1RJHjeSEiY,1,0.72996,1
2625,3745,BV19BBEYVEQs,1,BV1AZLtzGEkq,1,0.61872,3
2625,4236,BV19BBEYVEQs,1,BV1jKNte3Eyg,1,0.68095,3
2625,4490,BV19BBEYVEQs,1,BV1mTHGzQE1K,1,0.56411,1
2625,4829,BV19BBEYVEQs,1,BV1CivNzdEHT,1,0.61743,4
2625,5352,BV19BBEYVEQs,1,BV1yBfUBoEzh,1,0.71251,3
2626,2662,BV1AJC7YKEkB,1,BV1TjqDYREo1,1,0.37235,4
2626,2928,BV1AJC7YKEkB,1,BV1JtUTYmEhj,1,0.41126,1
2626,3025,BV1AJC7YKEkB,1,BV1wgyQYPEfM,1,0.40114,2
2626,3054,BV1AJC7YKEkB,1,BV16xyqYdEM6,1,0.37824,3
2627,2669,BV1kukzYbETs,1,BV1jykKYxE8C,1,0.43775,1
2627,3275,BV1kukzYbETs,1,BV1x8t4eLEEJ,1,0.42035,3
2627,4033,BV1kukzYbETs,1,BV1hiRbYVET7,1,0.42963,2
2628,3053,BV1hQk4Y3EJY,1,BV1kyyLYPE1P,1,0.43483,4
2628,4127,BV1hQk4Y3EJY,1,BV1VaPuemEJi,1,0.45114,1
2628,5339,BV1hQk4Y3EJY,1,BV1kqZBB9EYr,1,0.42764,3
2628,5726,BV1hQk4Y3EJY,1,BV1DpvaB8Ehf,1,0.3564,2
2629,3566,BV1y5CbYMEzG,1,BV1NT7Kz9Eb4,1,0.42512,4
2629,4009,BV1y5CbYMEzG,1,BV19uQpYdErb,1,0.43712,3
2629,4960,BV1y5CbYMEzG,1,BV1GhbMzKEYV,1,0.45898,2
2629,5103,BV1y5CbYMEzG,1,BV1Cqh5zGE17,1,0.48843,1
2630,3727,BV1MyCBYzEzJ,1,BV1uz5MzfExY,1,0.4942,4
2630,3959,BV1MyCBYzEzJ,1,BV1q3o2Y3E4B,1,0.5581,1
2630,4570,BV1MyCBYzEzJ,1,BV1q9JyzXEX7,1,0.4981,2
2630,5087,BV1MyCBYzEzJ,1,BV1SntqzrEF2,1,0.49595,3
2631,2883,BV1SACbY1Eah,1,BV1XjUPYtEL5,1,0.4045,3
2631,3386,BV1SACbY1Eah,1,BV1PwHjeAEza,1,0.50313,4
2631,3761,BV1SACbY1Eah,1,BV1sMGzzeEeM,1,0.55351,1
2631,5169,BV1SACbY1Eah,1,BV1B934znE6T,1,0.56167,1
2632,3456,BV17VkZYBEQU,1,BV1ksK7zDEAs,1,0.46422,2
2632,3558,BV17VkZYBEQU,1,BV1imE1zXE6b,1,0.47318,1
2632,3847,BV17VkZYBEQU,1,BV1bFZbYUEyx,1,0.46299,3
2632,5110,BV17VkZYBEQU,1,BV1YqhPzaEUN,1,0.4123,4
2632,5670,BV17VkZYBEQU,1,BV1Q3rYBEEr7,1,0.41251,2
2633,2703,BV1EAk9YfEw1,1,BV18mBuYjEo4,1,0.53572,2
2633,3459,BV1EAk9YfEw1,1,BV1aZNQzAEX5,1,0.54637,3
2633,3510,BV1EAk9YfEw1,1,BV1S3j7zdEUR,1,0.47203,2
2633,5134,BV1EAk9YfEw1,1,BV1NX8EzREuk,1,0.58981,2
2633,5677,BV1EAk9YfEw1,1,BV1FGi9BrE3P,1,0.59815,1
2634,3297,BV1ANCCYrEbd,1,BV1BStMeSEt2,1,0.34366,4
2634,3934,BV1ANCCYrEbd,1,BV11NZVYFEc3,1,0.34861,2
2635,4180,BV17cCWYkE5G,1,BV1pUAGezE8Z,1,0.45121,1
2635,4637,BV17cCWYkE5G,1,BV1wKpczmEqX,1,0.4156,2
2636,4051,BV1raCYYGEWu,1,BV1gxRFYtEwW,1,0.49527,3
2636,4156,BV1raCYYGEWu,1,BV1asAkeqEm5,1,0.34468,4
2636,4715,BV1raCYYGEWu,1,BV11gakztEkS,1,0.4199,4
2636,4729,BV1raCYYGEWu,1,BV1hKe1z1Ew9,1,0.50388,1
2636,5348,BV1raCYYGEWu,1,BV1t2PczyEU8,1,0.4762,4
2637,3603,BV1fdCFY2EnM,1,BV1Ay7FzNEmH,1,0.47114,4
2638,5590,BV1FGCnYBEKm,1,BV1mDfoBQEbM,1,0.42118,3
2639,2739,BV1yFCnY1EuF,1,BV1qvz6YUEXN,1,0.48293,1
2639,2837,BV1yFCnY1EuF,1,BV1pozVYSEyN,1,0.39605,2
2639,3099,BV1yFCnY1EuF,1,BV1QT2bY9EN8,1,0.387,3
2639,3637,BV1yFCnY1EuF,1,BV1fcJ6zkEov,1,0.48082,1
2639,4029,BV1yFCnY1EuF,1,BV1oGRVYCEYp,1,0.41188,2
2639,4098,BV1yFCnY1EuF,1,BV11LKTeqEjN,1,0.5214,1
2639,4131,BV1yFCnY1EuF,1,BV13UPKeuEmi,1,0.50492,3
2639,4745,BV1yFCnY1EuF,1,BV16GaPzkEnD,1,0.41652,4
2639,4980,BV1yFCnY1EuF,1,BV1A1tRzEE8e,1,0.42653,3
2640,2670,BV1cPCrYeEKP,1,BV1jykKYxE8C,2,0.54095,1
2640,3131,BV1cPCrYeEKP,1,BV1uP1rYHEVo,1,0.4651,2
2640,5344,BV1cPCrYeEKP,1,BV1vjAXzAESv,1,0.46807,2
2641,3293,BV1fTCrYhEAN,1,BV1zHW2emE6c,1,0.42229,1
2643,3109,BV1tYqmYjEKD,1,BV1oYx4exEuE,1,0.39778,1
2643,3272,BV1tYqmYjEKD,1,BV17Qthe2EZd,1,0.38747,2
2644,3489,BV1MYCaYXEQ1,1,BV1VeMqzPE2m,1,0.41601,4
2644,3819,BV1MYCaYXEQ1,1,BV1KZLEznE3G,1,0.42742,2
2644,4626,BV1MYCaYXEQ1,1,BV1rgp2zrEDR,1,0.43024,1
2645,3351,BV18ACBYqEWp,1,BV1PZpMe2ENo,2,0.50552,1
2645,5116,BV18ACBYqEWp,1,BV1Wf8CzoEUG,1,0.4625,3
2645,5351,BV18ACBYqEWp,1,BV1swACzQEX5,1,0.45017,4
2646,5718,BV1BVkZYBEHT,1,BV1ZfqUBoEL3,1,0.37456,1
2647,3575,BV1cmkZYLEfX,1,BV1k6EPzjEbf,1,0.46382,3
2648,3325,BV1WPCFYpE1s,1,BV1nipteaEm2,1,0.49149,1
2648,3344,BV1WPCFYpE1s,1,BV1aHHxegEZE,1,0.40346,1
2648,3960,BV1WPCFYpE1s,1,BV19gohYdEN5,1,0.48,2
2648,4257,BV1WPCFYpE1s,1,BV1u1FCewEDC,1,0.39136,4
2649,2653,BV1nhCgYyE2D,1,BV1HAkdYqELH,1,0.40871,1
2649,4875,BV1nhCgYyE2D,1,BV17HTbzjEWT,1,0.33263,3
2650,3057,BV1rHkRYvEvu,1,BV15TyaYeEj6,1,0.63798,1
2650,3429,BV1rHkRYvEvu,1,BV12rUnBRE9b,1,0.48346,4
2650,5628,BV1rHkRYvEvu,1,BV1Qt6vBHEb4,1,0.53558,2
2651,2811,BV1EGkZYuEi3,1,BV1WB6FYEEEu,1,0.46674,2
2651,5631,BV1EGkZYuEi3,1,BV1RozfBdExN,1,0.45882,4
2651,5646,BV1EGkZYuEi3,1,BV13dkjBMEPY,1,0.34536,4
2652,3411,BV17ZCFYjEgh,1,BV19bMGz8Ewa,1,0.6235,2
2652,3890,BV17ZCFYjEgh,1,BV1cTfKYzEbN,1,0.63599,4
2652,4347,BV17ZCFYjEgh,1,BV13VfpYzEC5,1,0.67939,1
2652,4811,BV17ZCFYjEgh,1,BV1chemzTEwy,1,0.66476,4
2652,5044,BV17ZCFYjEgh,1,BV1Cib3zbExf,1,0.61462,2
2652,5204,BV17ZCFYjEgh,1,BV1fpgbzxEZJ,1,0.61717,3
2652,5327,BV17ZCFYjEgh,1,BV1S5iFBzE6f,1,0.58745,1
2653,2736,BV1HAkdYqELH,1,BV1RS6NYLEtc,1,0.38192,4
2653,2817,BV1HAkdYqELH,1,BV1ezzPYgETu,1,0.33083,4
2653,3437,BV1HAkdYqELH,1,BV1fJ2YBzEVp,1,0.40682,3
2653,3617,BV1HAkdYqELH,1,BV1aSjQzZEdG,1,0.45837,1
2654,2898,BV14KCPYqEV5,1,BV1dLm1YjEAo,1,0.55899,1
2654,4372,BV14KCPYqEV5,1,BV1VxUCBNE65,1,0.48772,2
2654,4710,BV14KCPYqEV5,1,BV1tHatz9EjT,1,0.4447,1
2654,4801,BV14KCPYqEV5,1,BV15rhQzNEz5,1,0.52492,1
2654,4897,BV14KCPYqEV5,1,BV1ZiYrz1EgZ,1,0.5027,1
2655,3698,BV1WckZY2EkX,1,BV11BEKzxE4w,1,0.38996,4
2655,3969,BV1WckZY2EkX,1,BV1fRXxY1EkH,1,0.41329,3
2655,5339,BV1WckZY2EkX,1,BV1kqZBB9EYr,1,0.47175,1
2656,2733,BV1XNCgYaEgL,1,BV1XCq5Y8EF4,1,0.39168,4
2656,3908,BV1XNCgYaEgL,1,BV1V4ZfYkEkX,1,0.41441,2
2656,4674,BV1XNCgYaEgL,1,BV1RbY5zvE28,1,0.49702,1
2656,5360,BV1XNCgYaEgL,1,BV1kmZgBVEvv,1,0.39459,3
2657,2673,BV18nCjY1E1H,1,BV14EkBYYEyX,1,0.44729,3
2657,2795,BV18nCjY1E1H,1,BV1fuzUYBEnF,1,0.47383,4
2657,3508,BV18nCjY1E1H,1,BV1iu7rzuEZU,1,0.41787,4
2657,3605,BV18nCjY1E1H,1,BV1VHjZzGEA3,1,0.42858,2
2657,4330,BV18nCjY1E1H,1,BV1VSfCYvEjo,1,0.38868,4
2657,4660,BV18nCjY1E1H,1,BV1NAezzWEDX,1,0.52523,1
2657,4679,BV18nCjY1E1H,1,BV15Badz2ETT,1,0.47627,1
2657,5670,BV18nCjY1E1H,1,BV1Q3rYBEEr7,1,0.40557,3
2657,5706,BV18nCjY1E1H,1,BV1aZqMBKE6Z,1,0.49711,4
2658,3681,BV1JKkdYvE1e,1,BV114EazfEch,1,0.43399,4
2658,4885,BV1JKkdYvE1e,1,BV1deYzzMEud,1,0.40376,4
2658,5375,BV1JKkdYvE1e,1,BV1pKAazJEkA,1,0.46382,1
2659,2690,BV1EskaYNEFQ,1,BV1LNk7YQES5,1,0.3445,3
2659,2800,BV1EskaYNEFQ,1,BV1xQ6MYrEd2,1,0.43229,1
2659,5333,BV1EskaYNEFQ,1,BV1VfwyzBEFL,1,0.42498,4
2659,5743,BV1EskaYNEFQ,1,BV12Wi3BAEud,1,0.48441,1
2661,3077,BV1M1kaYDE7D,1,BV18r2oYNEh9,1,0.40533,4
2661,3245,BV1M1kaYDE7D,1,BV15tt2eEEKu,1,0.50445,1
2661,4505,BV1M1kaYDE7D,1,BV1EsxxzpEe4,1,0.39128,3
2662,3441,BV1TjqDYREo1,1,BV1cxUKB6ELn,1,0.37865,4
2662,3859,BV1TjqDYREo1,1,BV1LjdkYtEh6,1,0.38421,3
2662,5209,BV1TjqDYREo1,1,BV1tvgezXE6c,1,0.4215,1
2662,5473,BV1TjqDYREo1,1,BV1JQcMzCEhb,1,0.35652,3
2662,5524,BV1TjqDYREo1,1,BV19NZ1BfEcK,1,0.36105,3
2663,3348,BV1mKCKYLEY8,1,BV1R6pGeCEiV,1,0.48892,2
2663,3657,BV1mKCKYLEY8,1,BV186JtztEjF,1,0.37165,3
2663,4505,BV1mKCKYLEY8,1,BV1EsxxzpEe4,1,0.36383,4
2663,5635,BV1mKCKYLEY8,1,BV1HzzeBwEXJ,1,0.36758,4
2664,3255,BV1pizdYNE6u,1,BV185tsemEWc,1,0.69712,1
2664,3296,BV1pizdYNE6u,1,BV1KKtNepEXH,1,0.57102,3
2664,4063,BV1pizdYNE6u,1,BV1qE9nYfEVm,1,0.47354,4
2664,4747,BV1pizdYNE6u,1,BV1PmaLzEEeN,1,0.5762,2
2665,3329,BV1VDC5Y7E6K,1,BV1SVHQerEz9,1,0.96406,1
2665,3649,BV1VDC5Y7E6K,1,BV1QLJ6zAE4Y,1,0.92672,4
2665,4100,BV1VDC5Y7E6K,1,BV1bP9PYNE4k,1,0.93235,3
2665,5749,BV1VDC5Y7E6K,1,BV1wVv6BzEBR,1,0.93615,2
2665,5778,BV1VDC5Y7E6K,1,BV1fkBNBkEoC,1,0.84285,4
2666,3110,BV1mKCKYLEbL,1,BV1Hh2gYxE2o,1,0.3682,2
2666,3647,BV1mKCKYLEbL,1,BV1hRJBzZEkq,1,0.35838,4
2666,5314,BV1mKCKYLEbL,1,BV1KawWziEUT,1,0.39525,1
2667,3261,BV1XnkvYeEko,1,BV1vH44eoEyR,1,0.47664,4
2667,5067,BV1XnkvYeEko,1,BV18ztmzuEdK,1,0.489,3
2667,5134,BV1XnkvYeEko,1,BV1NX8EzREuk,1,0.48356,4
2668,4175,BV1cGieY8EYK,1,BV1FdwQe5Efn,1,0.42946,1
2668,5545,BV1cGieY8EYK,1,BV1LRcLzRE3R,1,0.37434,3
2669,4291,BV1jykKYxE8C,1,BV1wpFaeEEPx,1,0.49913,1
2669,4721,BV1jykKYxE8C,1,BV1eMatzYE27,1,0.46187,1
2669,5380,BV1jykKYxE8C,1,BV1tvAaz8EV6,1,0.43485,4
2669,5584,BV1jykKYxE8C,1,BV1RpFfzrE5k,1,0.38874,3
2670,2898,BV1jykKYxE8C,2,BV1dLm1YjEAo,1,0.48375,2
2670,3405,BV1jykKYxE8C,2,BV1LxsTeiE6r,1,0.45402,1
2670,3447,BV1jykKYxE8C,2,BV1XC3NzmEP2,1,0.53847,1
2670,3680,BV1jykKYxE8C,2,BV1mLJPz4EQe,1,0.53132,1
2670,3761,BV1jykKYxE8C,2,BV1sMGzzeEeM,1,0.4855,4
2670,3866,BV1jykKYxE8C,2,BV1RRd6YXEx6,1,0.38389,4
2670,4317,BV1jykKYxE8C,2,BV1p2fJYJEEt,1,0.49867,4
2670,4482,BV1jykKYxE8C,2,BV175xMzKEiH,1,0.45546,3
2670,4897,BV1jykKYxE8C,2,BV1ZiYrz1EgZ,1,0.50241,2
2670,5692,BV1jykKYxE8C,2,BV1y7v9BVEvA,1,0.49484,2
2671,3142,BV1tWkMYmEBu,1,BV11M1qYwEw8,1,0.46532,1
2671,3698,BV1tWkMYmEBu,1,BV11BEKzxE4w,1,0.46281,2
2671,3905,BV1tWkMYmEBu,1,BV1TzZoYdEju,1,0.51998,1
2671,4474,BV1tWkMYmEBu,1,BV1csHGz3E7C,1,0.57468,2
2671,5069,BV1tWkMYmEBu,1,BV1xbtAzME84,1,0.43803,3
2671,5204,BV1tWkMYmEBu,1,BV1fpgbzxEZJ,1,0.56952,3
2671,5306,BV1tWkMYmEBu,1,BV13UAkzhEPa,1,0.4851,4
2671,5470,BV1tWkMYmEBu,1,BV1HVZqBHE1a,1,0.58635,1
2672,4517,BV1Bek4YXE9S,1,BV1WhJQzXEip,1,0.48759,1
2672,5661,BV1Bek4YXE9S,1,BV15riTBNEhw,1,0.43494,1
2673,3414,BV14EkBYYEyX,1,BV1GWmcBkE9F,1,0.45676,1
2673,3420,BV14EkBYYEyX,1,BV1qW29B8EJW,1,0.3824,3
2673,4660,BV14EkBYYEyX,1,BV1NAezzWEDX,1,0.42126,4
2673,4941,BV14EkBYYEyX,1,BV1qytZz1E9d,1,0.39825,4
2673,5703,BV14EkBYYEyX,1,BV14MquBbExk,1,0.45655,2
2674,2858,BV1mokmYtEUQ,1,BV12RB8YwE5u,1,0.42813,4
2674,3993,BV1mokmYtEUQ,1,BV1ezXRYJEug,1,0.49277,1
2674,5006,BV1mokmYtEUQ,1,BV13ZtAzEEDW,1,0.48768,2
2675,3255,BV15Ek2YiEzu,1,BV185tsemEWc,1,0.4477,3
2675,4685,BV15Ek2YiEzu,1,BV1PpeBzQEdY,1,0.41921,4
2675,5737,BV15Ek2YiEzu,1,BV1AWvWBZEE2,1,0.43926,4
2676,2711,BV1oSkyYiEvs,1,BV1opBGYFEcr,1,0.37972,3
2676,3475,BV1oSkyYiEvs,1,BV1TENizyEQa,1,0.43083,1
2676,4256,BV1oSkyYiEvs,1,BV1xKFzeGERG,1,0.37861,4
2677,3004,BV1ZxkCYAEmC,1,BV1pYSJYdEN8,1,0.44647,1
2677,5489,BV1ZxkCYAEmC,1,BV1M8ZhBjEmF,1,0.41993,3
2678,3920,BV1gfkkYQEnf,1,BV1SuZHYbEmV,1,0.37069,4
2679,3762,BV1G2kwYBEPD,1,BV1yxGizsEw6,1,0.46469,2
2679,3944,BV1G2kwYBEPD,1,BV11mZLYuEE1,1,0.45562,1
2680,2907,BV1XpkcYNEp2,1,BV1nTmoYHEXA,1,0.36925,3
2680,4980,BV1XpkcYNEp2,1,BV1A1tRzEE8e,1,0.40406,1
2680,5076,BV1XpkcYNEp2,1,BV1jCt2zmEk5,1,0.36362,4
2681,3887,BV1h7kMYQE9t,1,BV1DWd7Y1EM9,1,0.342,3
2681,4071,BV1h7kMYQE9t,1,BV1anX9YCEnr,1,0.42389,4
2681,4691,BV1h7kMYQE9t,1,BV1C9YGz6EwJ,1,0.4788,1
2681,4980,BV1h7kMYQE9t,1,BV1A1tRzEE8e,1,0.44489,1
2682,3548,BV1EBkKY8E54,1,BV13yTvzRESn,1,0.41929,3
2682,5312,BV1EBkKY8E54,1,BV1wPwvzsErR,1,0.44316,2
2682,5514,BV1EBkKY8E54,1,BV1SbZJB7EQg,1,0.45088,2
2683,2925,BV1qNkJY8EP4,1,BV1TXUTYhEMY,1,0.43941,2
2683,4230,BV1qNkJY8EP4,1,BV1fyNueaE1d,1,0.37578,3
2684,3531,BV1ogrfYvENe,1,BV1fwTTzSEhX,1,0.48558,3
2684,4093,BV1ogrfYvENe,1,BV1aSPheyEV4,1,0.45567,4
2684,4827,BV1ogrfYvENe,1,BV1bmepzEEg1,1,0.53315,2
2685,2874,BV1kCkcYDEwa,1,BV1YQBBYKEDL,1,0.44711,3
2685,3228,BV1kCkcYDEwa,1,BV1sasQegEw4,1,0.52982,3
2685,3337,BV1kCkcYDEwa,1,BV1VgH9epEP1,1,0.56106,4
2685,3455,BV1kCkcYDEwa,1,BV11GKmz3ESE,1,0.46217,4
2685,3644,BV1kCkcYDEwa,1,BV1TwJEzYEym,1,0.54305,1
2685,3857,BV1kCkcYDEwa,1,BV1dNoJY8EmM,1,0.40571,3
2685,4143,BV1kCkcYDEwa,1,BV1bfAsenEza,1,0.4643,1
2685,4147,BV1kCkcYDEwa,1,BV11YAheaEd1,1,0.47307,4
2685,4399,BV1kCkcYDEwa,1,BV18aWEz2ES8,1,0.6771,1
2685,5640,BV1kCkcYDEwa,1,BV1bfBZBkEQ8,1,0.37226,4
2686,3626,BV1pzB7Y9ETx,1,BV17NjGzxEXQ,1,0.43586,3
2686,3750,BV1pzB7Y9ETx,1,BV1TEVHzoEJm,1,0.59929,2
2686,4586,BV1pzB7Y9ETx,1,BV1eoWcziEGe,1,0.50061,4
2686,4899,BV1pzB7Y9ETx,1,BV1XEBMYjETQ,1,0.40381,2
2686,5621,BV1pzB7Y9ETx,1,BV17fz6BkEgz,1,0.54461,2
2687,2998,BV1DMqZYVENy,1,BV16NSZYbEz4,1,0.40787,1
2687,3083,BV1DMqZYVENy,1,BV1vnmVYXEws,1,0.36553,4
2687,4015,BV1DMqZYVENy,1,BV1vYQ5YMErH,1,0.37059,3
2688,3183,BV1f7kEYaEe6,1,BV1cw4m1U72r,1,0.42348,2
2689,3473,BV1yUkjYYEGe,1,BV1KxMizDEmK,1,0.35374,4
2689,3817,BV1yUkjYYEGe,1,BV1PwLHzxELA,1,0.43307,1
2689,4424,BV1yUkjYYEGe,1,BV16Z48zuEBR,1,0.36525,3
2690,3468,BV1LNk7YQES5,1,BV1CN73z8EaG,1,0.34782,2
2690,3743,BV1LNk7YQES5,1,BV1B6oJYiEzG,1,0.36063,1
2690,5743,BV1LNk7YQES5,1,BV12Wi3BAEud,1,0.33453,4
2691,4186,BV1gNBnYyEXu,1,BV1UkANe8EZL,1,0.32003,2
2692,3129,BV18tkGYhE7R,1,BV1Fo1vYQENB,1,0.32532,4
2692,3882,BV18tkGYhE7R,1,BV1MAdxYAEDM,1,0.33611,2
2693,3812,BV13fkgYaEUf,1,BV1gXLpzgEqN,1,0.44265,1
2693,5838,BV13fkgYaEUf,1,BV1SRmwBgEJE,1,0.41223,2
2694,3301,BV164qZYcEvK,1,BV1Pt48enEpr,1,0.62811,4
2694,3398,BV164qZYcEvK,1,BV1DRHMe9Ejg,1,0.67841,1
2694,3824,BV164qZYcEvK,1,BV12qLJzXEWV,1,0.41463,2
2694,4623,BV164qZYcEvK,1,BV1MJMpz7Ek8,1,0.62983,3
2694,5124,BV164qZYcEvK,1,BV12k82zNEf8,1,0.49011,3
2694,5161,BV164qZYcEvK,1,BV1Fnb9z6EyM,1,0.47914,2
2694,5824,BV164qZYcEvK,1,BV1Uuq3BiEKM,1,0.57631,1
2695,3049,BV1LJqfYRELH,1,BV1E122YQEaq,1,0.38131,3
2695,3401,BV1LJqfYRELH,1,BV1wrH5eZEBQ,1,0.44682,1
2695,4755,BV1LJqfYRELH,1,BV15JaVzfEHC,1,0.42193,4
2695,4960,BV1LJqfYRELH,1,BV1GhbMzKEYV,1,0.44612,2
2696,3383,BV1fnB5YuE2T,1,BV1UHnfexEkX,1,0.37535,4
2696,4845,BV1fnB5YuE2T,1,BV1CxYRzfE4Q,1,0.44647,1
2697,3295,BV1GpqfYXEUH,1,BV1mwtAejExk,1,0.5283,3
2697,4034,BV1GpqfYXEUH,1,BV1HoRhYqEV2,1,0.52827,3
2697,4692,BV1GpqfYXEUH,1,BV1hueKzgEmY,1,0.46696,4
2698,2855,BV1bEBLY8EUE,1,BV1WTmfYcEHC,1,0.49459,2
2698,5710,BV1bEBLY8EUE,1,BV1tVqmBzEPm,1,0.49651,1
2698,5799,BV1bEBLY8EUE,1,BV183qSBUES5,1,0.45551,4
2699,3337,BV13uqjYaE42,1,BV1VgH9epEP1,1,0.54725,1
2699,4563,BV13uqjYaE42,1,BV1jzpFzKEU7,1,0.47332,3
2700,3225,BV1bDqZYyEyc,1,BV1qtsRezEXc,1,0.52658,1
2700,3514,BV1bDqZYyEyc,1,BV1pKMgzBEwR,1,0.41807,3
2700,4579,BV1bDqZYyEyc,1,BV1kGnwzyEcB,1,0.5054,1
2700,4584,BV1bDqZYyEyc,1,BV1QAWPzgEA3,1,0.46331,3
2701,3402,BV1aGBLYeERy,1,BV1EpH3eVE1r,1,0.45491,2
2701,3947,BV1aGBLYeERy,1,BV1xfofYoEwZ,1,0.41339,1
2701,5400,BV1aGBLYeERy,1,BV1cYfbBhEnS,1,0.48617,1
2702,4960,BV1HqBLY7EUs,1,BV1GhbMzKEYV,1,0.48061,4
2702,5184,BV1HqBLY7EUs,1,BV1bzgLzMEUx,1,0.4931,2
2703,2707,BV18mBuYjEo4,1,BV1AoBTYaERc,1,0.4481,2
2703,3510,BV18mBuYjEo4,1,BV1S3j7zdEUR,1,0.44302,3
2703,4271,BV18mBuYjEo4,1,BV1CoFXeyEnk,1,0.47019,1
2703,5029,BV18mBuYjEo4,1,BV1gitwzyEKD,1,0.47164,4
2704,3852,BV17wqRYDEyN,1,BV1ubZpYvEZm,1,0.37665,4
2704,3858,BV17wqRYDEyN,1,BV1wGdZYjErt,1,0.61366,4
2704,4725,BV17wqRYDEyN,1,BV1DiYyzGEd8,1,0.63852,2
2705,2804,BV1jaBEYEE7x,1,BV1yaUBYLEkX,1,0.41071,2
2705,5310,BV1jaBEYEE7x,1,BV1LEwAzREk3,1,0.3921,4
2705,5688,BV1jaBEYEE7x,1,BV171vrBiEX6,1,0.40407,3
2706,3913,BV154BGYtELx,1,BV1A8ZZYQEWn,1,0.31096,3
2706,4944,BV154BGYtELx,1,BV1RktdzuE9s,1,0.32041,2
2706,5291,BV154BGYtELx,1,BV1t93tzgE2Y,1,0.30385,4
2706,5444,BV154BGYtELx,1,BV19xFszrERr,2,0.33028,1
2707,4986,BV1AoBTYaERc,1,BV1PhhGzzExU,1,0.4249,3
2708,3212,BV1uoz6YvEG9,1,BV12UxLe1EiG,1,0.40211,4
2709,4124,BV1NjBEYbEP6,1,BV1XGAfeSE4J,1,0.37592,2
2709,5217,BV1NjBEYbEP6,1,BV1segtzFEm7,1,0.37213,3
2710,3327,BV1fKBMYsECn,1,BV1RWpiekEkU,1,0.5933,4
2710,4165,BV1fKBMYsECn,1,BV13xAheMEN9,1,0.46963,4
2710,4260,BV1fKBMYsECn,1,BV1dqFee1E1S,1,0.52917,1
2710,4420,BV1fKBMYsECn,1,BV11j4iz8EyS,1,0.47537,4
2710,4595,BV1fKBMYsECn,1,BV1YApRzJEVH,1,0.59978,2
2710,5335,BV1fKBMYsECn,1,BV1nufzBdEKu,1,0.5114,4
2711,2822,BV1opBGYFEcr,1,BV1oGmRYgEry,1,0.39547,4
2711,3120,BV1opBGYFEcr,1,BV1bp2AYmEu1,1,0.48317,1
2713,2809,BV1YXqaY7E1z,1,BV1yD6KYeErh,1,0.47859,2
2713,2948,BV1YXqaY7E1z,1,BV1zWD6YjEpz,1,0.44168,4
2713,3611,BV1YXqaY7E1z,1,BV1tWjyzYESh,1,0.56265,1
2713,4354,BV1YXqaY7E1z,1,BV1WdfGYcEv5,1,0.43545,2
2713,5751,BV1YXqaY7E1z,1,BV1V1vvBGEDW,1,0.45442,3
2714,3746,BV1R3BLYNEEb,1,BV15PVHzTEyF,1,0.45049,1
2714,5197,BV1R3BLYNEEb,1,BV1ptgWzmEXX,1,0.36986,4
2715,4355,BV1xVBuYzEru,1,BV1B9fBY4EVA,1,0.35891,3
2716,4555,BV14sBLYxEsq,1,BV1KcnpzCEro,1,0.35264,3
2716,5375,BV14sBLYxEsq,1,BV1pKAazJEkA,1,0.37893,2
2717,2863,BV1EdqSYuEnn,1,BV1wTU9YUEPa,1,0.43903,2
2717,3129,BV1EdqSYuEnn,1,BV1Fo1vYQENB,1,0.47593,1
2717,4075,BV1EdqSYuEnn,1,BV1s698YiEyV,1,0.55182,1
2717,4366,BV1EdqSYuEnn,1,BV1s4UYB9EBQ,2,0.43453,3
2717,4646,BV1EdqSYuEnn,1,BV1nmpgz6Exq,1,0.37915,4
2718,2780,BV1Q7qaY3EVD,1,BV1i4ioYEET4,1,0.60401,1
2718,2849,BV1Q7qaY3EVD,1,BV1aazuYEEvb,1,0.37848,4
2718,3043,BV1Q7qaY3EVD,1,BV1tzy6YyEt4,1,0.59009,3
2718,3708,BV1Q7qaY3EVD,1,BV1Ky5KzmEr4,1,0.49155,4
2718,3979,BV1Q7qaY3EVD,1,BV1tWX6YPE6y,1,0.38053,4
2718,4484,BV1Q7qaY3EVD,1,BV1VtxgzNEpv,1,0.38515,2
2718,4667,BV1Q7qaY3EVD,1,BV1ymhRzoEwN,1,0.45188,3
2718,5303,BV1Q7qaY3EVD,1,BV1uAAPzUETn,1,0.4707,1
2718,5767,BV1Q7qaY3EVD,1,BV1VyBdB5EDi,1,0.34861,4
2719,2778,BV1yPqQYQEpF,1,BV1RKiZYDEX3,1,0.37049,3
2719,5251,BV1yPqQYQEpF,1,BV1oguGziEAd,1,0.41211,2
2719,5817,BV1yPqQYQEpF,1,BV1ABSnBQELh,1,0.35155,4
2720,2884,BV1KLq5YSEVy,1,BV1hqSuYVEG3,1,0.33844,1
2720,3555,BV1KLq5YSEVy,1,BV1jaTgzoEuW,1,0.33624,3
2720,3928,BV1KLq5YSEVy,1,BV1v3ZrYfEug,1,0.35198,3
2721,3008,BV1ziqtYkEaH,1,BV1kDSEYsENJ,1,0.63624,2
2721,4248,BV1ziqtYkEaH,1,BV1XRPde7Eug,1,0.56798,4
2721,4347,BV1ziqtYkEaH,1,BV13VfpYzEC5,1,0.68668,2
2721,4414,BV1ziqtYkEaH,1,BV1k1HPz9ErH,1,0.65083,1
2721,4928,BV1ziqtYkEaH,1,BV1HobYzsEkZ,1,0.69967,1
2721,5789,BV1ziqtYkEaH,1,BV1vqBMBCETk,1,0.66694,2
2722,5087,BV1Vsq4YwEPa,1,BV1SntqzrEF2,1,0.58515,4
2722,5438,BV1Vsq4YwEPa,1,BV1adfGBzEiT,1,0.45353,1
2723,3696,BV1yCqLYJE4z,1,BV1brVozZEix,1,0.57439,1
2723,3762,BV1yCqLYJE4z,1,BV1yxGizsEw6,1,0.42921,3
2723,3862,BV1yCqLYJE4z,1,BV1sydYY7EY6,1,0.42497,4
2724,4210,BV197qwYfEjg,1,BV1a9NqeFEzP,1,0.41882,1
2724,4905,BV197qwYfEjg,1,BV1t7YezyErR,1,0.33515,3
2725,2996,BV1qvikY2EQk,1,BV18MSLY4EyT,1,0.38723,2
2725,3217,BV1qvikY2EQk,1,BV1U2x7eRERp,1,0.44041,2
2725,3421,BV1qvikY2EQk,1,BV1Xd2oBPECb,1,0.45685,1
2726,2919,BV1FJqkYDEDZ,1,BV1F1mRYmESu,1,0.3942,4
2726,4464,BV1FJqkYDEDZ,1,BV1FGxJzTEBr,1,0.46482,1
2726,4876,BV1FJqkYDEDZ,1,BV1M9ePzaEwW,1,0.42931,3
2727,3449,BV1exqSYfEup,1,BV1LVKUz8EGa,1,0.40295,4
2727,3756,BV1exqSYfEup,1,BV133VHzaErX,1,0.42554,3
2727,4134,BV1exqSYfEup,1,BV12RAneqER3,1,0.51017,1
2727,4505,BV1exqSYfEup,1,BV1EsxxzpEe4,1,0.39787,2
2727,5821,BV1exqSYfEup,1,BV1vtmzBWE7z,1,0.34573,1
2728,3380,BV1kaBiY3Ech,1,BV1DjnfefEdU,1,0.38092,3
2728,4295,BV1kaBiY3Ech,1,BV1RVFhevEeF,1,0.38081,4
2728,4819,BV1kaBiY3Ech,1,BV1L8h1zEEbQ,1,0.39501,1
2728,5293,BV1kaBiY3Ech,1,BV15egQz7E7D,1,0.3837,2
2729,2816,BV1g2q2YUEaL,1,BV1bCzVYbEDc,1,0.58443,3
2729,3240,BV1g2q2YUEaL,1,BV1cotUeTEkN,1,0.56497,1
2729,5126,BV1g2q2YUEaL,1,BV1uu411i7D2,1,0.59119,2
2729,5222,BV1g2q2YUEaL,1,BV18Ju9zrEhm,1,0.5751,4
2730,2809,BV1Z5qLYuESW,1,BV1yD6KYeErh,1,0.3554,3
2730,3795,BV1Z5qLYuESW,1,BV1onLdzgECx,1,0.36669,2
2730,5508,BV1Z5qLYuESW,1,BV1nGZvB5E8P,1,0.3509,4
2731,2759,BV1VxiRY3EMY,1,BV1tsqpY1ER7,1,0.39635,2
2731,3409,BV1VxiRY3EMY,1,BV1F72yBkEar,1,0.46167,3
2731,3550,BV1VxiRY3EMY,1,BV1am7dzzEAs,1,0.40342,2
2731,4585,BV1VxiRY3EMY,1,BV1GrWwziEpY,1,0.37889,2
2731,4720,BV1VxiRY3EMY,1,BV14MahzcEab,1,0.4981,2
2731,5308,BV1VxiRY3EMY,1,BV12qksBpEG1,1,0.43605,4
2732,3208,BV1aGqTYBELx,1,BV1P1xFeYEmQ,1,0.43525,2
2732,5342,BV1aGqTYBELx,1,BV154S4BWEKe,1,0.3802,4
2733,2848,BV1XCq5Y8EF4,1,BV16MB9YDE3n,1,0.58512,1
2733,3741,BV1XCq5Y8EF4,1,BV13WVzz7EP7,1,0.53027,2
2733,4674,BV1XCq5Y8EF4,1,BV1RbY5zvE28,1,0.505,3
2734,4053,BV1MTqGY7EGP,1,BV1N9K5eREDo,1,0.53294,2
2734,5465,BV1MTqGY7EGP,1,BV1ZmZ6BRENJ,1,0.42498,1
2735,3672,BV1YmqTYyEaT,1,BV1h7VGziEc8,1,0.43498,3
2735,3738,BV1YmqTYyEaT,1,BV1X5VAz2EGn,1,0.43495,4
2735,4575,BV1YmqTYyEaT,1,BV1GpnTzVEM2,1,0.38197,3
2735,4796,BV1YmqTYyEaT,1,BV1muhmz6EFa,1,0.38342,3
2735,5021,BV1YmqTYyEaT,1,BV1P7b5zuEjC,1,0.41107,3
2736,2862,BV1RS6NYLEtc,1,BV1fbUXYCEov,1,0.43551,2
2736,5015,BV1RS6NYLEtc,1,BV1VBb5zRERb,1,0.33503,4
2736,5308,BV1RS6NYLEtc,1,BV12qksBpEG1,1,0.40264,3
2737,2914,BV19FzKYyEBJ,1,BV1toUFYyExZ,1,0.50876,4
2737,3352,BV19FzKYyEBJ,1,BV1HbpcepETH,1,0.56355,1
2737,4983,BV19FzKYyEBJ,1,BV1WctRzEESc,1,0.46587,4
2737,5142,BV19FzKYyEBJ,1,BV11ghwzGEo6,1,0.36495,3
2738,3334,BV1hYqJYkEQJ,1,BV1ZnHXeRE4r,1,0.38189,1
2738,3651,BV1hYqJYkEQJ,1,BV1C9EdzbEPP,1,0.34522,2
2739,2773,BV1qvz6YUEXN,1,BV16FiqYNE5E,1,0.43891,1
2739,2796,BV1qvz6YUEXN,1,BV1smi1YNEwG,1,0.37162,3
2739,3615,BV1qvz6YUEXN,1,BV1GHjGzyEGc,1,0.34783,3
2740,3118,BV1bnzHYjEe4,1,BV1B22AYwE94,1,0.40534,4
2740,4707,BV1bnzHYjEe4,1,BV1FbYTzpEGq,1,0.44639,2
2740,5402,BV1bnzHYjEe4,1,BV16YfbB8ESE,1,0.37162,4
2741,4002,BV1VTqEYrEA9,1,BV162RVYnEsJ,1,0.43342,2
2741,4721,BV1VTqEYrEA9,1,BV1eMatzYE27,1,0.43082,3
2741,5519,BV1VTqEYrEA9,1,BV17LFmzmEUg,1,0.41999,4
2742,5143,BV1HUq7Y9Erj,1,BV1Np8ozfE92,1,0.37101,1
2742,5779,BV1HUq7Y9Erj,1,BV1AyUTBjEB3,1,0.3507,3
2743,2940,BV1ALzpY6EMb,1,BV1PLmkYSE44,1,0.3477,1
2744,3649,BV1USq5YxEY4,1,BV1QLJ6zAE4Y,1,0.87552,3
2745,2747,BV1USq5YxEY4,2,BV1USq5YxEY4,4,0.67611,3
2745,2748,BV1USq5YxEY4,2,BV1USq5YxEY4,5,0.68892,3
2745,2749,BV1USq5YxEY4,2,BV1USq5YxEY4,6,0.78546,1
2746,2747,BV1USq5YxEY4,3,BV1USq5YxEY4,4,0.67087,1
2746,2748,BV1USq5YxEY4,3,BV1USq5YxEY4,5,0.58462,3
2746,2749,BV1USq5YxEY4,3,BV1USq5YxEY4,6,0.61507,2
2746,2751,BV1USq5YxEY4,3,BV1USq5YxEY4,8,0.58118,4
2747,2748,BV1USq5YxEY4,4,BV1USq5YxEY4,5,0.7156,1
2747,2749,BV1USq5YxEY4,4,BV1USq5YxEY4,6,0.7776,1
2747,2751,BV1USq5YxEY4,4,BV1USq5YxEY4,8,0.67084,2
2747,3164,BV1USq5YxEY4,4,BV1bw4geiEbd,1,0.60482,3
2747,3503,BV1USq5YxEY4,4,BV1kQMGzyEwt,1,0.38827,1
2747,4782,BV1USq5YxEY4,4,BV1MshdzYEg4,1,0.44461,3
2748,2749,BV1USq5YxEY4,5,BV1USq5YxEY4,6,0.71009,2
2748,2751,BV1USq5YxEY4,5,BV1USq5YxEY4,8,0.63183,4
2749,2751,BV1USq5YxEY4,6,BV1USq5YxEY4,8,0.61875,4
2749,2753,BV1USq5YxEY4,6,BV1USq5YxEY4,10,0.59344,4
2750,2753,BV1USq5YxEY4,7,BV1USq5YxEY4,10,0.65888,1
2750,3871,BV1USq5YxEY4,7,BV1GydaYbEUZ,1,0.84275,1
2750,4379,BV1USq5YxEY4,7,BV1RPmwB5Ejg,1,0.84025,2
2750,5390,BV1USq5YxEY4,7,BV1QJAzzXEup,1,0.75548,2
2750,5758,BV1USq5YxEY4,7,BV1AyBCBdEPq,1,0.81545,4
2751,3082,BV1USq5YxEY4,8,BV1K6mLYUEri,1,0.46928,3
2751,3105,BV1USq5YxEY4,8,BV11H29YnEds,1,0.64071,3
2752,3971,BV1USq5YxEY4,9,BV1NfQtYZEpX,1,0.8873,1
2752,4100,BV1USq5YxEY4,9,BV1bP9PYNE4k,1,0.88391,3
2752,5263,BV1USq5YxEY4,9,BV1M9MXziEQz,1,0.88544,2
2753,3717,BV1USq5YxEY4,10,BV1xhV2zREgd,1,0.5971,3
2753,3871,BV1USq5YxEY4,10,BV1GydaYbEUZ,1,0.61142,2
2754,3149,BV1YJ6FYhEDc,1,BV1fm19YzETm,1,0.49454,4
2754,3957,BV1YJ6FYhEDc,1,BV1roZPYYEqX,1,0.50108,2
2755,3320,BV1rbz6YXEMr,1,BV1A2pVebEn5,1,0.38251,3
2755,3460,BV1rbz6YXEMr,1,BV1gCNXzaEbc,1,0.4084,4
2755,4229,BV1rbz6YXEMr,1,BV15xNVewEiP,1,0.41196,3
2756,2911,BV1nNzqYkE69,1,BV1WPmfYwEbQ,1,0.64576,2
2756,3296,BV1nNzqYkE69,1,BV1KKtNepEXH,1,0.59737,1
2756,4546,BV1nNzqYkE69,1,BV1yunVzjE3D,1,0.57171,4
2756,4712,BV1nNzqYkE69,1,BV1tTaJzwEMu,1,0.49269,1
2756,5311,BV1nNzqYkE69,1,BV1LkAczsEb1,1,0.53458,3
2756,5485,BV1nNzqYkE69,1,BV1y9F6zBE6H,1,0.5147,4
2757,3560,BV1hBzoYQEEE,1,BV1Y3jhzNEWv,1,0.40406,2
2757,4818,BV1hBzoYQEEE,1,BV1JaemziEiK,1,0.39838,4
2757,5333,BV1hBzoYQEEE,1,BV1VfwyzBEFL,1,0.40335,3
2758,3570,BV1KdqAYXEoY,1,BV1TTJazqEYn,1,0.44937,1
2758,4306,BV1KdqAYXEoY,1,BV1z7FteNEsp,1,0.39351,4
2758,4718,BV1KdqAYXEoY,1,BV1VVarzqEso,1,0.43512,2
2758,5366,BV1KdqAYXEoY,1,BV1LBP5ztEAP,1,0.40862,3
2758,5831,BV1KdqAYXEoY,1,BV1hFUfBMECP,1,0.37548,4
2759,2841,BV1tsqpY1ER7,1,BV1RQt6eqEdb,1,0.34785,3
2759,3423,BV1tsqpY1ER7,1,BV1VWmcBkENX,1,0.42779,1
2759,3476,BV1tsqpY1ER7,1,BV1RAMCzUEzW,1,0.39121,3
2760,2888,BV1yVqHYPE4P,1,BV1tKUAYjEuz,1,0.44998,3
2760,3150,BV1yVqHYPE4P,1,BV1eX1QYtECN,1,0.39454,1
2760,3381,BV1yVqHYPE4P,1,BV1SSHPerEPg,1,0.44365,4
2760,5182,BV1yVqHYPE4P,1,BV1wTgpzVEJT,1,0.38806,4
2761,3807,BV1GJqsYoEQS,1,BV1sFLdzRERd,1,0.44161,3
2761,4167,BV1GJqsYoEQS,1,BV1hfNzeeEFT,1,0.43978,4
2762,3710,BV1YtzaYHERP,1,BV1abVnzcEFu,1,0.49226,1
2762,4736,BV1YtzaYHERP,1,BV1PCaVzVETV,1,0.41945,3
2762,5172,BV1YtzaYHERP,1,BV1J3gCzcEeg,1,0.36192,4
2763,2795,BV1kHi6YmEtn,1,BV1fuzUYBEnF,1,0.40281,4
2763,3015,BV1kHi6YmEtn,1,BV12g1TYEEWD,1,0.36421,1
2763,5427,BV1kHi6YmEtn,1,BV1hEfcBKEXu,1,0.41753,1
2764,3367,BV1HqzdYYEax,1,BV1M4HveZE2j,1,0.48253,4
2764,3588,BV1HqzdYYEax,1,BV1A872zcE3n,1,0.4845,3
2764,3753,BV1HqzdYYEax,1,BV1oToWYyEns,1,0.57015,1
2765,2967,BV1uEzYY7Eom,1,BV193DDYNEQe,1,0.44024,4
2765,3813,BV1uEzYY7Eom,1,BV1AALHzREDa,1,0.46141,1
2766,3832,BV14oi9YcErv,1,BV1wvLwzwEEt,1,0.44812,2
2766,4013,BV14oi9YcErv,1,BV1sB9DYtEPQ,1,0.37694,3
2766,4890,BV14oi9YcErv,1,BV1UdbtzSEwq,1,0.4412,4
2766,5371,BV14oi9YcErv,1,BV18wf1BRE1i,2,0.32629,4
2766,5817,BV14oi9YcErv,1,BV1ABSnBQELh,1,0.4721,2
2767,2775,BV1E1iqYeEJL,1,BV1WrqLYDEg3,1,0.44292,1
2767,5010,BV1E1iqYeEJL,1,BV1bytSzCEzA,1,0.42294,2
2767,5245,BV1E1iqYeEJL,1,BV1mPu8zeEVb,1,0.40934,4
2768,3303,BV1hmzSYaEF8,1,BV1W244e6E7o,1,0.47675,1
2769,3388,BV18FifYyEm3,1,BV1eQs7ebE3k,1,0.56816,1
2769,4279,BV18FifYyEm3,1,BV1E6F7ezEvL,1,0.54276,3
2769,5039,BV18FifYyEm3,1,BV1TAbMzsENN,1,0.54435,2
2769,5687,BV18FifYyEm3,1,BV1ykiMBWE6Q,1,0.39921,2
2770,3550,BV14KifY6EPE,1,BV1am7dzzEAs,1,0.34597,4
2770,4000,BV14KifY6EPE,1,BV12KQyYMEXm,1,0.38975,2
2770,5724,BV14KifY6EPE,1,BV1MhvpBPEi6,1,0.41236,1
2771,3248,BV1tUzwYxEsh,1,BV1q7tye7EYs,1,0.46513,1
2771,4720,BV1tUzwYxEsh,1,BV14MahzcEab,1,0.43116,3
2772,5679,BV1HkqVYGEK2,1,BV14CraBBEpp,1,0.51151,1
2773,3128,BV16FiqYNE5E,1,BV18t1kY9Esf,1,0.38932,3
2773,4064,BV16FiqYNE5E,1,BV16APxerEFM,1,0.40951,3
2773,5252,BV16FiqYNE5E,1,BV1zYuPzUE9C,1,0.39004,4
2774,2778,BV13jqnYVEx3,1,BV1RKiZYDEX3,1,0.43044,2
2774,3438,BV13jqnYVEx3,1,BV1by2YBsE4X,1,0.4368,4
2774,4390,BV13jqnYVEx3,1,BV1aH4gzAE3q,1,0.51245,3
2774,4510,BV13jqnYVEx3,1,BV1eCn9zLExc,1,0.49627,4
2774,4551,BV13jqnYVEx3,1,BV1Fdn3zTEpu,2,0.53395,2
2775,3013,BV1WrqLYDEg3,1,BV1ta1YYFEdD,1,0.41566,3
2775,3216,BV1WrqLYDEg3,1,BV1zUxEeVEa5,1,0.49694,2
2775,4557,BV1WrqLYDEg3,1,BV1EanhzsE1c,1,0.43205,4
2775,4817,BV1WrqLYDEg3,1,BV1Cye2zBEAN,1,0.552,2
2775,5245,BV1WrqLYDEg3,1,BV1mPu8zeEVb,1,0.57383,1
2776,3430,BV1Muq5Y9E3r,1,BV1XkSyBKEBC,1,0.94791,1
2776,5128,BV1Muq5Y9E3r,1,BV1uU8CzeEjg,1,0.89872,4
2776,5695,BV1Muq5Y9E3r,1,BV1XyiXBfEqB,1,0.92306,4
2777,3271,BV1AazYYBE8E,1,BV185tsemEfE,1,0.40115,3
2777,3509,BV1AazYYBE8E,1,BV1JQMJzZEvV,1,0.46982,1
2777,3700,BV1AazYYBE8E,1,BV1gdEuzkE1S,1,0.36825,4
2777,5039,BV1AazYYBE8E,1,BV1TAbMzsENN,1,0.44221,3
2778,4925,BV1RKiZYDEX3,1,BV1EsbYzjEb2,1,0.40926,4
2779,3187,BV1DbqLYfENW,1,BV1FGxaejEGo,1,0.42341,4
2779,3343,BV1DbqLYfENW,1,BV16Tp3e7En6,1,0.51896,2
2779,5204,BV1DbqLYfENW,1,BV1fpgbzxEZJ,1,0.53021,1
2779,5791,BV1DbqLYfENW,1,BV1bjqSBLEUu,1,0.37411,3
2780,4213,BV1i4ioYEET4,1,BV1EWNSeuENJ,1,0.42627,4
2780,5079,BV1i4ioYEET4,1,BV1yNt1z9ECt,1,0.50739,3
2780,5428,BV1i4ioYEET4,1,BV1xCFizfE3m,1,0.41507,2
2780,5704,BV1i4ioYEET4,1,BV12iSeB8EF4,1,0.42672,3
2781,3660,BV1w2qLYEEkr,1,BV1kNEQz1EnA,1,0.34797,3
2781,5070,BV1w2qLYEEkr,1,BV1Wd4RzmELG,1,0.35106,2
2781,5544,BV1w2qLYEEkr,1,BV1FccizpEDp,1,0.41847,1
2782,2919,BV1ZPiUYwEtY,1,BV1F1mRYmESu,1,0.49707,1
2782,3850,BV1ZPiUYwEtY,1,BV1avouYFEZw,1,0.46152,4
2783,2887,BV1SdUoYrEC3,1,BV1Z5DpYbEaP,1,0.44868,4
2783,3445,BV1SdUoYrEC3,1,BV13ik6BuEmW,1,0.47892,1
2784,3873,BV1vFikY6ESk,1,BV1LvdDY7EAK,1,0.38558,3
2784,4715,BV1vFikY6ESk,1,BV11gakztEkS,1,0.41031,2
2784,5152,BV1vFikY6ESk,1,BV1tD8uzNEjv,1,0.40104,3
2785,4002,BV1oei6YBExF,1,BV162RVYnEsJ,1,0.42423,3
2785,4294,BV1oei6YBExF,1,BV1JPFherEnF,1,0.48386,1
2785,4553,BV1oei6YBExF,1,BV1QgnGzdERh,1,0.41587,4
2786,3391,BV1Gci6YwEuL,1,BV1wKYCevEZD,1,0.38875,2
2786,3464,BV1Gci6YwEuL,1,BV1aCNCz6EqV,1,0.64186,1
2786,3475,BV1Gci6YwEuL,1,BV1TENizyEQa,1,0.60456,2
2786,3667,BV1Gci6YwEuL,1,BV1EvJVzvEDd,1,0.52991,2
2786,3737,BV1Gci6YwEuL,1,BV1rvVczsEfe,1,0.66672,1
2786,4052,BV1Gci6YwEuL,1,BV1N79JYrE2U,1,0.52874,2
2786,4142,BV1Gci6YwEuL,1,BV11pApeTEth,1,0.47343,3
2786,4226,BV1Gci6YwEuL,1,BV1NfNGeSEML,1,0.52155,3
2786,4342,BV1Gci6YwEuL,1,BV15gfoYzEpr,1,0.42792,4
2786,4587,BV1Gci6YwEuL,1,BV1TepQzaEWt,1,0.40914,4
2786,4772,BV1Gci6YwEuL,1,BV1N5YDzQEs9,1,0.53243,4
2786,4979,BV1Gci6YwEuL,1,BV1j7tRzqEuq,1,0.61063,3
2786,5330,BV1Gci6YwEuL,1,BV18Rw4z7E1o,1,0.42565,2
2786,5482,BV1Gci6YwEuL,1,BV1E5cHzjEfW,1,0.59178,2
2786,5505,BV1Gci6YwEuL,1,BV1bBZxBvEdf,1,0.5347,1
2787,3453,BV1G8iRYBEw5,1,BV1HJKmzqENB,1,0.46881,1
2787,4029,BV1G8iRYBEw5,1,BV1oGRVYCEYp,1,0.37614,4
2788,3071,BV1cjiiYvEFC,1,BV1aYmKYaEeZ,1,0.44886,4
2788,3101,BV1cjiiYvEFC,1,BV1Ji2YYnEDQ,1,0.6087,1
2788,3439,BV1cjiiYvEFC,1,BV1d8UsBUE4n,1,0.56742,3
2788,4291,BV1cjiiYvEFC,1,BV1wpFaeEEPx,1,0.46039,4
2788,4299,BV1cjiiYvEFC,1,BV1vtF8eKEvE,2,0.40136,4
2788,4572,BV1cjiiYvEFC,1,BV17aJ1zoEnB,1,0.5328,3
2788,5353,BV1cjiiYvEFC,1,BV1SCPvzyE1V,1,0.48324,4
2788,5382,BV1cjiiYvEFC,1,BV1svADzGE5m,1,0.57399,2
2789,3360,BV1JnifYcEYz,1,BV1D7HyeRE26,1,0.43348,2
2789,4559,BV1JnifYcEYz,1,BV1zYngzAEbQ,1,0.37699,4
2790,3238,BV124iZYTEXg,1,BV1gNsCedEHn,1,0.52293,3
2790,4948,BV124iZYTEXg,1,BV1hBtSzmE9J,1,0.52673,2
2790,5382,BV124iZYTEXg,1,BV1svADzGE5m,1,0.50167,4
2791,4045,BV1mBieYrEZd,1,BV11aAbesE3W,1,0.45103,4
2791,4564,BV1mBieYrEZd,1,BV1nrJ9zXEWD,1,0.48559,1
2791,5207,BV1mBieYrEZd,1,BV1vEgazdEw5,1,0.60001,1
2791,5642,BV1mBieYrEZd,1,BV1Msz3BVEDx,1,0.54562,4
2791,5747,BV1mBieYrEZd,1,BV1vXiPBFEkR,1,0.57654,2
2792,5169,BV1X8zRYEE12,1,BV1B934znE6T,1,0.36481,4
2792,5488,BV1X8zRYEE12,1,BV1GAZuBxEqo,1,0.39454,2
2793,4717,BV1W3ifYTEmo,1,BV1UrabzfEU7,1,0.47812,4
2793,5706,BV1W3ifYTEmo,1,BV1aZqMBKE6Z,1,0.48689,3
2793,5752,BV1W3ifYTEmo,1,BV1V1vvBGEDW,2,0.50643,1
2794,3903,BV185iYYuE6B,1,BV11rRSY8Emu,1,0.48581,2
2795,3063,BV1fuzUYBEnF,1,BV1DCCQY2EjZ,1,0.42073,2
2795,3632,BV1fuzUYBEnF,1,BV1YYjuzzEcN,1,0.43858,3
2795,3652,BV1fuzUYBEnF,1,BV1C9EdzbEPP,2,0.50091,1
2795,3660,BV1fuzUYBEnF,1,BV1kNEQz1EnA,1,0.4281,4
2795,5706,BV1fuzUYBEnF,1,BV1aZqMBKE6Z,1,0.48064,3
2797,3043,BV1hb6wYAEhc,1,BV1tzy6YyEt4,1,0.51841,2
2797,3264,BV1hb6wYAEhc,1,BV1gQtpeyEFg,1,0.53213,1
2797,3911,BV1hb6wYAEhc,1,BV1nafTY3Esd,1,0.44288,2
2797,5531,BV1hb6wYAEhc,1,BV1aCkYBnEgs,1,0.51562,3
2798,2846,BV1zYzQYSEnK,1,BV1hPBCYCEdr,1,0.8899,3
2798,3430,BV1zYzQYSEnK,1,BV1XkSyBKEBC,1,0.92479,2
2799,4181,BV1sczDYXEWU,1,BV12rAAepEeu,1,0.37282,3
2800,3158,BV1xQ6MYrEd2,1,BV1zqtVeAEQc,1,0.31416,4
2801,3727,BV154zCYDEXV,1,BV1uz5MzfExY,1,0.46419,3
2801,3959,BV154zCYDEXV,1,BV1q3o2Y3E4B,1,0.48048,1
2801,4624,BV154zCYDEXV,1,BV1mppwzRE3L,1,0.46163,1
2801,4899,BV154zCYDEXV,1,BV1XEBMYjETQ,1,0.38319,4
2801,5538,BV154zCYDEXV,1,BV1MhzfByEiw,1,0.43999,4
2802,3647,BV1bEzHYmErZ,1,BV1hRJBzZEkq,1,0.44442,1
2802,3727,BV1bEzHYmErZ,1,BV1uz5MzfExY,1,0.42891,2
2802,4721,BV1bEzHYmErZ,1,BV1eMatzYE27,1,0.41055,4
2802,5685,BV1bEzHYmErZ,1,BV1yKi9ByEFN,1,0.41109,3
2803,2832,BV1zfzRYbEP2,1,BV174zVYgEoi,1,0.41117,3
2803,4890,BV1zfzRYbEP2,1,BV1UdbtzSEwq,1,0.44216,2
2803,5357,BV1zfzRYbEP2,1,BV1kHPqzqEjW,1,0.43992,3
2804,4447,BV1yaUBYLEkX,1,BV1jR4czUE7E,1,0.35095,4
2805,2811,BV1yaUBYLEkX,2,BV1WB6FYEEEu,1,0.423,3
2805,4305,BV1yaUBYLEkX,2,BV1UPF8eQEGn,1,0.41962,4
2805,4822,BV1yaUBYLEkX,2,BV16Ne2zNECL,1,0.40212,3
2805,4972,BV1yaUBYLEkX,2,BV1deb5z4EWf,1,0.4398,1
2805,5269,BV1yaUBYLEkX,2,BV19A3Tz9EPe,1,0.36979,3
2806,3558,BV1Rm6NY2EiW,1,BV1imE1zXE6b,1,0.45333,3
2806,4085,BV1Rm6NY2EiW,1,BV1c6ASe6EEt,1,0.43264,2
2807,3768,BV1kG6KY8Eru,1,BV11AoTYVEDe,1,0.52247,1
2807,5070,BV1kG6KY8Eru,1,BV1Wd4RzmELG,1,0.47523,2
2808,5690,BV1z36wYyEcX,1,BV1BerKBUENt,1,0.40874,3
2808,5780,BV1z36wYyEcX,1,BV1VnmcByE4F,1,0.37663,4
2809,2948,BV1yD6KYeErh,1,BV1zWD6YjEpz,1,0.48725,3
2809,3372,BV1yD6KYeErh,1,BV1XpHqeuEE1,1,0.4653,2
2809,3601,BV1yD6KYeErh,1,BV1HRjuzsEkc,1,0.44551,1
2809,3611,BV1yD6KYeErh,1,BV1tWjyzYESh,1,0.55079,1
2809,3870,BV1yD6KYeErh,1,BV1xZdaYSEqx,1,0.44823,2
2809,4319,BV1yD6KYeErh,1,BV1Hsq5YCEEE,1,0.41572,3
2809,4801,BV1yD6KYeErh,1,BV15rhQzNEz5,1,0.49417,3
2809,5316,BV1yD6KYeErh,1,BV1uqw8z4EfC,1,0.4986,2
2809,5751,BV1yD6KYeErh,1,BV1V1vvBGEDW,1,0.48478,4
2810,3565,BV15azpYZEJa,1,BV1Wsjbz2E6y,1,0.48609,2
2810,4708,BV15azpYZEJa,1,BV1wiarzQEqe,1,0.46892,4
2811,3419,BV1WB6FYEEEu,1,BV1VH2sBuEcG,1,0.43625,3
2811,4067,BV1WB6FYEEEu,1,BV1xA9FYJEvJ,1,0.44529,3
2811,4675,BV1WB6FYEEEu,1,BV1zXYMzRE2E,1,0.3485,4
2811,4699,BV1WB6FYEEEu,1,BV1skYgzgE8W,1,0.41633,2
2811,5125,BV1WB6FYEEEu,1,BV1SK88zREu2,1,0.48578,1
2811,5168,BV1WB6FYEEEu,1,BV1hF8TzhEL6,1,0.39101,2
2811,5332,BV1WB6FYEEEu,1,BV1bmwRzdET9,1,0.49102,1
2811,5807,BV1WB6FYEEEu,1,BV1qjqqBoEfD,1,0.51935,1
2812,3323,BV13yzfYxEpg,1,BV1tJpqeNEfd,1,0.38242,4
2812,5636,BV13yzfYxEpg,1,BV1aFzvBmE63,1,0.46902,1
2813,3422,BV1hE6TYLE1j,1,BV1mZ2XBjERh,1,0.371,4
2813,4193,BV1hE6TYLE1j,1,BV1zZAAerE1m,1,0.44694,4
2813,4961,BV1hE6TYLE1j,1,BV13mb5zUE2m,1,0.43879,1
2813,5140,BV1hE6TYLE1j,1,BV1UPhwzjEFr,1,0.46671,2
2813,5721,BV1hE6TYLE1j,1,BV1jziuB5E7X,1,0.48203,1
2814,3851,BV1oxBtYgEFe,1,BV1G4AWeWErY,1,0.38044,2
2814,4154,BV1oxBtYgEFe,1,BV1asAkeqEX7,1,0.47892,4
2814,5309,BV1oxBtYgEFe,1,BV1BVwUzREDd,1,0.35615,2
2815,2900,BV1B7DVYiE4M,1,BV1MuUEY8EPW,1,0.52857,1
2815,5186,BV1B7DVYiE4M,1,BV18K8uzNEgU,1,0.41991,3
2815,5566,BV1B7DVYiE4M,1,BV1UskuBLEeS,1,0.40604,4
2816,4094,BV1bCzVYbEDc,1,BV1PFN1euEEx,1,0.40945,4
2816,4170,BV1bCzVYbEDc,1,BV1WkwSeLEQg,1,0.70058,1
2816,4336,BV1bCzVYbEDc,1,BV13jfoYvEFV,1,0.4876,3
2816,4835,BV1bCzVYbEDc,1,BV1s2eEzYEmR,1,0.42236,4
2816,5216,BV1bCzVYbEDc,1,BV1VRudzxESE,1,0.45272,3
2816,5367,BV1bCzVYbEDc,1,BV138fzBGEpn,1,0.53086,2
2816,5784,BV1bCzVYbEDc,1,BV1c1BTBJENn,1,0.5081,1
2818,3121,BV1nezHYqERH,1,BV1vZijeRE6d,1,0.58582,2
2818,4696,BV1nezHYqERH,1,BV1aVYVzoE6P,3,0.43494,1
2818,5839,BV1nezHYqERH,1,BV18TUQBJERZ,1,0.55246,4
2819,3318,BV1iNzdYsEny,1,BV1v84Ye1Ehc,1,0.43243,3
2819,3377,BV1iNzdYsEny,1,BV1pyYCeBExh,1,0.51693,3
2819,3623,BV1iNzdYsEny,1,BV1YYj3z7E15,1,0.42962,3
2819,4074,BV1iNzdYsEny,1,BV1ooXZYeED1,1,0.42058,2
2819,4081,BV1iNzdYsEny,1,BV15EA9e3EZB,1,0.43851,2
2819,4202,BV1iNzdYsEny,1,BV1uzKGe4Ey6,1,0.60109,1
2819,4303,BV1iNzdYsEny,1,BV1RCF4etEnV,1,0.40641,4
2819,4382,BV1iNzdYsEny,1,BV1MvyjBzEFz,1,0.41108,2
2819,5073,BV1iNzdYsEny,1,BV1Zwtqz9EyQ,1,0.46959,1
2819,5304,BV1iNzdYsEny,1,BV1tmwRzdEW4,1,0.39293,4
2819,5744,BV1iNzdYsEny,1,BV1XjBjBFE79,1,0.63986,1
2820,3640,BV1KuzVYXEg6,1,BV1cyEfzAEyN,1,0.48212,3
2820,4321,BV1KuzVYXEg6,1,BV17ZwPeqEjy,1,0.50936,4
2821,3670,BV1qAzdYdEKb,1,BV1KxEFz3Exz,1,0.51563,1
2821,5184,BV1qAzdYdEKb,1,BV1bzgLzMEUx,1,0.50021,3
2821,5528,BV1qAzdYdEKb,1,BV1nkcizWEH1,1,0.48789,4
2821,5717,BV1qAzdYdEKb,1,BV1o8ijBYEtY,1,0.50929,2
2823,3607,BV1p2UhYXExj,1,BV1Zq7Gz4EHy,1,0.37796,3
2823,5125,BV1p2UhYXExj,1,BV1SK88zREu2,1,0.38028,2
2824,3309,BV1TkznYVEZS,1,BV1XV4CeTEQY,1,0.45126,2
2824,3982,BV1TkznYVEZS,1,BV1kMX5YEEGC,1,0.39654,4
2824,4720,BV1TkznYVEZS,1,BV14MahzcEab,1,0.45385,1
2825,3488,BV1cLzpYzEtA,1,BV1pzNhzREKj,1,0.36426,4
2825,4172,BV1cLzpYzEtA,1,BV1hnAKeeEYY,1,0.3941,1
2825,5485,BV1cLzpYzEtA,1,BV1y9F6zBE6H,1,0.38468,3
2826,3401,BV1i8zpYFErF,1,BV1wrH5eZEBQ,1,0.61329,1
2826,3487,BV1i8zpYFErF,1,BV12QN8zoEdN,1,0.46959,4
2826,4541,BV1i8zpYFErF,1,BV1wnWVzSErT,1,0.48351,1
2826,4625,BV1i8zpYFErF,1,BV1hJp6z3Eft,1,0.43526,4
2827,4691,BV1VezpY4Eiu,1,BV1C9YGz6EwJ,1,0.50012,1
2828,3080,BV1CyzEYAEhn,1,BV1ERmLYMECV,1,0.47563,4
2828,3719,BV1CyzEYAEhn,1,BV19xLczEEYB,1,0.44902,3
2828,3964,BV1CyzEYAEhn,1,BV1YYoCYbEzN,1,0.50404,2
2828,5116,BV1CyzEYAEhn,1,BV1Wf8CzoEUG,1,0.54771,1
2829,2911,BV1SZzYYSEXZ,1,BV1WPmfYwEbQ,1,0.6431,4
2829,4554,BV1SZzYYSEXZ,1,BV1ZrnGzvEx7,1,0.63729,4
2829,4749,BV1SZzYYSEXZ,1,BV1kaajz7EkA,1,0.69245,2
2829,4760,BV1SZzYYSEXZ,1,BV1pAaVz6E5H,1,0.49684,3
2829,4911,BV1SZzYYSEXZ,1,BV1MWtUzuEkJ,1,0.60264,3
2829,5573,BV1SZzYYSEXZ,1,BV1CiFXzBEth,1,0.6983,1
2830,3108,BV1UBUyYvEXr,1,BV1qW2VYoEqn,1,0.38207,2
2830,5020,BV1UBUyYvEXr,1,BV1WqtzzBExP,1,0.41085,1
2831,3246,BV1icU1YSEhY,1,BV1QHtQeoEop,1,0.50764,2
2831,3336,BV1icU1YSEhY,1,BV1QaHXe7ERX,1,0.47471,1
2831,3826,BV1icU1YSEhY,1,BV1C6LbzkETu,1,0.50148,3
2831,4094,BV1icU1YSEhY,1,BV1PFN1euEEx,1,0.47649,2
2832,5081,BV174zVYgEoi,1,BV1PDtizAEYR,1,0.41125,2
2833,3788,BV1jLzjYLEFj,1,BV13fLmzVEqm,1,0.54127,3
2833,4804,BV1jLzjYLEFj,1,BV19AhQzcEuq,1,0.52057,4
2833,5288,BV1jLzjYLEFj,1,BV1gB39zjEvv,1,0.43128,2
2834,4738,BV1jLzjYLEFj,2,BV1euazzaEt8,1,0.4442,4
2835,3954,BV1vzzBYuEXc,1,BV1euZ5YjEup,1,0.58075,1
2835,4668,BV1vzzBYuEXc,1,BV1vdaRzLER2,1,0.46338,4
2836,2976,BV1MczFYDEYs,1,BV18dS6YhEGX,1,0.48612,1
2836,2978,BV1MczFYDEYs,1,BV1yJDHYTEod,1,0.40806,4
2836,3490,BV1MczFYDEYs,1,BV1KQMUzHEBF,1,0.41457,3
2836,5343,BV1MczFYDEYs,1,BV18AfsBeEtM,1,0.45895,1
2837,4098,BV1pozVYSEyN,1,BV11LKTeqEjN,1,0.42667,1
2838,3940,BV1bBzaYyEgv,1,BV1DxoZY8Ek6,1,0.36931,2
2838,5751,BV1bBzaYyEgv,1,BV1V1vvBGEDW,1,0.37946,1
2839,4135,BV1h8zzYPEqs,1,BV19vAzeAEeo,1,0.56639,1
2839,4539,BV1h8zzYPEqs,1,BV1ydnSzDEHS,1,0.44362,3
2839,4772,BV1h8zzYPEqs,1,BV1N5YDzQEs9,1,0.55557,1
2839,5505,BV1h8zzYPEqs,1,BV1bBZxBvEdf,1,0.53004,2
2839,5721,BV1h8zzYPEqs,1,BV1jziuB5E7X,1,0.4498,3
2841,2983,BV1RQt6eqEdb,1,BV15fSZYpEkv,1,0.34404,4
2841,3186,BV1RQt6eqEdb,1,BV1B6xveXEq7,1,0.35511,2
2841,5839,BV1RQt6eqEdb,1,BV18TUQBJERZ,1,0.36782,1
2842,3637,BV1RQt6eqEdb,2,BV1fcJ6zkEov,1,0.46033,2
2842,5737,BV1RQt6eqEdb,2,BV1AWvWBZEE2,1,0.48453,1
2843,2865,BV1HWUTYnELp,1,BV1B9BkYHEjW,1,0.40068,3
2843,3037,BV1HWUTYnELp,1,BV1KRyUYiEX2,1,0.35379,2
2843,4295,BV1HWUTYnELp,1,BV1RVFhevEeF,1,0.44571,2
2843,4718,BV1HWUTYnELp,1,BV1VVarzqEso,1,0.39229,4
2844,4255,BV1uGzhYCERS,1,BV1JJFre3EaR,1,0.4776,4
2844,5336,BV1uGzhYCERS,1,BV16oNAzzEHV,1,0.47783,3
2845,3024,BV1aNBRYkEuq,1,BV1XG1bY4EXf,1,0.48074,3
2845,3183,BV1aNBRYkEuq,1,BV1cw4m1U72r,1,0.41627,3
2845,3382,BV1aNBRYkEuq,1,BV1PxH7eiENf,1,0.48789,3
2845,3496,BV1aNBRYkEuq,1,BV1oj7eznEjc,1,0.38658,4
2845,3586,BV1aNBRYkEuq,1,BV12QjezYEu8,1,0.44593,4
2845,3705,BV1aNBRYkEuq,1,BV1cBVZzSEcU,1,0.47397,4
2845,4178,BV1aNBRYkEuq,1,BV154A5eYEWG,1,0.52166,3
2845,4604,BV1aNBRYkEuq,1,BV1jjp9zDEU4,1,0.55086,2
2845,4789,BV1aNBRYkEuq,1,BV18ovczdEco,1,0.5168,1
2845,4853,BV1aNBRYkEuq,1,BV1iUehzSEBZ,1,0.44232,3
2847,3459,BV1xYBQYdEoH,1,BV1aZNQzAEX5,1,0.43635,2
2847,4971,BV1xYBQYdEoH,1,BV1eetSznEc8,1,0.41718,1
2847,5751,BV1xYBQYdEoH,1,BV1V1vvBGEDW,1,0.46096,1
2848,3211,BV16MB9YDE3n,1,BV1XsxEefExH,1,0.53327,4
2848,3332,BV16MB9YDE3n,1,BV1QqpbeSEoc,1,0.4527,2
2848,5050,BV16MB9YDE3n,1,BV17qbNzeEGr,1,0.54583,3
2849,2938,BV1aazuYEEvb,1,BV1r5DBYyExy,1,0.4052,2
2849,3475,BV1aazuYEEvb,1,BV1TENizyEQa,1,0.39974,3
2850,3212,BV1dfzNYLEDv,1,BV12UxLe1EiG,1,0.42626,1
2850,3749,BV1dfzNYLEDv,1,BV1wDVFzxEov,1,0.39794,2
2850,4977,BV1dfzNYLEDv,1,BV1uKtSz6EgF,1,0.37957,3
2851,3592,BV1GVB4YYEst,1,BV1kM7mzPEim,1,0.47744,1
2851,4116,BV1GVB4YYEst,1,BV1yEAReFEm9,1,0.51885,2
2851,4525,BV1GVB4YYEst,1,BV1egnZzWEgC,1,0.39182,3
2851,5177,BV1GVB4YYEst,1,BV1qTgtzmEGt,1,0.50619,4
2851,5348,BV1GVB4YYEst,1,BV1t2PczyEU8,1,0.55775,1
2852,3128,BV1ckzAYJEaZ,1,BV18t1kY9Esf,1,0.40482,1
2852,4787,BV1ckzAYJEaZ,1,BV1EhhSzPEVy,1,0.45026,4
2852,5062,BV1ckzAYJEaZ,1,BV1CgtVzcEwD,1,0.49687,1
2853,3166,BV1ZGBHYZERU,1,BV15DxZeLE4o,1,0.49591,2
2853,3980,BV1ZGBHYZERU,1,BV1GoX6YrE5p,1,0.46812,3
2853,4339,BV1ZGBHYZERU,1,BV1LucAetETn,1,0.4662,1
2853,5126,BV1ZGBHYZERU,1,BV1uu411i7D2,1,0.49837,1
2853,5334,BV1ZGBHYZERU,1,BV1bgwizuEvT,1,0.38844,3
2853,5750,BV1ZGBHYZERU,1,BV1UTmFBeEXn,1,0.49238,3
2854,3759,BV1XvBtYTES3,1,BV1JaGiznEZ2,1,0.4006,4
2854,4857,BV1XvBtYTES3,1,BV1w9YZzMErC,1,0.46202,1
2854,5395,BV1XvBtYTES3,1,BV1QxPLzsEeX,1,0.42898,2
2855,3161,BV1WTmfYcEHC,1,BV1watVeqE9r,1,0.37691,2
2855,3285,BV1WTmfYcEHC,1,BV1xJ4UeBENp,1,0.4243,4
2855,5160,BV1WTmfYcEHC,1,BV1t5bUzuEVY,1,0.56138,1
2855,5317,BV1WTmfYcEHC,1,BV1R1AczHEwL,1,0.38206,2
2855,5733,BV1WTmfYcEHC,1,BV1mcicBMEVu,1,0.34577,3
2856,3293,BV13SmUYDEeC,1,BV1zHW2emE6c,1,0.40047,3
2856,3722,BV13SmUYDEeC,1,BV1Ca5TzyEgs,1,0.40593,2
2856,5596,BV13SmUYDEeC,1,BV1JPFEzYELd,1,0.40134,3
2857,3681,BV1WUBxYSEPK,1,BV114EazfEch,1,0.38352,4
2857,4524,BV1WUBxYSEPK,1,BV1xDnizmEu9,1,0.4136,1
2857,4715,BV1WUBxYSEPK,1,BV11gakztEkS,1,0.4066,2
2858,3466,BV12RB8YwE5u,1,BV1P4NfzBEM9,1,0.46232,1
2858,5528,BV12RB8YwE5u,1,BV1nkcizWEH1,1,0.43217,3
2859,3957,BV17JB2YcENd,1,BV1roZPYYEqX,1,0.46026,1
2859,4454,BV17JB2YcENd,1,BV1smxYzSEtN,1,0.45586,2
2859,5095,BV17JB2YcENd,1,BV1eWhuz2Eyi,1,0.39635,4
2860,2920,BV1boURYPEhS,1,BV15bmbYYEk2,1,0.56558,3
2860,3770,BV1boURYPEhS,1,BV1K55WzwEpF,1,0.58333,2
2860,4647,BV1boURYPEhS,1,BV1EAYLzGE4f,1,0.45251,2
2860,5715,BV1boURYPEhS,1,BV1PRivBFEwh,1,0.39463,4
2861,4376,BV1AQB2YuENH,1,BV1SWmMBREu5,1,0.42459,2
2861,4588,BV1AQB2YuENH,1,BV1eoWAz5Etb,1,0.3806,3
2861,5201,BV1AQB2YuENH,1,BV1msgjziEyh,1,0.40872,1
2862,3476,BV1fbUXYCEov,1,BV1RAMCzUEzW,1,0.42768,4
2863,4436,BV1wTU9YUEPa,1,BV1WU4NzuETi,1,0.44309,1
2864,3314,BV14JURYbEUJ,1,BV1j8pJeeEX2,1,0.47898,2
2864,3758,BV14JURYbEUJ,1,BV1WYV5zPEk3,1,0.38167,2
2864,4600,BV14JURYbEUJ,1,BV1ftWLzQEh2,1,0.45877,3
2864,5238,BV14JURYbEUJ,1,BV1bV3Ez2Eyk,1,0.45214,4
2865,3344,BV1B9BkYHEjW,1,BV1aHHxegEZE,1,0.39723,2
2865,3448,BV1B9BkYHEjW,1,BV1mTg6zKEeE,1,0.48282,1
2865,4027,BV1B9BkYHEjW,1,BV1rpRYYBEuf,1,0.43615,3
2865,4301,BV1B9BkYHEjW,1,BV1NtfnYHEFx,1,0.45104,4
2865,5467,BV1B9BkYHEjW,1,BV1FRZvB1EtR,1,0.46305,2
2866,3923,BV1dwSKYzEmz,1,BV1i2o9Y8EGf,1,0.36668,1
2866,3982,BV1dwSKYzEmz,1,BV1kMX5YEEGC,1,0.42118,2
2867,3263,BV1a7BBY8ENM,1,BV1tjteeME2c,1,0.33287,4
2867,3751,BV1a7BBY8ENM,1,BV1tz54zrES5,1,0.34386,3
2867,3836,BV1a7BBY8ENM,1,BV12s5zzzEbw,1,0.35406,2
2868,3891,BV1qCBBYrEp8,1,BV1tKRkY3EA3,1,0.36381,1
2868,4787,BV1qCBBYrEp8,1,BV1EhhSzPEVy,1,0.45252,2
2868,5305,BV1qCBBYrEp8,1,BV1P3NTzoECG,1,0.44756,3
2868,5512,BV1qCBBYrEp8,1,BV1RGZQBEEtf,1,0.43975,4
2869,4580,BV1WFBkYtE4x,1,BV1XYnwzcE6U,1,0.40449,2
2869,5665,BV1WFBkYtE4x,1,BV1z2BDBqE11,1,0.3884,4
2870,3051,BV1UgBCYzE4T,1,BV1etyhYcEGG,1,0.54443,2
2870,3479,BV1UgBCYzE4T,1,BV1RsTBzNEqG,1,0.46114,4
2870,4506,BV1UgBCYzE4T,1,BV1pJHWzVE7x,1,0.56023,4
2870,5554,BV1UgBCYzE4T,1,BV1vLcPzQEFB,1,0.62041,1
2870,5686,BV1UgBCYzE4T,1,BV1QBvkBFEfe,1,0.61664,1
2871,3806,BV1kxBeYqEA8,1,BV1pKRBYREMB,1,0.46742,3
2871,4523,BV1kxBeYqEA8,1,BV1LTn2zoEqW,1,0.48551,1
2871,5019,BV1kxBeYqEA8,1,BV1csb5zeEuv,1,0.34627,3
2871,5650,BV1kxBeYqEA8,1,BV1QCkYBnEsM,1,0.37424,4
2872,3619,BV1MABzYfEFS,1,BV1EHjRzyEPn,1,0.49867,2
2872,4845,BV1MABzYfEFS,1,BV1CxYRzfE4Q,1,0.45173,2
2872,5669,BV1MABzYfEFS,1,BV1vcr6BuENM,1,0.46266,3
2873,3120,BV1w4UnYdEJS,1,BV1bp2AYmEu1,1,0.64742,1
2873,4818,BV1w4UnYdEJS,1,BV1JaemziEiK,1,0.49701,1
2873,5190,BV1w4UnYdEJS,1,BV19f3Lz7EXp,1,0.48648,4
2873,5579,BV1w4UnYdEJS,1,BV1R8cczyEzy,1,0.36889,3
2873,5799,BV1w4UnYdEJS,1,BV183qSBUES5,1,0.51375,3
2874,4399,BV1YQBBYKEDL,1,BV18aWEz2ES8,1,0.46848,2
2874,5057,BV1YQBBYKEDL,1,BV1Hib3zbEkY,1,0.49224,1
2874,5257,BV1YQBBYKEDL,1,BV1UwuFzWEkS,1,0.35445,2
2875,3415,BV1wRBqYjEDW,1,BV17NUvB2E1S,1,0.65795,1
2875,4414,BV1wRBqYjEDW,1,BV1k1HPz9ErH,1,0.65033,2
2876,3161,BV1asUJYME8P,1,BV1watVeqE9r,1,0.40678,1
2876,4507,BV1asUJYME8P,1,BV18MHxzbEau,1,0.35358,4
2876,5522,BV1asUJYME8P,1,BV1evFkzbEyv,1,0.35391,3
2877,3041,BV1uzBqYxEWv,1,BV11hyRYjE2U,1,0.48574,1
2877,3205,BV1uzBqYxEWv,1,BV1vm4ne1Efv,1,0.64212,1
2877,3460,BV1uzBqYxEWv,1,BV1gCNXzaEbc,1,0.50668,1
2877,3925,BV1uzBqYxEWv,1,BV15PCWY6ExC,1,0.54477,3
2877,4222,BV1uzBqYxEWv,1,BV1vePoeDEgZ,1,0.58743,1
2878,3058,BV1KGUDYmE5W,1,BV1RH28YAEwu,1,0.43067,2
2879,2886,BV15fUQYNEdn,1,BV1RoScY4E6s,1,0.38683,2
2879,3979,BV15fUQYNEdn,1,BV1tWX6YPE6y,1,0.34926,4
2880,5147,BV17PSgYRE4X,1,BV1PQ8Dz1Ea1,1,0.47481,1
2881,3915,BV1RBUXYqEVr,1,BV1xDZJYXESQ,1,0.38685,2
2881,4873,BV1RBUXYqEVr,1,BV1fneuzbE52,1,0.47536,1
2881,5440,BV1RBUXYqEVr,1,BV1nYZVBnEMQ,1,0.45003,4
2882,4691,BV1e6mZYmE2m,1,BV1C9YGz6EwJ,1,0.52629,2
2882,5740,BV1e6mZYmE2m,1,BV1hTiTBtEza,1,0.42828,2
2883,3563,BV1XjUPYtEL5,1,BV1jTjgzjEce,1,0.36193,3
2883,5022,BV1XjUPYtEL5,1,BV1MSb5z7EDv,1,0.43101,1
2884,4125,BV1hqSuYVEG3,1,BV1UDACeBEZ5,1,0.30461,4
2884,4517,BV1hqSuYVEG3,1,BV1WhJQzXEip,1,0.31658,2
2886,3647,BV1RoScY4E6s,1,BV1hRJBzZEkq,1,0.41592,2
2886,5829,BV1RoScY4E6s,1,BV1mk2kB2E1D,1,0.40155,3
2887,3155,BV1Z5DpYbEaP,1,BV1BkxZeDEMJ,1,0.50164,4
2887,3166,BV1Z5DpYbEaP,1,BV15DxZeLE4o,1,0.49382,4
2887,3436,BV1Z5DpYbEaP,1,BV1YR2eBiEMB,1,0.59408,4
2887,3575,BV1Z5DpYbEaP,1,BV1k6EPzjEbf,1,0.5906,3
2887,3703,BV1Z5DpYbEaP,1,BV1vFETz3ESw,1,0.58443,3
2887,4600,BV1Z5DpYbEaP,1,BV1ftWLzQEh2,1,0.50387,1
2887,4749,BV1Z5DpYbEaP,1,BV1kaajz7EkA,1,0.65561,1
2887,4836,BV1Z5DpYbEaP,1,BV1C1ejzxERZ,1,0.59757,3
2887,5637,BV1Z5DpYbEaP,1,BV1KozxBmE9G,1,0.50201,4
2888,3153,BV1tKUAYjEuz,1,BV1qZxCeVEXZ,1,0.39017,2
2888,3749,BV1tKUAYjEuz,1,BV1wDVFzxEov,1,0.5037,4
2888,3780,BV1tKUAYjEuz,1,BV1qGL6zhEp3,1,0.54461,1
2888,4178,BV1tKUAYjEuz,1,BV154A5eYEWG,1,0.49832,4
2888,5090,BV1tKUAYjEuz,1,BV1dttPzoEgb,1,0.44301,3
2889,3144,BV1u2UzYRETb,1,BV1tM1XY7EEw,1,0.45529,1
2889,3397,BV1u2UzYRETb,1,BV1RJHjeSEiY,1,0.65804,2
2889,5748,BV1u2UzYRETb,1,BV1g8vsBkEB6,1,0.53867,2
2890,3926,BV13RUoYVETQ,1,BV1VwZyYYEct,1,0.35852,3
2890,5826,BV13RUoYVETQ,1,BV1wZUfBbEs2,1,0.35711,4
2891,3333,BV1DFUtY4Evw,1,BV1XVpte7EQX,1,0.41746,2
2891,3374,BV1DFUtY4Evw,1,BV1b4HveZEn3,1,0.41277,4
2891,5462,BV1DFUtY4Evw,1,BV1cpZXBhEZ2,1,0.40745,3
2892,3109,BV1uMUrY8EsS,1,BV1oYx4exEuE,1,0.38453,1
2892,3817,BV1uMUrY8EsS,1,BV1PwLHzxELA,1,0.3814,2
2892,5130,BV1uMUrY8EsS,1,BV1Vz8Cz6EUJ,1,0.35162,3
2892,5361,BV1uMUrY8EsS,1,BV1RaPkzKEcu,1,0.35069,4
2893,2901,BV1K9UrYZERo,1,BV1KJUaYcEBe,1,0.5335,2
2893,3455,BV1K9UrYZERo,1,BV11GKmz3ESE,1,0.67961,1
2893,3848,BV1K9UrYZERo,1,BV1QgoMYtESV,1,0.48971,3
2894,4833,BV1D8UkYAEgk,1,BV12heHz3Et7,1,0.47247,1
2894,5082,BV1D8UkYAEgk,1,BV1kPtuzUECf,1,0.38292,4
2895,3560,BV1NqU7YpEC1,1,BV1Y3jhzNEWv,1,0.41921,2
2895,4601,BV1NqU7YpEC1,1,BV1zKpQzSErY,1,0.44893,1
2895,4874,BV1NqU7YpEC1,1,BV1eqe3z4Eca,1,0.41035,3
2896,3763,BV1c6UiYAEVW,1,BV16mGYzkEhw,1,0.4123,2
2896,4161,BV1c6UiYAEVW,1,BV1XZAbeqEZL,1,0.41812,1
2896,4765,BV1c6UiYAEVW,1,BV1t4hvz6EpF,1,0.40558,4
2896,5448,BV1c6UiYAEVW,1,BV1XQfgBeEGT,1,0.40981,3
2897,3656,BV12nUeYTEXh,1,BV1RcEtzcEwA,1,0.381,3
2897,4370,BV12nUeYTEXh,1,BV1gfm7BXETq,1,0.38346,2
2898,4801,BV1dLm1YjEAo,1,BV15rhQzNEz5,1,0.45683,4
2898,5018,BV1dLm1YjEAo,1,BV1qjbLzZEP4,1,0.449,2
2899,4787,BV1gqUvYLEby,1,BV1EhhSzPEVy,1,0.4248,3
2900,3531,BV1MuUEY8EPW,1,BV1fwTTzSEhX,1,0.54611,3
2900,3591,BV1MuUEY8EPW,1,BV1H872zcEXE,1,0.59787,3
2900,3630,BV1MuUEY8EPW,1,BV1xnjbzJE9c,1,0.42763,1
2900,5186,BV1MuUEY8EPW,1,BV18K8uzNEgU,1,0.55372,1
2900,5424,BV1MuUEY8EPW,1,BV1LEfTB8EmQ,1,0.5943,1
2900,5566,BV1MuUEY8EPW,1,BV1UskuBLEeS,1,0.44065,3
2901,3624,BV1KJUaYcEBe,1,BV1bTjszkExZ,1,0.47802,1
2901,4439,BV1KJUaYcEBe,1,BV1ddH3zFEu2,1,0.56184,1
2901,5694,BV1KJUaYcEBe,1,BV1fpBLBTEeS,1,0.52125,3
2903,2982,BV1NMUvYKE2Q,1,BV1x7SmYrENB,1,0.51163,2
2903,3535,BV1NMUvYKE2Q,1,BV1DNTWzQEp3,1,0.49521,4
2903,4142,BV1NMUvYKE2Q,1,BV11pApeTEth,1,0.48208,1
2903,4528,BV1NMUvYKE2Q,1,BV1iUn5zBEtx,1,0.49138,4
2903,5177,BV1NMUvYKE2Q,1,BV1qTgtzmEGt,1,0.49936,3
2903,5272,BV1NMUvYKE2Q,1,BV1diG3zrEGb,1,0.4409,2
2903,5448,BV1NMUvYKE2Q,1,BV1XQfgBeEGT,1,0.57101,1
2903,5618,BV1NMUvYKE2Q,1,BV12ck4BREJK,1,0.46922,3
2904,3235,BV1WUUYYFEUe,1,BV118skeSE7V,1,0.4745,2
2904,3967,BV1WUUYYFEUe,1,BV1faX1YAE9z,1,0.45452,4
2904,4225,BV1WUUYYFEUe,1,BV19UNterEdp,1,0.50328,1
2904,4822,BV1WUUYYFEUe,1,BV16Ne2zNECL,1,0.42136,2
2905,2911,BV1ziUaYEEP9,1,BV1WPmfYwEbQ,1,0.68916,2
2905,3567,BV1ziUaYEEP9,1,BV1bajUzCEHH,1,0.64617,4
2905,4554,BV1ziUaYEEP9,1,BV1ZrnGzvEx7,1,0.66617,1
2905,5795,BV1ziUaYEEP9,1,BV1o8B4BcEEf,1,0.55619,2
2906,2985,BV1FFUiY8EbS,1,BV1qJDwYvEWH,1,0.55906,4
2906,3870,BV1FFUiY8EbS,1,BV1xZdaYSEqx,1,0.47892,1
2906,5055,BV1FFUiY8EbS,1,BV12ebPz2E33,1,0.60454,1
2907,3742,BV1nTmoYHEXA,1,BV1t9GozdEV1,1,0.52847,3
2907,3843,BV1nTmoYHEXA,1,BV1145zzMEEZ,1,0.37775,4
2907,4634,BV1nTmoYHEXA,1,BV1FGpczCEGB,1,0.55034,2
2908,4039,BV1BCUiYFEG6,1,BV1axRsYeEFR,1,0.71507,1
2908,4946,BV1BCUiYFEG6,1,BV13Sb5z7EwR,1,0.60667,1
2909,3039,BV1UEUeYBERN,1,BV1zwyCYqEuy,1,0.42875,1
2909,3224,BV1UEUeYBERN,1,BV1jushevEb1,1,0.69722,1
2909,3401,BV1UEUeYBERN,1,BV1wrH5eZEBQ,1,0.56888,4
2909,3553,BV1UEUeYBERN,1,BV1wcTezKECR,1,0.53947,4
2909,4357,BV1UEUeYBERN,1,BV1EwfeY2EEP,1,0.65137,2
2909,4805,BV1UEUeYBERN,1,BV1zvhQzuEJj,1,0.57546,4
2909,5184,BV1UEUeYBERN,1,BV1bzgLzMEUx,1,0.61279,3
2909,5616,BV1UEUeYBERN,1,BV1cK6YBfE1F,1,0.55899,1
2910,3133,BV1owUeYJESp,1,BV1BH1zYcEDX,1,0.39414,2
2910,4400,BV1owUeYJESp,1,BV19pWzzVEKx,1,0.44442,4
2911,3388,BV1WPmfYwEbQ,1,BV1eQs7ebE3k,1,0.62822,3
2911,3567,BV1WPmfYwEbQ,1,BV1bajUzCEHH,1,0.64647,4
2911,3662,BV1WPmfYwEbQ,1,BV1G6J3zWEky,1,0.60927,3
2911,3858,BV1WPmfYwEbQ,1,BV1wGdZYjErt,1,0.65262,4
2911,3964,BV1WPmfYwEbQ,1,BV1YYoCYbEzN,1,0.5064,4
2911,4016,BV1WPmfYwEbQ,1,BV16jQJYsELp,1,0.64085,3
2911,4351,BV1WPmfYwEbQ,1,BV1T6fJYsE1Y,1,0.63993,2
2911,4544,BV1WPmfYwEbQ,1,BV1oyazzqEFB,1,0.76004,1
2911,4725,BV1WPmfYwEbQ,1,BV1DiYyzGEd8,1,0.73189,3
2911,4749,BV1WPmfYwEbQ,1,BV1kaajz7EkA,1,0.71096,3
2911,4751,BV1WPmfYwEbQ,1,BV11ShozPEa1,1,0.7711,1
2911,4811,BV1WPmfYwEbQ,1,BV1chemzTEwy,1,0.66844,4
2911,5180,BV1WPmfYwEbQ,1,BV1R3b1zCEm5,1,0.66827,3
2911,5325,BV1WPmfYwEbQ,1,BV1m9AJzZE42,1,0.56949,1
2911,5355,BV1WPmfYwEbQ,1,BV1N3PHzFE38,1,0.66275,2
2911,5368,BV1WPmfYwEbQ,1,BV1QeZ2BZEcx,1,0.58056,4
2911,5406,BV1WPmfYwEbQ,1,BV1h1fiBeEJA,1,0.61667,4
2911,5573,BV1WPmfYwEbQ,1,BV1CiFXzBEth,1,0.68054,3
2911,5689,BV1WPmfYwEbQ,1,BV1fTvaB6EDk,1,0.61432,3
2911,5752,BV1WPmfYwEbQ,1,BV1V1vvBGEDW,2,0.6937,2
2911,5757,BV1WPmfYwEbQ,1,BV1Sgm3BwEh5,1,0.79327,1
2912,3394,BV1fiUaYEEv4,1,BV1zLHTeaEnz,1,0.50939,1
2912,3830,BV1fiUaYEEv4,1,BV1pb5UzZEeV,1,0.42801,4
2912,5148,BV1fiUaYEEv4,1,BV19v8jztEVg,1,0.46512,3
2913,3255,BV1iDSyYnEbH,1,BV185tsemEWc,1,0.46749,4
2913,4065,BV1iDSyYnEbH,1,BV19q9BY6E2E,1,0.49104,2
2914,3974,BV1toUFYyExZ,1,BV1VEXYYsE9s,1,0.42259,3
2914,4106,BV1toUFYyExZ,1,BV1WaKseSEX2,1,0.47625,1
2914,4121,BV1toUFYyExZ,1,BV1K3ADeJEPu,1,0.41725,3
2914,4322,BV1toUFYyExZ,1,BV15RFHe1EWs,1,0.41521,1
2914,4839,BV1toUFYyExZ,1,BV1mweEzYE65,1,0.53941,1
2915,4066,BV1WcUhYWEku,1,BV1FT9rYZE84,1,0.42846,3
2915,4337,BV1WcUhYWEku,1,BV1a3cWe2EkU,1,0.42562,3
2915,4389,BV1WcUhYWEku,1,BV1vuWyztEWv,1,0.47386,1
2915,4527,BV1WcUhYWEku,1,BV1abn3zREfy,1,0.40709,1
2915,4787,BV1WcUhYWEku,1,BV1EhhSzPEVy,1,0.52634,3
2915,5607,BV1WcUhYWEku,1,BV14bfZBREEn,1,0.48926,2
2916,4497,BV1h91VYVEhL,1,BV1QNHxzhEJt,1,0.39901,2
2917,2983,BV14ZmZYKEJv,1,BV15fSZYpEkv,1,0.46136,3
2917,2989,BV14ZmZYKEJv,1,BV1u2SVYXE65,1,0.44441,3
2917,3423,BV14ZmZYKEJv,1,BV1VWmcBkENX,1,0.35259,3
2917,3970,BV14ZmZYKEJv,1,BV1UVXsYREWE,1,0.50006,2
2917,4362,BV14ZmZYKEJv,1,BV1VPf8YfEab,1,0.4056,3
2917,4777,BV14ZmZYKEJv,1,BV17MhqzhEhn,1,0.45741,3
2917,4850,BV14ZmZYKEJv,1,BV1kCevzzEZN,1,0.41257,2
2917,5395,BV14ZmZYKEJv,1,BV1QxPLzsEeX,1,0.56743,1
2918,3673,BV1Q1mdYiEpx,1,BV1XDJPzYEUD,1,0.38325,2
2919,3258,BV1F1mRYmESu,1,BV1Ekt4eTEqD,1,0.38261,4
2919,3927,BV1F1mRYmESu,1,BV1DkZ6YUEs5,1,0.46659,3
2919,4876,BV1F1mRYmESu,1,BV1M9ePzaEwW,1,0.46245,4
2919,5790,BV1F1mRYmESu,1,BV1vBq1ByEEX,1,0.47747,2
2920,3089,BV15bmbYYEk2,1,BV1YkyNYRExe,1,0.50421,4
2920,3381,BV15bmbYYEk2,1,BV1SSHPerEPg,1,0.52328,3
2920,3898,BV15bmbYYEk2,1,BV1RXRRYtERY,1,0.48521,3
2920,4078,BV15bmbYYEk2,1,BV1tSPsenE4y,1,0.53147,1
2920,4097,BV15bmbYYEk2,1,BV1oo9TYxEZq,1,0.46058,3
2920,4215,BV15bmbYYEk2,1,BV1ibwgeDEXo,1,0.3763,3
2920,4875,BV15bmbYYEk2,1,BV17HTbzjEWT,1,0.53405,2
2920,4908,BV15bmbYYEk2,1,BV12MbWzKEo7,1,0.47149,1
2920,4996,BV15bmbYYEk2,1,BV1FEtmz9Ek5,1,0.63944,1
2920,5395,BV15bmbYYEk2,1,BV1QxPLzsEeX,1,0.50744,2
2921,3442,BV1vsmSYdEMK,1,BV1yvU5BvE3C,1,0.42654,3
2921,3676,BV1vsmSYdEMK,1,BV15SECzCERP,1,0.5266,1
2921,4658,BV1vsmSYdEMK,1,BV1JHH9zWEUC,1,0.46171,2
2922,4074,BV1fKmeYXE4b,1,BV1ooXZYeED1,1,0.38329,3
2922,5744,BV1fKmeYXE4b,1,BV1XjBjBFE79,1,0.42754,1
2923,2961,BV1xxUVYVE37,1,BV1RCD2YoEXS,1,0.37895,3
2923,2994,BV1xxUVYVE37,1,BV1tCSaYqEea,1,0.37179,4
2923,3887,BV1xxUVYVE37,1,BV1DWd7Y1EM9,1,0.35239,2
2923,4542,BV1xxUVYVE37,1,BV1SGnJzBE2Q,1,0.4034,2
2923,5118,BV1xxUVYVE37,1,BV1ywh8zHEZd,1,0.35811,4
2924,4485,BV1thUMYvESW,1,BV1snnJzAEQn,1,0.37884,1
2925,3375,BV1TXUTYhEMY,1,BV173YrepE7y,1,0.45325,3
2926,3192,BV1GBUNYAE2v,1,BV1Y6xbebESc,1,0.39291,4
2927,4169,BV1WnUTYpETm,1,BV1WJwZeAEXp,1,0.4313,1
2927,4305,BV1WnUTYpETm,1,BV1UPF8eQEGn,1,0.40224,4
2928,5124,BV1JtUTYmEhj,1,BV12k82zNEf8,1,0.41181,2
2929,4286,BV1dMmaYCEfz,1,BV1G1FVeSE17,1,0.52395,2
2929,4369,BV1dMmaYCEfz,1,BV1S5mPBLEkX,1,0.51016,1
2929,5694,BV1dMmaYCEfz,1,BV1fpBLBTEeS,1,0.54596,2
2930,3458,BV1ENmpYREoN,1,BV1ULKJzvEu2,1,0.37118,4
2931,4281,BV1ENmpYREoN,2,BV1dYfUYQEZB,1,0.37762,1
2931,4908,BV1ENmpYREoN,2,BV12MbWzKEo7,1,0.36437,4
2931,4931,BV1ENmpYREoN,2,BV1yxTtz9Ey6,1,0.40014,2
2931,5008,BV1ENmpYREoN,2,BV1ittSzsEod,2,0.40047,1
2932,4742,BV1jEm4YaEno,1,BV1QSaAztEwP,1,0.45602,3
2932,5553,BV1jEm4YaEno,1,BV16xcjzYENH,1,0.43471,2
2933,4064,BV1tFmbYpEPw,1,BV16APxerEFM,1,0.5278,1
2933,4747,BV1tFmbYpEPw,1,BV1PmaLzEEeN,1,0.51095,4
2934,3163,BV1oYm2YXEzj,1,BV15MxdeKEud,1,0.45494,1
2934,3390,BV1oYm2YXEzj,1,BV1JaH7ehEsP,1,0.42135,3
2935,3066,BV1m3mWYzE9d,1,BV1FJCSYxE2K,1,0.45604,1
2935,4186,BV1m3mWYzE9d,1,BV1UkANe8EZL,1,0.33064,1
2935,4683,BV1m3mWYzE9d,1,BV1BSaRzJExW,1,0.38983,3
2936,3493,BV1pAS2YwEsh,1,BV1hBM2zpEsr,1,0.41654,4
2936,3562,BV1pAS2YwEsh,1,BV1ZV7ezpEG1,1,0.51008,2
2936,3832,BV1pAS2YwEsh,1,BV1wvLwzwEEt,1,0.43097,4
2936,5497,BV1pAS2YwEsh,1,BV1EGZkBtE3m,1,0.526,4
2937,4875,BV1RPD2YWEWX,1,BV17HTbzjEWT,1,0.43858,4
2938,3043,BV1r5DBYyExy,1,BV1tzy6YyEt4,1,0.50344,2
2938,3112,BV1r5DBYyExy,1,BV1CD23YhEbv,1,0.33997,3
2938,3181,BV1r5DBYyExy,1,BV1Xt421M7pH,1,0.44069,4
2938,4256,BV1r5DBYyExy,1,BV1xKFzeGERG,1,0.44423,3
2938,4587,BV1r5DBYyExy,1,BV1TepQzaEWt,1,0.42477,2
2939,5597,BV1SJmzYJE4f,1,BV1fmFCzuEfm,1,0.48441,1
2939,5716,BV1SJmzYJE4f,1,BV1fdBCB7EKH,1,0.46099,1
2940,3586,BV1PLmkYSE44,1,BV12QjezYEu8,1,0.33369,3
2941,3598,BV1nBmzYTEsV,1,BV1Qh7wzDEQ7,1,0.38449,3
2941,4800,BV1nBmzYTEsV,1,BV1B6ebz7Ep2,1,0.36876,4
2941,5827,BV1nBmzYTEsV,1,BV1DeUnB8ErT,1,0.40708,2
2942,3006,BV1v9DDYiEMP,1,BV1xpSQYXEtd,1,0.49404,1
2942,3337,BV1v9DDYiEMP,1,BV1VgH9epEP1,1,0.60689,2
2942,3531,BV1v9DDYiEMP,1,BV1fwTTzSEhX,1,0.57034,1
2942,3588,BV1v9DDYiEMP,1,BV1A872zcE3n,1,0.50751,1
2942,3857,BV1v9DDYiEMP,1,BV1dNoJY8EmM,1,0.56354,1
2942,3965,BV1v9DDYiEMP,1,BV1Swo1YtEAm,1,0.42423,3
2942,4976,BV1v9DDYiEMP,1,BV1p3tozJEX6,1,0.53654,3
2942,5380,BV1v9DDYiEMP,1,BV1tvAaz8EV6,1,0.45253,2
2942,5419,BV1v9DDYiEMP,1,BV1iLfNB9EeR,1,0.60339,2
2943,4801,BV1QQmzYtE2W,1,BV15rhQzNEz5,1,0.49959,3
2943,5316,BV1QQmzYtE2W,1,BV1uqw8z4EfC,1,0.58135,1
2943,5715,BV1QQmzYtE2W,1,BV1PRivBFEwh,1,0.46099,2
2944,4100,BV174D6YLEet,1,BV1bP9PYNE4k,1,0.95511,1
2944,4237,BV174D6YLEet,1,BV1uuNWeXE5n,1,0.93846,4
2944,5243,BV174D6YLEet,1,BV1HmuxzUEw2,1,0.89002,4
2944,5606,BV174D6YLEet,1,BV1qJFizLEHZ,2,0.91237,1
2945,4467,BV1j1mzYaE2K,1,BV17BxXztEQE,1,0.35699,4
2945,4626,BV1j1mzYaE2K,1,BV1rgp2zrEDR,1,0.36867,4
2946,5651,BV1yLDkY8Ev6,1,BV17orDBrEst,1,0.35396,2
2947,3227,BV1irDyYnEhs,1,BV1WYskemEHb,1,0.36513,3
2948,3611,BV1zWD6YjEpz,1,BV1tWjyzYESh,1,0.49794,2
2948,4008,BV1zWD6YjEpz,1,BV1YERpYhEaH,1,0.39924,2
2948,5365,BV1zWD6YjEpz,1,BV1UwPgziEAT,1,0.36127,2
2948,5671,BV1zWD6YjEpz,1,BV1QA6RBgE5g,1,0.46566,4
2949,3233,BV1xfDdYBELG,1,BV1FPskeBEev,1,0.41522,1
2949,5149,BV1xfDdYBELG,1,BV14487zXEpf,1,0.47667,1
2949,5154,BV1xfDdYBELG,1,BV18383zzEPw,1,0.46165,2
2949,5396,BV1xfDdYBELG,1,BV1vRAzzfEGy,1,0.43389,4
2950,3332,BV1HhDZYvEGw,1,BV1QqpbeSEoc,1,0.40516,3
2950,4740,BV1HhDZYvEGw,1,BV1bPaJzPERr,1,0.35973,4
2950,4775,BV1HhDZYvEGw,1,BV1BThqzwEaa,1,0.39409,1
2950,5477,BV1HhDZYvEGw,1,BV1hZZiBaEjG,1,0.4198,2
2951,4078,BV1yoD6Y9EwS,1,BV1tSPsenE4y,1,0.35825,4
2952,3403,BV1A2SzYUE6z,1,BV1MrHuepEEr,1,0.3803,3
2952,3716,BV1A2SzYUE6z,1,BV1DDVQzjEZY,1,0.529,2
2952,3975,BV1A2SzYUE6z,1,BV1XuX4YKEhy,1,0.37571,3
2952,4952,BV1A2SzYUE6z,1,BV1RNtdzeE9E,1,0.47583,2
2952,5687,BV1A2SzYUE6z,1,BV1ykiMBWE6Q,1,0.41587,1
2953,3937,BV1BrSkYUEmc,1,BV1FcRuYiEMf,1,0.49065,4
2953,4314,BV1BrSkYUEmc,1,BV1RjFHerEin,1,0.50152,3
2953,4825,BV1BrSkYUEmc,1,BV1yVeozzEmC,1,0.65752,1
2953,5613,BV1BrSkYUEmc,1,BV1oM6hBUEfY,1,0.4721,2
2954,3648,BV1ghSjYhEWF,1,BV1Z5VrzcEpz,1,0.45788,3
2954,5323,BV1ghSjYhEWF,1,BV1rZPYz4ExY,1,0.45393,1
2955,4293,BV1QVD2Y7EHo,1,BV1b1F8e9Ewj,1,0.62988,1
2955,4560,BV1QVD2Y7EHo,1,BV1bdngz7E4B,1,0.5915,4
2955,5325,BV1QVD2Y7EHo,1,BV1m9AJzZE42,1,0.55258,2
2956,3281,BV1ifDRYUEj7,1,BV1v34ReMEBx,1,0.45114,4
2957,3014,BV1pHDQY7EcR,1,BV1yz1YYsETZ,1,0.41378,2
2957,3815,BV1pHDQY7EcR,1,BV1d6L3zUE6P,1,0.38475,3
2957,4123,BV1pHDQY7EcR,1,BV1DHPceHEKY,1,0.44057,3
2957,4617,BV1pHDQY7EcR,1,BV1AZptzoEJy,1,0.50543,2
2957,4942,BV1pHDQY7EcR,1,BV1vzt9zYEjf,1,0.41281,3
2957,5103,BV1pHDQY7EcR,1,BV1Cqh5zGE17,1,0.48761,3
2957,5131,BV1pHDQY7EcR,1,BV1zKGgzGEAU,1,0.51316,1
2957,5423,BV1pHDQY7EcR,1,BV1CGfFBnEhq,1,0.44327,4
2958,3401,BV1AzDEYoEfE,1,BV1wrH5eZEBQ,1,0.44159,3
2958,4202,BV1AzDEYoEfE,1,BV1uzKGe4Ey6,1,0.44697,2
2958,4942,BV1AzDEYoEfE,1,BV1vzt9zYEjf,1,0.41353,2
2958,5616,BV1AzDEYoEfE,1,BV1cK6YBfE1F,1,0.49838,1
2959,2971,BV1yUDoYPEF2,1,BV1zVD1YbEny,1,0.48493,4
2959,3287,BV1yUDoYPEF2,1,BV1124Qe2EA7,1,0.42302,2
2959,3321,BV1yUDoYPEF2,1,BV1hmHLekEKg,1,0.54887,1
2959,4981,BV1yUDoYPEF2,1,BV1FDbKzyE96,1,0.47216,1
2959,5305,BV1yUDoYPEF2,1,BV1P3NTzoECG,1,0.48991,2
2959,5819,BV1yUDoYPEF2,1,BV1YAqVBEEEk,1,0.41448,3
2960,3948,BV1CpDHYNE4x,1,BV1xfofYoEwZ,2,0.33637,2
2960,4252,BV1CpDHYNE4x,1,BV1ZzP9eSEJP,1,0.38142,1
2960,4637,BV1CpDHYNE4x,1,BV1wKpczmEqX,1,0.32745,4
2961,3323,BV1RCD2YoEXS,1,BV1tJpqeNEfd,1,0.42232,4
2961,4272,BV1RCD2YoEXS,1,BV14sFQemEQT,1,0.35279,3
2961,4675,BV1RCD2YoEXS,1,BV1zXYMzRE2E,1,0.47708,1
2961,5185,BV1RCD2YoEXS,1,BV1f7gszVEo8,1,0.41348,4
2963,3724,BV1edDDYNE4K,1,BV1kELNzzEeP,1,0.3192,4
2963,4527,BV1edDDYNE4K,1,BV1abn3zREfy,1,0.38868,1
2963,5381,BV1edDDYNE4K,1,BV1HnABzPEjM,1,0.38762,2
2964,4691,BV1D8DRYBEC2,1,BV1C9YGz6EwJ,1,0.48321,2
2964,5840,BV1D8DRYBEC2,1,BV1th2LBgEgk,1,0.49439,1
2965,5029,BV1nu1GYsEK4,1,BV1gitwzyEKD,1,0.40031,4
2966,5146,BV1hCDMYVE79,1,BV1kE8DzMEUX,1,0.34537,3
2967,3813,BV193DDYNEQe,1,BV1AALHzREDa,1,0.52272,3
2967,4120,BV193DDYNEQe,1,BV1r7AUeiEVE,1,0.53726,1
2967,4166,BV193DDYNEQe,1,BV1hgKneEEer,1,0.55701,1
2967,4599,BV193DDYNEQe,1,BV1m2pDzYEkx,1,0.43925,3
2967,5310,BV193DDYNEQe,1,BV1LEwAzREk3,1,0.56447,1
2968,2997,BV1X5DDYAERz,1,BV12mSRYAEnN,1,0.48087,1
2968,3412,BV1X5DDYAERz,1,BV1q72JBvEQG,1,0.37073,4
2968,3667,BV1X5DDYAERz,1,BV1EvJVzvEDd,1,0.51744,2
2968,4772,BV1X5DDYAERz,1,BV1N5YDzQEs9,1,0.51987,1
2968,5206,BV1X5DDYAERz,1,BV1V5gTzpERs,1,0.37646,4
2968,5420,BV1X5DDYAERz,1,BV1WbfJB3ENL,1,0.51159,3
2968,5563,BV1X5DDYAERz,1,BV14AFSzvEdP,1,0.42901,1
2969,3339,BV1xYD8Y8E2o,1,BV1oTWsemEE1,1,0.44428,3
2969,4923,BV1xYD8Y8E2o,1,BV1sRbvzeExH,1,0.44315,4
2970,3463,BV1wCyBYPE2W,1,BV1AWN1zAE6N,1,0.39743,4
2971,3539,BV1zVD1YbEny,1,BV1CQT6zsE8P,1,0.54794,1
2971,3744,BV1zVD1YbEny,1,BV1AZVPzTEWc,1,0.41289,3
2971,4694,BV1zVD1YbEny,1,BV1aVYVzoE6P,1,0.52408,4
2971,5071,BV1zVD1YbEny,1,BV1kZtBzNEeu,1,0.33257,4
2971,5671,BV1zVD1YbEny,1,BV1QA6RBgE5g,1,0.48819,3
2973,5070,BV1PjDbYpEsM,1,BV1Wd4RzmELG,1,0.44951,3
2973,5108,BV1PjDbYpEsM,1,BV1hrhPzfEic,1,0.44583,4
2974,3171,BV1hTDgY2Eea,1,BV1SP4geNEv1,1,0.53992,3
2974,3347,BV1hTDgY2Eea,1,BV1zbpgeVEeu,1,0.48379,2
2974,3747,BV1hTDgY2Eea,1,BV17nGZzMEM6,1,0.46506,3
2974,3906,BV1hTDgY2Eea,1,BV1QEZ8YsEtp,1,0.53198,1
2974,3945,BV1hTDgY2Eea,1,BV1sMoRYLEsS,1,0.43369,2
2974,4107,BV1hTDgY2Eea,1,BV1J6ASe6E3h,1,0.51572,1
2974,4315,BV1hTDgY2Eea,1,BV1rtfzYPED5,1,0.597,1
2974,5164,BV1hTDgY2Eea,1,BV1WSb9zSE6T,1,0.53369,4
2974,5460,BV1hTDgY2Eea,1,BV1QJfGBPEDp,1,0.47282,3
2974,5762,BV1hTDgY2Eea,1,BV1D3vqBVEtW,1,0.46317,2
2975,3310,BV1muDMYiEYV,1,BV1LM4CerEbU,1,0.6175,4
2975,3751,BV1muDMYiEYV,1,BV1tz54zrES5,1,0.58381,1
2975,4037,BV1muDMYiEYV,1,BV1dLRsY3EZ8,1,0.53584,3
2975,4154,BV1muDMYiEYV,1,BV1asAkeqEX7,1,0.56522,4
2975,5121,BV1muDMYiEYV,1,BV1pqhWzPEgv,1,0.68689,2
2975,5134,BV1muDMYiEYV,1,BV1NX8EzREuk,1,0.7802,1
2975,5461,BV1muDMYiEYV,1,BV1waZiBnE81,1,0.59386,2
2975,5677,BV1muDMYiEYV,1,BV1FGi9BrE3P,1,0.6976,1
2976,3543,BV18dS6YhEGX,1,BV1S67KzcEsU,1,0.43499,4
2978,3776,BV1yJDHYTEod,1,BV1wtd3YSEWd,1,0.41828,2
2978,4364,BV1yJDHYTEod,1,BV12jf8YSE5P,2,0.44016,1
2978,5223,BV1yJDHYTEod,1,BV1B8Etz3EBS,1,0.41201,3
2979,4123,BV1Q4SUYpENQ,1,BV1DHPceHEKY,1,0.44422,2
2979,4391,BV1Q4SUYpENQ,1,BV1aH4gzAE3q,2,0.44329,3
2980,3730,BV1fLDpYZEju,1,BV1d6VhzYEyj,1,0.52659,1
2980,4774,BV1fLDpYZEju,1,BV1t2hiz1EDD,1,0.51696,4
2980,5214,BV1fLDpYZEju,1,BV1WzuZz5EuE,1,0.36481,1
2981,3693,BV1AxSBY5EiH,1,BV12eEBzEEhg,1,0.46302,1
2981,3958,BV1AxSBY5EiH,1,BV1egZNY9EQh,1,0.41481,3
2981,5356,BV1AxSBY5EiH,1,BV1t3AQzmEha,1,0.36419,4
2982,3970,BV1x7SmYrENB,1,BV1UVXsYREWE,1,0.47061,3
2982,4140,BV1x7SmYrENB,1,BV1poPFezE64,1,0.43681,2
2982,4684,BV1x7SmYrENB,1,BV1mYYMzBEtF,1,0.50112,1
2982,5211,BV1x7SmYrENB,1,BV1LXudzoEd4,1,0.39136,4
2983,3379,BV15fSZYpEkv,1,BV1oNsJeBESv,1,0.48485,1
2983,3886,BV15fSZYpEkv,1,BV17qdpYGEE8,1,0.41128,4
2984,3295,BV1KLS4YHE9v,1,BV1mwtAejExk,1,0.43703,4
2984,4423,BV1KLS4YHE9v,1,BV1By4JzMEx8,1,0.45658,2
2984,5116,BV1KLS4YHE9v,1,BV1Wf8CzoEUG,1,0.44891,3
2984,5394,BV1KLS4YHE9v,1,BV1JKA8zrEfC,1,0.39268,4
2984,5544,BV1KLS4YHE9v,1,BV1FccizpEDp,1,0.40376,2
2985,3173,BV1qJDwYvEWH,1,BV18a4PeQE99,1,0.48764,3
2985,3762,BV1qJDwYvEWH,1,BV1yxGizsEw6,1,0.6695,1
2985,4489,BV1qJDwYvEWH,1,BV1UfxazpEby,1,0.56206,1
2985,4658,BV1qJDwYvEWH,1,BV1JHH9zWEUC,1,0.59278,1
2985,4973,BV1qJDwYvEWH,1,BV1bQt9zsEqA,1,0.46845,3
2986,4044,BV1osSaYSEWB,1,BV1wcK7eZEXw,1,0.3716,4
2987,3080,BV1VbykYFEEd,1,BV1ERmLYMECV,1,0.42916,1
2987,4612,BV1VbykYFEEd,1,BV1HtpezrEre,1,0.41196,4
2987,5223,BV1VbykYFEEd,1,BV1B8Etz3EBS,1,0.41725,3
2988,3995,BV1hWSZYjEo8,1,BV1oXQmYYEsp,1,0.46498,1
2988,4878,BV1hWSZYjEo8,1,BV1EaePz2EbL,1,0.42,3
2988,5134,BV1hWSZYjEo8,1,BV1NX8EzREuk,1,0.41944,4
2989,3069,BV1u2SVYXE65,1,BV1tb2UY3EaN,1,0.51689,1
2989,3361,BV1u2SVYXE65,1,BV1ktp2eDEvE,1,0.43993,4
2989,3467,BV1u2SVYXE65,1,BV1CzM6z4E4d,1,0.40609,2
2989,3926,BV1u2SVYXE65,1,BV1VwZyYYEct,1,0.41991,1
2989,5439,BV1u2SVYXE65,1,BV1zLZZB6Eij,1,0.36275,3
2990,3616,BV1ntSfYYE5B,1,BV1o8jezmEiz,1,0.50218,4
2990,5474,BV1ntSfYYE5B,1,BV1fe63BFEyM,1,0.52068,2
2990,5519,BV1ntSfYYE5B,1,BV17LFmzmEUg,1,0.54217,4
2991,3275,BV1cZSnYbEd5,1,BV1x8t4eLEEJ,1,0.55628,1
2991,3552,BV1cZSnYbEd5,1,BV1HATRzsEsU,1,0.54709,1
2991,3689,BV1cZSnYbEd5,1,BV1eWEbzNE2o,1,0.50687,4
2991,4339,BV1cZSnYbEd5,1,BV1LucAetETn,1,0.44408,4
2991,4782,BV1cZSnYbEd5,1,BV1MshdzYEg4,1,0.43172,4
2991,5423,BV1cZSnYbEd5,1,BV1CGfFBnEhq,1,0.47366,2
2992,3787,BV15RSgYDEYs,1,BV1XZdKYXEe3,1,0.33611,4
2993,3119,BV1ew1eYzEd9,1,BV1uw2wYVECQ,1,0.63262,4
2993,4006,BV1ew1eYzEd9,1,BV1hWQPYeEkr,1,0.55896,1
2993,4170,BV1ew1eYzEd9,1,BV1WkwSeLEQg,1,0.63774,2
2993,4231,BV1ew1eYzEd9,1,BV1ym421W7PQ,1,0.54093,1
2993,4808,BV1ew1eYzEd9,1,BV1GQh9zKEm1,1,0.53065,2
2993,5834,BV1ew1eYzEd9,1,BV1XzScBEEqU,1,0.5473,2
2994,3632,BV1tCSaYqEea,1,BV1YYjuzzEcN,1,0.40515,4
2995,4700,BV1JY1sY4EVj,1,BV11xaUzrEF2,1,0.40773,1
2995,5704,BV1JY1sY4EVj,1,BV12iSeB8EF4,1,0.377,3
2995,5741,BV1JY1sY4EVj,1,BV1vgtAznEKD,1,0.37061,4
2996,3217,BV18MSLY4EyT,1,BV1U2x7eRERp,1,0.39027,1
2996,3421,BV18MSLY4EyT,1,BV1Xd2oBPECb,1,0.37816,3
2997,4772,BV12mSRYAEnN,1,BV1N5YDzQEs9,1,0.47569,3
2997,4846,BV12mSRYAEnN,1,BV1REeqzeEha,1,0.47953,2
2997,5746,BV12mSRYAEnN,1,BV1ArvpB4EtY,1,0.47027,1
2999,3199,BV1VKSbYKEEQ,1,BV1j4xweWEnf,1,0.38273,1
2999,3953,BV1VKSbYKEEQ,1,BV1aBoRYREKs,1,0.36973,2
2999,5313,BV1VKSbYKEEQ,1,BV1omANziEYA,1,0.36081,3
3000,3754,BV1nASvYaE3i,1,BV1uooKYEEYN,1,0.40082,1
3000,5387,BV1nASvYaE3i,1,BV11jAhzXE8Q,1,0.3783,3
3001,3181,BV1XvSnYVEEf,1,BV1Xt421M7pH,1,0.40056,1
3001,4661,BV1XvSnYVEEf,1,BV1b6aKzwEZC,1,0.35888,4
3002,4025,BV16XSDYVEzW,1,BV17yR8YoE6D,1,0.50177,4
3002,5527,BV16XSDYVEzW,1,BV1xfcEzUE73,1,0.42243,2
3003,4228,BV1rBSgYhETr,1,BV1LkNGehEct,2,0.68125,3
3003,4394,BV1rBSgYhETr,1,BV1h8WzzzECm,1,0.42153,4
3003,5352,BV1rBSgYhETr,1,BV1yBfUBoEzh,1,0.65213,4
3005,3667,BV1mTS3YrE2k,1,BV1EvJVzvEDd,1,0.51573,1
3005,3988,BV1mTS3YrE2k,1,BV1f9QSY6ENW,1,0.47809,1
3005,5556,BV1mTS3YrE2k,1,BV1eXzeBpEQB,1,0.46628,3
3006,3918,BV1xpSQYXEtd,1,BV1gyfNYsEUx,1,0.4633,3
3006,4661,BV1xpSQYXEtd,1,BV1b6aKzwEZC,1,0.42201,2
3006,5420,BV1xpSQYXEtd,1,BV1WbfJB3ENL,1,0.45451,4
3006,5451,BV1xpSQYXEtd,1,BV19DfgBNEdz,1,0.47329,2
3006,5830,BV1xpSQYXEtd,1,BV1A4mfBdEJ7,1,0.43999,3
3007,3421,BV1xNS8YdEHy,1,BV1Xd2oBPECb,1,0.36813,4
3007,4196,BV1xNS8YdEHy,1,BV1xRNheNE2L,1,0.47293,1
3007,5216,BV1xNS8YdEHy,1,BV1VRudzxESE,1,0.4654,2
3008,3180,BV1kDSEYsENJ,1,BV1GpTVeVEW2,1,0.56183,4
3008,3188,BV1kDSEYsENJ,1,BV1RzxbeFEyE,1,0.50546,4
3008,3341,BV1kDSEYsENJ,1,BV1FGHDeWEjC,1,0.56873,3
3008,4347,BV1kDSEYsENJ,1,BV13VfpYzEC5,1,0.62596,4
3008,4361,BV1kDSEYsENJ,1,BV15Y411b7jd,1,0.66927,1
3008,5034,BV1kDSEYsENJ,1,BV1dFtJzwEc1,1,0.5429,1
3009,3299,BV1WsS7YWE6Z,1,BV1DdnoeWEPw,1,0.53145,2
3009,3926,BV1WsS7YWE6Z,1,BV1VwZyYYEct,1,0.39409,3
3009,4962,BV1WsS7YWE6Z,1,BV1fqtdzkEtn,1,0.47708,3
3009,5721,BV1WsS7YWE6Z,1,BV1jziuB5E7X,1,0.44901,4
3010,3542,BV1wf1EYLEqm,1,BV1neTqzgEz3,1,0.89937,4
3011,4835,BV1wj2VYYE87,1,BV1s2eEzYEmR,1,0.39446,3
3011,4946,BV1wj2VYYE87,1,BV13Sb5z7EwR,1,0.48343,2
3012,4011,BV1mN1EYHEhB,1,BV1iDQpYZENu,1,0.45423,3
3012,4827,BV1mN1EYHEhB,1,BV1bmepzEEg1,1,0.4464,4
3013,4634,BV1ta1YYFEdD,1,BV1FGpczCEGB,1,0.43395,1
3013,4639,BV1ta1YYFEdD,1,BV1YBpEzUEwK,1,0.42685,2
3014,4338,BV1yz1YYsETZ,1,BV1jyfRYBEa1,1,0.3943,4
3014,5359,BV1yz1YYsETZ,1,BV1SsZ7BGEEs,1,0.42677,1
3014,5474,BV1yz1YYsETZ,1,BV1fe63BFEyM,1,0.40435,3
3015,3724,BV12g1TYEEWD,1,BV1kELNzzEeP,1,0.3452,3
3015,4268,BV12g1TYEEWD,1,BV1xU4y1k7Cf,1,0.34467,4
3016,3035,BV1Gy2bYbE8u,1,BV17myoYVEnL,1,0.42548,4
3016,3084,BV1Gy2bYbE8u,1,BV1MNmMYbEYQ,1,0.44649,2
3016,3114,BV1Gy2bYbE8u,1,BV1rz2WY4ENZ,1,0.43375,3
3016,3917,BV1Gy2bYbE8u,1,BV1BsfAY8Emm,1,0.39435,4
3016,5075,BV1Gy2bYbE8u,1,BV1fzt2zJER2,1,0.40438,1
3016,5785,BV1Gy2bYbE8u,1,BV1vfBEBuE7o,1,0.40968,3
3017,4335,BV1hKyUYuEfd,1,BV1pofdYEEAU,1,0.51771,3
3017,4665,BV1hKyUYuEfd,1,BV1NMHQzxEE2,1,0.5381,1
3017,4947,BV1hKyUYuEfd,1,BV1bwtfzPE96,1,0.48962,4
3017,5451,BV1hKyUYuEfd,1,BV19DfgBNEdz,1,0.51058,3
3017,5601,BV1hKyUYuEfd,1,BV1AvFTzkEZz,1,0.44523,1
3017,5682,BV1hKyUYuEfd,1,BV1vRrNBLESp,1,0.40543,4
3018,5075,BV1NW42197aj,1,BV1fzt2zJER2,1,0.31757,4
3018,5417,BV1NW42197aj,1,BV1ugZRB7EZZ,1,0.32425,2
3018,5822,BV1NW42197aj,1,BV1GtqjBfEV1,1,0.32554,1
3019,4340,BV1isCmY5ETn,1,BV1dAFPe4EgG,1,0.47924,2
3019,4734,BV1isCmY5ETn,1,BV1ipaKzCEkR,1,0.36336,3
3019,4781,BV1isCmY5ETn,1,BV1vNh9zqEj7,1,0.43951,3
3019,5571,BV1isCmY5ETn,1,BV1kgFSzfEfN,1,0.4661,1
3020,3404,BV1uA18YpEnG,1,BV1UnHgeREh9,1,0.4162,4
3020,4078,BV1uA18YpEnG,1,BV1tSPsenE4y,1,0.47077,2
3020,5384,BV1uA18YpEnG,1,BV1GkfBBLEXc,1,0.43193,3
3021,4678,BV1KaypY4Er1,1,BV1qyYozsE4e,1,0.37406,2
3021,5135,BV1KaypY4Er1,1,BV1o386zwE5D,1,0.35279,2
3021,5410,BV1KaypY4Er1,1,BV1gWfqBBEbV,1,0.35095,4
3022,4714,BV1HM1yYLEjY,1,BV1dYbGzJEwW,1,0.50212,1
3023,3416,BV1j42oYyExn,1,BV1fASnByE6A,1,0.47229,1
3023,3788,BV1j42oYyExn,1,BV13fLmzVEqm,1,0.44597,2
3023,4731,BV1j42oYyExn,1,BV1BAeyzZEm3,1,0.42452,4
3023,4847,BV1j42oYyExn,1,BV1cGezz7EcL,1,0.44356,3
3024,3954,BV1XG1bY4EXf,1,BV1euZ5YjEup,1,0.48473,2
3024,4604,BV1XG1bY4EXf,1,BV1jjp9zDEU4,1,0.5911,1
3025,3050,BV1wgyQYPEfM,1,BV1F2yiYWEhG,1,0.52582,1
3025,3053,BV1wgyQYPEfM,1,BV1kyyLYPE1P,1,0.43671,2
3026,3813,BV1vGmuYkEhb,1,BV1AALHzREDa,1,0.4281,1
3026,5261,BV1vGmuYkEhb,1,BV1fTuGzBED1,1,0.33788,4
3027,3271,BV1cX1xYYEWh,1,BV185tsemEfE,1,0.38978,4
3027,3308,BV1cX1xYYEWh,1,BV1jF4zehEVJ,1,0.44163,3
3027,3536,BV1cX1xYYEWh,1,BV1cuT1z8EAx,1,0.41641,4
3028,3092,BV1Nb1KY7Er7,1,BV1ZHmMY2EoE,1,0.78154,2
3028,3418,BV1Nb1KY7Er7,1,BV1Pv2fBxER5,1,0.769,2
3029,3721,BV1bn14YVEzp,1,BV1QW5Vz5EWX,1,0.42653,4
3030,5297,BV1NZyZYxEqh,1,BV1jJAaz6Ex8,1,0.41937,4
3031,3348,BV1oj1WYEEPy,1,BV1R6pGeCEiV,1,0.4316,3
3031,3628,BV1oj1WYEEPy,1,BV1tmJ8zhEWG,1,0.42832,3
3031,3633,BV1oj1WYEEPy,1,BV1MEjMzcEmx,1,0.49068,1
3031,3729,BV1oj1WYEEPy,1,BV1eYVizCEDi,1,0.46467,4
3031,4460,BV1oj1WYEEPy,1,BV1pNxMzGE9v,1,0.45908,2
3031,5253,BV1oj1WYEEPy,1,BV1GruwziErn,1,0.45208,4
3031,5629,BV1oj1WYEEPy,1,BV1BK67BCEGu,1,0.44665,2
3032,3398,BV1jR1HY1EGU,1,BV1DRHMe9Ejg,1,0.49813,3
3033,3763,BV1Sg1pYeEEb,1,BV16mGYzkEhw,1,0.38784,4
3033,4308,BV1Sg1pYeEEb,1,BV1qWFtecEHF,1,0.41098,2
3034,4561,BV1eJymYrEvA,1,BV1cVnezNEnF,1,0.58523,2
3035,3695,BV17myoYVEnL,1,BV1SmEjzFEUq,1,0.51694,1
3035,3917,BV17myoYVEnL,1,BV1BsfAY8Emm,1,0.44695,1
3035,4994,BV17myoYVEnL,1,BV1oXt8ziEXj,1,0.37564,3
3036,3350,BV1cgyQYPELh,1,BV1PZpMe2ENo,1,0.33778,2
3036,3910,BV1cgyQYPELh,1,BV1GsZpYuEoK,1,0.34581,1
3036,4060,BV1cgyQYPELh,1,BV1zEXDY7EAr,1,0.33548,3
3036,4409,BV1cgyQYPELh,1,BV1fR42zLEuR,1,0.33273,4
3037,3840,BV1KRyUYiEX2,1,BV18cfcYMExL,1,0.36326,1
3038,3488,BV1HvyRYCEhW,1,BV1pzNhzREKj,1,0.53642,2
3038,4717,BV1HvyRYCEhW,1,BV1UrabzfEU7,1,0.53093,1
3038,4938,BV1HvyRYCEhW,1,BV19gtdzwEFX,1,0.56123,3
3038,5039,BV1HvyRYCEhW,1,BV1TAbMzsENN,1,0.6409,1
3039,3224,BV1zwyCYqEuy,1,BV1jushevEb1,1,0.42078,3
3039,3885,BV1zwyCYqEuy,1,BV1MFdWY4Eyx,1,0.42629,2
3040,3886,BV1rmySYFEc5,1,BV17qdpYGEE8,1,0.39148,2
3040,4793,BV1rmySYFEc5,1,BV1UyhozqECb,1,0.37678,3
3041,3460,BV11hyRYjE2U,1,BV1gCNXzaEbc,1,0.43143,4
3042,3900,BV1V4y6YXE18,1,BV1ztZ9YiErB,1,0.37684,4
3042,4425,BV1V4y6YXE18,1,BV1iPxozTEkc,1,0.38893,2
3043,3181,BV1tzy6YyEt4,1,BV1Xt421M7pH,1,0.7154,1
3043,3213,BV1tzy6YyEt4,1,BV1SvpweTE3Q,1,0.51893,4
3043,3264,BV1tzy6YyEt4,1,BV1gQtpeyEFg,1,0.66076,1
3043,3603,BV1tzy6YyEt4,1,BV1Ay7FzNEmH,1,0.58819,4
3043,3919,BV1tzy6YyEt4,1,BV1qmZtYoEFy,1,0.61101,2
3043,5156,BV1tzy6YyEt4,1,BV1Kb84zVEKh,1,0.6584,2
3043,5530,BV1tzy6YyEt4,1,BV1ihcqzDEJn,1,0.63955,2
3043,5531,BV1tzy6YyEt4,1,BV1aCkYBnEgs,1,0.68948,1
3044,3638,BV19Wy7YxEGp,1,BV1w4Jsz6ETH,1,0.51876,1
3044,3933,BV19Wy7YxEGp,1,BV12WZqYNE8z,1,0.42738,3
3044,5428,BV19Wy7YxEGp,1,BV1xCFizfE3m,1,0.429,1
3045,3333,BV1iVysYjEMn,1,BV1XVpte7EQX,1,0.44833,3
3045,4651,BV1iVysYjEMn,1,BV1F4HvzMEqR,1,0.44291,3
3046,5393,BV1EdmLYqEYL,1,BV1s3ZNBYE24,1,0.54217,3
3047,3064,BV1LyynYzED6,1,BV1W1CoYDEx9,1,0.40865,4
3047,3072,BV1LyynYzED6,1,BV1Q8C1YwEAg,1,0.38945,2
3047,5097,BV1LyynYzED6,1,BV1srtuzsENP,1,0.48028,2
3048,3401,BV1SyyWYKEHu,1,BV1wrH5eZEBQ,1,0.51779,2
3048,3416,BV1SyyWYKEHu,1,BV1fASnByE6A,1,0.47398,3
3048,4649,BV1SyyWYKEHu,1,BV1WhpLzoEtb,1,0.47184,4
3048,5092,BV1SyyWYKEHu,1,BV19MtAzQEfk,1,0.51913,1
3049,3157,BV1E122YQEaq,1,BV1uVteegEEm,1,0.38448,2
3049,5333,BV1E122YQEaq,1,BV1VfwyzBEFL,1,0.36016,4
3050,3435,BV1F2yiYWEhG,1,BV1rwSeBXELd,1,0.50636,3
3050,3648,BV1F2yiYWEhG,1,BV1Z5VrzcEpz,1,0.52361,1
3050,4120,BV1F2yiYWEhG,1,BV1r7AUeiEVE,1,0.4406,4
3050,4290,BV1F2yiYWEhG,1,BV1oCF4etEaE,1,0.44619,2
3050,4370,BV1F2yiYWEhG,1,BV1gfm7BXETq,1,0.3868,3
3051,3062,BV1etyhYcEGG,1,BV1A3CfYXENY,1,0.34021,1
3051,5640,BV1etyhYcEGG,1,BV1bfBZBkEQ8,1,0.38147,3
3052,3262,BV1M2yGYKEYN,1,BV1hNtneMEbE,1,0.73922,2
3052,3319,BV1M2yGYKEYN,1,BV1JEpLexEP6,1,0.54713,2
3052,3706,BV1M2yGYKEYN,1,BV1yL5czwE9K,1,0.70591,4
3052,4293,BV1M2yGYKEYN,1,BV1b1F8e9Ewj,1,0.71835,3
3052,5158,BV1M2yGYKEYN,1,BV1FG8WztELD,1,0.6847,1
3053,3068,BV1kyyLYPE1P,1,BV1qHCmYjErd,1,0.52001,1
3053,5004,BV1kyyLYPE1P,1,BV1ubtXzHEwg,1,0.40493,1
3053,5530,BV1kyyLYPE1P,1,BV1ihcqzDEJn,1,0.48698,4
3054,3598,BV16xyqYdEM6,1,BV1Qh7wzDEQ7,1,0.46249,2
3054,3691,BV16xyqYdEM6,1,BV1EJEkzLEpi,1,0.39322,3
3054,4474,BV16xyqYdEM6,1,BV1csHGz3E7C,1,0.46963,3
3054,5631,BV16xyqYdEM6,1,BV1RozfBdExN,1,0.485,1
3055,3165,BV1xkyhYDEUw,1,BV1FBxZeWEE2,1,0.53136,1
3055,3212,BV1xkyhYDEUw,1,BV12UxLe1EiG,1,0.4922,1
3055,3249,BV1xkyhYDEUw,1,BV1bjtfe5Efh,1,0.44518,1
3055,3357,BV1xkyhYDEUw,1,BV1PJH4ehEjn,1,0.45379,3
3055,3410,BV1xkyhYDEUw,1,BV1Hom8BkErG,1,0.39543,2
3055,4041,BV1xkyhYDEUw,1,BV1zvRNYdE9i,1,0.43292,1
3055,4863,BV1xkyhYDEUw,1,BV1ehbYzGEo1,1,0.50615,2
3056,3520,BV1FCyeYmE38,1,BV1ZbMEz9Eoj,1,0.39278,3
3056,3756,BV1FCyeYmE38,1,BV133VHzaErX,1,0.4015,1
3056,4508,BV1FCyeYmE38,1,BV1BXHwz3EvP,1,0.3934,2
3057,3429,BV15TyaYeEj6,1,BV12rUnBRE9b,1,0.51115,2
3057,4510,BV15TyaYeEj6,1,BV1eCn9zLExc,1,0.50705,3
3057,5040,BV15TyaYeEj6,1,BV1Beb5ztEjQ,1,0.49535,3
3057,5287,BV15TyaYeEj6,1,BV17Q3izCEL7,1,0.40929,2
3057,5383,BV15TyaYeEj6,1,BV1YZAzzoEGj,1,0.49173,3
3057,5411,BV15TyaYeEj6,1,BV13gvxBLEPk,1,0.39344,1
3057,5628,BV15TyaYeEj6,1,BV1Qt6vBHEb4,1,0.5649,4
3058,3065,BV1RH28YAEwu,1,BV1VNCdYFEYm,1,0.42051,3
3059,3140,BV1sv2qYqE1j,1,BV1cC4weiEEy,1,0.45411,3
3059,3181,BV1sv2qYqE1j,1,BV1Xt421M7pH,1,0.53314,1
3059,4681,BV1sv2qYqE1j,1,BV1oQYLzBELL,1,0.49717,2
3060,4179,BV1K6CRY7EaW,1,BV1ztKNeDEcJ,1,0.36093,3
3060,5541,BV1K6CRY7EaW,1,BV1YnZJBXEoq,1,0.38813,2
3061,3865,BV1XtCRYsEh7,1,BV191o7YsELE,1,0.50166,1
3061,4869,BV1XtCRYsEh7,1,BV162eGzuEVz,1,0.44391,1
3061,4961,BV1XtCRYsEh7,1,BV13mb5zUE2m,1,0.40203,3
3061,5719,BV1XtCRYsEh7,1,BV16QikB5ECA,1,0.39349,4
3062,4424,BV1A3CfYXENY,1,BV16Z48zuEBR,1,0.33916,2
3062,4591,BV1A3CfYXENY,1,BV1zvpozNEjr,1,0.33682,4
3063,3528,BV1DCCQY2EjZ,1,BV1hPMjzPEWL,1,0.40491,3
3063,4324,BV1DCCQY2EjZ,1,BV1FScEejEsV,1,0.36114,4
3063,4354,BV1DCCQY2EjZ,1,BV1WdfGYcEv5,1,0.34755,4
3063,5753,BV1DCCQY2EjZ,1,BV1oMBDBYEfY,1,0.36755,3
3064,4247,BV1W1CoYDEx9,1,BV15JNweiE9o,1,0.42437,3
3064,4825,BV1W1CoYDEx9,1,BV1yVeozzEmC,1,0.43488,2
3065,3230,BV1VNCdYFEYm,1,BV1YPs1eNEaQ,1,0.44445,2
3065,3383,BV1VNCdYFEYm,1,BV1UHnfexEkX,1,0.50827,1
3065,5275,BV1VNCdYFEYm,1,BV1b9GwzMEmj,1,0.37499,2
3065,5350,BV1VNCdYFEYm,1,BV1SUP5zDEMP,1,0.37601,3
3066,3932,BV1FJCSYxE2K,1,BV1kXZiYxEwA,1,0.43014,1
3067,3068,BV1KGCSYcEFH,1,BV1qHCmYjErd,1,0.56847,1
3067,4168,BV1KGCSYcEFH,1,BV1pBFHe4EnR,1,0.54475,2
3068,3077,BV1qHCmYjErd,1,BV18r2oYNEh9,1,0.47479,4
3068,3394,BV1qHCmYjErd,1,BV1zLHTeaEnz,1,0.52191,4
3068,3435,BV1qHCmYjErd,1,BV1rwSeBXELd,1,0.58182,2
3068,3454,BV1qHCmYjErd,1,BV1yGKmz3Eyi,1,0.43531,2
3068,4127,BV1qHCmYjErd,1,BV1VaPuemEJi,1,0.59954,2
3068,4168,BV1qHCmYjErd,1,BV1pBFHe4EnR,1,0.53003,3
3068,4261,BV1qHCmYjErd,1,BV1kWFeesEX9,1,0.53675,4
3068,4915,BV1qHCmYjErd,1,BV1fFtZz1E2k,1,0.52014,2
3068,5156,BV1qHCmYjErd,1,BV1Kb84zVEKh,1,0.61595,2
3068,5175,BV1qHCmYjErd,1,BV1Sp8MzeEqa,1,0.41756,2
3068,5425,BV1qHCmYjErd,1,BV1f2fAB9Eij,1,0.47375,3
3068,5530,BV1qHCmYjErd,1,BV1ihcqzDEJn,1,0.57482,3
3068,5576,BV1qHCmYjErd,1,BV1SHFDzgE4D,1,0.49886,2
3068,5696,BV1qHCmYjErd,1,BV1TWUYBdEwA,1,0.42791,4
3068,5801,BV1qHCmYjErd,1,BV12c2JBjEjM,1,0.50414,1
3069,3519,BV1tb2UY3EaN,1,BV1pYTrz4EeP,1,0.47629,4
3069,3808,BV1tb2UY3EaN,1,BV1APL9z5EZT,1,0.48494,3
3070,3238,BV1uCxie6Ej8,1,BV1gNsCedEHn,1,0.56699,3
3070,3885,BV1uCxie6Ej8,1,BV1MFdWY4Eyx,1,0.4444,4
3070,4006,BV1uCxie6Ej8,1,BV1hWQPYeEkr,1,0.55593,2
3070,4673,BV1uCxie6Ej8,1,BV1mKHyzkEkj,1,0.57504,2
3070,4805,BV1uCxie6Ej8,1,BV1zvhQzuEJj,1,0.56426,4
3070,5804,BV1uCxie6Ej8,1,BV15vq1B2E1x,1,0.57947,1
3071,4498,BV1aYmKYaEeZ,1,BV1Csxuz7Eut,1,0.36604,4
3071,4730,BV1aYmKYaEeZ,1,BV1SWh2z3EHt,1,0.47956,1
3072,4651,BV1Q8C1YwEAg,1,BV1F4HvzMEqR,1,0.37421,4
3072,5097,BV1Q8C1YwEAg,1,BV1srtuzsENP,1,0.39623,1
3073,4461,BV1RUyuYTE9C,1,BV1GMxaztEHn,1,0.55699,2
3073,4468,BV1RUyuYTE9C,1,BV1gMxjzVEsx,1,0.48698,4
3073,5716,BV1RUyuYTE9C,1,BV1fdBCB7EKH,1,0.45012,2
3074,3407,BV1CpyNYBEWT,1,BV1Z7m2BVEtv,1,0.4135,2
3074,4071,BV1CpyNYBEWT,1,BV1anX9YCEnr,1,0.39665,4
3075,3228,BV1sGyGYbEZo,1,BV1sasQegEw4,1,0.39147,2
3075,3853,BV1sGyGYbEZo,1,BV1HDorYuECE,1,0.29845,2
3076,3687,BV1vqyAYnELR,1,BV1qqEtziE51,1,0.61437,2
3076,5346,BV1vqyAYnELR,1,BV1CSZWBJEPf,1,0.42522,1
3076,5639,BV1vqyAYnELR,1,BV1uCzYB6EJo,1,0.61739,1
3076,5693,BV1vqyAYnELR,1,BV1AwrNBQE5w,1,0.56488,3
3077,3090,BV18r2oYNEh9,1,BV1rLycYoEdJ,1,0.36413,2
3077,3435,BV18r2oYNEh9,1,BV1rwSeBXELd,1,0.52325,1
3077,4915,BV18r2oYNEh9,1,BV1fFtZz1E2k,1,0.50506,2
3078,3253,BV1J9C1Y2EaR,1,BV1hJt6e8Ezt,1,0.3745,3
3078,3752,BV1J9C1Y2EaR,1,BV1zZdZYyEVN,1,0.43796,1
3078,4956,BV1J9C1Y2EaR,1,BV1Ykt9zhE1A,1,0.4151,1
3079,3106,BV1gKmGY5Exb,1,BV1LU2GYQEtp,1,0.46667,2
3079,3153,BV1gKmGY5Exb,1,BV1qZxCeVEXZ,1,0.37513,4
3079,3402,BV1gKmGY5Exb,1,BV1EpH3eVE1r,1,0.45825,1
3079,3449,BV1gKmGY5Exb,1,BV1LVKUz8EGa,1,0.41224,3
3079,3496,BV1gKmGY5Exb,1,BV1oj7eznEjc,1,0.39542,3
3079,3892,BV1gKmGY5Exb,1,BV1siXgYCEvU,1,0.46315,3
3079,4198,BV1gKmGY5Exb,1,BV1rqKpeBExU,1,0.5724,1
3079,4210,BV1gKmGY5Exb,1,BV1a9NqeFEzP,1,0.45706,3
3079,4694,BV1gKmGY5Exb,1,BV1aVYVzoE6P,1,0.52874,2
3080,4105,BV1ERmLYMECV,1,BV1VDPgeWENc,1,0.45043,1
3080,4423,BV1ERmLYMECV,1,BV1By4JzMEx8,1,0.49292,4
3080,4677,BV1ERmLYMECV,1,BV1cWYjzmEe3,1,0.44573,4
3080,5089,BV1ERmLYMECV,1,BV1nmtTzrEnN,1,0.47923,1
3080,5116,BV1ERmLYMECV,1,BV1Wf8CzoEUG,1,0.51783,1
3080,5125,BV1ERmLYMECV,1,BV1SK88zREu2,1,0.46574,3
3081,3611,BV1h8mLYsE7j,1,BV1tWjyzYESh,1,0.36157,4
3081,4323,BV1h8mLYsE7j,1,BV11Kcwe6Exn,1,0.34896,4
3081,5171,BV1h8mLYsE7j,1,BV1z1bCzkEce,1,0.367,2
3082,3164,BV1K6mLYUEri,1,BV1bw4geiEbd,1,0.56998,1
3083,4015,BV1vnmVYXEws,1,BV1vYQ5YMErH,1,0.46806,2
3083,4092,BV1vnmVYXEws,1,BV1VG9cYAEMJ,1,0.48497,1
3083,4578,BV1vnmVYXEws,1,BV12VpnzCEjJ,1,0.35016,4
3084,4974,BV1MNmMYbEYQ,1,BV1qxtSzdEnV,1,0.4593,2
3084,5785,BV1MNmMYbEYQ,1,BV1vfBEBuE7o,1,0.39796,4
3085,3991,BV1nrmnYpEq9,1,BV1kUQbYWE7E,1,0.34758,2
3085,4753,BV1nrmnYpEq9,1,BV1sMa7zXEq5,1,0.32086,3
3085,4802,BV1nrmnYpEq9,1,BV1twhRzbEnk,1,0.31485,4
3085,5518,BV1nrmnYpEq9,1,BV1zSZMBNEBz,1,0.35646,1
3086,3687,BV1ncmnYSEMX,1,BV1qqEtziE51,1,0.51481,1
3086,5278,BV1ncmnYSEMX,1,BV1YT3uzfEWd,1,0.48167,4
3087,3379,BV1rKyPYhEKj,1,BV1oNsJeBESv,1,0.48121,1
3087,4748,BV1rKyPYhEKj,1,BV1hZaEzMEZQ,1,0.44817,3
3088,4668,BV1vnmLYhEhM,1,BV1vdaRzLER2,1,0.3889,4
3089,3193,BV1YkyNYRExe,1,BV1jMxxe9EoR,1,0.47166,1
3089,4023,BV1YkyNYRExe,1,BV1iGRpYvEa4,1,0.44211,4
3089,4199,BV1YkyNYRExe,1,BV1fNKLejETA,1,0.52352,2
3089,4235,BV1YkyNYRExe,1,BV1SPNheuEzJ,1,0.52604,1
3089,4319,BV1YkyNYRExe,1,BV1Hsq5YCEEE,1,0.46588,1
3089,4738,BV1YkyNYRExe,1,BV1euazzaEt8,1,0.51489,3
3090,3152,BV1rLycYoEdJ,1,BV1hR1mY6E4L,1,0.35556,4
3090,4800,BV1rLycYoEdJ,1,BV1B6ebz7Ep2,1,0.35702,3
3091,4190,BV1Pd2fYYE6G,1,BV1R3KLeGEor,1,0.4258,2
3091,4596,BV1Pd2fYYE6G,1,BV1tRpRzCEb1,1,0.39887,3
3091,4752,BV1Pd2fYYE6G,1,BV1QDa5z4Ecb,1,0.36328,4
3092,4812,BV1ZHmMY2EoE,1,BV1CDeXzZEWq,1,0.78852,3
3093,3459,BV1kymVYTE55,1,BV1aZNQzAEX5,1,0.60996,2
3093,3624,BV1kymVYTE55,1,BV1bTjszkExZ,1,0.43994,3
3093,3639,BV1kymVYTE55,1,BV1chJ4z1EGp,1,0.41282,3
3093,4439,BV1kymVYTE55,1,BV1ddH3zFEu2,1,0.55139,3
3093,5339,BV1kymVYTE55,1,BV1kqZBB9EYr,1,0.41371,4
3093,5362,BV1kymVYTE55,1,BV1tkPhzfEuu,1,0.48819,2
3093,5398,BV1kymVYTE55,1,BV14wPMzZEow,1,0.40486,4
3093,5694,BV1kymVYTE55,1,BV1fpBLBTEeS,1,0.60217,1
3094,4731,BV1RT2YYgEof,1,BV1BAeyzZEm3,1,0.36976,2
3094,5697,BV1RT2YYgEof,1,BV1DbBRBvE46,1,0.37432,1
3095,4144,BV12mmMYfENf,1,BV1DSApeUEH2,1,0.45434,2
3095,5545,BV12mmMYfENf,1,BV1LRcLzRE3R,1,0.39274,4
3096,3340,BV1qo28YuEC7,1,BV1DaHDezEP7,1,0.40685,4
3096,3724,BV1qo28YuEC7,1,BV1kELNzzEeP,1,0.44452,1
3096,4612,BV1qo28YuEC7,1,BV1HtpezrEre,1,0.41376,2
3097,3317,BV1ZU2qYZEmQ,1,BV1n7pBexEpX,1,0.43965,1
3097,5250,BV1ZU2qYZEmQ,1,BV1RZuAzkE3w,1,0.36936,4
3098,5495,BV1WemuYtELi,1,BV1jTZbBWE2W,1,0.3455,3
3098,5693,BV1WemuYtELi,1,BV1AwrNBQE5w,1,0.3862,1
3099,4131,BV1QT2bY9EN8,1,BV13UPKeuEmi,1,0.3875,2
3099,5565,BV1QT2bY9EN8,1,BV1TtFDzTEVi,1,0.38678,4
3100,3995,BV1Fy2UYcEPc,1,BV1oXQmYYEsp,1,0.4583,3
3100,4814,BV1Fy2UYcEPc,1,BV1UHvAztELq,1,0.40021,4
3100,4950,BV1Fy2UYcEPc,1,BV14FtozZEzU,1,0.60303,1
3100,5415,BV1Fy2UYcEPc,1,BV1AbZfBDE6L,2,0.3763,3
3101,3208,BV1Ji2YYnEDQ,1,BV1P1xFeYEmQ,1,0.46693,2
3101,4572,BV1Ji2YYnEDQ,1,BV17aJ1zoEnB,1,0.63613,1
3101,4619,BV1Ji2YYnEDQ,1,BV1uipWzxEVX,1,0.45023,3
3101,5382,BV1Ji2YYnEDQ,1,BV1svADzGE5m,1,0.58847,3
3101,5474,BV1Ji2YYnEDQ,1,BV1fe63BFEyM,1,0.51431,4
3102,3407,BV1xdtCeaEZF,1,BV1Z7m2BVEtv,1,0.42746,4
3103,5419,BV1Si2aYhEm2,1,BV1iLfNB9EeR,1,0.51895,4
3104,3583,BV12T2sYMEtS,1,BV1hq7mz5Eg3,1,0.45814,1
3104,4113,BV12T2sYMEtS,1,BV1KLAXesEpD,1,0.39644,2
3104,4209,BV12T2sYMEtS,1,BV1zfNSe5ELh,1,0.46354,4
3104,4231,BV12T2sYMEtS,1,BV1ym421W7PQ,1,0.48281,3
3105,3141,BV11H29YnEds,1,BV1KE1eYZEhQ,1,0.75388,1
3105,3483,BV11H29YnEds,1,BV1jdNYzQEtH,1,0.72942,2
3105,3702,BV11H29YnEds,1,BV14sE3z6EaM,1,0.63619,4
3105,3884,BV11H29YnEds,1,BV1jFdpYBEwf,1,0.7186,3
3105,4276,BV11H29YnEds,1,BV1EJFTeVEUj,1,0.56613,4
3105,5389,BV11H29YnEds,1,BV1NhP3ziE8K,1,0.53691,4
3105,5573,BV11H29YnEds,1,BV1CiFXzBEth,1,0.66195,4
3106,4471,BV1LU2GYQEtp,1,BV1Lvxjz9EFP,1,0.45605,4
3106,4843,BV1LU2GYQEtp,1,BV1r7enzcE48,1,0.37969,2
3107,3527,BV1ZC2yY5EHd,1,BV1Fz7jzkEXF,1,0.39368,4
3107,3603,BV1ZC2yY5EHd,1,BV1Ay7FzNEmH,1,0.44236,3
3108,3549,BV1qW2VYoEqn,1,BV1WtTDzQEpM,1,0.52144,1
3108,4247,BV1qW2VYoEqn,1,BV15JNweiE9o,1,0.48895,3
3108,4738,BV1qW2VYoEqn,1,BV1euazzaEt8,1,0.46981,4
3108,5738,BV1qW2VYoEqn,1,BV1tZiuBwEBG,1,0.47631,2
3109,4800,BV1oYx4exEuE,1,BV1B6ebz7Ep2,1,0.4031,3
3109,5052,BV1oYx4exEuE,1,BV1fobKzzEhh,1,0.42694,1
3109,5563,BV1oYx4exEuE,1,BV14AFSzvEdP,1,0.40343,2
3110,3380,BV1Hh2gYxE2o,1,BV1DjnfefEdU,1,0.39457,1
3110,4519,BV1Hh2gYxE2o,1,BV1sBnzzpEr4,1,0.37091,3
3110,5411,BV1Hh2gYxE2o,1,BV13gvxBLEPk,1,0.37545,2
3111,4733,BV1DQ2MYAE8s,1,BV1ujazzoEJa,1,0.41888,4
3111,5737,BV1DQ2MYAE8s,1,BV1AWvWBZEE2,1,0.41923,3
3112,4206,BV1CD23YhEbv,1,BV1xuN6eoEDL,1,0.35615,2
3113,3162,BV1Hk2NYkEBi,1,BV1N8xZefEp6,1,0.51123,3
3113,5475,BV1Hk2NYkEBi,1,BV12eZMB5EDa,1,0.51873,2
3114,3849,BV1rz2WY4ENZ,1,BV1FJoFYJEM4,1,0.42026,2
3114,5223,BV1rz2WY4ENZ,1,BV1B8Etz3EBS,1,0.449,2
3115,3437,BV17j12YmEWs,1,BV1fJ2YBzEVp,1,0.38435,1
3115,4254,BV17j12YmEWs,1,BV1rhFBeKEmu,1,0.35483,4
3116,5315,BV1uP2PYSEgA,1,BV1XEyWBYE4X,1,0.48917,1
3117,3443,BV1qJ12Y1Et7,1,BV1oyCeBaEtC,1,0.45424,3
3117,5595,BV1qJ12Y1Et7,1,BV1kzFnzjEdf,1,0.40369,1
3118,4902,BV1B22AYwE94,1,BV1t7YezyECM,1,0.48305,1
3118,5320,BV1B22AYwE94,1,BV1W3APzGExU,1,0.43885,1
3118,5349,BV1B22AYwE94,1,BV1iDAzzaEDq,1,0.40691,3
3119,3235,BV1uw2wYVECQ,1,BV118skeSE7V,1,0.65924,1
3119,3327,BV1uw2wYVECQ,1,BV1RWpiekEkU,1,0.63585,3
3119,3890,BV1uw2wYVECQ,1,BV1cTfKYzEbN,1,0.66054,1
3119,4583,BV1uw2wYVECQ,1,BV1GqWwzuECE,1,0.53911,4
3119,4948,BV1uw2wYVECQ,1,BV1hBtSzmE9J,1,0.65684,1
3119,5249,BV1uw2wYVECQ,1,BV1sXuazzE6R,1,0.60444,2
3119,5564,BV1uw2wYVECQ,1,BV1SWc4zyEdq,1,0.66849,2
3120,3661,BV1bp2AYmEu1,1,BV1QtJGznE5u,1,0.36525,3
3120,4818,BV1bp2AYmEu1,1,BV1JaemziEiK,1,0.45953,3
3120,5333,BV1bp2AYmEu1,1,BV1VfwyzBEFL,1,0.60413,1
3120,5543,BV1bp2AYmEu1,1,BV119ZEB3ESk,1,0.42075,3
3120,5579,BV1bp2AYmEu1,1,BV1R8cczyEzy,1,0.43704,1
3120,5799,BV1bp2AYmEu1,1,BV183qSBUES5,1,0.56297,2
3121,3224,BV1vZijeRE6d,1,BV1jushevEb1,1,0.60698,2
3122,3383,BV1i74weWEuL,1,BV1UHnfexEkX,1,0.46314,2
3122,3611,BV1i74weWEuL,1,BV1tWjyzYESh,1,0.45068,3
3123,3425,BV1iC2JYuEzA,1,BV1Bd2QBfEPa,1,0.37543,4
3123,4564,BV1iC2JYuEzA,1,BV1nrJ9zXEWD,1,0.44293,3
3123,5185,BV1iC2JYuEzA,1,BV1f7gszVEo8,1,0.55633,1
3125,4089,BV1UJ2HYaEMV,1,BV19UAmexECa,1,0.39878,1
3125,4548,BV1UJ2HYaEMV,1,BV11gnLzWE4i,1,0.43762,1
3126,3904,BV1Z91yYCEFi,1,BV1cEXrY4EbT,1,0.49234,1
3126,4077,BV1Z91yYCEFi,1,BV1TQPieUEa1,1,0.42283,1
3126,4921,BV1Z91yYCEFi,1,BV1QBtSzmEHp,1,0.4533,4
3126,4968,BV1Z91yYCEFi,1,BV1K6tpzaEdj,1,0.43042,2
3127,3561,BV1Yix4eWEua,1,BV1ZrTtzCENf,1,0.60832,1
3127,3571,BV1Yix4eWEua,1,BV1yLjmzvEfu,1,0.49579,2
3127,5804,BV1Yix4eWEua,1,BV15vq1B2E1x,1,0.46519,4
3128,3321,BV18t1kY9Esf,1,BV1hmHLekEKg,1,0.40159,2
3128,5252,BV18t1kY9Esf,1,BV1zYuPzUE9C,1,0.38629,4
3129,3705,BV1Fo1vYQENB,1,BV1cBVZzSEcU,1,0.42716,3
3129,4356,BV1Fo1vYQENB,1,BV1e1pvezEMR,1,0.45856,2
3130,3574,BV1Wi16Y6ED4,1,BV1JLJNzjE6U,1,0.41695,2
3130,4138,BV1Wi16Y6ED4,1,BV1TdAaeiEEU,1,0.38387,1
3131,4031,BV1uP1rYHEVo,1,BV1XnRpYFExc,1,0.46962,1
3131,4710,BV1uP1rYHEVo,1,BV1tHatz9EjT,1,0.40612,4
3131,4959,BV1uP1rYHEVo,1,BV1hftZzKEW5,1,0.35891,4
3131,5629,BV1uP1rYHEVo,1,BV1BK67BCEGu,1,0.44895,1
3132,4084,BV1fk16YvEXW,1,BV1GsPteNE4U,1,0.418,4
3132,5176,BV1fk16YvEXW,1,BV1hbuUzcEFk,1,0.42562,3
3132,5266,BV1fk16YvEXW,1,BV1zVGAzsEni,1,0.4309,2
3133,3228,BV1BH1zYcEDX,1,BV1sasQegEw4,1,0.3736,4
3134,3234,BV1Yb1qYmEUx,1,BV1gktDesEmL,1,0.38025,4
3134,4021,BV1Yb1qYmEUx,1,BV16QRLYREcN,1,0.37083,2
3134,4242,BV1Yb1qYmEUx,1,BV1FSNFeMERU,1,0.46119,1
3134,4387,BV1Yb1qYmEUx,1,BV115xzziE28,1,0.37043,2
3134,5325,BV1Yb1qYmEUx,1,BV1m9AJzZE42,1,0.42897,3
3135,3786,BV1UM1CYxE3q,1,BV1F6LPziEg9,1,0.42183,1
3135,5205,BV1UM1CYxE3q,1,BV1Gpg8zjEoZ,1,0.3905,2
3136,4461,BV1Ua1dYtE2Y,1,BV1GMxaztEHn,1,0.48654,4
3137,4577,BV11A1qYvEvB,1,BV165nFzvEom,1,0.341,1
3137,5197,BV11A1qYvEvB,1,BV1ptgWzmEXX,1,0.33412,2
3137,5318,BV11A1qYvEvB,1,BV1S3BgBuEX3,1,0.32737,3
3137,5794,BV11A1qYvEvB,1,BV1TcqzB2Eqf,1,0.32334,4
3138,3963,BV15T1BYQE4i,1,BV1Lco6Y9EQL,1,0.36009,4
3138,5334,BV15T1BYQE4i,1,BV1bgwizuEvT,1,0.41966,1
3139,4604,BV1Mj1eYFE8T,1,BV1jjp9zDEU4,1,0.59828,1
3139,5012,BV1Mj1eYFE8T,1,BV1nEh3zZEVV,1,0.5328,1
3139,5639,BV1Mj1eYFE8T,1,BV1uCzYB6EJo,1,0.64245,1
3139,5708,BV1Mj1eYFE8T,1,BV1QUvWB6Ery,1,0.52858,1
3140,4244,BV1cC4weiEEy,1,BV1NkNweDESd,1,0.38291,3
3140,5175,BV1cC4weiEEy,1,BV1Sp8MzeEqa,1,0.43126,1
3140,5572,BV1cC4weiEEy,1,BV1yyFozUEch,1,0.43416,4
3141,3301,BV1KE1eYZEhQ,1,BV1Pt48enEpr,1,0.69776,4
3141,3456,BV1KE1eYZEhQ,1,BV1ksK7zDEAs,1,0.48091,4
3141,3483,BV1KE1eYZEhQ,1,BV1jdNYzQEtH,1,0.71795,3
3141,3702,BV1KE1eYZEhQ,1,BV14sE3z6EaM,1,0.68496,1
3141,3884,BV1KE1eYZEhQ,1,BV1jFdpYBEwf,1,0.79729,1
3141,4632,BV1KE1eYZEhQ,1,BV1TRpTzuENC,1,0.59575,2
3141,5558,BV1KE1eYZEhQ,1,BV1iHk4B3ETs,1,0.5111,4
3142,3398,BV11M1qYwEw8,1,BV1DRHMe9Ejg,1,0.45672,3
3143,3434,BV1q91dYVESq,1,BV1RJSsBJEA4,1,0.44775,2
3143,3487,BV1q91dYVESq,1,BV12QN8zoEdN,1,0.38985,4
3144,3878,BV1tM1XY7EEw,1,BV1YCdXYSEKK,1,0.41896,2
3144,4326,BV1tM1XY7EEw,1,BV1BKfmYnEb1,1,0.35224,4
3145,3489,BV1qk1mYUEb5,1,BV1VeMqzPE2m,1,0.52912,3
3145,3620,BV1qk1mYUEb5,1,BV1TvjUzrEim,1,0.51157,4
3145,4551,BV1qk1mYUEb5,1,BV1Fdn3zTEpu,2,0.55553,1
3145,5081,BV1qk1mYUEb5,1,BV1PDtizAEYR,1,0.57071,1
3145,5813,BV1qk1mYUEb5,1,BV13uBcBSEps,1,0.39676,3
3146,5656,BV1Jb1RYrEg6,1,BV1TkraBuEhS,1,0.4169,2
3147,3384,BV1n81eYnEfb,1,BV1Ka411o75u,1,0.51096,3
3147,3727,BV1n81eYnEfb,1,BV1uz5MzfExY,1,0.48791,4
3147,3855,BV1n81eYnEfb,1,BV13xo5YrEGg,2,0.53395,2
3147,5087,BV1n81eYnEfb,1,BV1SntqzrEF2,1,0.55761,1
3147,5215,BV1n81eYnEfb,1,BV1LQudztEEM,1,0.40318,2
3147,5315,BV1n81eYnEfb,1,BV1XEyWBYE4X,1,0.47943,2
3148,5840,BV1AG2FYZEF5,1,BV1th2LBgEgk,1,0.41237,2
3149,4585,BV1fm19YzETm,1,BV1GrWwziEpY,1,0.37818,3
3149,4588,BV1fm19YzETm,1,BV1eoWAz5Etb,1,0.41356,2
3150,4020,BV1eX1QYtECN,1,BV1f2QVYzE9g,1,0.38393,2
3150,5256,BV1eX1QYtECN,1,BV1v5MQzVESs,1,0.36488,2
3151,4779,BV1BX4we8EaV,1,BV1LCh9zrE5b,1,0.47303,3
3151,4783,BV1BX4we8EaV,1,BV1SPeoz1EiS,1,0.46618,4
3151,5536,BV1BX4we8EaV,1,BV1qd6cBNERK,1,0.50412,1
3152,4045,BV1hR1mY6E4L,1,BV11aAbesE3W,1,0.40282,1
3153,3470,BV1qZxCeVEXZ,1,BV1QxNdz6EnY,1,0.33204,3
3153,4455,BV1qZxCeVEXZ,1,BV1YhxyzcEjM,1,0.41274,1
3154,3352,BV1574weWEAf,1,BV1HbpcepETH,1,0.45386,3
3154,4554,BV1574weWEAf,1,BV1ZrnGzvEx7,1,0.51263,1
3154,5391,BV1574weWEAf,1,BV11zPLz1ENH,1,0.40831,4
3155,3575,BV1BkxZeDEMJ,1,BV1k6EPzjEbf,1,0.59775,1
3155,5180,BV1BkxZeDEMJ,1,BV1R3b1zCEm5,1,0.52643,2
3156,5758,BV1fyxZeEEt2,1,BV1AyBCBdEPq,1,0.79734,4
3157,3933,BV1uVteegEEm,1,BV12WZqYNE8z,1,0.42669,4
3157,4024,BV1uVteegEEm,1,BV1MKRYYnExh,1,0.39601,3
3157,5223,BV1uVteegEEm,1,BV1B8Etz3EBS,1,0.44488,4
3157,5333,BV1uVteegEEm,1,BV1VfwyzBEFL,1,0.44954,3
3158,4834,BV1zqtVeAEQc,1,BV1HAYSzgEbT,1,0.33448,3
3158,4956,BV1zqtVeAEQc,1,BV1Ykt9zhE1A,1,0.36903,1
3159,3324,BV1964ceUEpi,1,BV1UcpBeKEK8,1,0.45262,4
3159,4711,BV1964ceUEpi,1,BV1bAhmzyEBY,1,0.40271,4
3159,5393,BV1964ceUEpi,1,BV1s3ZNBYE24,1,0.52726,1
3160,4959,BV1v2xye6ESU,1,BV1hftZzKEW5,1,0.39546,1
3161,4756,BV1watVeqE9r,1,BV1MBKRzqE1B,1,0.36655,4
3161,5342,BV1watVeqE9r,1,BV154S4BWEKe,1,0.36906,3
3162,3364,BV1N8xZefEp6,1,BV1rwePeoEXG,3,0.47383,2
3163,3388,BV15MxdeKEud,1,BV1eQs7ebE3k,1,0.53496,3
3163,3516,BV15MxdeKEud,1,BV1i7MHzfERn,1,0.47524,2
3163,3783,BV15MxdeKEud,1,BV1GAG1zwEqP,1,0.55467,1
3163,4010,BV15MxdeKEud,1,BV1KoR5YYEWn,1,0.45731,3
3163,4725,BV15MxdeKEud,1,BV1DiYyzGEd8,1,0.53395,4
3163,4876,BV15MxdeKEud,1,BV1M9ePzaEwW,1,0.55068,1
3164,4725,BV1bw4geiEbd,1,BV1DiYyzGEd8,1,0.57455,4
3164,5311,BV1bw4geiEbd,1,BV1LkAczsEb1,1,0.56951,2
3165,4411,BV1FBxZeWEE2,1,BV1CeWYzkEPo,1,0.52088,1
3166,3436,BV15DxZeLE4o,1,BV1YR2eBiEMB,1,0.50443,2
3167,3398,BV15SxdeMELP,1,BV1DRHMe9Ejg,1,0.64616,1
3167,4378,BV15SxdeMELP,1,BV1LHmGBCEAw,1,0.36572,3
3167,4428,BV15SxdeMELP,1,BV1smxYzSEv1,1,0.61382,2
3167,4442,BV15SxdeMELP,1,BV1GJH3zREmt,1,0.55409,4
3167,5126,BV15SxdeMELP,1,BV1uu411i7D2,1,0.6273,3
3168,3518,BV1y74GePEK9,1,BV166MLzSEQJ,1,0.50017,2
3168,3541,BV1y74GePEK9,1,BV1ipTKz7ECW,1,0.54024,1
3168,4437,BV1y74GePEK9,1,BV1vvxDzQErD,1,0.50804,4
3168,4828,BV1y74GePEK9,1,BV1ffvwzVErx,1,0.51787,3
3169,3222,BV1nK4PezEvM,1,BV1QwsRe4ELZ,1,0.31943,4
3169,3525,BV1nK4PezEvM,1,BV1GdTTzCEdZ,1,0.47233,1
3169,5369,BV1nK4PezEvM,1,BV1N3cqzeEzr,1,0.3684,3
3170,3707,BV1cH4ge9EsR,1,BV1FuVrzvEc2,1,0.42369,4
3170,5754,BV1cH4ge9EsR,1,BV1scmcBtEcU,1,0.41437,4
3170,5827,BV1cH4ge9EsR,1,BV1DeUnB8ErT,1,0.47607,1
3171,4080,BV1SP4geNEv1,1,BV1hcPieXEuN,1,0.67245,1
3171,4813,BV1SP4geNEv1,1,BV1vdeyzpEDy,1,0.44895,4
3171,5736,BV1SP4geNEv1,1,BV1bkvQBEEPk,1,0.52894,2
3172,3215,BV1vF4jewEYN,1,BV1jUx5eoEHC,1,0.54453,1
3172,4461,BV1vF4jewEYN,1,BV1GMxaztEHn,1,0.584,2
3172,5768,BV1vF4jewEYN,1,BV1ZXBrBrEaC,1,0.56016,3
3173,3762,BV18a4PeQE99,1,BV1yxGizsEw6,1,0.54496,1
3173,5046,BV18a4PeQE99,1,BV1LobVzXEhy,1,0.48203,1
3173,5240,BV18a4PeQE99,1,BV1KNuazkEva,1,0.46745,1
3174,3203,BV1uy4Ge1EUB,1,BV1p8tseqEgp,1,0.49197,2
3174,5324,BV1uy4Ge1EUB,1,BV1JJwuzEEiV,1,0.47301,2
3175,5450,BV18m4AeQEhw,1,BV12LZaByELD,1,0.38574,4
3176,3325,BV1UL4NeHEKw,1,BV1nipteaEm2,1,0.41604,2
3176,3799,BV1UL4NeHEKw,1,BV1S4LJz8EQn,1,0.40926,3
3176,5005,BV1UL4NeHEKw,1,BV1DvbMzaESm,1,0.40678,4
3177,4753,BV1eC4AesE3T,1,BV1sMa7zXEq5,1,0.35933,4
3177,5799,BV1eC4AesE3T,1,BV183qSBUES5,1,0.49221,2
3178,5026,BV1wm4PerEr8,1,BV1Cgt1znEFv,1,0.36163,1
3179,3330,BV1vUxve7Eup,1,BV16zpte8E2J,1,0.34319,3
3179,3568,BV1vUxve7Eup,1,BV1YyjSzsE4U,1,0.47581,2
3179,3779,BV1vUxve7Eup,1,BV18VGmzAExL,1,0.46016,3
3179,3796,BV1vUxve7Eup,1,BV1Y3LozKEpW,1,0.40879,1
3179,4159,BV1vUxve7Eup,1,BV1WfNheaEgQ,1,0.35657,4
3179,5294,BV1vUxve7Eup,1,BV1magXzqEfy,1,0.51229,1
3179,5366,BV1vUxve7Eup,1,BV1LBP5ztEAP,1,0.42235,4
3179,5787,BV1vUxve7Eup,1,BV1KHBcBrEwn,1,0.33411,3
3180,4347,BV1GpTVeVEW2,1,BV13VfpYzEC5,1,0.57483,1
3181,3335,BV1Xt421M7pH,1,BV1HqHderE68,1,0.56278,1
3181,3576,BV1Xt421M7pH,1,BV19QTjzTEbN,1,0.41159,4
3181,3730,BV1Xt421M7pH,1,BV1d6VhzYEyj,1,0.48167,4
3181,5072,BV1Xt421M7pH,1,BV15jttzWENB,1,0.4471,2
3181,5530,BV1Xt421M7pH,1,BV1ihcqzDEJn,1,0.54562,4
3181,5572,BV1Xt421M7pH,1,BV1yyFozUEch,1,0.5561,4
3182,3397,BV1sz421f7q9,1,BV1RJHjeSEiY,1,0.40047,4
3182,3533,BV1sz421f7q9,1,BV1v5TuzJE5X,1,0.37438,2
3182,3768,BV1sz421f7q9,1,BV11AoTYVEDe,1,0.42796,2
3182,4623,BV1sz421f7q9,1,BV1MJMpz7Ek8,1,0.40792,3
3182,4648,BV1sz421f7q9,1,BV1uvpGztEiL,1,0.35927,3
3184,4637,BV1ys4EeXEyv,1,BV1wKpczmEqX,1,0.39455,2
3184,4662,BV1ys4EeXEyv,1,BV1zkaXzjEKQ,1,0.36684,4
3184,4697,BV1ys4EeXEyv,1,BV1chY3zqEZD,1,0.33993,4
3184,5077,BV1ys4EeXEyv,1,BV1LxtwzHEey,1,0.39128,3
3185,3927,BV1xJxheQESG,1,BV1DkZ6YUEs5,1,0.53786,2
3186,3791,BV1B6xveXEq7,1,BV1pGL2zREGk,1,0.55959,1
3186,4002,BV1B6xveXEq7,1,BV162RVYnEsJ,1,0.60824,2
3186,4553,BV1B6xveXEq7,1,BV1QgnGzdERh,1,0.5928,2
3186,4607,BV1B6xveXEq7,1,BV1HyeWzgEMe,1,0.48315,3
3186,4780,BV1B6xveXEq7,1,BV1DxvTz3EPY,1,0.56102,1
3186,5710,BV1B6xveXEq7,1,BV1tVqmBzEPm,1,0.47566,4
3186,5768,BV1B6xveXEq7,1,BV1ZXBrBrEaC,1,0.57221,4
3187,4057,BV1FGxaejEGo,1,BV1HP9tYpEzF,1,0.43146,3
3187,5197,BV1FGxaejEGo,1,BV1ptgWzmEXX,1,0.45265,1
3188,3946,BV1RzxbeFEyE,1,BV1SdZGYKEMz,1,0.5179,3
3188,4227,BV1RzxbeFEyE,1,BV1LkNGehEct,1,0.46609,1
3190,3499,BV1JGtyeDEEy,1,BV1eGM4zBEpt,1,0.37581,3
3190,4467,BV1JGtyeDEEy,1,BV17BxXztEQE,1,0.34085,4
3190,5310,BV1JGtyeDEEy,1,BV1LEwAzREk3,1,0.41911,1
3191,3284,BV1N5x4ezEmF,1,BV1dd41ejEP5,1,0.50291,1
3191,4570,BV1N5x4ezEmF,1,BV1q9JyzXEX7,1,0.44858,2
3191,4739,BV1N5x4ezEmF,1,BV1e4aPzAEiu,1,0.44726,3
3191,4953,BV1N5x4ezEmF,1,BV1rYtdzLEge,1,0.39854,2
3191,4960,BV1N5x4ezEmF,1,BV1GhbMzKEYV,1,0.4353,4
3192,4673,BV1Y6xbebESc,1,BV1mKHyzkEkj,1,0.46498,4
3192,4720,BV1Y6xbebESc,1,BV14MahzcEab,1,0.48033,3
3193,4160,BV1jMxxe9EoR,1,BV1G7PdeCETU,1,0.36753,4
3193,4440,BV1jMxxe9EoR,1,BV1RhxvzuEWG,1,0.44921,2
3194,3277,BV1aYxsemEoG,1,BV1dJtYejEnr,1,0.42624,3
3194,3397,BV1aYxsemEoG,1,BV1RJHjeSEiY,1,0.66689,4
3194,3706,BV1aYxsemEoG,1,BV1yL5czwE9K,1,0.69634,1
3194,5352,BV1aYxsemEoG,1,BV1yBfUBoEzh,1,0.69625,2
3195,4562,BV1cFxqefEp3,1,BV1QrnbzzEoF,1,0.6498,4
3195,4879,BV1cFxqefEp3,1,BV1azeFzxEJF,1,0.86831,3
3195,4892,BV1cFxqefEp3,1,BV1TAY2zCE8E,1,0.81419,1
3195,5243,BV1cFxqefEp3,1,BV1HmuxzUEw2,1,0.88981,2
3196,3422,BV1zRxCeLE1X,1,BV1mZ2XBjERh,1,0.38201,3
3196,3451,BV1zRxCeLE1X,1,BV1EmK2zbEF9,1,0.37396,3
3196,3812,BV1zRxCeLE1X,1,BV1gXLpzgEqN,1,0.38476,3
3196,3891,BV1zRxCeLE1X,1,BV1tKRkY3EA3,1,0.35264,3
3196,3973,BV1zRxCeLE1X,1,BV1NPXNYcEtK,1,0.46414,3
3196,5181,BV1zRxCeLE1X,1,BV1vgbCziEvE,1,0.43105,4
3197,4714,BV1B2xqe4ESd,1,BV1dYbGzJEwW,1,0.44607,3
3199,3647,BV1j4xweWEnf,1,BV1hRJBzZEkq,1,0.37806,4
3199,4700,BV1j4xweWEnf,1,BV11xaUzrEF2,1,0.4575,1
3199,5829,BV1j4xweWEnf,1,BV1mk2kB2E1D,1,0.42622,4
3200,3707,BV1eoxNe8Ef2,1,BV1FuVrzvEc2,1,0.46567,2
3200,4323,BV1eoxNe8Ef2,1,BV11Kcwe6Exn,1,0.40682,2
3200,4374,BV1eoxNe8Ef2,1,BV1U5mmBNEfW,1,0.4143,1
3200,5303,BV1eoxNe8Ef2,1,BV1uAAPzUETn,1,0.39618,4
3200,5701,BV1eoxNe8Ef2,1,BV1QKqPBsEes,1,0.46576,1
3201,5494,BV1vaxPeZEfJ,1,BV1yjZ8BKE76,1,0.71069,2
3202,4042,BV1prxNerETV,1,BV1zvRNYdE9i,2,0.34744,4
3202,4444,BV1prxNerETV,1,BV18w4nzdEdc,1,0.33329,2
3202,4895,BV1prxNerETV,1,BV1ohYqzaELD,1,0.41721,1
3203,3307,BV1p8tseqEgp,1,BV11wpme4EWQ,1,0.49054,3
3203,3600,BV1p8tseqEgp,1,BV1e37NzwELK,1,0.44468,2
3203,4196,BV1p8tseqEgp,1,BV1xRNheNE2L,1,0.49653,3
3203,5114,BV1p8tseqEgp,1,BV1eghWzQEEQ,1,0.50972,2
3203,5664,BV1p8tseqEgp,1,BV1Y86UBtEJm,1,0.49236,4
3204,3712,BV1vTt4ecEfR,1,BV1dJVrzoENZ,1,0.48463,4
3204,4427,BV1vTt4ecEfR,1,BV1Zkx1zrEjH,1,0.4692,2
3204,5555,BV1vTt4ecEfR,1,BV1MXctzyE3n,1,0.40489,3
3205,3436,BV1vm4ne1Efv,1,BV1YR2eBiEMB,1,0.57637,4
3205,3460,BV1vm4ne1Efv,1,BV1gCNXzaEbc,1,0.4911,3
3205,3994,BV1vm4ne1Efv,1,BV1x1QgYCEMB,1,0.59839,2
3205,4749,BV1vm4ne1Efv,1,BV1kaajz7EkA,1,0.58427,3
3205,5525,BV1vm4ne1Efv,1,BV1YBZtBVE3z,1,0.51591,3
3206,3402,BV1njxwecEyM,1,BV1EpH3eVE1r,1,0.38642,2
3206,5021,BV1njxwecEyM,1,BV1P7b5zuEjC,1,0.38167,4
3206,5287,BV1njxwecEyM,1,BV17Q3izCEL7,1,0.39052,1
3207,3560,BV1XcpgeaEGz,1,BV1Y3jhzNEWv,1,0.42387,3
3207,3708,BV1XcpgeaEGz,1,BV1Ky5KzmEr4,1,0.42503,2
3207,4127,BV1XcpgeaEGz,1,BV1VaPuemEJi,1,0.44048,1
3207,4868,BV1XcpgeaEGz,1,BV1MxYSzsE4U,1,0.40096,4
3208,3617,BV1P1xFeYEmQ,1,BV1aSjQzZEdG,1,0.36522,4
3208,4572,BV1P1xFeYEmQ,1,BV17aJ1zoEnB,1,0.47673,1
3209,3655,BV1RfsdeTE6L,1,BV1P3VmztE65,1,0.46622,2
3209,5447,BV1RfsdeTE6L,1,BV1SpfGBwEtc,1,0.41309,2
3209,5496,BV1RfsdeTE6L,1,BV1kkUDBiEgN,1,0.49606,1
3211,3300,BV1XsxEefExH,1,BV1STtueTE2L,1,0.62563,1
3211,3511,BV1XsxEefExH,1,BV1UdJwzHESg,1,0.46732,3
3211,3909,BV1XsxEefExH,1,BV1A5R9YvEwq,1,0.44171,3
3211,5050,BV1XsxEefExH,1,BV17qbNzeEGr,1,0.56524,2
3211,5684,BV1XsxEefExH,1,BV1gSrKBBECg,1,0.47802,4
3212,3213,BV12UxLe1EiG,1,BV1SvpweTE3Q,1,0.44926,4
3212,5079,BV12UxLe1EiG,1,BV1yNt1z9ECt,1,0.46484,2
3213,3651,BV1SvpweTE3Q,1,BV1C9EdzbEPP,1,0.40171,1
3213,4780,BV1SvpweTE3Q,1,BV1DxvTz3EPY,1,0.5065,4
3213,5572,BV1SvpweTE3Q,1,BV1yyFozUEch,1,0.52033,3
3214,3847,BV1PmszerEeL,1,BV1bFZbYUEyx,1,0.45013,3
3214,4127,BV1PmszerEeL,1,BV1VaPuemEJi,1,0.44467,4
3214,4159,BV1PmszerEeL,1,BV1WfNheaEgQ,1,0.35948,3
3214,4503,BV1PmszerEeL,1,BV1LNHTzUE3U,1,0.38836,2
3214,5576,BV1PmszerEeL,1,BV1SHFDzgE4D,1,0.46894,2
3215,4060,BV1jUx5eoEHC,1,BV1zEXDY7EAr,1,0.42632,2
3216,3618,BV1zUxEeVEa5,1,BV16ij9zLEaJ,1,0.40327,2
3216,4557,BV1zUxEeVEa5,1,BV1EanhzsE1c,1,0.44692,2
3216,5841,BV1zUxEeVEa5,1,BV1zQUTBrE5D,1,0.4126,1
3217,3772,BV1U2x7eRERp,1,BV1GMGmziESH,1,0.42317,3
3217,3779,BV1U2x7eRERp,1,BV18VGmzAExL,1,0.46029,1
3218,4809,BV1NQxLeyE1Z,1,BV15Uh9zMEE1,1,0.39804,3
3219,4249,BV16kxjezExZ,1,BV1CVPoeNEq4,1,0.59781,1
3219,4257,BV16kxjezExZ,1,BV1u1FCewEDC,1,0.43324,2
3220,4300,BV1S1xLemEvY,1,BV1CBFHe4Ekm,1,0.33367,1
3220,5721,BV1S1xLemEvY,1,BV1jziuB5E7X,1,0.31479,3
3221,4853,BV1GXsBeEEMe,1,BV1iUehzSEBZ,1,0.45232,2
3221,5164,BV1GXsBeEEMe,1,BV1WSb9zSE6T,1,0.45093,3
3221,5669,BV1GXsBeEEMe,1,BV1vcr6BuENM,1,0.44595,4
3222,3752,BV1QwsRe4ELZ,1,BV1zZdZYyEVN,1,0.43996,2
3222,3804,BV1QwsRe4ELZ,1,BV1FcdSYQETU,1,0.39034,4
3222,3928,BV1QwsRe4ELZ,1,BV1v3ZrYfEug,1,0.39352,3
3222,3987,BV1QwsRe4ELZ,1,BV1ifQbY2EN6,1,0.42308,2
3222,4395,BV1QwsRe4ELZ,1,BV1YCW4z3EsB,1,0.41651,2
3222,4966,BV1QwsRe4ELZ,1,BV1jntozVExy,1,0.44164,1
3223,3228,BV12KsDeMEap,1,BV1sasQegEw4,1,0.39726,2
3223,3476,BV12KsDeMEap,1,BV1RAMCzUEzW,1,0.38743,4
3223,4070,BV12KsDeMEap,1,BV1La9iYKEQn,1,0.38888,3
3224,3401,BV1jushevEb1,1,BV1wrH5eZEBQ,1,0.6034,2
3224,3466,BV1jushevEb1,1,BV1P4NfzBEM9,1,0.58273,1
3224,3489,BV1jushevEb1,1,BV1VeMqzPE2m,1,0.5872,4
3224,3701,BV1jushevEb1,1,BV1Tk5MzoEdi,1,0.57774,1
3224,4357,BV1jushevEb1,1,BV1EwfeY2EEP,1,0.67774,1
3224,5050,BV1jushevEb1,1,BV17qbNzeEGr,1,0.62206,2
3224,5092,BV1jushevEb1,1,BV19MtAzQEfk,1,0.48494,4
3224,5184,BV1jushevEb1,1,BV1bzgLzMEUx,1,0.62574,2
3224,5203,BV1jushevEb1,1,BV1CPM9zZEjt,1,0.48737,3
3224,5248,BV1jushevEb1,1,BV1weuJzNEwL,1,0.56642,1
3224,5468,BV1jushevEb1,1,BV1QgZiBeEen,1,0.48998,4
3224,5469,BV1jushevEb1,1,BV1cdZqBXEUk,1,0.43005,3
3225,4579,BV1qtsRezEXc,1,BV1kGnwzyEcB,1,0.47324,2
3225,5419,BV1qtsRezEXc,1,BV1iLfNB9EeR,1,0.38272,4
3227,4111,BV1WYskemEHb,1,BV1sLPieVEsz,1,0.46204,1
3228,3823,BV1sasQegEw4,1,BV1RnLJzeE5q,1,0.39969,2
3228,4090,BV1sasQegEw4,1,BV122PueTEge,1,0.3896,2
3228,4621,BV1sasQegEw4,1,BV1pRptzfEtb,1,0.52676,4
3228,5640,BV1sasQegEw4,1,BV1bfBZBkEQ8,1,0.46241,1
3228,5739,BV1sasQegEw4,1,BV1QTvWBBEqU,1,0.5122,1
3229,3275,BV1g6tDedE55,1,BV1x8t4eLEEJ,1,0.47391,2
3229,4391,BV1g6tDedE55,1,BV1aH4gzAE3q,2,0.47089,4
3230,3689,BV1YPs1eNEaQ,1,BV1eWEbzNE2o,1,0.51582,3
3230,4125,BV1YPs1eNEaQ,1,BV1UDACeBEZ5,1,0.41943,4
3230,5281,BV1YPs1eNEaQ,1,BV18qG5zqEGC,1,0.52037,3
3230,5321,BV1YPs1eNEaQ,1,BV1SrAfzgEMs,1,0.41327,2
3230,5476,BV1YPs1eNEaQ,1,BV1Jh6FBYEfo,1,0.38972,4
3230,5579,BV1YPs1eNEaQ,1,BV1R8cczyEzy,1,0.38436,2
3230,5619,BV1YPs1eNEaQ,1,BV1wHrSB2Eia,1,0.43586,3
3231,3337,BV1CNpweoEcY,1,BV1VgH9epEP1,1,0.49292,1
3231,4261,BV1CNpweoEcY,1,BV1kWFeesEX9,1,0.44455,3
3232,3279,BV1QzsCeaEso,1,BV1rZsTeCEu1,1,0.48066,2
3232,3719,BV1QzsCeaEso,1,BV19xLczEEYB,1,0.54204,1
3232,5283,BV1QzsCeaEso,1,BV11m3yzEEDX,1,0.4973,1
3233,4666,BV1FPskeBEev,1,BV1VjHRz2EBT,1,0.37044,2
3233,5807,BV1FPskeBEev,1,BV1qjqqBoEfD,1,0.36307,3
3234,4549,BV1gktDesEmL,1,BV1adncz4EJ8,1,0.40684,4
3234,4559,BV1gktDesEmL,1,BV1zYngzAEbQ,1,0.39244,2
3234,4629,BV1gktDesEmL,1,BV1DLpwz8EHq,1,0.41504,2
3234,5219,BV1gktDesEmL,1,BV1jmuHzAE6g,1,0.40927,3
3235,3587,BV118skeSE7V,1,BV1fT7rz6EF3,1,0.54542,1
3235,3822,BV118skeSE7V,1,BV1cPLJzjEex,1,0.4785,2
3235,4208,BV118skeSE7V,1,BV1KUN6ecEvP,1,0.64783,2
3235,5770,BV118skeSE7V,1,BV1gqmNBJESB,1,0.47953,2
3236,3532,BV1DhtyeBEBa,1,BV1f9MgzvE9p,1,0.59587,1
3236,3799,BV1DhtyeBEBa,1,BV1S4LJz8EQn,1,0.48279,2
3236,4370,BV1DhtyeBEBa,1,BV1gfm7BXETq,1,0.41063,2
3236,5156,BV1DhtyeBEBa,1,BV1Kb84zVEKh,1,0.62329,1
3237,3840,BV14Ft2eqEPc,1,BV18cfcYMExL,1,0.41285,3
3237,5370,BV14Ft2eqEPc,1,BV18wf1BRE1i,1,0.43798,2
3237,5617,BV14Ft2eqEPc,1,BV165FPzbEX9,1,0.41051,3
3238,4619,BV1gNsCedEHn,1,BV1uipWzxEVX,1,0.49066,1
3238,4948,BV1gNsCedEHn,1,BV1hBtSzmE9J,1,0.63247,1
3238,5328,BV1gNsCedEHn,1,BV1tBNAzQE4x,1,0.58864,4
3239,3723,BV1EHtUecEZC,1,BV19cVbzHEJp,1,0.41414,3
3239,5492,BV1EHtUecEZC,1,BV1bKZuBpEQP,1,0.35854,4
3239,5539,BV1EHtUecEZC,1,BV1pEZEBKEYs,1,0.43821,1
3239,5602,BV1EHtUecEZC,1,BV163FizDELA,1,0.41738,2
3240,3393,BV1cotUeTEkN,1,BV1gwececEbu,1,0.39744,1
3240,4341,BV1cotUeTEkN,1,BV1Z4fWYUExY,1,0.38399,2
3240,4549,BV1cotUeTEkN,1,BV1adncz4EJ8,1,0.50589,1
3240,5217,BV1cotUeTEkN,1,BV1segtzFEm7,1,0.51135,4
3240,5265,BV1cotUeTEkN,1,BV18DuwzbEPX,1,0.48899,1
3241,4991,BV1hktreYE51,1,BV1AYt2zsEBe,1,0.51991,1
3242,4737,BV1XWt9ePEx1,1,BV1sUaKzdELM,1,0.32897,3
3243,3778,BV1sEtCeZEWV,1,BV14tGQzuExS,1,0.42174,1
3243,4584,BV1sEtCeZEWV,1,BV1QAWPzgEA3,1,0.41595,2
3244,4769,BV1W1tYebEW2,1,BV1EAedztEXS,1,0.33582,3
3244,5339,BV1W1tYebEW2,1,BV1kqZBB9EYr,1,0.34932,1
3245,4261,BV15tt2eEEKu,1,BV1kWFeesEX9,1,0.48885,3
3245,4998,BV15tt2eEEKu,1,BV1ftb5zhEmp,1,0.47916,2
3246,3295,BV1QHtQeoEop,1,BV1mwtAejExk,1,0.5297,3
3246,4104,BV1QHtQeoEop,1,BV1pCPjepE6o,1,0.38694,2
3246,4761,BV1QHtQeoEop,1,BV1HVhCzHEbu,1,0.48171,2
3246,5311,BV1QHtQeoEop,1,BV1LkAczsEb1,1,0.59166,1
3246,5406,BV1QHtQeoEop,1,BV1h1fiBeEJA,1,0.55887,2
3247,3322,BV1sHtCedEFP,1,BV1PwHjeAEJF,1,0.45118,3
3247,5420,BV1sHtCedEFP,1,BV1WbfJB3ENL,1,0.45018,4
3248,3690,BV1q7tye7EYs,1,BV1NYEszkEF5,1,0.48301,2
3248,3985,BV1q7tye7EYs,1,BV1b4QmYHEMQ,1,0.42385,1
3248,4270,BV1q7tye7EYs,1,BV1kiF7eGExo,1,0.50498,1
3248,4316,BV1q7tye7EYs,1,BV1NBfbY2ED2,1,0.3978,2
3248,4415,BV1q7tye7EYs,1,BV1NNgfznEti,1,0.45626,2
3248,5834,BV1q7tye7EYs,1,BV1XzScBEEqU,1,0.48286,3
3249,3407,BV1bjtfe5Efh,1,BV1Z7m2BVEtv,1,0.43699,2
3250,3771,BV1i7tye7EGL,1,BV1wk5CzyEjn,1,0.47739,1
3250,3959,BV1i7tye7EGL,1,BV1q3o2Y3E4B,1,0.43286,4
3250,3968,BV1i7tye7EGL,1,BV1cxoBYfECd,1,0.44678,3
3251,4543,BV1SVtVeUE9X,1,BV1qFnHzsEDD,1,0.45023,1
3251,5620,BV1SVtVeUE9X,1,BV1RrkxBBEYc,1,0.41358,1
3252,4847,BV1SitZerE97,1,BV1cGezz7EcL,1,0.46328,1
3252,4891,BV1SitZerE97,1,BV19qYzzKEri,1,0.38537,4
3253,3490,BV1hJt6e8Ezt,1,BV1KQMUzHEBF,1,0.43649,4
3253,4609,BV1hJt6e8Ezt,1,BV1jsWuzhEHR,1,0.45523,1
3253,5552,BV1hJt6e8Ezt,1,BV1cEZjBtEqF,1,0.46653,1
3253,5820,BV1hJt6e8Ezt,1,BV1v3qJBTENN,1,0.45139,1
3254,4948,BV1tZpvehEvK,1,BV1hBtSzmE9J,1,0.59799,1
3254,4967,BV1tZpvehEvK,1,BV1cGtozSE5v,1,0.5711,3
3254,5499,BV1tZpvehEvK,1,BV1gBZABTE82,1,0.59549,2
3255,3431,BV185tsemEWc,1,BV1Ki2fBdEF1,1,0.49808,3
3255,3677,BV185tsemEWc,1,BV15kLnzuESG,1,0.42701,2
3256,3697,BV16q4nepEde,1,BV1UUE5zDETG,1,0.44392,1
3256,5409,BV16q4nepEde,1,BV1sXfiBfEBh,1,0.37096,4
3256,5725,BV16q4nepEde,1,BV1kzvaBUE9u,1,0.40171,3
3257,3466,BV1sht4eyEv6,1,BV1P4NfzBEM9,1,0.35505,3
3257,4949,BV1sht4eyEv6,1,BV1ratZz9Ekk,1,0.3632,2
3258,3490,BV1Ekt4eTEqD,1,BV1KQMUzHEBF,1,0.41509,1
3258,3851,BV1Ekt4eTEqD,1,BV1G4AWeWErY,1,0.36654,4
3258,4159,BV1Ekt4eTEqD,1,BV1WfNheaEgQ,1,0.38904,2
3258,4426,BV1Ekt4eTEqD,1,BV1z441z1EJM,1,0.37943,4
3259,3380,BV1ugtaeeEnL,1,BV1DjnfefEdU,1,0.4483,3
3259,4785,BV1ugtaeeEnL,1,BV1SwbYzwE1x,1,0.48474,1
3259,5163,BV1ugtaeeEnL,1,BV1WN8AzrE2i,1,0.45107,2
3260,3439,BV1hKtRevEqM,1,BV1d8UsBUE4n,1,0.39641,4
3260,4546,BV1hKtRevEqM,1,BV1yunVzjE3D,1,0.41268,3
3260,5217,BV1hKtRevEqM,1,BV1segtzFEm7,1,0.46123,1
3261,5306,BV1vH44eoEyR,1,BV13UAkzhEPa,1,0.48327,3
3261,5664,BV1vH44eoEyR,1,BV1Y86UBtEJm,1,0.52315,1
3262,4293,BV1hNtneMEbE,1,BV1b1F8e9Ewj,1,0.80244,2
3262,5352,BV1hNtneMEbE,1,BV1yBfUBoEzh,1,0.81023,1
3263,3375,BV1tjteeME2c,1,BV173YrepE7y,1,0.37784,2
3263,4375,BV1tjteeME2c,1,BV1hGmmBiEKk,1,0.36455,3
3263,5307,BV1tjteeME2c,1,BV1mSwRzsEVV,1,0.35237,4
3264,3603,BV1gQtpeyEFg,1,BV1Ay7FzNEmH,1,0.63143,2
3264,3673,BV1gQtpeyEFg,1,BV1XDJPzYEUD,1,0.53146,2
3264,3919,BV1gQtpeyEFg,1,BV1qmZtYoEFy,1,0.61089,4
3264,4012,BV1gQtpeyEFg,1,BV1S7AseEEcH,1,0.35005,4
3264,4316,BV1gQtpeyEFg,1,BV1NBfbY2ED2,1,0.40959,1
3264,5531,BV1gQtpeyEFg,1,BV1aCkYBnEgs,1,0.55683,2
3265,4511,BV1JatpetEnp,1,BV1RcHxzPEuA,1,0.43949,4
3265,4674,BV1JatpetEnp,1,BV1RbY5zvE28,1,0.52886,2
3265,4787,BV1JatpetEnp,1,BV1EhhSzPEVy,1,0.4858,4
3266,5267,BV1p1tYebEDR,1,BV1DXuKzCEtn,1,0.41826,3
3266,5597,BV1p1tYebEDR,1,BV1fmFCzuEfm,1,0.4151,4
3267,3652,BV1Ua4me6EJd,1,BV1C9EdzbEPP,2,0.45053,2
3267,3698,BV1Ua4me6EJd,1,BV11BEKzxE4w,1,0.41857,4
3267,5029,BV1Ua4me6EJd,1,BV1gitwzyEKD,1,0.45879,1
3268,3479,BV1hztjebEMG,1,BV1RsTBzNEqG,1,0.36542,2
3268,3574,BV1hztjebEMG,1,BV1JLJNzjE6U,1,0.37334,1
3269,5013,BV15M4m117zb,1,BV11GtQzVEmy,1,0.41298,3
3269,5435,BV15M4m117zb,1,BV1YfZ6B7E1A,1,0.5098,1
3269,5504,BV15M4m117zb,1,BV1DYZGBhE9g,1,0.46701,3
3269,5507,BV15M4m117zb,1,BV1ZiZRBbEtg,1,0.46875,2
3270,4938,BV1xS42197sE,1,BV19gtdzwEFX,1,0.41234,3
3271,4165,BV185tsemEfE,1,BV13xAheMEN9,1,0.42265,2
3271,5125,BV185tsemEfE,1,BV1SK88zREu2,1,0.43877,1
3272,3887,BV17Qthe2EZd,1,BV1DWd7Y1EM9,1,0.36303,1
3273,4857,BV13GtieUEku,1,BV1w9YZzMErC,1,0.47935,4
3273,5354,BV13GtieUEku,1,BV1GVfYBfEMT,1,0.49872,2
3274,3713,BV1Z84ZeQEBR,1,BV1cbVQzaE82,1,0.42021,3
3274,3995,BV1Z84ZeQEBR,1,BV1oXQmYYEsp,1,0.5396,4
3274,4158,BV1Z84ZeQEBR,1,BV1D6AzefEJA,1,0.47734,1
3274,4605,BV1Z84ZeQEBR,1,BV1jiWLz7EzS,1,0.50119,1
3274,4878,BV1Z84ZeQEBR,1,BV1EaePz2EbL,1,0.56303,1
3274,4888,BV1Z84ZeQEBR,1,BV14kYyzMEo4,1,0.53696,2
3274,5707,BV1Z84ZeQEBR,1,BV1eciuBgEZj,1,0.61755,4
3274,5748,BV1Z84ZeQEBR,1,BV1g8vsBkEB6,1,0.52215,3
3275,3575,BV1x8t4eLEEJ,1,BV1k6EPzjEbf,1,0.6166,1
3275,3622,BV1x8t4eLEEJ,1,BV14Uj1zNEBg,1,0.46304,4
3275,4033,BV1x8t4eLEEJ,1,BV1hiRbYVET7,1,0.54048,4
3275,4391,BV1x8t4eLEEJ,1,BV1aH4gzAE3q,2,0.59177,2
3276,3577,BV1YWtYeCE13,1,BV15hE2zWERT,1,0.44562,3
3276,4626,BV1YWtYeCE13,1,BV1rgp2zrEDR,1,0.43986,2
3276,4899,BV1YWtYeCE13,1,BV1XEBMYjETQ,1,0.4026,3
3277,3750,BV1dJtYejEnr,1,BV1TEVHzoEJm,1,0.42176,4
3277,4485,BV1dJtYejEnr,1,BV1snnJzAEQn,1,0.39199,1
3277,4491,BV1dJtYejEnr,1,BV1qHHJzxE9x,1,0.39113,1
3277,4586,BV1dJtYejEnr,1,BV1eoWcziEGe,1,0.50221,1
3277,4693,BV1dJtYejEnr,1,BV1sDYGzkEjR,1,0.48901,2
3278,5223,BV1km4bemEf7,1,BV1B8Etz3EBS,1,0.36798,1
3279,3753,BV1rZsTeCEu1,1,BV1oToWYyEns,1,0.37773,4
3279,4814,BV1rZsTeCEu1,1,BV1UHvAztELq,1,0.47317,2
3279,4958,BV1rZsTeCEu1,1,BV1vytZz1ERZ,1,0.48434,1
3280,4844,BV13y42eCEBC,1,BV1Wneiz5EZ2,1,0.42946,1
3281,3809,BV1v34ReMEBx,1,BV1HcR1YGEUQ,1,0.44167,1
3281,3899,BV1v34ReMEBx,1,BV1f5XAYyE4r,1,0.41904,1
3281,4317,BV1v34ReMEBx,1,BV1p2fJYJEEt,1,0.45695,3
3281,4856,BV1v34ReMEBx,1,BV1ure8ziEgD,1,0.45909,2
3281,5506,BV1v34ReMEBx,1,BV1X6Z8BSEGr,1,0.3562,4
3282,3597,BV1sV4dedEBn,1,BV19i7kzzEyB,1,0.45825,4
3282,3712,BV1sV4dedEBn,1,BV1dJVrzoENZ,1,0.46762,2
3282,4075,BV1sV4dedEBn,1,BV1s698YiEyV,1,0.45717,4
3282,4466,BV1sV4dedEBn,1,BV1p4xRzCE2L,1,0.45909,4
3283,3484,BV1qw4XeiEFb,1,BV1MRTqzdEUs,1,0.3107,3
3283,4216,BV1qw4XeiEFb,1,BV1NnNZeVE4H,1,0.30866,4
3283,5523,BV1qw4XeiEFb,1,BV1K2FLzTE5M,1,0.34589,1
3283,5772,BV1qw4XeiEFb,1,BV1fyBqBhEsz,1,0.31875,2
3284,3492,BV1dd41ejEP5,1,BV1njM2zqEde,1,0.41854,3
3284,4739,BV1dd41ejEP5,1,BV1e4aPzAEiu,1,0.52729,1
3284,4862,BV1dd41ejEP5,1,BV1GwYXzBERT,1,0.47262,3
3285,4549,BV1xJ4UeBENp,1,BV1adncz4EJ8,1,0.45466,1
3286,3599,BV1px4UeeEgp,1,BV13e7PztEct,1,0.41549,3
3286,4676,BV1px4UeeEgp,1,BV1MwYAzsETg,1,0.48435,2
3286,5774,BV1px4UeeEgp,1,BV1GtB1BLEdz,1,0.50352,1
3287,4787,BV1124Qe2EA7,1,BV1EhhSzPEVy,1,0.40424,3
3287,4981,BV1124Qe2EA7,1,BV1FDbKzyE96,1,0.43093,1
3288,3299,BV1qZ4SehEGZ,1,BV1DdnoeWEPw,1,0.50453,4
3288,4051,BV1qZ4SehEGZ,1,BV1gxRFYtEwW,1,0.50926,3
3288,4552,BV1qZ4SehEGZ,1,BV1SNn7zvEmA,1,0.45868,3
3288,5079,BV1qZ4SehEGZ,1,BV1yNt1z9ECt,1,0.52439,1
3288,5255,BV1qZ4SehEGZ,1,BV1pyM9zhEzw,1,0.47078,1
3288,5513,BV1qZ4SehEGZ,1,BV1pqZQBwEQy,1,0.45282,3
3289,5458,BV1PA4SeuEnY,1,BV1vdZ6BJETa,1,0.42499,1
3290,3544,BV1Ro41e1EpW,1,BV1S67KzcEsU,2,0.49504,1
3290,4452,BV1Ro41e1EpW,1,BV1tmxvztEgm,1,0.45931,2
3290,5203,BV1Ro41e1EpW,1,BV1CPM9zZEjt,1,0.41897,3
3291,5648,BV1KoWzerEGh,1,BV15MzrBiEHh,1,0.44803,3
3292,3416,BV1JMtgexEqf,1,BV1fASnByE6A,1,0.42758,2
3292,4314,BV1JMtgexEqf,1,BV1RjFHerEin,1,0.42526,4
3293,3915,BV1zHW2emE6c,1,BV1xDZJYXESQ,1,0.38365,3
3293,4162,BV1zHW2emE6c,1,BV1xVA8e4Eje,1,0.5232,1
3293,4176,BV1zHW2emE6c,1,BV1wUwSe3E3g,1,0.39694,3
3293,5019,BV1zHW2emE6c,1,BV1csb5zeEuv,1,0.3859,1
3294,3781,BV1kQHXeeEqt,1,BV1TbL6zSE15,1,0.38984,1
3294,5054,BV1kQHXeeEqt,1,BV18xbLzQEfD,1,0.34407,4
3295,4412,BV1mwtAejExk,1,BV193WYz4EJw,1,0.40175,4
3295,4474,BV1mwtAejExk,1,BV1csHGz3E7C,1,0.60727,2
3295,5752,BV1mwtAejExk,1,BV1V1vvBGEDW,2,0.60888,1
3295,5766,BV1mwtAejExk,1,BV1ewB9BNERe,1,0.50165,2
3296,3409,BV1KKtNepEXH,1,BV1F72yBkEar,1,0.52469,1
3296,3781,BV1KKtNepEXH,1,BV1TbL6zSE15,1,0.53191,3
3296,4063,BV1KKtNepEXH,1,BV1qE9nYfEVm,1,0.51876,2
3296,4098,BV1KKtNepEXH,1,BV11LKTeqEjN,1,0.49134,3
3296,4733,BV1KKtNepEXH,1,BV1ujazzoEJa,1,0.47187,1
3296,5154,BV1KKtNepEXH,1,BV18383zzEPw,1,0.49788,4
3296,5737,BV1KKtNepEXH,1,BV1AWvWBZEE2,1,0.57698,1
3296,5792,BV1KKtNepEXH,1,BV1CX2yBmEn2,1,0.53199,3
3298,4073,BV1bU4YeYEcz,1,BV1YK9MYJEjP,1,0.35542,4
3298,4106,BV1bU4YeYEcz,1,BV1WaKseSEX2,1,0.37842,1
3299,5079,BV1DdnoeWEPw,1,BV1yNt1z9ECt,1,0.50824,3
3300,3670,BV1STtueTE2L,1,BV1KxEFz3Exz,1,0.62677,1
3300,3909,BV1STtueTE2L,1,BV1A5R9YvEwq,1,0.44124,4
3300,5050,BV1STtueTE2L,1,BV17qbNzeEGr,1,0.57805,4
3300,5477,BV1STtueTE2L,1,BV1hZZiBaEjG,1,0.48732,1
3300,5559,BV1STtueTE2L,1,BV1HYcezQEQx,1,0.40839,4
3301,3398,BV1Pt48enEpr,1,BV1DRHMe9Ejg,1,0.63561,3
3301,3884,BV1Pt48enEpr,1,BV1jFdpYBEwf,1,0.78536,1
3301,4293,BV1Pt48enEpr,1,BV1b1F8e9Ewj,1,0.72554,4
3301,4414,BV1Pt48enEpr,1,BV1k1HPz9ErH,1,0.64967,3
3301,5703,BV1Pt48enEpr,1,BV14MquBbExk,1,0.57955,4
3301,5824,BV1Pt48enEpr,1,BV1Uuq3BiEKM,1,0.50592,3
3302,4725,BV1en4femE9c,1,BV1DiYyzGEd8,1,0.66325,3
3302,5180,BV1en4femE9c,1,BV1R3b1zCEm5,1,0.66382,2
3303,3965,BV1W244e6E7o,1,BV1Swo1YtEAm,1,0.466,1
3303,4080,BV1W244e6E7o,1,BV1hcPieXEuN,1,0.56131,1
3303,5132,BV1W244e6E7o,1,BV1xT8qzMExv,1,0.41068,4
3303,5150,BV1W244e6E7o,1,BV1dEbSzsE8s,1,0.4852,3
3304,4192,BV1RB4ZejEpZ,1,BV1MvNieWEYq,1,0.32473,4
3304,4659,BV1RB4ZejEpZ,1,BV13wHyzjENT,1,0.33508,4
3304,4731,BV1RB4ZejEpZ,1,BV1BAeyzZEm3,1,0.37566,1
3305,3592,BV1hTtFejE48,1,BV1kM7mzPEim,1,0.41195,3
3305,4150,BV1hTtFejE48,1,BV1UuAneMEmx,1,0.50439,2
3305,4238,BV1hTtFejE48,1,BV1jRNpeAE8j,1,0.55464,1
3307,4666,BV11wpme4EWQ,1,BV1VjHRz2EBT,1,0.47949,4
3308,4509,BV1jF4zehEVJ,1,BV13THNzzE3T,1,0.45666,1
3309,3764,BV1XV4CeTEQY,1,BV13cjwzEEEY,1,0.44616,2
3309,4217,BV1XV4CeTEQY,1,BV1h8Noe7ERt,1,0.48657,2
3311,3426,BV17d4BePESH,1,BV1aymFBuELu,1,0.42127,4
3311,3724,BV17d4BePESH,1,BV1kELNzzEeP,1,0.54468,1
3311,4210,BV17d4BePESH,1,BV1a9NqeFEzP,1,0.455,4
3311,4552,BV17d4BePESH,1,BV1SNn7zvEmA,1,0.45999,2
3311,5386,BV17d4BePESH,1,BV1jgfABJE9M,1,0.45422,1
3311,5666,BV17d4BePESH,1,BV1EN6QBGEXC,1,0.50755,1
3312,4136,BV1U74redE68,1,BV1nhAeehEKP,1,0.39226,3
3312,5584,BV1U74redE68,1,BV1RpFfzrE5k,1,0.40154,1
3312,5622,BV1U74redE68,1,BV1n26yBcEfX,1,0.40562,1
3313,3320,BV1ob4YejEjd,1,BV1A2pVebEn5,1,0.38041,2
3313,5031,BV1ob4YejEjd,1,BV1VqbGzmEXA,1,0.39359,1
3314,3388,BV1j8pJeeEX2,1,BV1eQs7ebE3k,1,0.4858,3
3314,3528,BV1j8pJeeEX2,1,BV1hPMjzPEWL,1,0.50729,2
3315,3448,BV11V4veNEtE,1,BV1mTg6zKEeE,1,0.41656,4
3315,4900,BV11V4veNEtE,1,BV1EKbsz4Etq,1,0.46439,2
3315,5602,BV11V4veNEtE,1,BV163FizDELA,1,0.42152,3
3316,3799,BV1oRpneKEwF,1,BV1S4LJz8EQn,1,0.47967,3
3316,4409,BV1oRpneKEwF,1,BV1fR42zLEuR,1,0.51129,2
3317,4395,BV1n7pBexEpX,1,BV1YCW4z3EsB,1,0.40187,3
3317,4603,BV1n7pBexEpX,1,BV1cNWjztEWb,1,0.41085,3
3317,5614,BV1n7pBexEpX,1,BV1SRFAzGET4,1,0.46051,1
3317,5823,BV1n7pBexEpX,1,BV1NLmRBmE39,1,0.35127,4
3318,4303,BV1v84Ye1Ehc,1,BV1RCF4etEnV,1,0.41231,2
3318,4382,BV1v84Ye1Ehc,1,BV1MvyjBzEFz,1,0.42128,1
3318,5073,BV1v84Ye1Ehc,1,BV1Zwtqz9EyQ,1,0.43833,2
3319,5134,BV1JEpLexEP6,1,BV1NX8EzREuk,1,0.54535,3
3319,5599,BV1JEpLexEP6,1,BV1AokgBVEDi,1,0.54528,4
3320,5524,BV1A2pVebEn5,1,BV19NZ1BfEcK,1,0.38831,1
3321,3448,BV1hmHLekEKg,1,BV1mTg6zKEeE,1,0.50245,3
3321,5667,BV1hmHLekEKg,1,BV1bNrLB8E1K,1,0.43136,3
3322,3333,BV1PwHjeAEJF,1,BV1XVpte7EQX,1,0.52985,1
3322,4907,BV1PwHjeAEJF,1,BV1ndbJzmEME,1,0.45285,4
3322,5420,BV1PwHjeAEJF,1,BV1WbfJB3ENL,1,0.54087,3
3322,5451,BV1PwHjeAEJF,1,BV19DfgBNEdz,1,0.56577,1
3322,5682,BV1PwHjeAEJF,1,BV1vRrNBLESp,1,0.45479,2
3323,3858,BV1tJpqeNEfd,1,BV1wGdZYjErt,1,0.57315,1
3323,4318,BV1tJpqeNEfd,1,BV1deFnegEvo,1,0.46365,1
3323,5464,BV1tJpqeNEfd,1,BV1L4f3B6E46,1,0.5168,4
3323,5680,BV1tJpqeNEfd,1,BV1aivQBpEcD,1,0.45187,3
3323,5752,BV1tJpqeNEfd,1,BV1V1vvBGEDW,2,0.53954,3
3323,5797,BV1tJpqeNEfd,1,BV1PrBnB8EEq,1,0.56773,2
3324,4718,BV1UcpBeKEK8,1,BV1VVarzqEso,1,0.50068,1
3324,4766,BV1UcpBeKEK8,1,BV1UGaGzyEum,1,0.37113,3
3325,3929,BV1nipteaEm2,1,BV1vYQ2YtE2q,1,0.46916,1
3325,5673,BV1nipteaEm2,1,BV1gmq1BBEtX,1,0.48586,4
3326,4241,BV1ToHSeeEtH,1,BV12s411q7Br,1,0.51431,1
3326,5347,BV1ToHSeeEtH,1,BV1jgfqB7Eyx,1,0.42957,2
3327,3483,BV1RWpiekEkU,1,BV1jdNYzQEtH,1,0.63755,2
3327,3735,BV1RWpiekEkU,1,BV1H7VwzdE21,1,0.44588,4
3327,5521,BV1RWpiekEkU,1,BV1AJZXBYE8s,1,0.54123,3
3328,3357,BV1qjpeezEjs,1,BV1PJH4ehEjn,1,0.49504,2
3328,4137,BV1qjpeezEjs,1,BV1kfPmekEDi,1,0.42054,4
3328,4408,BV1qjpeezEjs,1,BV1yg4uzDEKG,1,0.43661,3
3328,5145,BV1qjpeezEjs,1,BV1KT8Dz1E7n,1,0.36245,3
3329,4100,BV1SVHQerEz9,1,BV1bP9PYNE4k,1,0.9528,2
3329,5606,BV1SVHQerEz9,1,BV1qJFizLEHZ,2,0.89394,3
3329,5749,BV1SVHQerEz9,1,BV1wVv6BzEBR,1,0.94522,3
3329,5778,BV1SVHQerEz9,1,BV1fkBNBkEoC,1,0.89191,1
3331,3634,BV1vLHZeeE58,1,BV1CejHz4EjH,1,0.38743,2
3331,5595,BV1vLHZeeE58,1,BV1kzFnzjEdf,1,0.35592,3
3331,5634,BV1vLHZeeE58,1,BV1PVzYBcE3a,1,0.34638,2
3332,4606,BV1QqpbeSEoc,1,BV1hZWGzvEfp,1,0.47159,1
3333,4665,BV1XVpte7EQX,1,BV1NMHQzxEE2,1,0.49048,3
3333,4947,BV1XVpte7EQX,1,BV1bwtfzPE96,1,0.50158,2
3334,4681,BV1ZnHXeRE4r,1,BV1oQYLzBELL,1,0.53196,1
3335,3435,BV1HqHderE68,1,BV1rwSeBXELd,1,0.49129,4
3335,3540,BV1HqHderE68,1,BV1R3TazSEWM,1,0.39521,2
3335,4120,BV1HqHderE68,1,BV1r7AUeiEVE,1,0.48756,3
3335,4168,BV1HqHderE68,1,BV1pBFHe4EnR,1,0.51657,3
3337,3458,BV1VgH9epEP1,1,BV1ULKJzvEu2,1,0.59271,1
3337,4563,BV1VgH9epEP1,1,BV1jzpFzKEU7,1,0.47393,2
3337,4976,BV1VgH9epEP1,1,BV1p3tozJEX6,1,0.53286,4
3337,5760,BV1VgH9epEP1,1,BV1hCBQBbE6G,1,0.44118,4
3339,3439,BV1oTWsemEE1,1,BV1d8UsBUE4n,1,0.46688,3
3339,3957,BV1oTWsemEE1,1,BV1roZPYYEqX,1,0.51701,1
3340,3868,BV1DaHDezEP7,1,BV199dBY1Enx,1,0.46332,1
3340,3897,BV1DaHDezEP7,1,BV1thQBYoEKe,1,0.41772,4
3340,5465,BV1DaHDezEP7,1,BV1ZmZ6BRENJ,1,0.38267,3
3340,5578,BV1DaHDezEP7,1,BV14zgazGETV,1,0.41814,4
3341,5445,BV1FGHDeWEjC,1,BV1JoZZBkE9N,1,0.59735,1
3342,3932,BV1mhHUeaE2H,1,BV1kXZiYxEwA,1,0.3372,2
3343,3368,BV16Tp3e7En6,1,BV17uHvegEJq,1,0.58595,3
3343,4208,BV16Tp3e7En6,1,BV1KUN6ecEvP,1,0.64167,3
3343,4260,BV16Tp3e7En6,1,BV1dqFee1E1S,1,0.48694,4
3343,4595,BV16Tp3e7En6,1,BV1YApRzJEVH,1,0.60337,4
3343,5148,BV16Tp3e7En6,1,BV19v8jztEVg,1,0.49464,1
3343,5197,BV16Tp3e7En6,1,BV1ptgWzmEXX,1,0.50774,3
3343,5233,BV16Tp3e7En6,1,BV1mPuazGE74,1,0.57356,1
3343,5335,BV16Tp3e7En6,1,BV1nufzBdEKu,1,0.55804,1
3344,3532,BV1aHHxegEZE,1,BV1f9MgzvE9p,1,0.38735,4
3344,5421,BV1aHHxegEZE,1,BV1XGfgBcEE5,1,0.38079,4
3344,5467,BV1aHHxegEZE,1,BV1FRZvB1EtR,1,0.38741,3
3345,4616,BV1vEpFegEmE,1,BV1E7pWzBEQS,1,0.39421,2
3345,5558,BV1vEpFegEmE,1,BV1iHk4B3ETs,1,0.4008,1
3346,5260,BV1hKpgeFEwi,1,BV1f3u5zCE6q,1,0.38797,2
3347,3354,BV1zbpgeVEeu,1,BV1CNpweoEu7,1,0.49423,1
3347,4011,BV1zbpgeVEeu,1,BV1iDQpYZENu,1,0.44921,4
3347,4970,BV1zbpgeVEeu,1,BV1hUt9z4EFQ,1,0.37901,3
3348,5393,BV1R6pGeCEiV,1,BV1s3ZNBYE24,1,0.41856,4
3349,3491,BV1yPpwetEVg,1,BV1GkMTzjEur,1,0.47243,1
3349,4761,BV1yPpwetEVg,1,BV1HVhCzHEbu,1,0.4653,3
3349,4877,BV1yPpwetEVg,1,BV1iTYizFEgy,1,0.42204,4
3349,5485,BV1yPpwetEVg,1,BV1y9F6zBE6H,1,0.46771,2
3350,4524,BV1PZpMe2ENo,1,BV1xDnizmEu9,1,0.42148,2
3350,5266,BV1PZpMe2ENo,1,BV1zVGAzsEni,1,0.40934,4
3351,4558,BV1PZpMe2ENo,2,BV1qynGzYEsS,1,0.41589,4
3351,4624,BV1PZpMe2ENo,2,BV1mppwzRE3L,1,0.39393,4
3351,5705,BV1PZpMe2ENo,2,BV1QUBYBGEN8,1,0.39455,2
3352,5580,BV1HbpcepETH,1,BV1R8cczyEzy,2,0.4438,1
3352,5605,BV1HbpcepETH,1,BV1qJFizLEHZ,1,0.48406,4
3353,3471,BV17VHqeLE7A,1,BV13mNnzzEFY,1,0.42795,1
3353,4994,BV17VHqeLE7A,1,BV1oXt8ziEXj,1,0.39699,2
3354,3695,BV1CNpweoEu7,1,BV1SmEjzFEUq,1,0.45899,2
3354,4062,BV1CNpweoEu7,1,BV13T97Y6EFS,1,0.4487,2
3354,4156,BV1CNpweoEu7,1,BV1asAkeqEm5,1,0.38319,3
3354,4443,BV1CNpweoEu7,1,BV1zEHbzJEVh,1,0.43152,1
3354,4793,BV1CNpweoEu7,1,BV1UyhozqECb,1,0.48727,1
3354,4921,BV1CNpweoEu7,1,BV1QBtSzmEHp,1,0.50112,2
3354,5011,BV1CNpweoEu7,1,BV1PktXzkEVQ,1,0.47046,2
3354,5163,BV1CNpweoEu7,1,BV1WN8AzrE2i,1,0.51959,2
3355,3859,BV14LH4ePE2p,1,BV1LjdkYtEh6,1,0.51859,3
3355,3983,BV14LH4ePE2p,1,BV18MQzYaE4K,1,0.42138,2
3355,4538,BV14LH4ePE2p,1,BV1HbnJzoEFN,1,0.55108,1
3355,4773,BV14LH4ePE2p,1,BV1eweBzNEzB,1,0.44534,4
3355,5836,BV14LH4ePE2p,1,BV1cJUfBsEZa,1,0.4645,4
3356,3476,BV1ugH4eqEcP,1,BV1RAMCzUEzW,1,0.47287,3
3357,4088,BV1PJH4ehEjn,1,BV166PveTEyQ,1,0.37648,3
3358,3686,BV1Q7HyeREjw,1,BV1m4EezqELo,1,0.45091,1
3358,4038,BV1Q7HyeREjw,1,BV1WkRsYXEu1,1,0.3311,3
3358,5014,BV1Q7HyeREjw,1,BV1wPbVzFEn7,1,0.39991,2
3359,3761,BV13jHye4EkR,1,BV1sMGzzeEeM,1,0.47207,3
3359,4011,BV13jHye4EkR,1,BV1iDQpYZENu,1,0.47232,2
3359,4235,BV13jHye4EkR,1,BV1SPNheuEzJ,1,0.45346,4
3359,4255,BV13jHye4EkR,1,BV1JJFre3EaR,1,0.4554,4
3361,4468,BV1ktp2eDEvE,1,BV1gMxjzVEsx,1,0.48293,3
3361,4590,BV1ktp2eDEvE,1,BV1oKWcz6Ep9,1,0.54031,1
3361,4695,BV1ktp2eDEvE,1,BV1aVYVzoE6P,2,0.47895,4
3363,3738,BV1rwePeoEXG,2,BV1X5VAz2EGn,1,0.37966,2
3363,4659,BV1rwePeoEXG,2,BV13wHyzjENT,1,0.36042,4
3365,4252,BV1o5HqeyEW3,1,BV1ZzP9eSEJP,1,0.4094,2
3365,5718,BV1o5HqeyEW3,1,BV1ZfqUBoEL3,1,0.40004,3
3365,5787,BV1o5HqeyEW3,1,BV1KHBcBrEwn,1,0.35841,2
3366,3908,BV1W5H1emEet,1,BV1V4ZfYkEkX,1,0.45903,2
3366,4388,BV1W5H1emEet,1,BV1cnWszJEQ3,1,0.46665,1
3366,4660,BV1W5H1emEet,1,BV1NAezzWEDX,1,0.4767,1
3367,3753,BV1M4HveZE2j,1,BV1oToWYyEns,1,0.55263,3
3367,5098,BV1M4HveZE2j,1,BV1e1tgz6EDM,1,0.5714,1
3368,4208,BV17uHvegEJq,1,BV1KUN6ecEvP,1,0.59604,1
3368,5328,BV17uHvegEJq,1,BV1tBNAzQE4x,1,0.58955,2
3369,3683,BV1oAHke4Exc,1,BV15KJPzeE4K,1,0.4082,3
3369,4185,BV1oAHke4Exc,1,BV1kQNme3EMz,1,0.46068,1
3369,4473,BV1oAHke4Exc,1,BV1CzxLzwEph,1,0.44396,1
3370,3524,BV1PDHCe5EZU,1,BV1xajvzKEi1,1,0.64649,1
3370,5373,BV1PDHCe5EZU,1,BV1qpAfzpEYW,1,0.56866,1
3370,5448,BV1PDHCe5EZU,1,BV1XQfgBeEGT,1,0.55728,3
3372,3611,BV1XpHqeuEE1,1,BV1tWjyzYESh,1,0.51795,1
3372,5037,BV1XpHqeuEE1,1,BV1wHb5ziErL,1,0.44757,3
3373,4504,BV1exWkebELD,1,BV1bynizDEKK,1,0.42294,2
3373,4807,BV1exWkebELD,1,BV1xjhSzCEVq,1,0.3874,4
3374,4141,BV1b4HveZEn3,1,BV1DQApe7ESa,1,0.57522,3
3375,3799,BV173YrepE7y,1,BV1S4LJz8EQn,1,0.45699,3
3375,4213,BV173YrepE7y,1,BV1EWNSeuENJ,1,0.44414,1
3375,4375,BV173YrepE7y,1,BV1hGmmBiEKk,1,0.39271,4
3375,4409,BV173YrepE7y,1,BV1fR42zLEuR,1,0.5512,1
3375,4883,BV173YrepE7y,1,BV1aRYsztE17,1,0.33757,2
3376,4285,BV1b4YTe5ELE,1,BV1uQFVe1EDJ,1,0.40891,4
3376,5572,BV1b4YTe5ELE,1,BV1yyFozUEch,1,0.45567,2
3377,3794,BV1pyYCeBExh,1,BV1awjwzmEjW,1,0.5784,1
3377,4919,BV1pyYCeBExh,1,BV16XbBzaEze,1,0.38995,2
3377,5567,BV1pyYCeBExh,1,BV1XbcYzvEXV,1,0.49109,1
3378,3981,BV14xsMesEr8,1,BV1ZpQcYqEzM,1,0.42616,2
3378,4176,BV14xsMesEr8,1,BV1wUwSe3E3g,1,0.43714,1
3379,3791,BV1oNsJeBESv,1,BV1pGL2zREGk,1,0.55468,2
3379,4183,BV1oNsJeBESv,1,BV1yEKTevEnm,2,0.43071,1
3379,4275,BV1oNsJeBESv,1,BV1Y1FmemEBP,1,0.50482,3
3379,4613,BV1oNsJeBESv,1,BV1K5puzLEQs,1,0.52867,2
3379,4842,BV1oNsJeBESv,1,BV14DepzjEGy,1,0.50067,1
3379,5079,BV1oNsJeBESv,1,BV1yNt1z9ECt,1,0.52498,1
3379,5129,BV1oNsJeBESv,1,BV1cA8kzjEcu,1,0.41566,4
3379,5597,BV1oNsJeBESv,1,BV1fmFCzuEfm,1,0.53797,3
3380,4608,BV1DjnfefEdU,1,BV1RhW3zPEJ9,1,0.3741,3
3380,5293,BV1DjnfefEdU,1,BV15egQz7E7D,1,0.45033,2
3380,5412,BV1DjnfefEdU,1,BV1FUfqBHEd8,1,0.43962,4
3381,4097,BV1SSHPerEPg,1,BV1oo9TYxEZq,1,0.5598,1
3381,4793,BV1SSHPerEPg,1,BV1UyhozqECb,1,0.45092,3
3381,5011,BV1SSHPerEPg,1,BV1PktXzkEVQ,1,0.50233,1
3381,5129,BV1SSHPerEPg,1,BV1cA8kzjEcu,1,0.44512,1
3381,5412,BV1SSHPerEPg,1,BV1FUfqBHEd8,1,0.52288,4
3382,4183,BV1PxH7eiENf,1,BV1yEKTevEnm,2,0.41349,4
3382,4604,BV1PxH7eiENf,1,BV1jjp9zDEU4,1,0.49669,2
3382,5099,BV1PxH7eiENf,1,BV1w1tuzQECf,1,0.39989,2
3383,3521,BV1UHnfexEkX,1,BV1VKMnzEEHT,1,0.43583,3
3384,3727,BV1Ka411o75u,1,BV1uz5MzfExY,1,0.52551,4
3384,4067,BV1Ka411o75u,1,BV1xA9FYJEvJ,1,0.45893,1
3384,5109,BV1Ka411o75u,1,BV1JVhuzWEer,1,0.52009,1
3384,5705,BV1Ka411o75u,1,BV1QUBYBGEN8,1,0.37163,4
3385,5554,BV1gQH7emE1y,1,BV1vLcPzQEFB,1,0.46646,3
3386,3780,BV1PwHjeAEza,1,BV1qGL6zhEp3,1,0.50536,3
3386,4207,BV1PwHjeAEza,1,BV1XANYemE3G,1,0.4156,4
3386,4471,BV1PwHjeAEza,1,BV1Lvxjz9EFP,1,0.56092,1
3386,5436,BV1PwHjeAEza,1,BV1T4ZKBGEZx,1,0.50851,2
3387,3549,BV1G2nReXEmV,1,BV1WtTDzQEpM,1,0.51259,2
3387,5007,BV1G2nReXEmV,1,BV1ittSzsEod,1,0.53223,1
3387,5587,BV1G2nReXEmV,1,BV17vFZzyEvp,1,0.46147,4
3388,3688,BV1eQs7ebE3k,1,BV1F2E4zrEHn,1,0.58596,1
3388,3896,BV1eQs7ebE3k,1,BV196RZYAE54,1,0.53309,2
3388,4016,BV1eQs7ebE3k,1,BV16jQJYsELp,1,0.6088,4
3388,4725,BV1eQs7ebE3k,1,BV1DiYyzGEd8,1,0.69224,1
3388,5039,BV1eQs7ebE3k,1,BV1TAbMzsENN,1,0.64736,1
3389,3788,BV1oBH7e4EhX,1,BV13fLmzVEqm,1,0.4856,4
3389,3934,BV1oBH7e4EhX,1,BV11NZVYFEc3,1,0.57122,1
3389,3937,BV1oBH7e4EhX,1,BV1FcRuYiEMf,1,0.52861,2
3389,4211,BV1oBH7e4EhX,1,BV1RKNAePEKD,1,0.45383,3
3389,4804,BV1oBH7e4EhX,1,BV19AhQzcEuq,1,0.50225,3
3390,4612,BV1JaH7ehEsP,1,BV1HtpezrEre,1,0.43537,2
3390,5402,BV1JaH7ehEsP,1,BV16YfbB8ESE,1,0.507,1
3391,3990,BV1wKYCevEZD,1,BV1aGQaY1E5o,1,0.38581,3
3392,3994,BV1LkH7e9EKE,1,BV1x1QgYCEMB,1,0.56447,1
3392,4179,BV1LkH7e9EKE,1,BV1ztKNeDEcJ,1,0.47121,1
3392,4864,BV1LkH7e9EKE,1,BV1pWYXzWE7x,1,0.43348,3
3392,5355,BV1LkH7e9EKE,1,BV1N3PHzFE38,1,0.49088,4
3392,5459,BV1LkH7e9EKE,1,BV1WfZrBTEwf,1,0.51581,2
3393,3859,BV1gwececEbu,1,BV1LjdkYtEh6,1,0.34225,4
3393,4229,BV1gwececEbu,1,BV15xNVewEiP,1,0.34495,3
3394,3435,BV1zLHTeaEnz,1,BV1rwSeBXELd,1,0.53711,3
3394,5056,BV1zLHTeaEnz,1,BV1PTbMzQE2s,1,0.5216,2
3394,5425,BV1zLHTeaEnz,1,BV1f2fAB9Eij,1,0.49288,2
3395,4479,BV1UEHMeEEGh,1,BV1SfHEz3EFb,1,0.38897,2
3395,4608,BV1UEHMeEEGh,1,BV1RhW3zPEJ9,1,0.43525,1
3396,4249,BV1FkHGeJER6,1,BV1CVPoeNEq4,1,0.43177,1
3396,4717,BV1FkHGeJER6,1,BV1UrabzfEU7,1,0.35081,4
3396,4994,BV1FkHGeJER6,1,BV1oXt8ziEXj,1,0.35556,3
3397,3706,BV1RJHjeSEiY,1,BV1yL5czwE9K,1,0.71632,1
3397,4236,BV1RJHjeSEiY,1,BV1jKNte3Eyg,1,0.70277,2
3397,4331,BV1RJHjeSEiY,1,BV1MffCYbEkw,1,0.76038,3
3397,5352,BV1RJHjeSEiY,1,BV1yBfUBoEzh,1,0.76294,2
3398,4377,BV1DRHMe9Ejg,1,BV1fv2EBPEtS,1,0.40106,1
3398,4946,BV1DRHMe9Ejg,1,BV13Sb5z7EwR,1,0.5395,3
3399,3608,BV1kasKekEpR,1,BV1UojBz1EM9,1,0.35532,2
3399,4218,BV1kasKekEpR,1,BV159NXeLEFK,1,0.37232,1
3399,5529,BV1kasKekEpR,1,BV1iUcszSE7x,1,0.34997,4
3400,4139,BV1GYHueZEJ8,1,BV1TCAZe6Eqc,1,0.39088,4
3400,5706,BV1GYHueZEJ8,1,BV1aZqMBKE6Z,1,0.4122,2
3401,3487,BV1wrH5eZEBQ,1,BV12QN8zoEdN,1,0.47254,3
3401,3732,BV1wrH5eZEBQ,1,BV17dV8zeEaU,1,0.53067,2
3401,4202,BV1wrH5eZEBQ,1,BV1uzKGe4Ey6,1,0.53721,3
3401,4541,BV1wrH5eZEBQ,1,BV1wnWVzSErT,1,0.45851,3
3401,5003,BV1wrH5eZEBQ,1,BV1eobVzXEnr,1,0.41994,4
3401,5092,BV1wrH5eZEBQ,1,BV19MtAzQEfk,1,0.53165,1
3401,5184,BV1wrH5eZEBQ,1,BV1bzgLzMEUx,1,0.5954,3
3401,5248,BV1wrH5eZEBQ,1,BV1weuJzNEwL,1,0.51141,3
3403,3434,BV1MrHuepEEr,1,BV1RJSsBJEA4,1,0.41994,2
3403,4820,BV1MrHuepEEr,1,BV14NeXz8Ei8,1,0.46657,1
3403,5385,BV1MrHuepEEr,1,BV1RpftB7Eba,1,0.36056,4
3404,4569,BV1UnHgeREh9,1,BV1VrJ1zDE5b,1,0.36062,1
3404,4850,BV1UnHgeREh9,1,BV1kCevzzEZN,1,0.39636,4
3405,3899,BV1LxsTeiE6r,1,BV1f5XAYyE4r,1,0.38378,4
3405,5482,BV1LxsTeiE6r,1,BV1E5cHzjEfW,1,0.43357,2
3405,5658,BV1LxsTeiE6r,1,BV1WavzBqEVg,1,0.39512,3
3406,4301,BV1b3sVegEio,1,BV1NtfnYHEFx,1,0.46106,3
3406,4916,BV1b3sVegEio,1,BV1VLbazeEV3,1,0.45935,4
3406,5062,BV1b3sVegEio,1,BV1CgtVzcEwD,1,0.49115,1
3407,3450,BV1Z7m2BVEtv,1,BV17VKDzMEnh,1,0.46438,1
3407,3948,BV1Z7m2BVEtv,1,BV1xfofYoEwZ,2,0.39919,4
3407,4746,BV1Z7m2BVEtv,1,BV1b9a5zsE1R,1,0.43608,1
3407,4918,BV1Z7m2BVEtv,1,BV19HbBzXEEg,1,0.37636,1
3407,5455,BV1Z7m2BVEtv,1,BV19jfGBKEVL,1,0.48569,2
3408,4528,BV116S4BCE6g,1,BV1iUn5zBEtx,1,0.39732,4
3408,5177,BV116S4BCE6g,1,BV1qTgtzmEGt,1,0.40068,3
3409,4657,BV1F72yBkEar,1,BV1dmYmzhE8t,1,0.50834,1
3409,4720,BV1F72yBkEar,1,BV14MahzcEab,1,0.45696,4
3410,5468,BV1Hom8BkErG,1,BV1QgZiBeEen,1,0.38957,3
3411,5789,BV19bMGz8Ewa,1,BV1vqBMBCETk,1,0.61167,4
3412,4128,BV1q72JBvEQG,1,BV1AtA1eAEZU,1,0.35821,4
3412,4727,BV1q72JBvEQG,1,BV1u6h1zrEdR,1,0.38012,2
3412,5831,BV1q72JBvEQG,1,BV1hFUfBMECP,1,0.37591,3
3413,4651,BV14YSwBGEHL,1,BV1F4HvzMEqR,1,0.48579,1
3413,4824,BV14YSwBGEHL,1,BV181eozmEAY,1,0.41454,3
3414,4347,BV1GWmcBkE9F,1,BV13VfpYzEC5,1,0.69248,1
3414,4623,BV1GWmcBkE9F,1,BV1MJMpz7Ek8,1,0.65157,4
3414,4660,BV1GWmcBkE9F,1,BV1NAezzWEDX,1,0.62968,1
3414,4911,BV1GWmcBkE9F,1,BV1MWtUzuEkJ,1,0.60109,4
3414,5033,BV1GWmcBkE9F,1,BV1yFbLzzEvU,1,0.65499,3
3414,5535,BV1GWmcBkE9F,1,BV1LkFxzSEk5,1,0.60697,1
3414,5703,BV1GWmcBkE9F,1,BV14MquBbExk,1,0.59926,1
3415,3800,BV17NUvB2E1S,1,BV1KEdaYjEtH,1,0.63046,3
3415,3802,BV17NUvB2E1S,1,BV1TS5yzZEnZ,1,0.64662,4
3415,4347,BV17NUvB2E1S,1,BV13VfpYzEC5,1,0.7102,2
3415,4446,BV17NUvB2E1S,1,BV19Wx9zdEUR,1,0.50449,1
3415,5703,BV17NUvB2E1S,1,BV14MquBbExk,1,0.58145,3
3415,5707,BV17NUvB2E1S,1,BV1eciuBgEZj,1,0.64572,2
3415,5748,BV17NUvB2E1S,1,BV1g8vsBkEB6,1,0.50239,4
3416,3984,BV1fASnByE6A,1,BV1d2XSYuEtG,1,0.48435,4
3416,4314,BV1fASnByE6A,1,BV1RjFHerEin,1,0.56585,1
3416,4371,BV1fASnByE6A,1,BV1iauwzrEkN,1,0.40672,3
3416,4483,BV1fASnByE6A,1,BV19fxKz4EQA,1,0.52275,1
3417,3635,BV1qHSKBKEvf,1,BV1Rtj8zYExE,1,0.53977,1
3417,3954,BV1qHSKBKEvf,1,BV1euZ5YjEup,1,0.53173,2
3417,4223,BV1qHSKBKEvf,1,BV1NKNLeXEBQ,1,0.42331,3
3417,4970,BV1qHSKBKEvf,1,BV1hUt9z4EFQ,1,0.35986,4
3419,3734,BV1VH2sBuEcG,1,BV17kVyzzEL5,1,0.47732,2
3419,4064,BV1VH2sBuEcG,1,BV16APxerEFM,1,0.57191,1
3420,3953,BV1qW29B8EJW,1,BV1aBoRYREKs,1,0.41583,1
3423,4610,BV1VWmcBkENX,1,BV1UaWNzuEd7,1,0.31442,4
3423,4985,BV1VWmcBkENX,1,BV161t8z3E8T,1,0.34246,4
3424,3500,BV19PmwB5E6H,1,BV1P3T6zXEdP,1,0.43043,2
3424,4497,BV19PmwB5E6H,1,BV1QNHxzhEJt,1,0.42516,3
3424,4962,BV19PmwB5E6H,1,BV1fqtdzkEtn,1,0.39698,4
3425,3528,BV1Bd2QBfEPa,1,BV1hPMjzPEWL,1,0.42124,1
3426,4275,BV1aymFBuELu,1,BV1Y1FmemEBP,1,0.43375,3
3426,5386,BV1aymFBuELu,1,BV1jgfABJE9M,1,0.43548,2
3426,5593,BV1aymFBuELu,1,BV1GpFCztEMM,1,0.3858,1
3427,4305,BV1Yv2WBzEjF,1,BV1UPF8eQEGn,1,0.50165,1
3427,4591,BV1Yv2WBzEjF,1,BV1zvpozNEjr,1,0.36171,3
3428,5441,BV1FSmcBRE6d,1,BV1WwFpznEZQ,1,0.42745,4
3429,5747,BV12rUnBRE9b,1,BV1vXiPBFEkR,1,0.50179,3
3430,3542,BV1XkSyBKEBC,1,BV1neTqzgEz3,1,0.94166,1
3430,3594,BV1XkSyBKEBC,1,BV11D76zHEiP,1,0.94054,2
3430,3839,BV1XkSyBKEBC,1,BV1DQ5xzCE54,1,0.94254,2
3430,4061,BV1XkSyBKEBC,1,BV17e96YnEXf,1,0.92982,3
3430,5263,BV1XkSyBKEBC,1,BV1M9MXziEQz,1,0.95322,1
3430,5695,BV1XkSyBKEBC,1,BV1XyiXBfEqB,1,0.94113,1
3430,5749,BV1XkSyBKEBC,1,BV1wVv6BzEBR,1,0.9528,3
3431,3824,BV1Ki2fBdEF1,1,BV12qLJzXEWV,1,0.50445,1
3431,4124,BV1Ki2fBdEF1,1,BV1XGAfeSE4J,1,0.4777,2
3432,4634,BV1Yk2xBkEEQ,1,BV1FGpczCEGB,1,0.53134,1
3432,5245,BV1Yk2xBkEEQ,1,BV1mPu8zeEVb,1,0.4387,4
3432,5679,BV1Yk2xBkEEQ,1,BV14CraBBEpp,1,0.45597,3
3434,4026,BV1RJSsBJEA4,1,BV16tRGYyEp3,1,0.47551,1
3435,4120,BV1rwSeBXELd,1,BV1r7AUeiEVE,1,0.51718,2
3435,4290,BV1rwSeBXELd,1,BV1oCF4etEaE,1,0.45499,1
3435,4915,BV1rwSeBXELd,1,BV1fFtZz1E2k,1,0.51703,3
3435,5801,BV1rwSeBXELd,1,BV12c2JBjEjM,1,0.39533,4
3436,3787,BV1YR2eBiEMB,1,BV1XZdKYXEe3,1,0.35073,3
3436,3938,BV1YR2eBiEMB,1,BV1o6ZGYjEGn,1,0.56937,1
3436,3962,BV1YR2eBiEMB,1,BV1xioqYAEtS,1,0.54888,1
3436,4474,BV1YR2eBiEMB,1,BV1csHGz3E7C,1,0.63699,1
3436,4741,BV1YR2eBiEMB,1,BV14wgLzYEiJ,1,0.54231,2
3436,5604,BV1YR2eBiEMB,1,BV1cgfDBRE4H,1,0.36365,2
3437,4932,BV1fJ2YBzEVp,1,BV1khtdz2EvJ,1,0.33219,4
3437,5365,BV1fJ2YBzEVp,1,BV1UwPgziEAT,1,0.38952,1
3437,5613,BV1fJ2YBzEVp,1,BV1oM6hBUEfY,1,0.43938,1
3437,5738,BV1fJ2YBzEVp,1,BV1tZiuBwEBG,1,0.39453,4
3438,4551,BV1by2YBsE4X,1,BV1Fdn3zTEpu,2,0.44629,2
3438,5357,BV1by2YBsE4X,1,BV1kHPqzqEjW,1,0.44543,3
3439,3690,BV1d8UsBUE4n,1,BV1NYEszkEF5,1,0.46855,4
3439,4999,BV1d8UsBUE4n,1,BV1t2tSzGE3a,1,0.52221,2
3439,5017,BV1d8UsBUE4n,1,BV1zQbPzNECW,1,0.57012,1
3439,5126,BV1d8UsBUE4n,1,BV1uu411i7D2,1,0.6281,2
3439,5382,BV1d8UsBUE4n,1,BV1svADzGE5m,1,0.6759,1
3440,5163,BV1CJUKBCEVH,1,BV1WN8AzrE2i,1,0.47654,1
3440,5181,BV1CJUKBCEVH,1,BV1vgbCziEvE,1,0.4393,3
3441,3859,BV1cxUKB6ELn,1,BV1LjdkYtEh6,1,0.44959,2
3441,4388,BV1cxUKB6ELn,1,BV1cnWszJEQ3,1,0.41189,2
3441,5026,BV1cxUKB6ELn,1,BV1Cgt1znEFv,1,0.35148,3
3442,3676,BV1yvU5BvE3C,1,BV15SECzCERP,1,0.43012,2
3442,4197,BV1yvU5BvE3C,1,BV1wEK5eSEA1,1,0.36549,4
3442,5473,BV1yvU5BvE3C,1,BV1JQcMzCEhb,1,0.43457,1
3443,3886,BV1oyCeBaEtC,1,BV17qdpYGEE8,1,0.56781,2
3443,4184,BV1oyCeBaEtC,1,BV1uoKpeREqd,1,0.48718,1
3443,4348,BV1oyCeBaEtC,1,BV1etfHYgEzi,1,0.52802,1
3443,4408,BV1oyCeBaEtC,1,BV1yg4uzDEKG,1,0.50831,1
3443,5608,BV1oyCeBaEtC,1,BV1zjFiz7EVp,1,0.42184,2
3444,3625,BV1d3CSBgEsS,1,BV1tpjhzdEvq,1,0.43441,3
3444,4011,BV1d3CSBgEsS,1,BV1iDQpYZENu,1,0.46523,1
3444,4397,BV1d3CSBgEsS,1,BV1w5WCzKEKQ,1,0.44309,3
3445,3925,BV13ik6BuEmW,1,BV15PCWY6ExC,1,0.59642,1
3446,5005,BV13wN8zwEGH,1,BV1DvbMzaESm,1,0.38888,4
3446,5016,BV13wN8zwEGH,1,BV1U487zXEpF,1,0.42157,2
3446,5591,BV13wN8zwEGH,1,BV1txr2BjEmu,1,0.39685,3
3447,4319,BV1XC3NzmEP2,1,BV1Hsq5YCEEE,1,0.41795,2
3447,5055,BV1XC3NzmEP2,1,BV12ebPz2E33,1,0.49116,4
3447,5097,BV1XC3NzmEP2,1,BV1srtuzsENP,1,0.5257,2
3447,5809,BV1XC3NzmEP2,1,BV1BdBFBbE7H,1,0.51416,2
3448,4301,BV1mTg6zKEeE,1,BV1NtfnYHEFx,1,0.4896,2
3448,4306,BV1mTg6zKEeE,1,BV1z7FteNEsp,1,0.4738,2
3448,4455,BV1mTg6zKEeE,1,BV1YhxyzcEjM,1,0.45658,4
3448,4787,BV1mTg6zKEeE,1,BV1EhhSzPEVy,1,0.55746,1
3448,4916,BV1mTg6zKEeE,1,BV1VLbazeEV3,1,0.47199,4
3448,5286,BV1mTg6zKEeE,1,BV1Nx3CzyEJH,1,0.4324,4
3450,4385,BV17VKDzMEnh,1,BV1foswzEE2c,1,0.42368,2
3450,4569,BV17VKDzMEnh,1,BV1VrJ1zDE5b,1,0.35978,2
3450,4769,BV17VKDzMEnh,1,BV1EAedztEXS,1,0.39667,3
3451,3812,BV1EmK2zbEF9,1,BV1gXLpzgEqN,1,0.35534,4
3452,3501,BV1n3N2zFEWo,1,BV1nrM4zUEAT,1,0.36371,2
3452,4015,BV1n3N2zFEWo,1,BV1vYQ5YMErH,1,0.37486,1
3453,4143,BV1HJKmzqENB,1,BV1bfAsenEza,1,0.44471,3
3453,4415,BV1HJKmzqENB,1,BV1NNgfznEti,1,0.38002,4
3453,4994,BV1HJKmzqENB,1,BV1oXt8ziEXj,1,0.40281,1
3454,5378,BV1yGKmz3Eyi,1,BV1jiAQzhE7d,1,0.41117,2
3455,3848,BV11GKmz3ESE,1,BV1QgoMYtESV,1,0.49731,2
3455,5362,BV11GKmz3ESE,1,BV1tkPhzfEuu,1,0.46584,3
3455,5723,BV11GKmz3ESE,1,BV1mvBXBXEKp,1,0.41814,3
3456,3646,BV1ksK7zDEAs,1,BV1h7J7zYEYq,1,0.40393,2
3457,3671,BV1NaK5zJEyu,1,BV1pYE1zAEXy,1,0.61373,4
3457,4039,BV1NaK5zJEyu,1,BV1axRsYeEFR,1,0.673,3
3457,4293,BV1NaK5zJEyu,1,BV1b1F8e9Ewj,1,0.78837,1
3457,5352,BV1NaK5zJEyu,1,BV1yBfUBoEzh,1,0.78588,2
3458,4145,BV1ULKJzvEu2,1,BV17JFUesEGi,1,0.4629,2
3458,4399,BV1ULKJzvEu2,1,BV18aWEz2ES8,1,0.55509,3
3459,3510,BV1aZNQzAEX5,1,BV1S3j7zdEUR,1,0.44034,4
3459,3767,BV1aZNQzAEX5,1,BV1WHGezJEDb,1,0.48217,2
3459,4271,BV1aZNQzAEX5,1,BV1CoFXeyEnk,1,0.43042,4
3459,4538,BV1aZNQzAEX5,1,BV1HbnJzoEFN,1,0.50395,2
3459,5362,BV1aZNQzAEX5,1,BV1tkPhzfEuu,1,0.52531,1
3459,5398,BV1aZNQzAEX5,1,BV14wPMzZEow,1,0.45999,1
3460,4581,BV1gCNXzaEbc,1,BV1PxpozGEsZ,1,0.50194,2
3461,4973,BV1cuNZzcE2B,1,BV1bQt9zsEqA,1,0.52979,1
3462,3696,BV1rSNyzxEkd,1,BV1brVozZEix,1,0.49211,4
3462,4462,BV1rSNyzxEkd,1,BV1URHNziEhn,1,0.45907,4
3462,4618,BV1rSNyzxEkd,1,BV1mspBzFEjd,1,0.50953,1
3462,5645,BV1rSNyzxEkd,1,BV1AxzzBjEeK,1,0.51305,2
3463,4188,BV1AWN1zAE6N,1,BV1LaNkeSExC,1,0.48104,2
3463,4291,BV1AWN1zAE6N,1,BV1wpFaeEEPx,1,0.55399,1
3463,4948,BV1AWN1zAE6N,1,BV1hBtSzmE9J,1,0.53951,4
3464,4052,BV1aCNCz6EqV,1,BV1N79JYrE2U,1,0.50454,4
3464,4865,BV1aCNCz6EqV,1,BV1vB7HzmEL9,1,0.51851,4
3464,4979,BV1aCNCz6EqV,1,BV1j7tRzqEuq,1,0.59271,3
3464,5024,BV1aCNCz6EqV,1,BV1nkb3zsEhX,1,0.36608,4
3464,5132,BV1aCNCz6EqV,1,BV1xT8qzMExv,1,0.43998,2
3465,5318,BV1erN1zSEvL,1,BV1S3BgBuEX3,1,0.45041,1
3466,4357,BV1P4NfzBEM9,1,BV1EwfeY2EEP,1,0.5345,3
3466,5184,BV1P4NfzBEM9,1,BV1bzgLzMEUx,1,0.53538,2
3467,3749,BV1CzM6z4E4d,1,BV1wDVFzxEov,1,0.40201,3
3467,5721,BV1CzM6z4E4d,1,BV1jziuB5E7X,1,0.40201,4
3468,3790,BV1CN73z8EaG,1,BV1hxL6zQE36,1,0.34758,4
3468,4242,BV1CN73z8EaG,1,BV1FSNFeMERU,1,0.43224,1
3468,5107,BV1CN73z8EaG,1,BV1gcKmzSEzH,1,0.35947,4
3468,5823,BV1CN73z8EaG,1,BV1NLmRBmE39,1,0.39675,2
3469,4715,BV1xJNpziELD,1,BV11gakztEkS,1,0.40792,4
3470,4575,BV1QxNdz6EnY,1,BV1GpnTzVEM2,1,0.34638,2
3471,5635,BV13mNnzzEFY,1,BV1HzzeBwEXJ,1,0.41673,3
3471,5779,BV13mNnzzEFY,1,BV1AyUTBjEB3,1,0.39634,4
3472,3502,BV19tNxzoE5C,1,BV131MTz5EMB,1,0.421,1
3472,4498,BV19tNxzoE5C,1,BV1Csxuz7Eut,1,0.39807,2
3472,4625,BV19tNxzoE5C,1,BV1hJp6z3Eft,1,0.39685,3
3473,3578,BV1KxMizDEmK,1,BV1smEdzYEzo,1,0.55041,3
3473,4703,BV1KxMizDEmK,1,BV1hHYKzMEDT,1,0.43395,2
3473,4974,BV1KxMizDEmK,1,BV1qxtSzdEnV,1,0.46785,1
3474,3897,BV1QiNxzHEL2,1,BV1thQBYoEKe,1,0.42307,2
3474,4869,BV1QiNxzHEL2,1,BV162eGzuEVz,1,0.41329,2
3474,5036,BV1QiNxzHEL2,1,BV1C7tSzwETJ,1,0.43621,1
3474,5178,BV1QiNxzHEL2,1,BV1X7b1zzEZs,1,0.39553,3
3475,3737,BV1TENizyEQa,1,BV1rvVczsEfe,1,0.67127,1
3475,3990,BV1TENizyEQa,1,BV1aGQaY1E5o,1,0.45567,1
3475,4700,BV1TENizyEQa,1,BV11xaUzrEF2,1,0.54026,2
3475,4979,BV1TENizyEQa,1,BV1j7tRzqEuq,1,0.54437,4
3476,3562,BV1RAMCzUEzW,1,BV1ZV7ezpEG1,1,0.48818,4
3476,4070,BV1RAMCzUEzW,1,BV1La9iYKEQn,1,0.59021,1
3476,4475,BV1RAMCzUEzW,1,BV1AzxLzAEKz,1,0.58393,2
3476,4525,BV1RAMCzUEzW,1,BV1egnZzWEgC,1,0.46128,1
3476,5001,BV1RAMCzUEzW,1,BV1kDhnzoEDj,1,0.5687,4
3476,5153,BV1RAMCzUEzW,1,BV1gdbXzoEEN,1,0.4367,4
3476,5497,BV1RAMCzUEzW,1,BV1EGZkBtE3m,1,0.59676,2
3476,5562,BV1RAMCzUEzW,1,BV1npcxz4ECs,1,0.43357,4
3477,3882,BV1ppNnzdEa8,1,BV1MAdxYAEDM,1,0.33959,4
3477,5523,BV1ppNnzdEa8,1,BV1K2FLzTE5M,1,0.42545,1
3477,5588,BV1ppNnzdEa8,1,BV1zLFPzZE41,1,0.42432,2
3478,4599,BV1uDNpzLEYi,1,BV1m2pDzYEkx,1,0.37721,4
3479,3676,BV1RsTBzNEqG,1,BV15SECzCERP,1,0.50651,1
3479,3949,BV1RsTBzNEqG,1,BV13xQ7Y6Ep5,1,0.49433,2
3480,4365,BV1TyN5z7EA3,1,BV1s4UYB9EBQ,1,0.36262,1
3481,4067,BV1p2NvziEiR,1,BV1xA9FYJEvJ,1,0.38847,3
3481,5190,BV1p2NvziEiR,1,BV19f3Lz7EXp,1,0.45991,1
3482,3789,BV1k1NYzbEGt,1,BV1hddVYME5D,1,0.40661,2
3482,3934,BV1k1NYzbEGt,1,BV11NZVYFEc3,1,0.42599,1
3482,4831,BV1k1NYzbEGt,1,BV1wDvwzSE25,1,0.38307,4
3483,3547,BV1jdNYzQEtH,1,BV1Y1TWzsE6B,1,0.61169,4
3483,3702,BV1jdNYzQEtH,1,BV14sE3z6EaM,1,0.65631,2
3483,3884,BV1jdNYzQEtH,1,BV1jFdpYBEwf,1,0.75,2
3483,4465,BV1jdNYzQEtH,1,BV1JvHtzUE5A,1,0.51033,2
3483,4751,BV1jdNYzQEtH,1,BV11ShozPEa1,1,0.70549,3
3483,4812,BV1jdNYzQEtH,1,BV1CDeXzZEWq,1,0.73648,4
3483,5459,BV1jdNYzQEtH,1,BV1WfZrBTEwf,1,0.6445,3
3484,4586,BV1MRTqzdEUs,1,BV1eoWcziEGe,1,0.43802,2
3484,5772,BV1MRTqzdEUs,1,BV1fyBqBhEsz,1,0.40592,1
3484,5780,BV1MRTqzdEUs,1,BV1VnmcByE4F,1,0.48244,1
3485,3759,BV1rFNbzCE6D,1,BV1JaGiznEZ2,1,0.40979,3
3485,4092,BV1rFNbzCE6D,1,BV1VG9cYAEMJ,1,0.4725,3
3485,4171,BV1rFNbzCE6D,1,BV1iiwZeHEPn,1,0.35124,4
3485,4668,BV1rFNbzCE6D,1,BV1vdaRzLER2,1,0.49406,2
3485,4750,BV1rFNbzCE6D,1,BV1eehiz9EaX,1,0.43809,1
3485,4852,BV1rFNbzCE6D,1,BV18LebzvEo5,1,0.44724,3
3485,5077,BV1rFNbzCE6D,1,BV1LxtwzHEey,1,0.43881,1
3485,5493,BV1rFNbzCE6D,1,BV19VFXzWEni,1,0.39089,2
3486,4402,BV1weNizeEAj,1,BV1sCWEzuED7,1,0.48663,2
3486,5685,BV1weNizeEAj,1,BV1yKi9ByEFN,1,0.48412,2
3486,5804,BV1weNizeEAj,1,BV15vq1B2E1x,1,0.51411,1
3487,4625,BV12QN8zoEdN,1,BV1hJp6z3Eft,1,0.44422,3
3487,4730,BV12QN8zoEdN,1,BV1SWh2z3EHt,1,0.47782,2
3488,4172,BV1pzNhzREKj,1,BV1hnAKeeEYY,1,0.36739,2
3488,4923,BV1pzNhzREKj,1,BV1sRbvzeExH,1,0.54085,1
3489,4626,BV1VeMqzPE2m,1,BV1rgp2zrEDR,1,0.43818,3
3489,5203,BV1VeMqzPE2m,1,BV1CPM9zZEjt,1,0.52563,1
3489,5487,BV1VeMqzPE2m,1,BV1y6ZMBgEc2,1,0.59117,1
3490,3643,BV1KQMUzHEBF,1,BV1FzJ6zmE3A,1,0.51215,1
3490,4136,BV1KQMUzHEBF,1,BV1nhAeehEKP,1,0.46888,4
3490,4139,BV1KQMUzHEBF,1,BV1TCAZe6Eqc,1,0.52287,2
3490,5108,BV1KQMUzHEBF,1,BV1hrhPzfEic,1,0.51345,4
3490,5355,BV1KQMUzHEBF,1,BV1N3PHzFE38,1,0.53803,1
3492,4989,BV1njM2zqEde,1,BV1MatXzJEJa,1,0.42976,2
3493,3641,BV1hBM2zpEsr,1,BV15XJJz7EkQ,1,0.43657,2
3494,3507,BV1SNMtzwEPJ,1,BV12wTLzQE7Q,1,0.36014,3
3494,4555,BV1SNMtzwEPJ,1,BV1KcnpzCEro,1,0.39778,1
3494,4612,BV1SNMtzwEPJ,1,BV1HtpezrEre,1,0.39684,2
3495,3689,BV1NFMgzkEpc,1,BV1eWEbzNE2o,1,0.4836,2
3495,4149,BV1NFMgzkEpc,1,BV1C5AjeEEjt,1,0.39958,3
3495,4246,BV1NFMgzkEpc,1,BV1a1NcefE36,1,0.45319,4
3495,5376,BV1NFMgzkEpc,1,BV1qVAXzNEJU,1,0.35538,2
3496,3722,BV1oj7eznEjc,1,BV1Ca5TzyEgs,1,0.42034,2
3496,4288,BV1oj7eznEjc,1,BV1wAFGe8E8Q,1,0.37362,4
3497,4924,BV1rcMSz5EZ5,1,BV1HBbazUEBy,1,0.54966,2
3497,5326,BV1rcMSz5EZ5,1,BV11pAHzZEVF,1,0.50336,3
3498,4333,BV1pFMbzsE9f,1,BV1rhFPeMEFA,1,0.31374,4
3498,4441,BV1pFMbzsE9f,1,BV1TrgfzdE6V,1,0.34383,2
3498,5827,BV1pFMbzsE9f,1,BV1DeUnB8ErT,1,0.34481,1
3499,5295,BV1eGM4zBEpt,1,BV1FCgzzXEaQ,1,0.4133,3
3499,5688,BV1eGM4zBEpt,1,BV171vrBiEX6,1,0.38935,4
3500,4013,BV1P3T6zXEdP,1,BV1sB9DYtEPQ,1,0.39719,2
3500,4233,BV1P3T6zXEdP,1,BV1ZKP2eFE6A,1,0.48988,2
3500,5140,BV1P3T6zXEdP,1,BV1UPhwzjEFr,1,0.55225,1
3500,5627,BV1P3T6zXEdP,1,BV12X6CBTErB,1,0.42649,3
3501,4146,BV1nrM4zUEAT,1,BV1HoAjeSEdz,1,0.47994,1
3501,4691,BV1nrM4zUEAT,1,BV1C9YGz6EwJ,1,0.44573,4
3501,4987,BV1nrM4zUEAT,1,BV1djbLzZE34,1,0.41241,4
3501,5319,BV1nrM4zUEAT,1,BV161wyz7E9V,1,0.40542,2
3502,4649,BV131MTz5EMB,1,BV1WhpLzoEtb,1,0.54654,1
3502,5353,BV131MTz5EMB,1,BV1SCPvzyE1V,1,0.48525,3
3503,5664,BV1kQMGzyEwt,1,BV1Y86UBtEJm,1,0.38138,3
3504,3514,BV1ZdJAzgEn7,1,BV1pKMgzBEwR,1,0.44918,2
3504,3829,BV1ZdJAzgEn7,1,BV1d6Z2Y5Eye,1,0.6218,1
3504,4450,BV1ZdJAzgEn7,1,BV1waxezSE4o,1,0.43437,1
3504,5254,BV1ZdJAzgEn7,1,BV16KMQzUE2W,1,0.47492,3
3505,4247,BV1oPMPzyEZC,1,BV15JNweiE9o,1,0.53201,1
3506,4179,BV1Y2MuzHEUc,1,BV1ztKNeDEcJ,1,0.46229,2
3506,4299,BV1Y2MuzHEUc,1,BV1vtF8eKEvE,2,0.41043,2
3506,4338,BV1Y2MuzHEUc,1,BV1jyfRYBEa1,1,0.5298,2
3507,4576,BV12wTLzQE7Q,1,BV1innFzhEUy,1,0.47457,1
3507,5678,BV12wTLzQE7Q,1,BV1MDrPBFEnB,1,0.50758,2
3507,5839,BV12wTLzQE7Q,1,BV18TUQBJERZ,1,0.50016,3
3508,4010,BV1iu7rzuEZU,1,BV1KoR5YYEWn,1,0.43567,2
3509,4927,BV1JQMJzZEvV,1,BV14ubYz4Evc,1,0.41499,3
3509,5204,BV1JQMJzZEvV,1,BV1fpgbzxEZJ,1,0.48065,3
3509,5264,BV1JQMJzZEvV,1,BV1Kqu5zoEAv,1,0.4805,3
3509,5791,BV1JQMJzZEvV,1,BV1bjqSBLEUu,1,0.3836,1
3510,5772,BV1S3j7zdEUR,1,BV1fyBqBhEsz,1,0.37708,4
3511,4674,BV1UdJwzHESg,1,BV1RbY5zvE28,1,0.49232,2
3511,5050,BV1UdJwzHESg,1,BV17qbNzeEGr,1,0.51907,1
3511,5548,BV1UdJwzHESg,1,BV1oYcqzEEwZ,1,0.46425,4
3512,4789,BV1ErMwzkEpq,1,BV18ovczdEco,1,0.4488,3
3512,4817,BV1ErMwzkEpq,1,BV1Cye2zBEAN,1,0.45246,3
3512,4871,BV1ErMwzkEpq,1,BV1SptjzSEwB,1,0.38076,4
3513,4580,BV1JGMgzeEqT,1,BV1XYnwzcE6U,1,0.39991,4
3514,4584,BV1pKMgzBEwR,1,BV1QAWPzgEA3,1,0.40966,4
3514,4762,BV1pKMgzBEwR,1,BV1tFhCzcEtv,1,0.38413,2
3515,4102,BV1mmdzYzEW2,1,BV11MPoeBERf,1,0.50769,1
3515,5717,BV1mmdzYzEW2,1,BV1o8ijBYEtY,1,0.4442,3
3516,3858,BV1i7MHzfERn,1,BV1wGdZYjErt,1,0.45301,3
3516,5311,BV1i7MHzfERn,1,BV1LkAczsEb1,1,0.43978,4
3517,4080,BV191MnzDEAi,1,BV1hcPieXEuN,1,0.46803,1
3517,5152,BV191MnzDEAi,1,BV1tD8uzNEjv,1,0.45289,3
3518,4828,BV166MLzSEQJ,1,BV1ffvwzVErx,1,0.45754,4
3518,5222,BV166MLzSEQJ,1,BV18Ju9zrEhm,1,0.53091,1
3519,3808,BV1pYTrz4EeP,1,BV1APL9z5EZT,1,0.49378,3
3519,4633,BV1pYTrz4EeP,1,BV1EGpHzPEyo,1,0.42964,4
3519,5774,BV1pYTrz4EeP,1,BV1GtB1BLEdz,1,0.53444,2
3520,4991,BV1ZbMEz9Eoj,1,BV1AYt2zsEBe,1,0.47085,1
3520,5083,BV1ZbMEz9Eoj,1,BV1J6hHzWEE1,1,0.44279,2
3521,3912,BV1VKMnzEEHT,1,BV1hCZ9YxEWT,1,0.36093,4
3521,4310,BV1VKMnzEEHT,1,BV1PWFseeEJg,1,0.43981,2
3522,3982,BV1A9JzzEEav,1,BV1kMX5YEEGC,1,0.53903,1
3522,4196,BV1A9JzzEEav,1,BV1xRNheNE2L,1,0.49006,4
3522,4405,BV1A9JzzEEav,1,BV18BWCzSETs,1,0.50102,1
3522,5387,BV1A9JzzEEav,1,BV11jAhzXE8Q,1,0.56733,1
3522,5713,BV1A9JzzEEav,1,BV1EKqcBZEUQ,1,0.47765,2
3523,4225,BV1SSEDzdELy,1,BV19UNterEdp,1,0.42663,2
3523,4246,BV1SSEDzdELy,1,BV1a1NcefE36,1,0.46548,1
3523,4708,BV1SSEDzdELy,1,BV1wiarzQEqe,1,0.38772,3
3524,3535,BV1xajvzKEi1,1,BV1DNTWzQEp3,1,0.54041,2
3524,3820,BV1xajvzKEi1,1,BV1vcLnzTEJ8,1,0.47845,1
3524,4320,BV1xajvzKEi1,1,BV12Sf2YwEnV,1,0.53531,2
3524,4341,BV1xajvzKEi1,1,BV1Z4fWYUExY,1,0.3909,1
3524,4494,BV1xajvzKEi1,1,BV1BvHtzUEUo,1,0.42706,2
3525,5578,BV1GdTTzCEdZ,1,BV14zgazGETV,1,0.45833,3
3526,3968,BV1dfTszeEGo,1,BV1cxoBYfECd,1,0.36409,2
3526,4656,BV1dfTszeEGo,1,BV1xxa8zfEqc,1,0.40485,1
3526,4946,BV1dfTszeEGo,1,BV13Sb5z7EwR,1,0.36322,3
3527,3919,BV1Fz7jzkEXF,1,BV1qmZtYoEFy,1,0.40103,4
3527,3952,BV1Fz7jzkEXF,1,BV1BXRVYjEKN,1,0.43054,2
3528,4007,BV1hPMjzPEWL,1,BV1apQPYNEYw,1,0.51967,1
3528,4500,BV1hPMjzPEWL,1,BV1jhnmzFEPh,1,0.46676,4
3528,4876,BV1hPMjzPEWL,1,BV1M9ePzaEwW,1,0.52563,3
3528,5080,BV1hPMjzPEWL,1,BV1pytCzJEkP,1,0.4171,1
3530,4334,BV1XfTXzMEbE,1,BV1j3ffY2E9S,1,0.44502,4
3530,4444,BV1XfTXzMEbE,1,BV18w4nzdEdc,1,0.34339,1
3530,4822,BV1XfTXzMEbE,1,BV16Ne2zNECL,1,0.39475,4
3530,5190,BV1XfTXzMEbE,1,BV19f3Lz7EXp,1,0.4724,2
3530,5476,BV1XfTXzMEbE,1,BV1Jh6FBYEfo,1,0.39696,3
3531,3918,BV1fwTTzSEhX,1,BV1gyfNYsEUx,1,0.47537,4
3531,5736,BV1fwTTzSEhX,1,BV1bkvQBEEPk,1,0.49564,3
3532,4257,BV1f9MgzvE9p,1,BV1u1FCewEDC,1,0.41574,3
3532,4285,BV1f9MgzvE9p,1,BV1uQFVe1EDJ,1,0.45554,3
3532,4759,BV1f9MgzvE9p,1,BV1WMhCzREfQ,1,0.56458,1
3532,5156,BV1f9MgzvE9p,1,BV1Kb84zVEKh,1,0.58906,2
3533,4056,BV1v5TuzJE5X,1,BV1Zz9HYPEyD,1,0.36323,4
3533,4577,BV1v5TuzJE5X,1,BV165nFzvEom,1,0.38341,1
3534,3771,BV1qyE1zREJz,1,BV1wk5CzyEjn,1,0.4367,4
3534,4558,BV1qyE1zREJz,1,BV1qynGzYEsS,1,0.47594,2
3534,5538,BV1qyE1zREJz,1,BV1MhzfByEiw,1,0.44257,3
3534,5574,BV1qyE1zREJz,1,BV1GhFmzqE7M,1,0.48034,1
3535,4348,BV1DNTWzQEp3,1,BV1etfHYgEzi,1,0.50561,3
3535,4860,BV1DNTWzQEp3,1,BV11jeVzUEcs,1,0.53249,2
3535,5448,BV1DNTWzQEp3,1,BV1XQfgBeEGT,1,0.59409,3
3536,3582,BV1cuT1z8EAx,1,BV1oAJLzNEN2,1,0.40749,2
3536,4192,BV1cuT1z8EAx,1,BV1MvNieWEYq,1,0.36834,2
3536,4577,BV1cuT1z8EAx,1,BV165nFzvEom,1,0.47791,1
3537,3600,BV1tGTvz2EiE,1,BV1e37NzwELK,1,0.39796,4
3537,3827,BV1tGTvz2EiE,1,BV1vFLazqEGu,1,0.45602,1
3537,4623,BV1tGTvz2EiE,1,BV1MJMpz7Ek8,1,0.49114,4
3537,4688,BV1tGTvz2EiE,1,BV19aY5zYE8t,1,0.37324,4
3537,5095,BV1tGTvz2EiE,1,BV1eWhuz2Eyi,1,0.43131,3
3537,5134,BV1tGTvz2EiE,1,BV1NX8EzREuk,1,0.50779,1
3538,3818,BV1BdMgzPEQu,1,BV1wNLJz1Eqc,1,0.43522,1
3538,5037,BV1BdMgzPEQu,1,BV1wHb5ziErL,1,0.42491,3
3538,5346,BV1BdMgzPEQu,1,BV1CSZWBJEPf,1,0.37629,3
3539,3902,BV1CQT6zsE8P,1,BV15eRdY8EXF,1,0.57377,1
3539,4084,BV1CQT6zsE8P,1,BV1GsPteNE4U,1,0.51172,3
3539,4695,BV1CQT6zsE8P,1,BV1aVYVzoE6P,2,0.66184,1
3539,5005,BV1CQT6zsE8P,1,BV1DvbMzaESm,1,0.49003,2
3539,5078,BV1CQT6zsE8P,1,BV1LxtwzHEey,2,0.47418,3
3539,5274,BV1CQT6zsE8P,1,BV1vr3jzUEzN,1,0.49152,1
3539,5360,BV1CQT6zsE8P,1,BV1kmZgBVEvv,1,0.54371,3
3539,5812,BV1CQT6zsE8P,1,BV1JJmzBfEUY,1,0.60787,4
3540,5193,BV1R3TazSEWM,1,BV1hybZzzEar,1,0.36234,4
3541,4329,BV1ipTKz7ECW,1,BV1PNfkY2E56,1,0.45049,2
3541,4437,BV1ipTKz7ECW,1,BV1vvxDzQErD,1,0.46584,4
3541,4734,BV1ipTKz7ECW,1,BV1ipaKzCEkR,1,0.40044,2
3541,4828,BV1ipTKz7ECW,1,BV1ffvwzVErx,1,0.49137,2
3542,3971,BV1neTqzgEz3,1,BV1NfQtYZEpX,1,0.92387,4
3542,5263,BV1neTqzgEz3,1,BV1M9MXziEQz,1,0.94164,2
3542,5749,BV1neTqzgEz3,1,BV1wVv6BzEBR,1,0.92719,4
3543,3567,BV1S67KzcEsU,1,BV1bajUzCEHH,1,0.67733,1
3543,4099,BV1S67KzcEsU,1,BV1MHASeXERV,1,0.53092,1
3543,4402,BV1S67KzcEsU,1,BV1sCWEzuED7,1,0.48668,4
3543,5470,BV1S67KzcEsU,1,BV1HVZqBHE1a,1,0.6533,2
3543,5689,BV1S67KzcEsU,1,BV1fTvaB6EDk,1,0.65167,2
3544,4357,BV1S67KzcEsU,2,BV1EwfeY2EEP,1,0.57534,1
3544,5050,BV1S67KzcEsU,2,BV17qbNzeEGr,1,0.51615,3
3544,5323,BV1S67KzcEsU,2,BV1rZPYz4ExY,1,0.43028,3
3544,5469,BV1S67KzcEsU,2,BV1cdZqBXEUk,1,0.42749,4
3545,3712,BV1Pr7nzoE3e,1,BV1dJVrzoENZ,1,0.47212,2
3545,4827,BV1Pr7nzoE3e,1,BV1bmepzEEg1,1,0.44405,4
3546,5210,BV1JV7fz8EdG,1,BV1vtgizKEvq,1,0.48724,2
3547,4834,BV1Y1TWzsE6B,1,BV1HAYSzgEbT,1,0.41256,2
3547,5070,BV1Y1TWzsE6B,1,BV1Wd4RzmELG,1,0.5693,3
3548,3793,BV13yTvzRESn,1,BV159LBzREot,1,0.50088,1
3548,3974,BV13yTvzRESn,1,BV1VEXYYsE9s,1,0.4051,4
3548,4897,BV13yTvzRESn,1,BV1ZiYrz1EgZ,1,0.45202,2
3549,4731,BV1WtTDzQEpM,1,BV1BAeyzZEm3,1,0.50057,3
3550,5383,BV1am7dzzEAs,1,BV1YZAzzoEGj,1,0.39468,3
3551,4396,BV137JbzAEKb,1,BV1aiWpz8E5c,1,0.37344,3
3551,4773,BV137JbzAEKb,1,BV1eweBzNEzB,1,0.40164,4
3551,4849,BV137JbzAEKb,1,BV1Aaebz9Eje,1,0.39279,3
3552,4260,BV1HATRzsEsU,1,BV1dqFee1E1S,1,0.49741,2
3552,4595,BV1HATRzsEsU,1,BV1YApRzJEVH,1,0.50529,3
3553,4357,BV1wcTezKECR,1,BV1EwfeY2EEP,1,0.62095,1
3553,5184,BV1wcTezKECR,1,BV1bzgLzMEUx,1,0.55691,2
3553,5468,BV1wcTezKECR,1,BV1QgZiBeEen,1,0.49133,2
3554,3983,BV1j7TizAE3o,1,BV18MQzYaE4K,1,0.36713,3
3554,4222,BV1j7TizAE3o,1,BV1vePoeDEgZ,1,0.37212,2
3556,5838,BV1wi7DzCEac,1,BV1SRmwBgEJE,1,0.40447,2
3557,3909,BV1N8jyzbEDt,1,BV1A5R9YvEwq,1,0.45689,2
3557,4002,BV1N8jyzbEDt,1,BV162RVYnEsJ,1,0.55488,1
3557,4780,BV1N8jyzbEDt,1,BV1DxvTz3EPY,1,0.46775,4
3557,5050,BV1N8jyzbEDt,1,BV17qbNzeEGr,1,0.55043,2
3557,5839,BV1N8jyzbEDt,1,BV18TUQBJERZ,1,0.48777,3
3558,4670,BV1imE1zXE6b,1,BV1AXh1zYEi4,1,0.41879,2
3558,4933,BV1imE1zXE6b,1,BV1duJ6zME1X,1,0.4461,1
3558,5110,BV1imE1zXE6b,1,BV1YqhPzaEUN,1,0.53927,1
3559,4341,BV1SaEMzME6B,1,BV1Z4fWYUExY,1,0.37097,2
3560,4771,BV1Y3jhzNEWv,1,BV1ote3zaESx,1,0.32878,3
3560,4837,BV1Y3jhzNEWv,1,BV1L7YJzEEuz,1,0.35884,1
3561,5486,BV1ZrTtzCENf,1,BV1aPZuB9EUB,1,0.43593,4
3562,4286,BV1ZV7ezpEG1,1,BV1G1FVeSE17,1,0.53392,1
3563,4868,BV1jTjgzjEce,1,BV1MxYSzsE4U,1,0.37431,2
3563,4904,BV1jTjgzjEce,1,BV1tJYezVEzW,1,0.35702,3
3564,4284,BV1my7KztELH,1,BV1TjfDY3EJ4,1,0.52295,1
3564,4976,BV1my7KztELH,1,BV1p3tozJEX6,1,0.63551,1
3564,4991,BV1my7KztELH,1,BV1AYt2zsEBe,1,0.68526,1
3565,5521,BV1Wsjbz2E6y,1,BV1AJZXBYE8s,1,0.54498,2
3565,5571,BV1Wsjbz2E6y,1,BV1kgFSzfEfN,1,0.43436,3
3566,4862,BV1NT7Kz9Eb4,1,BV1GwYXzBERT,1,0.49917,4
3566,5501,BV1NT7Kz9Eb4,1,BV15yZ3BNE9A,1,0.50869,2
3567,5368,BV1bajUzCEHH,1,BV1QeZ2BZEcx,1,0.63387,2
3567,5700,BV1bajUzCEHH,1,BV1JPqcBFE2B,1,0.56962,1
3568,3879,BV1YyjSzsE4U,1,BV155ZrYZE8J,1,0.48047,1
3568,4275,BV1YyjSzsE4U,1,BV1Y1FmemEBP,1,0.46608,3
3568,5463,BV1YyjSzsE4U,1,BV1cpZXBhEZ2,2,0.44432,4
3569,4641,BV1YXTEzLEeZ,1,BV1bWp7zgEtq,1,0.43373,1
3569,5154,BV1YXTEzLEeZ,1,BV18383zzEPw,1,0.41537,2
3570,5238,BV1TTJazqEYn,1,BV1bV3Ez2Eyk,1,0.46669,4
3571,3746,BV1yLjmzvEfu,1,BV15PVHzTEyF,1,0.53713,3
3571,4314,BV1yLjmzvEfu,1,BV1RjFHerEin,1,0.63388,2
3571,4480,BV1yLjmzvEfu,1,BV18bxMzdE15,1,0.65988,2
3571,4486,BV1yLjmzvEfu,1,BV1WNn3z3ExU,1,0.66209,1
3571,4831,BV1yLjmzvEfu,1,BV1wDvwzSE25,1,0.50957,4
3572,3639,BV1SB7BzQE3t,1,BV1chJ4z1EGp,1,0.49084,1
3572,5615,BV1SB7BzQE3t,1,BV1Ty6tBtEDe,1,0.47264,4
3572,5723,BV1SB7BzQE3t,1,BV1mvBXBXEKp,1,0.43082,2
3573,3784,BV1Ej7fztEvc,1,BV1FhGmzDESi,1,0.37939,2
3574,4568,BV1JLJNzjE6U,1,BV12bJkzwEae,1,0.36341,3
3575,4340,BV1k6EPzjEbf,1,BV1dAFPe4EgG,1,0.46663,3
3575,5180,BV1k6EPzjEbf,1,BV1R3b1zCEm5,1,0.57476,4
3576,4992,BV19QTjzTEbN,1,BV1sDtSzzE9Q,1,0.38458,3
3576,5189,BV19QTjzTEbN,1,BV1WVbyzWEJu,1,0.44706,2
3577,4861,BV15hE2zWERT,1,BV1CGhVz6E2Z,1,0.36425,4
3578,3581,BV1smEdzYEzo,1,BV1xNjnztEq9,1,0.51199,3
3578,3593,BV1smEdzYEzo,1,BV1Kq7pzME9F,1,0.5866,3
3578,4255,BV1smEdzYEzo,1,BV1JJFre3EaR,1,0.54713,4
3578,4413,BV1smEdzYEzo,1,BV1AdWezjEcf,1,0.40416,4
3578,5237,BV1smEdzYEzo,1,BV1jGuAz5E1L,1,0.47414,4
3578,5336,BV1smEdzYEzo,1,BV16oNAzzEHV,1,0.55709,3
3578,5693,BV1smEdzYEzo,1,BV1AwrNBQE5w,1,0.61209,3
3579,3940,BV13n7XzhE5k,1,BV1DxoZY8Ek6,1,0.43183,1
3579,4436,BV13n7XzhE5k,1,BV1WU4NzuETi,1,0.45369,3
3579,4778,BV13n7XzhE5k,1,BV1VjeHzDEdS,1,0.36106,3
3580,3770,BV1UgEzz9E6u,1,BV1K55WzwEpF,1,0.68802,1
3580,4032,BV1UgEzz9E6u,1,BV1PaRaYCEGC,1,0.42937,4
3580,4606,BV1UgEzz9E6u,1,BV1hZWGzvEfp,1,0.53394,2
3580,4863,BV1UgEzz9E6u,1,BV1ehbYzGEo1,1,0.62846,1
3580,4990,BV1UgEzz9E6u,1,BV1LetBzQE3a,1,0.5609,3
3580,4996,BV1UgEzz9E6u,1,BV1FEtmz9Ek5,1,0.66341,1
3580,5086,BV1UgEzz9E6u,1,BV1i5tzzWEAn,1,0.52234,4
3580,5340,BV1UgEzz9E6u,1,BV1o1Paz1ErB,1,0.50819,3
3582,5401,BV1oAJLzNEN2,1,BV1Q4ftByEsG,1,0.39707,1
3583,4206,BV1hq7mz5Eg3,1,BV1xuN6eoEDL,1,0.4242,3
3583,5017,BV1hq7mz5Eg3,1,BV1zQbPzNECW,1,0.45003,2
3584,5372,BV1uk74znEsk,1,BV13JPFz5Eqw,1,0.30032,4
3585,4947,BV17P7DzeEB3,1,BV1bwtfzPE96,1,0.56961,1
3585,5692,BV17P7DzeEB3,1,BV1y7v9BVEvA,1,0.48495,3
3586,3791,BV12QjezYEu8,1,BV1pGL2zREGk,1,0.49807,1
3586,5767,BV12QjezYEu8,1,BV1VyBdB5EDi,1,0.34885,3
3587,4351,BV1fT7rz6EF3,1,BV1T6fJYsE1Y,1,0.47978,4
3587,4583,BV1fT7rz6EF3,1,BV1GqWwzuECE,1,0.5012,2
3587,5122,BV1fT7rz6EF3,1,BV12Jh7zHETi,1,0.44256,3
3587,5438,BV1fT7rz6EF3,1,BV1adfGBzEiT,1,0.41577,2
3589,4467,BV1dqjBzbE6g,1,BV17BxXztEQE,1,0.38692,1
3589,4660,BV1dqjBzbE6g,1,BV1NAezzWEDX,1,0.4299,4
3589,5109,BV1dqjBzbE6g,1,BV1JVhuzWEer,1,0.43379,3
3589,5213,BV1dqjBzbE6g,1,BV1LQudztE1E,1,0.44238,2
3590,4256,BV1Ed71zWEiR,1,BV1xKFzeGERG,1,0.30709,1
3590,4534,BV1Ed71zWEiR,1,BV1fnnfzvErk,1,0.29571,2
3591,4141,BV1H872zcEXE,1,BV1DQApe7ESa,1,0.55769,4
3593,3867,BV1Kq7pzME9F,1,BV1podzYYEYc,1,0.56754,3
3593,4311,BV1Kq7pzME9F,1,BV1fYfDYbEsh,1,0.47818,1
3593,4349,BV1Kq7pzME9F,1,BV15yfnY6Exy,1,0.35069,3
3593,4644,BV1Kq7pzME9F,1,BV17NpLzyEYm,1,0.60168,1
3593,5495,BV1Kq7pzME9F,1,BV1jTZbBWE2W,1,0.40478,3
3593,5503,BV1Kq7pzME9F,1,BV1cUZyBrEAZ,1,0.44165,2
3594,4417,BV11D76zHEiP,1,BV18r4EzHEM6,1,0.92803,1
3594,4526,BV11D76zHEiP,1,BV1JhnMzoES7,1,0.93781,3
3594,5041,BV11D76zHEiP,1,BV1yLtSzYEHv,1,0.93154,3
3594,5045,BV11D76zHEiP,1,BV11FbLzzE3T,1,0.90396,1
3594,5749,BV11D76zHEiP,1,BV1wVv6BzEBR,1,0.9469,1
3595,4235,BV1H67zzgE8A,1,BV1SPNheuEzJ,1,0.35434,4
3595,5682,BV1H67zzgE8A,1,BV1vRrNBLESp,1,0.36427,3
3596,4797,BV1h6jpzGEcb,1,BV19yemz4EPp,1,0.47472,4
3596,5164,BV1h6jpzGEcb,1,BV1WSb9zSE6T,1,0.55573,1
3597,4297,BV19i7kzzEyB,1,BV1xQfWYaE3a,1,0.46151,1
3597,5138,BV19i7kzzEyB,1,BV1oShAzeEgR,1,0.38074,2
3597,5729,BV19i7kzzEyB,1,BV1JZvfBHEqt,1,0.49377,1
3598,4185,BV1Qh7wzDEQ7,1,BV1kQNme3EMz,1,0.51095,1
3598,4769,BV1Qh7wzDEQ7,1,BV1EAedztEXS,1,0.39396,4
3598,5641,BV1Qh7wzDEQ7,1,BV1GWzLB8EGn,1,0.43897,1
3599,3733,BV13e7PztEct,1,BV1KqVrzjEeG,1,0.41361,3
3599,4676,BV13e7PztEct,1,BV1MwYAzsETg,1,0.42245,1
3600,5523,BV1e37NzwELK,1,BV1K2FLzTE5M,1,0.42959,3
3601,4001,BV1HRjuzsEkc,1,BV1rKQKY9EYS,1,0.43145,1
3601,4801,BV1HRjuzsEkc,1,BV15rhQzNEz5,1,0.43133,3
3601,5135,BV1HRjuzsEkc,1,BV1o386zwE5D,1,0.33034,4
3602,3770,BV1em7AzfEjR,1,BV1K55WzwEpF,1,0.45083,1
3602,4863,BV1em7AzfEjR,1,BV1ehbYzGEo1,1,0.40197,2
3602,5189,BV1em7AzfEjR,1,BV1WVbyzWEJu,1,0.39162,3
3602,5506,BV1em7AzfEjR,1,BV1X6Z8BSEGr,1,0.36455,2
3603,3834,BV1Ay7FzNEmH,1,BV1H15fzoEQE,1,0.47654,3
3603,3919,BV1Ay7FzNEmH,1,BV1qmZtYoEFy,1,0.65255,1
3603,5531,BV1Ay7FzNEmH,1,BV1aCkYBnEgs,1,0.54633,3
3605,4542,BV1VHjZzGEA3,1,BV1SGnJzBE2Q,1,0.4246,3
3605,4952,BV1VHjZzGEA3,1,BV1RNtdzeE9E,1,0.40337,4
3605,5718,BV1VHjZzGEA3,1,BV1ZfqUBoEL3,1,0.45726,1
3606,5086,BV1pn52zxE9b,1,BV1i5tzzWEAn,1,0.4989,3
3607,4033,BV1Zq7Gz4EHy,1,BV1hiRbYVET7,1,0.42604,3
3607,4035,BV1Zq7Gz4EHy,1,BV1w79mYLEgR,1,0.444,1
3607,4833,BV1Zq7Gz4EHy,1,BV12heHz3Et7,1,0.42879,2
3608,3827,BV1UojBz1EM9,1,BV1vFLazqEGu,1,0.41087,4
3608,5500,BV1UojBz1EM9,1,BV1xFZyB5EbG,1,0.42706,4
3608,5529,BV1UojBz1EM9,1,BV1iUcszSE7x,1,0.43906,2
3609,5667,BV1xkjrzXEvV,1,BV1bNrLB8E1K,1,0.42877,1
3609,5800,BV1xkjrzXEvV,1,BV1dTm6BdEK3,1,0.3323,4
3610,4694,BV1oqjBzbEY8,1,BV1aVYVzoE6P,1,0.45956,3
3610,5178,BV1oqjBzbEY8,1,BV1X7b1zzEZs,1,0.38901,4
3610,5266,BV1oqjBzbEY8,1,BV1zVGAzsEni,1,0.55492,1
3611,4516,BV1tWjyzYESh,1,BV1chtGzZERi,1,0.39454,4
3611,5097,BV1tWjyzYESh,1,BV1srtuzsENP,1,0.55376,2
3611,5171,BV1tWjyzYESh,1,BV1z1bCzkEce,1,0.4982,3
3612,4475,BV1SyjezMEuu,1,BV1AzxLzAEKz,1,0.51143,1
3612,5153,BV1SyjezMEuu,1,BV1gdbXzoEEN,1,0.46915,1
3612,5497,BV1SyjezMEuu,1,BV1EGZkBtE3m,1,0.50277,2
3613,3808,BV1oVjZz2E86,1,BV1APL9z5EZT,1,0.44232,1
3613,4472,BV1oVjZz2E86,1,BV147H5z9Ese,1,0.39667,4
3614,5189,BV17ZjUzdE3h,1,BV1WVbyzWEJu,1,0.41215,3
3614,5259,BV17ZjUzdE3h,1,BV13LMfzdEim,1,0.42698,2
3615,3900,BV1GHjGzyEGc,1,BV1ztZ9YiErB,1,0.34846,2
3615,4496,BV1GHjGzyEGc,1,BV1oexTzYEQo,1,0.38311,1
3616,5653,BV1o8jezmEiz,1,BV17ukFBvEax,1,0.44032,3
3617,5471,BV1aSjQzZEdG,1,BV12RZ8BgENT,1,0.40971,2
3618,3796,BV16ij9zLEaJ,1,BV1Y3LozKEpW,1,0.38405,4
3618,3947,BV16ij9zLEaJ,1,BV1xfofYoEwZ,1,0.41168,1
3619,4469,BV1EHjRzyEPn,1,BV1GpHVzhECQ,1,0.42683,2
3619,4534,BV1EHjRzyEPn,1,BV1fnnfzvErk,1,0.53442,2
3619,4845,BV1EHjRzyEPn,1,BV1CxYRzfE4Q,1,0.45243,1
3619,5669,BV1EHjRzyEPn,1,BV1vcr6BuENM,1,0.57163,1
3620,3835,BV1TvjUzrEim,1,BV1QS5ZzNEFQ,1,0.54085,1
3620,5020,BV1TvjUzrEim,1,BV1WqtzzBExP,1,0.43281,3
3620,5081,BV1TvjUzrEim,1,BV1PDtizAEYR,1,0.54315,1
3620,5242,BV1TvjUzrEim,1,BV1D9ubz3Ep8,1,0.5032,4
3621,4099,BV1aFjozqE5x,1,BV1MHASeXERV,1,0.51762,1
3621,4839,BV1aFjozqE5x,1,BV1mweEzYE65,1,0.46799,3
3622,4799,BV14Uj1zNEBg,1,BV1d5vTzUE5p,1,0.53085,2
3622,5434,BV14Uj1zNEBg,1,BV1JrZ4BpE5W,1,0.53268,1
3623,3837,BV1YYj3z7E15,1,BV1eu5EzFEv4,1,0.43095,2
3623,4155,BV1YYj3z7E15,1,BV1MQAaeuE2B,1,0.42605,3
3623,5744,BV1YYj3z7E15,1,BV1XjBjBFE79,1,0.47107,1
3624,4439,BV1bTjszkExZ,1,BV1ddH3zFEu2,1,0.46073,2
3624,5362,BV1bTjszkExZ,1,BV1tkPhzfEuu,1,0.40135,4
3625,4233,BV1tpjhzdEvq,1,BV1ZKP2eFE6A,1,0.42479,4
3625,4723,BV1tpjhzdEvq,1,BV1FrYmziEKV,1,0.39448,3
3625,5271,BV1tpjhzdEvq,1,BV1u8GHzxELB,1,0.50861,1
3625,5388,BV1tpjhzdEvq,1,BV1CQfCBCEou,1,0.49553,1
3626,4312,BV17NjGzxEXQ,1,BV1oeFsedEBe,1,0.42888,4
3626,4808,BV17NjGzxEXQ,1,BV1GQh9zKEm1,1,0.45037,2
3626,5226,BV17NjGzxEXQ,1,BV1DeGNzmEgL,1,0.46767,1
3627,3696,BV14Yj2zNEc6,1,BV1brVozZEix,1,0.41105,1
3627,3808,BV14Yj2zNEc6,1,BV1APL9z5EZT,1,0.36303,3
3627,4060,BV14Yj2zNEc6,1,BV1zEXDY7EAr,1,0.37721,2
3627,5450,BV14Yj2zNEc6,1,BV12LZaByELD,1,0.35782,4
3628,4618,BV1tmJ8zhEWG,1,BV1mspBzFEjd,1,0.42358,4
3628,5835,BV1tmJ8zhEWG,1,BV1oYmRBNE4Z,1,0.45895,1
3629,4135,BV1Woj1zfEWy,1,BV19vAzeAEeo,1,0.47453,1
3630,3949,BV1xnjbzJE9c,1,BV13xQ7Y6Ep5,1,0.42272,2
3630,4991,BV1xnjbzJE9c,1,BV1AYt2zsEBe,1,0.40738,3
3632,4877,BV1YYjuzzEcN,1,BV1iTYizFEgy,1,0.47423,1
3632,4887,BV1YYjuzzEcN,1,BV186b9zdEYc,1,0.38102,4
3632,5322,BV1YYjuzzEcN,1,BV1sjPxzGEy2,1,0.45521,2
3633,4441,BV1MEjMzcEmx,1,BV1TrgfzdE6V,1,0.42319,4
3633,4701,BV1MEjMzcEmx,1,BV1zhaGzaENu,1,0.38472,4
3633,5055,BV1MEjMzcEmx,1,BV12ebPz2E33,1,0.54385,4
3635,4925,BV1Rtj8zYExE,1,BV1EsbYzjEb2,1,0.46616,2
3635,5255,BV1Rtj8zYExE,1,BV1pyM9zhEzw,1,0.43097,4
3635,5455,BV1Rtj8zYExE,1,BV19jfGBKEVL,1,0.45657,3
3636,3696,BV1uDJazMEcB,1,BV1brVozZEix,1,0.51134,2
3636,3862,BV1uDJazMEcB,1,BV1sydYY7EY6,1,0.48683,2
3636,4431,BV1uDJazMEcB,1,BV1Z843z1E9o,1,0.44283,1
3636,4796,BV1uDJazMEcB,1,BV1muhmz6EFa,1,0.38211,4
3637,4641,BV1fcJ6zkEov,1,BV1bWp7zgEtq,1,0.46293,3
3638,3942,BV1w4Jsz6ETH,1,BV1MFZPYkEqD,1,0.4447,2
3639,5723,BV1chJ4z1EGp,1,BV1mvBXBXEKp,1,0.40262,4
3640,4673,BV1cyEfzAEyN,1,BV1mKHyzkEkj,1,0.53711,1
3640,5575,BV1cyEfzAEyN,1,BV1GycTz8Eka,1,0.38231,4
3641,4202,BV15XJJz7EkQ,1,BV1uzKGe4Ey6,1,0.44951,3
3642,5461,BV1AEJnz8EuN,1,BV1waZiBnE81,1,0.50202,2
3643,4877,BV1FzJ6zmE3A,1,BV1iTYizFEgy,1,0.49114,3
3644,4147,BV1TwJEzYEym,1,BV11YAheaEd1,1,0.49379,3
3644,4594,BV1TwJEzYEym,1,BV1ycpdzzEYS,1,0.52347,3
3644,5016,BV1TwJEzYEym,1,BV1U487zXEpF,1,0.51912,4
3644,5591,BV1TwJEzYEym,1,BV1txr2BjEmu,1,0.5408,2
3645,4586,BV1VDJLzAE45,1,BV1eoWcziEGe,1,0.478,2
3645,5035,BV1VDJLzAE45,1,BV1V2hbzYEFA,1,0.45057,4
3645,5146,BV1VDJLzAE45,1,BV1kE8DzMEUX,1,0.42318,3
3645,5226,BV1VDJLzAE45,1,BV1DeGNzmEgL,1,0.49794,1
3645,5415,BV1VDJLzAE45,1,BV1AbZfBDE6L,2,0.37648,2
3646,5771,BV1h7J7zYEYq,1,BV17eB9BVEqS,1,0.39293,3
3648,4166,BV1Z5VrzcEpz,1,BV1hgKneEEer,1,0.44288,3
3649,4526,BV1QLJ6zAE4Y,1,BV1JhnMzoES7,1,0.94069,2
3649,5041,BV1QLJ6zAE4Y,1,BV1yLtSzYEHv,1,0.93109,4
3649,5749,BV1QLJ6zAE4Y,1,BV1wVv6BzEBR,1,0.94152,3
3650,3758,BV1cMEQzyEee,1,BV1WYV5zPEk3,1,0.42479,1
3650,4931,BV1cMEQzyEee,1,BV1yxTtz9Ey6,1,0.48692,1
3651,4977,BV1C9EdzbEPP,1,BV1uKtSz6EgF,1,0.35509,2
3651,5079,BV1C9EdzbEPP,1,BV1yNt1z9ECt,1,0.35055,3
3652,3703,BV1C9EdzbEPP,2,BV1vFETz3ESw,1,0.55322,3
3652,4405,BV1C9EdzbEPP,2,BV18BWCzSETs,1,0.43197,4
3652,5343,BV1C9EdzbEPP,2,BV18AfsBeEtM,1,0.37356,4
3652,5706,BV1C9EdzbEPP,2,BV1aZqMBKE6Z,1,0.63312,1
3653,5486,BV1M6JNzFEFR,1,BV1aPZuB9EUB,1,0.52423,2
3654,3987,BV1JfE9z7ECC,1,BV1ifQbY2EN6,1,0.46734,1
3654,4966,BV1JfE9z7ECC,1,BV1jntozVExy,1,0.40935,4
3655,3881,BV1P3VmztE65,1,BV1wHdtYfEKi,1,0.41962,2
3655,4037,BV1P3VmztE65,1,BV1dLRsY3EZ8,1,0.52251,2
3655,5557,BV1P3VmztE65,1,BV19FFgzAEUu,1,0.37442,4
3656,3708,BV1RcEtzcEwA,1,BV1Ky5KzmEr4,1,0.49197,2
3656,4370,BV1RcEtzcEwA,1,BV1gfm7BXETq,1,0.38673,4
3656,4868,BV1RcEtzcEwA,1,BV1MxYSzsE4U,1,0.47829,1
3657,4873,BV186JtztEjF,1,BV1fneuzbE52,1,0.37531,4
3657,5008,BV186JtztEjF,1,BV1ittSzsEod,2,0.45077,1
3659,4268,BV1h9JKzuEZ6,1,BV1xU4y1k7Cf,1,0.35488,3
3659,4531,BV1h9JKzuEZ6,1,BV1T6n3z7EYq,1,0.37617,3
3659,5260,BV1h9JKzuEZ6,1,BV1f3u5zCE6q,1,0.39384,3
3660,3938,BV1kNEQz1EnA,1,BV1o6ZGYjEGn,1,0.43337,2
3661,4257,BV1QtJGznE5u,1,BV1u1FCewEDC,1,0.36472,4
3661,4818,BV1QtJGznE5u,1,BV1JaemziEiK,1,0.3708,1
3662,4554,BV1G6J3zWEky,1,BV1ZrnGzvEx7,1,0.65384,1
3662,5573,BV1G6J3zWEky,1,BV1CiFXzBEth,1,0.61892,2
3663,4841,BV1nnJuzbECH,1,BV11KenzBEyR,1,0.64199,3
3665,3906,BV1CqJgziEBz,1,BV1QEZ8YsEtp,1,0.39896,2
3665,4565,BV1CqJgziEBz,1,BV1YFJRz6E9W,1,0.4047,1
3666,3715,BV11G4y1z7XZ,1,BV1Z4VmzjE8w,1,0.41104,2
3666,4059,BV11G4y1z7XZ,1,BV1g39HYWEzS,1,0.42165,1
3667,3729,BV1EvJVzvEDd,1,BV1eYVizCEDi,1,0.52569,3
3668,5453,BV1hKJ3z2Evp,1,BV1qHfuBKEpV,1,0.4062,4
3669,3951,BV1Uh5VzzEDe,1,BV1v2o9Y8EfR,1,0.39162,4
3669,4540,BV1Uh5VzzEDe,1,BV1M9nJz6Ec6,1,0.33374,3
3670,5184,BV1KxEFz3Exz,1,BV1bzgLzMEUx,1,0.5678,2
3670,5290,BV1KxEFz3Exz,1,BV1oq38zfERx,1,0.44355,2
3670,5477,BV1KxEFz3Exz,1,BV1hZZiBaEjG,1,0.46521,3
3671,4414,BV1pYE1zAEXy,1,BV1k1HPz9ErH,1,0.62187,1
3671,4829,BV1pYE1zAEXy,1,BV1CivNzdEHT,1,0.61867,2
3672,3913,BV1h7VGziEc8,1,BV1A8ZZYQEWn,1,0.48809,2
3672,4150,BV1h7VGziEc8,1,BV1UuAneMEmx,1,0.52539,1
3673,4130,BV1XDJPzYEUD,1,BV1QGPMerE4c,1,0.35681,3
3673,5214,BV1XDJPzYEUD,1,BV1WzuZz5EuE,1,0.33367,4
3673,5638,BV1XDJPzYEUD,1,BV14ZztBREK8,1,0.61415,1
3674,4922,BV1hGEazgE4H,1,BV1UAtfzYEmP,1,0.45531,2
3675,3992,BV1zi5zzwEH3,1,BV12HQXYFEms,1,0.67448,1
3675,4347,BV1zi5zzwEH3,1,BV13VfpYzEC5,1,0.70984,2
3675,4623,BV1zi5zzwEH3,1,BV1MJMpz7Ek8,1,0.67584,1
3675,4984,BV1zi5zzwEH3,1,BV1KBtXzLEtp,1,0.6548,3
3675,5158,BV1zi5zzwEH3,1,BV1FG8WztELD,1,0.63752,4
3676,3762,BV15SECzCERP,1,BV1yxGizsEw6,1,0.50858,3
3676,5338,BV15SECzCERP,1,BV1mScqzqE2X,1,0.45941,2
3677,5311,BV15kLnzuESG,1,BV1LkAczsEb1,1,0.41173,3
3678,3829,BV1G4JAzcEqB,1,BV1d6Z2Y5Eye,1,0.52701,1
3678,5254,BV1G4JAzcEqB,1,BV16KMQzUE2W,1,0.46164,3
3678,5835,BV1G4JAzcEqB,1,BV1oYmRBNE4Z,1,0.46728,2
3679,4144,BV1AuVpzXE9P,1,BV1DSApeUEH2,1,0.33324,2
3679,4607,BV1AuVpzXE9P,1,BV1HyeWzgEMe,1,0.33077,3
3680,4846,BV1mLJPz4EQe,1,BV1REeqzeEha,1,0.50181,1
3681,4260,BV114EazfEch,1,BV1dqFee1E1S,1,0.44261,4
3681,5605,BV114EazfEch,1,BV1qJFizLEHZ,1,0.47393,3
3682,4926,BV1vCJwz8ETY,1,BV13rt4z7EV9,1,0.3643,3
3683,4545,BV15KJPzeE4K,1,BV1y8n5zDESu,1,0.43861,1
3684,4887,BV1f6VdzzEkY,1,BV186b9zdEYc,1,0.40288,2
3684,5111,BV1f6VdzzEkY,1,BV1gmhPzdEKa,1,0.42144,1
3685,3712,BV1PFEBzkEi7,1,BV1dJVrzoENZ,1,0.55388,1
3685,3879,BV1PFEBzkEi7,1,BV155ZrYZE8J,1,0.51509,1
3685,3973,BV1PFEBzkEi7,1,BV1NPXNYcEtK,1,0.51868,3
3685,5192,BV1PFEBzkEi7,1,BV1g4bozAENs,1,0.44407,4
3686,5014,BV1m4EezqELo,1,BV1wPbVzFEn7,1,0.40193,2
3687,3797,BV1qqEtziE51,1,BV1SALzzmEwL,1,0.46298,2
3687,4022,BV1qqEtziE51,1,BV1u8QLYFEZf,1,0.65996,1
3687,4492,BV1qqEtziE51,1,BV169xJzMEQX,1,0.33217,3
3687,4655,BV1qqEtziE51,1,BV18TaZz1EZE,1,0.47369,4
3687,5037,BV1qqEtziE51,1,BV1wHb5ziErL,1,0.45144,4
3687,5278,BV1qqEtziE51,1,BV1YT3uzfEWd,1,0.59968,1
3688,3858,BV1F2E4zrEHn,1,BV1wGdZYjErt,1,0.57648,2
3688,5039,BV1F2E4zrEHn,1,BV1TAbMzsENN,1,0.53167,3
3689,5579,BV1eWEbzNE2o,1,BV1R8cczyEzy,1,0.36868,4
3690,3709,BV1NYEszkEF5,1,BV1nAVtzwEob,1,0.46193,4
3690,3807,BV1NYEszkEF5,1,BV1sFLdzRERd,1,0.42112,4
3690,4470,BV1NYEszkEF5,1,BV1CqxLzYEfh,1,0.47577,3
3691,5801,BV1EJEkzLEpi,1,BV12c2JBjEjM,1,0.36238,4
3692,4022,BV1PU7fziE3F,1,BV1u8QLYFEZf,1,0.65345,1
3692,5639,BV1PU7fziE3F,1,BV1uCzYB6EJo,1,0.60371,3
3692,5693,BV1PU7fziE3F,1,BV1AwrNBQE5w,1,0.56712,4
3693,4264,BV12eEBzEEhg,1,BV1iEcFe9ECY,1,0.41795,2
3693,5127,BV12eEBzEEhg,1,BV1gY82zGEeC,1,0.37182,2
3693,5309,BV12eEBzEEhg,1,BV1BVwUzREDd,1,0.40323,1
3693,5583,BV12eEBzEEhg,1,BV1SrfoBoEAT,1,0.39089,2
3694,4003,BV1wAEKznEV4,1,BV1QQQuYSEbo,1,0.44743,1
3694,5242,BV1wAEKznEV4,1,BV1D9ubz3Ep8,1,0.39596,3
3695,5463,BV1SmEjzFEUq,1,BV1cpZXBhEZ2,2,0.42565,3
3695,5549,BV1SmEjzFEUq,1,BV1FvcpzQEWe,1,0.3895,3
3696,4304,BV1brVozZEix,1,BV1cAfBYaEJA,1,0.50171,1
3696,5330,BV1brVozZEix,1,BV18Rw4z7E1o,1,0.43405,1
3697,3818,BV1UUE5zDETG,1,BV1wNLJz1Eqc,1,0.4173,3
3697,4132,BV1UUE5zDETG,1,BV1hTPKeTEWp,1,0.5736,1
3697,4566,BV1UUE5zDETG,1,BV1YFJRz6E9W,2,0.49264,3
3697,4819,BV1UUE5zDETG,1,BV1L8h1zEEbQ,1,0.40555,4
3697,5725,BV1UUE5zDETG,1,BV1kzvaBUE9u,1,0.49167,1
3698,3767,BV11BEKzxE4w,1,BV1WHGezJEDb,1,0.44389,3
3698,5727,BV11BEKzxE4w,1,BV1q1ieBjErm,1,0.4061,3
3698,5797,BV11BEKzxE4w,1,BV1PrBnB8EEq,1,0.46422,1
3699,3755,BV1fc5uzCE19,1,BV1WbVgznED7,1,0.50982,2
3699,3785,BV1fc5uzCE19,1,BV1hRL1zTEdq,1,0.46069,4
3699,4102,BV1fc5uzCE19,1,BV11MPoeBERf,1,0.55409,1
3699,4551,BV1fc5uzCE19,1,BV1Fdn3zTEpu,2,0.49707,3
3700,4209,BV1gdEuzkE1S,1,BV1zfNSe5ELh,1,0.41744,1
3701,5050,BV1Tk5MzoEdi,1,BV17qbNzeEGr,1,0.54069,4
3702,3754,BV14sE3z6EaM,1,BV1uooKYEEYN,1,0.49922,4
3702,3884,BV14sE3z6EaM,1,BV1jFdpYBEwf,1,0.65097,3
3702,4708,BV14sE3z6EaM,1,BV1wiarzQEqe,1,0.5216,3
3703,3938,BV1vFETz3ESw,1,BV1o6ZGYjEGn,1,0.53223,4
3703,5355,BV1vFETz3ESw,1,BV1N3PHzFE38,1,0.67822,1
3703,5406,BV1vFETz3ESw,1,BV1h1fiBeEJA,1,0.57973,4
3703,5525,BV1vFETz3ESw,1,BV1YBZtBVE3z,1,0.57286,1
3703,5637,BV1vFETz3ESw,1,BV1KozxBmE9G,1,0.55993,2
3704,3748,BV1KhVZzsEWw,1,BV1KjoKY1Eyo,1,0.38529,2
3704,4333,BV1KhVZzsEWw,1,BV1rhFPeMEFA,1,0.33409,1
3706,3745,BV1yL5czwE9K,1,BV1AZLtzGEkq,1,0.62364,2
3706,4640,BV1yL5czwE9K,1,BV1xXpEzuEQ6,1,0.55375,1
3707,4323,BV1FuVrzvEc2,1,BV11Kcwe6Exn,1,0.40595,3
3707,4348,BV1FuVrzvEc2,1,BV1etfHYgEzi,1,0.45494,4
3707,5701,BV1FuVrzvEc2,1,BV1QKqPBsEes,1,0.48529,2
3707,5754,BV1FuVrzvEc2,1,BV1scmcBtEcU,1,0.44954,3
3708,4168,BV1Ky5KzmEr4,1,BV1pBFHe4EnR,1,0.52153,4
3708,5007,BV1Ky5KzmEr4,1,BV1ittSzsEod,1,0.57133,2
3708,5156,BV1Ky5KzmEr4,1,BV1Kb84zVEKh,1,0.54689,4
3708,5283,BV1Ky5KzmEr4,1,BV11m3yzEEDX,1,0.41729,3
3709,4196,BV1nAVtzwEob,1,BV1xRNheNE2L,1,0.46671,3
3709,5190,BV1nAVtzwEob,1,BV19f3Lz7EXp,1,0.53749,1
3710,3934,BV1abVnzcEFu,1,BV11NZVYFEc3,1,0.41038,3
3710,4597,BV1abVnzcEFu,1,BV1iipRzdERr,1,0.38595,2
3710,5413,BV1abVnzcEFu,1,BV1SJ6BBsEet,1,0.38667,4
3710,5745,BV1abVnzcEFu,1,BV1QxiMBPExM,1,0.40772,4
3711,4283,BV1bdVhzpEWM,1,BV1aFFpeGECw,1,0.46581,4
3711,4535,BV1bdVhzpEWM,1,BV1bWHFzpEiE,1,0.39646,1
3712,4000,BV1dJVrzoENZ,1,BV12KQyYMEXm,1,0.48467,2
3712,4053,BV1dJVrzoENZ,1,BV1N9K5eREDo,1,0.53178,4
3712,4275,BV1dJVrzoENZ,1,BV1Y1FmemEBP,1,0.50534,2
3712,4460,BV1dJVrzoENZ,1,BV1pNxMzGE9v,1,0.46804,1
3712,4471,BV1dJVrzoENZ,1,BV1Lvxjz9EFP,1,0.56118,2
3712,4667,BV1dJVrzoENZ,1,BV1ymhRzoEwN,1,0.45172,4
3712,5005,BV1dJVrzoENZ,1,BV1DvbMzaESm,1,0.48538,3
3712,5384,BV1dJVrzoENZ,1,BV1GkfBBLEXc,1,0.52779,3
3712,5489,BV1dJVrzoENZ,1,BV1M8ZhBjEmF,1,0.45628,1
3712,5589,BV1dJVrzoENZ,1,BV1WFFpzQEHh,1,0.46673,2
3712,5602,BV1dJVrzoENZ,1,BV163FizDELA,1,0.52129,1
3712,5763,BV1dJVrzoENZ,1,BV13mB9BeEcC,1,0.4295,4
3713,5124,BV1cbVQzaE82,1,BV12k82zNEf8,1,0.47184,1
3713,5748,BV1cbVQzaE82,1,BV1g8vsBkEB6,1,0.4254,2
3714,4428,BV1cYdeYyEY1,1,BV1smxYzSEv1,1,0.41602,3
3715,3858,BV1Z4VmzjE8w,1,BV1wGdZYjErt,1,0.50797,1
3715,3967,BV1Z4VmzjE8w,1,BV1faX1YAE9z,1,0.50017,2
3715,4276,BV1Z4VmzjE8w,1,BV1EJFTeVEUj,1,0.49443,4
3715,5233,BV1Z4VmzjE8w,1,BV1mPuazGE74,1,0.49586,3
3716,4952,BV1DDVQzjEZY,1,BV1RNtdzeE9E,1,0.45029,4
3717,4379,BV1xhV2zREgd,1,BV1RPmwB5Ejg,1,0.78804,4
3717,4529,BV1xhV2zREgd,1,BV1FDnnzaEod,1,0.81544,1
3717,5758,BV1xhV2zREgd,1,BV1AyBCBdEPq,1,0.80338,3
3718,4352,BV1whVHzUESi,1,BV1wjf5YvEyy,1,0.40929,3
3718,5090,BV1whVHzUESi,1,BV1dttPzoEgb,1,0.44021,4
3719,3727,BV19xLczEEYB,1,BV1uz5MzfExY,1,0.44727,4
3719,5275,BV19xLczEEYB,1,BV1b9GwzMEmj,1,0.34081,3
3719,5442,BV19xLczEEYB,1,BV1SxfGBFEMh,1,0.43102,4
3721,4472,BV1QW5Vz5EWX,1,BV147H5z9Ese,1,0.5253,1
3721,4912,BV1QW5Vz5EWX,1,BV1yLtSzYE3s,1,0.48345,3
3722,3958,BV1Ca5TzyEgs,1,BV1egZNY9EQh,1,0.45193,4
3722,4484,BV1Ca5TzyEgs,1,BV1VtxgzNEpv,1,0.38025,3
3723,4072,BV19cVbzHEJp,1,BV1u49tYqE8Y,1,0.41273,2
3723,4590,BV19cVbzHEJp,1,BV1oKWcz6Ep9,1,0.46391,3
3723,4598,BV19cVbzHEJp,1,BV1gUpRzUE6y,1,0.40185,3
3723,5611,BV19cVbzHEJp,1,BV1VoF8zdE61,1,0.50275,2
3723,5696,BV19cVbzHEJp,1,BV1TWUYBdEwA,1,0.45863,2
3724,4424,BV1kELNzzEeP,1,BV16Z48zuEBR,1,0.4074,1
3725,4217,BV17gVxzUEKD,1,BV1h8Noe7ERt,1,0.50832,1
3726,3884,BV1YQ5rzfE6H,1,BV1jFdpYBEwf,1,0.61412,2
3726,4293,BV1YQ5rzfE6H,1,BV1b1F8e9Ewj,1,0.61126,3
3726,5352,BV1YQ5rzfE6H,1,BV1yBfUBoEzh,1,0.59908,4
3726,5433,BV1YQ5rzfE6H,1,BV1c5Z5BpE4Z,1,0.6262,1
3727,3959,BV1uz5MzfExY,1,BV1q3o2Y3E4B,1,0.67117,1
3727,4654,BV1uz5MzfExY,1,BV1SmHvzXEYT,1,0.46813,4
3727,4683,BV1uz5MzfExY,1,BV1BSaRzJExW,1,0.50401,1
3727,5109,BV1uz5MzfExY,1,BV1JVhuzWEer,1,0.49118,4
3727,5161,BV1uz5MzfExY,1,BV1Fnb9z6EyM,1,0.47268,4
3727,5804,BV1uz5MzfExY,1,BV15vq1B2E1x,1,0.61068,2
3728,4097,BV1cN5VztEHT,1,BV1oo9TYxEZq,1,0.41856,4
3728,4232,BV1cN5VztEHT,1,BV1g3NxeFEvG,1,0.47949,1
3728,4245,BV1cN5VztEHT,1,BV1TBNweWE6D,1,0.43235,3
3729,5091,BV1eYVizCEDi,1,BV1cxtMz1E6Z,1,0.47178,2
3729,5556,BV1eYVizCEDi,1,BV1eXzeBpEQB,1,0.52194,1
3730,4212,BV1d6VhzYEyj,1,BV1RKNAePEKD,2,0.38601,4
3730,4247,BV1d6VhzYEyj,1,BV15JNweiE9o,1,0.49228,3
3731,4856,BV1965AzXEdJ,1,BV1ure8ziEgD,1,0.40218,4
3731,4939,BV1965AzXEdJ,1,BV1gDthzoEvE,1,0.34787,4
3731,5251,BV1965AzXEdJ,1,BV1oguGziEAd,1,0.43027,1
3731,5753,BV1965AzXEdJ,1,BV1oMBDBYEfY,1,0.37901,1
3732,4277,BV17dV8zeEaU,1,BV1y8FKe2E7o,1,0.51743,3
3732,5210,BV17dV8zeEaU,1,BV1vtgizKEvq,1,0.43878,4
3733,4264,BV1KqVrzjEeG,1,BV1iEcFe9ECY,1,0.42139,1
3734,4020,BV17kVyzzEL5,1,BV1f2QVYzE9g,1,0.44827,4
3734,4064,BV17kVyzzEL5,1,BV16APxerEFM,1,0.5122,2
3734,4496,BV17kVyzzEL5,1,BV1oexTzYEQo,1,0.45802,1
3734,5792,BV17kVyzzEL5,1,BV1CX2yBmEn2,1,0.55012,1
3735,5331,BV1H7VwzdE21,1,BV1zwA5zFEgd,1,0.4823,3
3735,5564,BV1H7VwzdE21,1,BV1SWc4zyEdq,1,0.48486,2
3736,3889,BV1AcVzzAEqU,1,BV1mfQrYNEHC,1,0.36775,2
3736,4858,BV1AcVzzAEqU,1,BV1ncYfzYE4F,1,0.41232,1
3737,3990,BV1rvVczsEfe,1,BV1aGQaY1E5o,1,0.41803,4
3737,4437,BV1rvVczsEfe,1,BV1vvxDzQErD,1,0.55222,1
3737,4587,BV1rvVczsEfe,1,BV1TepQzaEWt,1,0.49909,1
3737,4700,BV1rvVczsEfe,1,BV11xaUzrEF2,1,0.5847,1
3737,4979,BV1rvVczsEfe,1,BV1j7tRzqEuq,1,0.62181,1
3737,5829,BV1rvVczsEfe,1,BV1mk2kB2E1D,1,0.51593,1
3738,4256,BV1X5VAz2EGn,1,BV1xKFzeGERG,1,0.54652,1
3738,4284,BV1X5VAz2EGn,1,BV1TjfDY3EJ4,1,0.4962,2
3738,4399,BV1X5VAz2EGn,1,BV18aWEz2ES8,1,0.58974,3
3738,4680,BV1X5VAz2EGn,1,BV1NXa9zbETB,1,0.49569,3
3739,3871,BV1avVwz5EGX,1,BV1GydaYbEUZ,1,0.9069,1
3739,4379,BV1avVwz5EGX,1,BV1RPmwB5Ejg,1,0.8781,3
3739,4725,BV1avVwz5EGX,1,BV1DiYyzGEd8,1,0.74668,1
3739,5128,BV1avVwz5EGX,1,BV1uU8CzeEjg,1,0.88094,2
3740,3947,BV1H7VwzdE7H,1,BV1xfofYoEwZ,1,0.3916,3
3740,5235,BV1H7VwzdE7H,1,BV1hVKhziE6k,1,0.35879,3
3740,5363,BV1H7VwzdE7H,1,BV1MbPPz9ERz,1,0.40635,1
3741,5597,BV13WVzz7EP7,1,BV1fmFCzuEfm,1,0.56489,1
3741,5711,BV13WVzz7EP7,1,BV1jGibBeEBN,1,0.45666,3
3742,3880,BV1t9GozdEV1,1,BV1XidtY7Exf,1,0.48015,3
3742,4622,BV1t9GozdEV1,1,BV1pRpUzJEwC,1,0.43004,2
3742,5396,BV1t9GozdEV1,1,BV1vRAzzfEGy,1,0.46788,3
3742,5832,BV1t9GozdEV1,1,BV1YxmZBqEoy,1,0.43747,2
3743,4040,BV1B6oJYiEzG,1,BV1mvRsYtEHE,1,0.35902,2
3743,4549,BV1B6oJYiEzG,1,BV1adncz4EJ8,1,0.31717,4
3743,4568,BV1B6oJYiEzG,1,BV12bJkzwEae,1,0.32983,3
3744,4053,BV1AZVPzTEWc,1,BV1N9K5eREDo,1,0.43073,2
3744,4223,BV1AZVPzTEWc,1,BV1NKNLeXEBQ,1,0.39765,4
3744,5673,BV1AZVPzTEWc,1,BV1gmq1BBEtX,1,0.45216,1
3745,4025,BV1AZLtzGEkq,1,BV17yR8YoE6D,1,0.69634,1
3745,4640,BV1AZLtzGEkq,1,BV1xXpEzuEQ6,1,0.44432,4
3745,4829,BV1AZLtzGEkq,1,BV1CivNzdEHT,1,0.59228,4
3745,5146,BV1AZLtzGEkq,1,BV1kE8DzMEUX,1,0.42023,4
3745,5621,BV1AZLtzGEkq,1,BV17fz6BkEgz,1,0.43415,4
3746,4375,BV15PVHzTEyF,1,BV1hGmmBiEKk,1,0.39329,3
3747,5354,BV17nGZzMEM6,1,BV1GVfYBfEMT,1,0.45596,4
3747,5472,BV17nGZzMEM6,1,BV1GYZqBBEb1,1,0.46303,4
3747,5481,BV17nGZzMEM6,1,BV1MmfoB9EQv,1,0.54149,1
3748,4198,BV1KjoKY1Eyo,1,BV1rqKpeBExU,1,0.42008,4
3748,4344,BV1KjoKY1Eyo,1,BV1NYfsYeEqw,1,0.35264,4
3748,4356,BV1KjoKY1Eyo,1,BV1e1pvezEMR,1,0.48503,2
3748,5019,BV1KjoKY1Eyo,1,BV1csb5zeEuv,1,0.34586,4
3748,5404,BV1KjoKY1Eyo,1,BV1hhfzBrE5z,1,0.45125,2
3748,5490,BV1KjoKY1Eyo,1,BV1y9ZDBhEtZ,1,0.58768,1
3749,4079,BV1wDVFzxEov,1,BV1gR9gYsExL,1,0.45342,4
3749,4135,BV1wDVFzxEov,1,BV19vAzeAEeo,1,0.53532,4
3749,4140,BV1wDVFzxEov,1,BV1poPFezE64,1,0.43581,3
3749,5300,BV1wDVFzxEov,1,BV1pGAmzhEWb,1,0.46732,2
3749,5480,BV1wDVFzxEov,1,BV1hBZtBVERn,1,0.44773,3
3749,5482,BV1wDVFzxEov,1,BV1E5cHzjEfW,1,0.60212,1
3750,4485,BV1TEVHzoEJm,1,BV1snnJzAEQn,1,0.35226,4
3750,4586,BV1TEVHzoEJm,1,BV1eoWcziEGe,1,0.53405,2
3750,4763,BV1TEVHzoEJm,1,BV14FhCzcEQg,1,0.38195,4
3750,5621,BV1TEVHzoEJm,1,BV17fz6BkEgz,1,0.61411,1
3751,3851,BV1tz54zrES5,1,BV1G4AWeWErY,1,0.37,3
3751,4149,BV1tz54zrES5,1,BV1C5AjeEEjt,1,0.48665,1
3751,4204,BV1tz54zrES5,1,BV1h6N6eiErS,1,0.44069,4
3751,5119,BV1tz54zrES5,1,BV1ZFhhzkEPA,1,0.43664,3
3752,3804,BV1zZdZYyEVN,1,BV1FcdSYQETU,1,0.42246,1
3753,4346,BV1oToWYyEns,1,BV1PRf5YzEav,1,0.46134,2
3753,4399,BV1oToWYyEns,1,BV18aWEz2ES8,1,0.56974,3
3753,4797,BV1oToWYyEns,1,BV19yemz4EPp,1,0.516,3
3753,4976,BV1oToWYyEns,1,BV1p3tozJEX6,1,0.58269,1
3753,5098,BV1oToWYyEns,1,BV1e1tgz6EDM,1,0.39986,4
3754,4704,BV1uooKYEEYN,1,BV1ccYKzXEXV,1,0.40671,2
3754,5327,BV1uooKYEEYN,1,BV1S5iFBzE6f,1,0.53625,1
3754,5804,BV1uooKYEEYN,1,BV15vq1B2E1x,1,0.52596,2
3755,4510,BV1WbVgznED7,1,BV1eCn9zLExc,1,0.50548,3
3755,5612,BV1WbVgznED7,1,BV1ThFazpEq9,1,0.52957,1
3757,5114,BV1cbVJzGEeY,1,BV1eghWzQEEQ,1,0.481,2
3758,5529,BV1WYV5zPEk3,1,BV1iUcszSE7x,1,0.37897,4
3758,5561,BV1WYV5zPEk3,1,BV1REcbzdEcf,1,0.3791,3
3759,5074,BV1JaGiznEZ2,1,BV1sNtpzxEpJ,1,0.34124,2
3759,5274,BV1JaGiznEZ2,1,BV1vr3jzUEzN,1,0.41677,2
3759,5669,BV1JaGiznEZ2,1,BV1vcr6BuENM,1,0.4537,1
3760,4021,BV1iMG6zpExH,1,BV16QRLYREcN,1,0.33965,3
3760,5620,BV1iMG6zpExH,1,BV1RrkxBBEYc,1,0.40745,2
3760,5838,BV1iMG6zpExH,1,BV1SRmwBgEJE,1,0.39824,3
3761,4482,BV1sMGzzeEeM,1,BV175xMzKEiH,1,0.45614,2
3761,4854,BV1sMGzzeEeM,1,BV12tehzPEP8,1,0.44773,2
3762,3950,BV1yxGizsEw6,1,BV1bqZVYMEk1,1,0.45566,2
3762,4489,BV1yxGizsEw6,1,BV1UfxazpEby,1,0.54307,2
3762,4658,BV1yxGizsEw6,1,BV1JHH9zWEUC,1,0.5612,2
3762,5046,BV1yxGizsEw6,1,BV1LobVzXEhy,1,0.42839,2
3762,5055,BV1yxGizsEw6,1,BV12ebPz2E33,1,0.59124,3
3762,5229,BV1yxGizsEw6,1,BV1KrKnzqEUN,1,0.44432,4
3762,5240,BV1yxGizsEw6,1,BV1KNuazkEva,1,0.43615,2
3763,4065,BV16mGYzkEhw,1,BV19q9BY6E2E,1,0.46208,4
3763,4954,BV16mGYzkEhw,1,BV1rYtdzLEee,1,0.44186,2
3763,5114,BV16mGYzkEhw,1,BV1eghWzQEEQ,1,0.52444,1
3763,5400,BV16mGYzkEhw,1,BV1cYfbBhEnS,1,0.48872,2
3764,3903,BV13cjwzEEEY,1,BV11rRSY8Emu,1,0.44265,3
3764,4768,BV13cjwzEEEY,1,BV1MphyzNEKz,1,0.42975,4
3764,5377,BV13cjwzEEEY,1,BV1DLfMBnEGd,1,0.46061,1
3765,5266,BV1hdL1ziEF4,1,BV1zVGAzsEni,1,0.4701,2
3766,4474,BV1EiGizmEt2,1,BV1csHGz3E7C,1,0.62244,1
3766,5470,BV1EiGizmEt2,1,BV1HVZqBHE1a,1,0.50619,3
3767,4459,BV1WHGezJEDb,1,BV1Rjx7zREqF,1,0.51188,1
3768,3941,BV11AoTYVEDe,1,BV1DxoZY8Ek6,2,0.41892,3
3768,4623,BV11AoTYVEDe,1,BV1MJMpz7Ek8,1,0.53212,3
3768,4909,BV11AoTYVEDe,1,BV1PPbBzKELz,1,0.55852,1
3768,5273,BV11AoTYVEDe,1,BV15xN2zSEBC,1,0.45481,4
3768,5349,BV11AoTYVEDe,1,BV1iDAzzaEDq,1,0.42376,2
3768,5471,BV11AoTYVEDe,1,BV12RZ8BgENT,1,0.50203,1
3769,3882,BV1MsLmziEKk,1,BV1MAdxYAEDM,1,0.36507,2
3769,4109,BV1MsLmziEKk,1,BV1qDPve8E1y,2,0.39113,2
3769,5138,BV1MsLmziEKk,1,BV1oShAzeEgR,1,0.39761,1
3770,4875,BV1K55WzwEpF,1,BV17HTbzjEWT,1,0.53272,3
3770,5345,BV1K55WzwEpF,1,BV1vjAXzAESv,2,0.49454,2
3770,5430,BV1K55WzwEpF,1,BV1EaFWzUEg9,1,0.50003,1
3771,4538,BV1wk5CzyEjn,1,BV1HbnJzoEFN,1,0.47416,4
3771,5157,BV1wk5CzyEjn,1,BV1az8tzsEcf,1,0.46424,2
3771,5315,BV1wk5CzyEjn,1,BV1XEyWBYE4X,1,0.46126,3
3772,3787,BV1GMGmziESH,1,BV1XZdKYXEe3,1,0.37099,1
3772,5670,BV1GMGmziESH,1,BV1Q3rYBEEr7,1,0.40327,4
3773,5023,BV1BNBbY1E55,1,BV1aBtSzmEMr,1,0.54596,2
3773,5079,BV1BNBbY1E55,1,BV1yNt1z9ECt,1,0.47643,4
3773,5145,BV1BNBbY1E55,1,BV1KT8Dz1E7n,1,0.3507,4
3774,4065,BV1GLZEYZEsL,1,BV19q9BY6E2E,1,0.44972,2
3774,4069,BV1GLZEYZEsL,1,BV1uU9BYAEpo,1,0.43251,4
3774,5679,BV1GLZEYZEsL,1,BV14CraBBEpp,1,0.44463,3
3776,4804,BV1wtd3YSEWd,1,BV19AhQzcEuq,1,0.49528,2
3776,5734,BV1wtd3YSEWd,1,BV1EjvfBJEN9,1,0.47528,4
3777,4582,BV1pSGUz4E5U,1,BV1iKnAzBERM,1,0.36843,3
3777,5344,BV1pSGUz4E5U,1,BV1vjAXzAESv,1,0.37582,2
3778,4506,BV14tGQzuExS,1,BV1pJHWzVE7x,1,0.50046,4
3778,5198,BV14tGQzuExS,1,BV1ZrG7zhE9p,1,0.50364,3
3779,3941,BV18VGmzAExL,1,BV1DxoZY8Ek6,2,0.42802,2
3779,4287,BV18VGmzAExL,1,BV1ozFsepEG4,1,0.43084,3
3779,4395,BV18VGmzAExL,1,BV1YCW4z3EsB,1,0.47719,1
3779,4473,BV18VGmzAExL,1,BV1CzxLzwEph,1,0.41952,3
3779,4718,BV18VGmzAExL,1,BV1VVarzqEso,1,0.44932,4
3779,4882,BV18VGmzAExL,1,BV1BDYbz2Eej,1,0.4556,3
3780,4223,BV1qGL6zhEp3,1,BV1NKNLeXEBQ,1,0.50598,1
3780,4283,BV1qGL6zhEp3,1,BV1aFFpeGECw,1,0.51215,2
3781,4423,BV1TbL6zSE15,1,BV1By4JzMEx8,1,0.52351,4
3782,3878,BV1JpLUzdE2b,1,BV1YCdXYSEKK,1,0.46379,4
3782,3922,BV1JpLUzdE2b,1,BV1SrZ6YJEYQ,1,0.46704,3
3782,3972,BV1JpLUzdE2b,1,BV1iZXyY4EFT,1,0.55604,1
3782,5474,BV1JpLUzdE2b,1,BV1fe63BFEyM,1,0.47315,2
3783,3819,BV1GAG1zwEqP,1,BV1KZLEznE3G,1,0.59596,2
3783,3893,BV1GAG1zwEqP,1,BV1WpRUY9En2,1,0.44666,3
3783,5264,BV1GAG1zwEqP,1,BV1Kqu5zoEAv,1,0.47394,4
3783,5466,BV1GAG1zwEqP,1,BV1QXZsBKESy,1,0.49538,3
3783,5697,BV1GAG1zwEqP,1,BV1DbBRBvE46,1,0.52678,1
3784,5118,BV1FhGmzDESi,1,BV1ywh8zHEZd,1,0.36666,2
3784,5632,BV1FhGmzDESi,1,BV1inksBPEpk,1,0.40916,1
3785,3835,BV1hRL1zTEdq,1,BV1QS5ZzNEFQ,1,0.53681,1
3786,4787,BV1F6LPziEg9,1,BV1EhhSzPEVy,1,0.42435,3
3786,5341,BV1F6LPziEg9,1,BV1TAcczPEL6,1,0.36169,3
3787,5249,BV1XZdKYXEe3,1,BV1sXuazzE6R,1,0.33657,4
3788,4635,BV13fLmzVEqm,1,BV12qHfzmEeL,1,0.46387,3
3788,4804,BV13fLmzVEqm,1,BV19AhQzcEuq,1,0.72474,1
3788,4986,BV13fLmzVEqm,1,BV1PhhGzzExU,1,0.58354,1
3789,3984,BV1hddVYME5D,1,BV1d2XSYuEtG,1,0.59333,1
3789,4517,BV1hddVYME5D,1,BV1WhJQzXEip,1,0.44895,4
3789,4774,BV1hddVYME5D,1,BV1t2hiz1EDD,1,0.46077,3
3789,5444,BV1hddVYME5D,1,BV19xFszrERr,2,0.32892,4
3790,4204,BV1hxL6zQE36,1,BV1h6N6eiErS,1,0.36422,2
3791,3872,BV1pGL2zREGk,1,BV1uwR9YCE68,1,0.53215,2
3791,4137,BV1pGL2zREGk,1,BV1kfPmekEDi,1,0.51608,2
3792,4255,BV1KzLkzDEuM,1,BV1JJFre3EaR,1,0.4018,4
3792,4785,BV1KzLkzDEuM,1,BV1SwbYzwE1x,1,0.43692,1
3793,3931,BV159LBzREot,1,BV1ECZzYFEBp,1,0.40138,4
3793,4897,BV159LBzREot,1,BV1ZiYrz1EgZ,1,0.47168,2
3793,5549,BV159LBzREot,1,BV1FvcpzQEWe,1,0.38621,4
3794,3842,BV1awjwzmEjW,1,BV1NXX8YeEQN,1,0.47214,3
3794,3937,BV1awjwzmEjW,1,BV1FcRuYiEMf,1,0.53128,4
3794,4243,BV1awjwzmEjW,1,BV1AkNweDEDX,1,0.42621,4
3794,5316,BV1awjwzmEjW,1,BV1uqw8z4EfC,1,0.5528,3
3794,5781,BV1awjwzmEjW,1,BV1mEBGBGEho,1,0.4315,3
3795,4478,BV1onLdzgECx,1,BV1LExMzYEpr,1,0.47909,2
3795,5627,BV1onLdzgECx,1,BV12X6CBTErB,1,0.42957,2
3796,4670,BV1Y3LozKEpW,1,BV1AXh1zYEi4,1,0.38514,3
3796,5792,BV1Y3LozKEpW,1,BV1CX2yBmEn2,1,0.3866,2
3797,4022,BV1SALzzmEwL,1,BV1u8QLYFEZf,1,0.48701,1
3797,4287,BV1SALzzmEwL,1,BV1ozFsepEG4,1,0.43556,2
3798,4023,BV1sSLqzBEYq,1,BV1iGRpYvEa4,1,0.38562,4
3799,4370,BV1S4LJz8EQn,1,BV1gfm7BXETq,1,0.51714,1
3799,5032,BV1S4LJz8EQn,1,BV1LithzTEUB,1,0.43236,2
3801,4660,BV1qERfYTEtR,1,BV1NAezzWEDX,1,0.42884,3
3802,4558,BV1TS5yzZEnZ,1,BV1qynGzYEsS,1,0.50652,2
3802,4928,BV1TS5yzZEnZ,1,BV1HobYzsEkZ,1,0.65817,3
3803,4018,BV1WWLRzJEuj,1,BV1XsRLYVE9p,1,0.59051,1
3803,4590,BV1WWLRzJEuj,1,BV1oKWcz6Ep9,1,0.52463,4
3803,4695,BV1WWLRzJEuj,1,BV1aVYVzoE6P,2,0.58041,2
3804,4133,BV1FcdSYQETU,1,BV1KnNWeLEpv,1,0.40169,2
3805,3897,BV114LVzKEuC,1,BV1thQBYoEKe,1,0.37688,3
3805,4424,BV114LVzKEuC,1,BV16Z48zuEBR,1,0.38655,1
3805,5300,BV114LVzKEuC,1,BV1pGAmzhEWb,1,0.37103,4
3805,5381,BV114LVzKEuC,1,BV1HnABzPEjM,1,0.38297,2
3806,5406,BV1pKRBYREMB,1,BV1h1fiBeEJA,1,0.47143,2
3808,4147,BV1APL9z5EZT,1,BV11YAheaEd1,1,0.52428,1
3808,4151,BV1APL9z5EZT,1,BV1btAkevEWt,1,0.37626,4
3808,4472,BV1APL9z5EZT,1,BV147H5z9Ese,1,0.54659,1
3809,4409,BV1HcR1YGEUQ,1,BV1fR42zLEuR,1,0.41289,2
3809,5164,BV1HcR1YGEUQ,1,BV1WSb9zSE6T,1,0.39821,4
3810,3973,BV1jzLnz3Eek,1,BV1NPXNYcEtK,1,0.55131,2
3810,4425,BV1jzLnz3Eek,1,BV1iPxozTEkc,1,0.45907,1
3810,5596,BV1jzLnz3Eek,1,BV1JPFEzYELd,1,0.50088,2
3811,3934,BV14DLDzLEng,1,BV11NZVYFEc3,1,0.46669,1
3811,4247,BV14DLDzLEng,1,BV15JNweiE9o,1,0.44054,2
3811,4681,BV14DLDzLEng,1,BV1oQYLzBELL,1,0.41174,4
3813,4599,BV1AALHzREDa,1,BV1m2pDzYEkx,1,0.43256,4
3813,5310,BV1AALHzREDa,1,BV1LEwAzREk3,1,0.5178,4
3814,4620,BV1CkL9z7EH7,1,BV1EFpmzMECk,1,0.39061,4
3814,4924,BV1CkL9z7EH7,1,BV1HBbazUEBy,1,0.42543,2
3815,4571,BV1d6L3zUE6P,1,BV1TsnAzxETo,1,0.35176,2
3815,5491,BV1d6L3zUE6P,1,BV1ubkwB8EXC,1,0.42256,2
3816,5133,BV1szLJzpEi3,1,BV1wP8kz1ETC,1,0.37226,4
3816,5483,BV1szLJzpEi3,1,BV1ZPcszSEA2,1,0.37691,2
3817,5313,BV1PwLHzxELA,1,BV1omANziEYA,1,0.38762,4
3817,5356,BV1PwLHzxELA,1,BV1t3AQzmEha,1,0.40158,2
3819,4384,BV1KZLEznE3G,1,BV1GuxFzqEZE,1,0.59275,4
3819,4448,BV1KZLEznE3G,1,BV1V74HzvEE2,1,0.43731,3
3819,5208,BV1KZLEznE3G,1,BV1qBjSztEW9,1,0.55707,2
3819,5355,BV1KZLEznE3G,1,BV1N3PHzFE38,1,0.59586,3
3821,4964,BV1mnLVzgEHi,1,BV1ezt9zYE93,1,0.43109,3
3822,3881,BV1cPLJzjEex,1,BV1wHdtYfEKi,1,0.39394,3
3822,4351,BV1cPLJzjEex,1,BV1T6fJYsE1Y,1,0.49328,1
3822,5109,BV1cPLJzjEex,1,BV1JVhuzWEer,1,0.42651,4
3822,5434,BV1cPLJzjEex,1,BV1JrZ4BpE5W,1,0.44389,3
3823,4585,BV1RnLJzeE5q,1,BV1GrWwziEpY,1,0.39423,1
3823,4820,BV1RnLJzeE5q,1,BV14NeXz8Ei8,1,0.38133,3
3823,5739,BV1RnLJzeE5q,1,BV1QTvWBBEqU,1,0.44234,1
3825,3865,BV1KLL8zUEhS,1,BV191o7YsELE,1,0.39928,4
3825,3929,BV1KLL8zUEhS,1,BV1vYQ2YtE2q,1,0.43017,4
3825,4053,BV1KLL8zUEhS,1,BV1N9K5eREDo,1,0.55357,1
3825,4703,BV1KLL8zUEhS,1,BV1hHYKzMEDT,1,0.46294,1
3825,5441,BV1KLL8zUEhS,1,BV1WwFpznEZQ,1,0.48752,2
3826,3861,BV1C6LbzkETu,1,BV1CEdjYcEjP,1,0.47456,3
3826,4351,BV1C6LbzkETu,1,BV1T6fJYsE1Y,1,0.50835,3
3826,4650,BV1C6LbzkETu,1,BV1TNYvzkEh1,1,0.43544,4
3827,4592,BV1vFLazqEGu,1,BV1cGWuzzEKZ,1,0.4117,3
3827,5604,BV1vFLazqEGu,1,BV1cgfDBRE4H,1,0.35646,3
3828,4237,BV16iLVzFEem,1,BV1uuNWeXE5n,1,0.87865,4
3828,5494,BV16iLVzFEem,1,BV1yjZ8BKE76,1,0.69044,4
3829,4802,BV1d6Z2Y5Eye,1,BV1twhRzbEnk,1,0.50488,2
3829,5225,BV1d6Z2Y5Eye,1,BV1FTuUzLED8,1,0.53443,2
3829,5254,BV1d6Z2Y5Eye,1,BV16KMQzUE2W,1,0.49058,2
3829,5519,BV1d6Z2Y5Eye,1,BV17LFmzmEUg,1,0.53197,4
3830,4420,BV1pb5UzZEeV,1,BV11j4iz8EyS,1,0.50435,1
3830,5685,BV1pb5UzZEeV,1,BV1yKi9ByEFN,1,0.45686,2
3831,4872,BV19vRdYZERD,1,BV1cVNvzFEs8,1,0.4435,2
3831,5393,BV19vRdYZERD,1,BV1s3ZNBYE24,1,0.44192,3
3832,4070,BV1wvLwzwEEt,1,BV1La9iYKEQn,1,0.51415,1
3833,4246,BV1xLRdYkEGy,1,BV1a1NcefE36,1,0.41018,2
3833,5547,BV1xLRdYkEGy,1,BV1k5zYB8EqZ,1,0.44684,1
3833,5732,BV1xLRdYkEGy,1,BV1DDmeBAEnQ,1,0.38151,4
3834,4532,BV1H15fzoEQE,1,BV1bqn3zJE57,1,0.47145,1
3834,5101,BV1H15fzoEQE,1,BV1hVtGzgEEA,1,0.47549,1
3834,5531,BV1H15fzoEQE,1,BV1aCkYBnEgs,1,0.54573,1
3835,3991,BV1QS5ZzNEFQ,1,BV1kUQbYWE7E,1,0.44105,3
3835,4461,BV1QS5ZzNEFQ,1,BV1GMxaztEHn,1,0.49928,4
3836,4239,BV12s5zzzEbw,1,BV13SNWexERw,1,0.39614,1
3836,4281,BV12s5zzzEbw,1,BV1dYfUYQEZB,1,0.33799,4
3836,4587,BV12s5zzzEbw,1,BV1TepQzaEWt,1,0.35949,4
3836,5505,BV12s5zzzEbw,1,BV1bBZxBvEdf,1,0.36546,3
3836,5741,BV12s5zzzEbw,1,BV1vgtAznEKD,1,0.36822,2
3837,4805,BV1eu5EzFEv4,1,BV1zvhQzuEJj,1,0.448,4
3837,5744,BV1eu5EzFEv4,1,BV1XjBjBFE79,1,0.49855,2
3838,4894,BV1US5WzTEvm,1,BV1fYYrz2E8i,1,0.41206,1
3838,5037,BV1US5WzTEvm,1,BV1wHb5ziErL,1,0.40341,2
3838,5059,BV1US5WzTEvm,1,BV1GctbzWEqt,1,0.38392,4
3839,4061,BV1DQ5xzCE54,1,BV17e96YnEXf,1,0.93361,1
3839,4237,BV1DQ5xzCE54,1,BV1uuNWeXE5n,1,0.94848,1
3839,4732,BV1DQ5xzCE54,1,BV1F2a3zYECH,1,0.85663,4
3839,5128,BV1DQ5xzCE54,1,BV1uU8CzeEjg,1,0.9005,3
3839,5695,BV1DQ5xzCE54,1,BV1XyiXBfEqB,1,0.93883,2
3840,4020,BV18cfcYMExL,1,BV1f2QVYzE9g,1,0.4515,1
3841,4282,BV1QHNue7EP1,1,BV1aSFLeREkr,1,0.38799,2
3841,5413,BV1QHNue7EP1,1,BV1SJ6BBsEet,1,0.40481,1
3841,5822,BV1QHNue7EP1,1,BV1GtqjBfEV1,1,0.37364,3
3842,5542,BV1NXX8YeEQN,1,BV1jQZ7B9E1D,1,0.46773,3
3843,4194,BV1145zzMEEZ,1,BV1y2KHekEbS,1,0.4224,2
3844,3907,BV1cL57zTER4,1,BV1XuZZYNEhQ,1,0.37684,4
3844,5814,BV1cL57zTER4,1,BV1snqLByEZq,1,0.4695,2
3845,4941,BV13y5vz3EyF,1,BV1qytZz1E9d,1,0.38202,2
3845,5095,BV13y5vz3EyF,1,BV1eWhuz2Eyi,1,0.35688,3
3845,5182,BV13y5vz3EyF,1,BV1wTgpzVEJT,1,0.43806,1
3845,5683,BV13y5vz3EyF,1,BV1hPrKBuE6G,1,0.30052,2
3847,4615,BV1bFZbYUEyx,1,BV1Dr421K7s4,1,0.48014,2
3847,4809,BV1bFZbYUEyx,1,BV15Uh9zMEE1,1,0.58039,1
3848,5453,BV1QgoMYtESV,1,BV1qHfuBKEpV,1,0.49792,2
3848,5491,BV1QgoMYtESV,1,BV1ubkwB8EXC,1,0.43939,2
3849,4581,BV1FJoFYJEM4,1,BV1PxpozGEsZ,1,0.38566,4
3850,4876,BV1avouYFEZw,1,BV1M9ePzaEwW,1,0.49397,3
3852,4149,BV1ubZpYvEZm,1,BV1C5AjeEEjt,1,0.39544,3
3852,4679,BV1ubZpYvEZm,1,BV15Badz2ETT,1,0.40072,2
3852,5461,BV1ubZpYvEZm,1,BV1waZiBnE81,1,0.40495,1
3853,4196,BV1HDorYuECE,1,BV1xRNheNE2L,1,0.29204,3
3854,4590,BV13xo5YrEGg,1,BV1oKWcz6Ep9,1,0.61719,1
3854,4990,BV13xo5YrEGg,1,BV1LetBzQE3a,1,0.56769,2
3854,5100,BV13xo5YrEGg,1,BV18b8JzFEwy,1,0.39432,1
3855,4781,BV13xo5YrEGg,2,BV1vNh9zqEj7,1,0.43388,4
3855,4824,BV13xo5YrEGg,2,BV181eozmEAY,1,0.41098,4
3855,5219,BV13xo5YrEGg,2,BV1jmuHzAE6g,1,0.50329,2
3856,4027,BV1Wco5YZEMX,1,BV1rpRYYBEuf,1,0.43906,2
3856,5245,BV1Wco5YZEMX,1,BV1mPu8zeEVb,1,0.54619,1
3856,5816,BV1Wco5YZEMX,1,BV1S7SEB4EkA,1,0.47846,2
3858,4725,BV1wGdZYjErt,1,BV1DiYyzGEd8,1,0.68325,1
3858,5752,BV1wGdZYjErt,1,BV1V1vvBGEDW,2,0.67754,2
3859,4927,BV1LjdkYtEh6,1,BV14ubYz4Evc,1,0.43392,2
3859,4938,BV1LjdkYtEh6,1,BV19gtdzwEFX,1,0.5516,2
3860,4671,BV1M8dkYUEUS,1,BV1JHYAzrEiy,1,0.46882,2
3860,5331,BV1M8dkYUEUS,1,BV1zwA5zFEgd,1,0.5613,1
3862,3999,BV1sydYY7EY6,1,BV1TH9HY2EEa,1,0.47812,1
3862,4462,BV1sydYY7EY6,1,BV1URHNziEhn,1,0.47521,3
3862,5420,BV1sydYY7EY6,1,BV1WbfJB3ENL,1,0.48377,4
3863,4894,BV14coEY5Eqc,1,BV1fYYrz2E8i,1,0.49384,2
3863,5835,BV14coEY5Eqc,1,BV1oYmRBNE4Z,1,0.43631,3
3863,5844,BV14coEY5Eqc,1,BV1Gfm9BbERE,1,0.57408,1
3864,3956,BV1ihdzYnEHu,1,BV1ftoiYUEyJ,1,0.45903,3
3864,4053,BV1ihdzYnEHu,1,BV1N9K5eREDo,1,0.52323,4
3864,5255,BV1ihdzYnEHu,1,BV1pyM9zhEzw,1,0.44286,3
3864,5515,BV1ihdzYnEHu,1,BV1seZQBPE2j,1,0.61124,1
3865,4077,BV191o7YsELE,1,BV1TQPieUEa1,1,0.40449,3
3865,4205,BV191o7YsELE,1,BV1QfNreGE7V,1,0.44881,2
3866,5049,BV1RRd6YXEx6,1,BV1h7b3zrE9n,1,0.35789,4
3867,4491,BV1podzYYEYc,1,BV1qHHJzxE9x,1,0.37543,3
3867,4644,BV1podzYYEYc,1,BV17NpLzyEYm,1,0.44271,4
3867,4655,BV1podzYYEYc,1,BV18TaZz1EZE,1,0.58857,1
3867,5237,BV1podzYYEYc,1,BV1jGuAz5E1L,1,0.49746,2
3867,5503,BV1podzYYEYc,1,BV1cUZyBrEAZ,1,0.40347,4
3867,5639,BV1podzYYEYc,1,BV1uCzYB6EJo,1,0.53413,4
3869,4279,BV1DpdSYiEEU,1,BV1E6F7ezEvL,1,0.48883,4
3870,5408,BV1xZdaYSEqx,1,BV1WRfiBtEXo,1,0.43698,4
3871,4379,BV1GydaYbEUZ,1,BV1RPmwB5Ejg,1,0.89837,2
3872,4055,BV1uwR9YCE68,1,BV16Q9EYbEB5,1,0.39063,4
3872,4294,BV1uwR9YCE68,1,BV1JPFherEnF,1,0.49936,4
3872,4461,BV1uwR9YCE68,1,BV1GMxaztEHn,1,0.5154,3
3875,4232,BV1DWdQYCEM9,1,BV1g3NxeFEvG,1,0.41378,2
3875,4667,BV1DWdQYCEM9,1,BV1ymhRzoEwN,1,0.41003,3
3876,4572,BV1bjZ5YrEnp,1,BV17aJ1zoEnB,1,0.4814,3
3876,5126,BV1bjZ5YrEnp,1,BV1uu411i7D2,1,0.48526,1
3877,4601,BV1bjZ5YrEnp,2,BV1zKpQzSErY,1,0.45848,1
3877,5548,BV1bjZ5YrEnp,2,BV1oYcqzEEwZ,1,0.44846,3
3878,3942,BV1YCdXYSEKK,1,BV1MFZPYkEqD,1,0.4992,1
3878,5615,BV1YCdXYSEKK,1,BV1Ty6tBtEDe,1,0.48052,3
3878,5648,BV1YCdXYSEKK,1,BV15MzrBiEHh,1,0.45221,3
3879,4416,BV155ZrYZE8J,1,BV14W4bzCE9W,1,0.45153,3
3879,5182,BV155ZrYZE8J,1,BV1wTgpzVEJT,1,0.43627,3
3880,5236,BV1XidtY7Exf,1,BV1YVgNzLEa6,1,0.5592,1
3880,5421,BV1XidtY7Exf,1,BV1XGfgBcEE5,1,0.43271,2
3880,5565,BV1XidtY7Exf,1,BV1TtFDzTEVi,1,0.49705,2
3881,5398,BV1wHdtYfEKi,1,BV14wPMzZEow,1,0.37532,4
3882,5547,BV1MAdxYAEDM,1,BV1k5zYB8EqZ,1,0.39732,1
3882,5776,BV1MAdxYAEDM,1,BV1VbBVBsETY,1,0.34395,3
3883,3997,BV1xuXTYvEb4,1,BV1eMQ3YZEXY,1,0.37645,3
3883,5245,BV1xuXTYvEb4,1,BV1mPu8zeEVb,1,0.45379,3
3884,3946,BV1jFdpYBEwf,1,BV1SdZGYKEMz,1,0.58001,4
3884,5325,BV1jFdpYBEwf,1,BV1m9AJzZE42,1,0.54036,4
3884,5501,BV1jFdpYBEwf,1,BV15yZ3BNE9A,1,0.58345,2
3884,5703,BV1jFdpYBEwf,1,BV14MquBbExk,1,0.59926,2
3885,4616,BV1MFdWY4Eyx,1,BV1E7pWzBEQS,1,0.45658,2
3885,4721,BV1MFdWY4Eyx,1,BV1eMatzYE27,1,0.44421,2
3885,5519,BV1MFdWY4Eyx,1,BV17LFmzmEUg,1,0.45531,3
3886,4051,BV17qdpYGEE8,1,BV1gxRFYtEwW,1,0.53766,1
3886,4348,BV17qdpYGEE8,1,BV1etfHYgEzi,1,0.50825,2
3886,5348,BV17qdpYGEE8,1,BV1t2PczyEU8,1,0.56221,1
3888,4490,BV162dJYBEFx,1,BV1mTHGzQE1K,1,0.43258,2
3890,4756,BV1cTfKYzEbN,1,BV1MBKRzqE1B,1,0.4209,3
3892,4427,BV1siXgYCEvU,1,BV1Zkx1zrEjH,1,0.46383,2
3892,4975,BV1siXgYCEvU,1,BV1bDtQz7E13,1,0.42123,2
3892,5675,BV1siXgYCEvU,1,BV1ZZr8BJE2q,1,0.43724,1
3893,4582,BV1WpRUY9En2,1,BV1iKnAzBERM,1,0.37922,4
3893,5605,BV1WpRUY9En2,1,BV1qJFizLEHZ,1,0.46249,2
3894,4314,BV1oWZSYXE4m,1,BV1RjFHerEin,1,0.50421,1
3894,4795,BV1oWZSYXE4m,1,BV1ayeozEEna,1,0.44951,4
3894,4951,BV1oWZSYXE4m,1,BV1VQtqznE99,1,0.3957,3
3894,5478,BV1oWZSYXE4m,1,BV1nBZSBXEu8,1,0.38166,4
3895,5575,BV1tRRvYsEYx,1,BV1GycTz8Eka,1,0.34218,3
3895,5731,BV1tRRvYsEYx,1,BV1FZiYBJEGK,1,0.40353,1
3896,4384,BV196RZYAE54,1,BV1GuxFzqEZE,1,0.55191,1
3896,4725,BV196RZYAE54,1,BV1DiYyzGEd8,1,0.52761,3
3897,4397,BV1thQBYoEKe,1,BV1w5WCzKEKQ,1,0.43945,2
3897,5011,BV1thQBYoEKe,1,BV1PktXzkEVQ,1,0.44591,1
3897,5381,BV1thQBYoEKe,1,BV1HnABzPEjM,1,0.41765,3
3898,4515,BV1RXRRYtERY,1,BV1DZHnzSEe2,1,0.47541,1
3898,4606,BV1RXRRYtERY,1,BV1hZWGzvEfp,1,0.48755,2
3898,4873,BV1RXRRYtERY,1,BV1fneuzbE52,1,0.43879,4
3901,4070,BV1ziZZY2Ej6,1,BV1La9iYKEQn,1,0.51422,2
3901,4766,BV1ziZZY2Ej6,1,BV1UGaGzyEum,1,0.36714,4
3901,5393,BV1ziZZY2Ej6,1,BV1s3ZNBYE24,1,0.65552,1
3902,4827,BV15eRdY8EXF,1,BV1bmepzEEg1,1,0.49968,4
3902,4929,BV15eRdY8EXF,1,BV1Vgb8zFEqV,1,0.46426,2
3902,4978,BV15eRdY8EXF,1,BV1JEtozyEFF,1,0.53283,4
3902,5472,BV15eRdY8EXF,1,BV1GYZqBBEb1,1,0.5138,1
3902,5569,BV15eRdY8EXF,1,BV1pJF9zuELk,1,0.41073,3
3902,5591,BV15eRdY8EXF,1,BV1txr2BjEmu,1,0.55453,1
3902,5812,BV15eRdY8EXF,1,BV1JJmzBfEUY,1,0.54314,4
3904,4613,BV1cEXrY4EbT,1,BV1K5puzLEQs,1,0.45708,2
3904,5230,BV1cEXrY4EbT,1,BV1WS411P7ok,1,0.37564,4
3905,4459,BV1TzZoYdEju,1,BV1Rjx7zREqF,1,0.46182,3
3905,4592,BV1TzZoYdEju,1,BV1cGWuzzEKZ,1,0.45824,2
3906,4315,BV1QEZ8YsEtp,1,BV1rtfzYPED5,1,0.49781,2
3906,4375,BV1QEZ8YsEtp,1,BV1hGmmBiEKk,1,0.42128,2
3906,5164,BV1QEZ8YsEtp,1,BV1WSb9zSE6T,1,0.46714,3
3907,4663,BV1XuZZYNEhQ,1,BV17NhvzREQz,1,0.37236,2
3907,5704,BV1XuZZYNEhQ,1,BV12iSeB8EF4,1,0.43384,1
3907,5814,BV1XuZZYNEhQ,1,BV1snqLByEZq,1,0.4876,1
3908,4300,BV1V4ZfYkEkX,1,BV1CBFHe4Ekm,1,0.50798,1
3908,5381,BV1V4ZfYkEkX,1,BV1HnABzPEjM,1,0.43129,2
3909,4350,BV1A5R9YvEwq,1,BV1UkwheaE5k,1,0.48835,1
3910,4307,BV1GsZpYuEoK,1,BV1qsFte8Ewh,1,0.45301,1
3911,3919,BV1nafTY3Esd,1,BV1qmZtYoEFy,1,0.39412,4
3911,5370,BV1nafTY3Esd,1,BV18wf1BRE1i,1,0.4532,1
3912,3928,BV1hCZ9YxEWT,1,BV1v3ZrYfEug,1,0.36985,3
3912,4728,BV1hCZ9YxEWT,1,BV1uoaNzaEe6,1,0.37908,2
3913,4150,BV1A8ZZYQEWn,1,BV1UuAneMEmx,1,0.46515,3
3913,4315,BV1A8ZZYQEWn,1,BV1rtfzYPED5,1,0.52577,1
3913,5183,BV1A8ZZYQEWn,1,BV1eJ8MzqEWP,1,0.43031,3
3914,4964,BV18QZdYZEMR,1,BV1ezt9zYE93,1,0.41806,1
3915,4706,BV1xDZJYXESQ,1,BV1VFYTzGETg,1,0.37968,2
3916,3976,BV1n8fTYkE1r,1,BV1GGX4YNEHE,1,0.40656,1
3916,4393,BV1n8fTYkE1r,1,BV1en4qzmEoL,1,0.38272,3
3916,4603,BV1n8fTYkE1r,1,BV1cNWjztEWb,1,0.3747,4
3916,5439,BV1n8fTYkE1r,1,BV1zLZZB6Eij,1,0.39306,1
3917,4787,BV1BsfAY8Emm,1,BV1EhhSzPEVy,1,0.40865,3
3917,4974,BV1BsfAY8Emm,1,BV1qxtSzdEnV,1,0.41171,2
3918,5164,BV1gyfNYsEUx,1,BV1WSb9zSE6T,1,0.49445,2
3918,5420,BV1gyfNYsEUx,1,BV1WbfJB3ENL,1,0.50498,1
3919,4309,BV1qmZtYoEFy,1,BV1hUfrYtEoi,1,0.47216,2
3919,4790,BV1qmZtYoEFy,1,BV1XdhvzSEc2,1,0.48659,2
3919,4791,BV1qmZtYoEFy,1,BV1XDhYzLEQg,1,0.50632,2
3920,4103,BV1SuZHYbEmV,1,BV1sqPje4E1Z,1,0.35738,3
3920,4543,BV1SuZHYbEmV,1,BV1qFnHzsEDD,1,0.39993,3
3921,5163,BV1RXZEYaEoT,1,BV1WN8AzrE2i,1,0.37757,4
3921,5600,BV1RXZEYaEoT,1,BV1SKFkzEEzp,1,0.41166,2
3921,5656,BV1RXZEYaEoT,1,BV1TkraBuEhS,1,0.40288,3
3922,4108,BV1SrZ6YJEYQ,1,BV1qDPve8E1y,1,0.35245,3
3922,4928,BV1SrZ6YJEYQ,1,BV1HobYzsEkZ,1,0.51262,3
3923,4145,BV1i2o9Y8EGf,1,BV17JFUesEGi,1,0.35612,3
3924,4799,BV1h5ZAYVEyD,1,BV1d5vTzUE5p,1,0.47993,4
3924,5058,BV1h5ZAYVEyD,1,BV1j7bKzTEfe,1,0.40121,3
3925,4104,BV15PCWY6ExC,1,BV1pCPjepE6o,1,0.37886,3
3925,4403,BV15PCWY6ExC,1,BV1CDWCzrEfL,1,0.5524,4
3925,4761,BV15PCWY6ExC,1,BV1HVhCzHEbu,1,0.4658,3
3926,4612,BV1VwZyYYEct,1,BV1HtpezrEre,1,0.40526,2
3928,4114,BV1v3ZrYfEug,1,BV1odPxeNE4X,1,0.36336,3
3928,5049,BV1v3ZrYfEug,1,BV1h7b3zrE9n,1,0.44692,1
3930,4802,BV1ToQtYFEsV,1,BV1twhRzbEnk,1,0.41027,4
3931,3999,BV1ECZzYFEBp,1,BV1TH9HY2EEa,1,0.43311,3
3931,4438,BV1ECZzYFEBp,1,BV1UqxdzREd1,1,0.4753,1
3931,4962,BV1ECZzYFEBp,1,BV1fqtdzkEtn,1,0.54092,1
3932,5523,BV1kXZiYxEwA,1,BV1K2FLzTE5M,1,0.36968,3
3933,4040,BV12WZqYNE8z,1,BV1mvRsYtEHE,1,0.4017,1
3933,4249,BV12WZqYNE8z,1,BV1CVPoeNEq4,1,0.44632,2
3933,4261,BV12WZqYNE8z,1,BV1kWFeesEX9,1,0.53833,1
3933,4396,BV12WZqYNE8z,1,BV1aiWpz8E5c,1,0.3846,2
3933,5260,BV12WZqYNE8z,1,BV1f3u5zCE6q,1,0.38988,4
3934,4986,BV11NZVYFEc3,1,BV1PhhGzzExU,1,0.57627,2
3934,5745,BV11NZVYFEc3,1,BV1QxiMBPExM,1,0.48714,2
3935,4233,BV1cTZaYrE3H,1,BV1ZKP2eFE6A,1,0.51869,4
3936,3968,BV13Uo4Y5E2M,1,BV1cxoBYfECd,1,0.41361,2
3937,4774,BV1FcRuYiEMf,1,BV1t2hiz1EDD,1,0.54895,2
3937,5316,BV1FcRuYiEMf,1,BV1uqw8z4EfC,1,0.59203,1
3937,5542,BV1FcRuYiEMf,1,BV1jQZ7B9E1D,1,0.53835,1
3937,5781,BV1FcRuYiEMf,1,BV1mEBGBGEho,1,0.44183,2
3938,4592,BV1o6ZGYjEGn,1,BV1cGWuzzEKZ,1,0.44494,4
3938,4686,BV1o6ZGYjEGn,1,BV1bRe4zFEnL,1,0.44274,3
3938,5406,BV1o6ZGYjEGn,1,BV1h1fiBeEJA,1,0.53709,2
3939,4221,BV1vKZAYUE5g,1,BV1p1NpeuE6N,1,0.31921,3
3940,5299,BV1DxoZY8Ek6,1,BV14tA5z3Epo,1,0.42349,2
3941,4308,BV1DxoZY8Ek6,2,BV1qWFtecEHF,1,0.42807,1
3941,5113,BV1DxoZY8Ek6,2,BV11KhpzeEBm,1,0.35089,3
3941,5610,BV1DxoZY8Ek6,2,BV15FFYzaEEW,1,0.41708,4
3942,3972,BV1MFZPYkEqD,1,BV1iZXyY4EFT,1,0.4419,4
3942,5615,BV1MFZPYkEqD,1,BV1Ty6tBtEDe,1,0.4838,4
3943,5460,BV18cooYZEsu,1,BV1QJfGBPEDp,1,0.50619,1
3943,5762,BV18cooYZEsu,1,BV1D3vqBVEtW,1,0.51472,1
3945,5231,BV1sMoRYLEsS,1,BV1bx31zpEjT,1,0.39837,3
3946,4770,BV1SdZGYKEMz,1,BV1cFvNzHEBD,1,0.46097,4
3946,4928,BV1SdZGYKEMz,1,BV1HobYzsEkZ,1,0.61033,2
3946,4948,BV1SdZGYKEMz,1,BV1hBtSzmE9J,1,0.63552,1
3946,5431,BV1SdZGYKEMz,1,BV1yjfPBPEQT,1,0.46354,4
3948,4615,BV1xfofYoEwZ,2,BV1Dr421K7s4,1,0.40365,3
3948,4847,BV1xfofYoEwZ,2,BV1cGezz7EcL,1,0.44106,1
3948,5054,BV1xfofYoEwZ,2,BV18xbLzQEfD,1,0.39204,4
3948,5300,BV1xfofYoEwZ,2,BV1pGAmzhEWb,1,0.42475,2
3949,5115,BV13xQ7Y6Ep5,1,BV1s28ZzwERj,1,0.49249,2
3949,5359,BV13xQ7Y6Ep5,1,BV1SsZ7BGEEs,1,0.44579,1
3949,5760,BV13xQ7Y6Ep5,1,BV1hCBQBbE6G,1,0.51248,1
3950,5480,BV1bqZVYMEk1,1,BV1hBZtBVERn,1,0.44172,3
3950,5728,BV1bqZVYMEk1,1,BV1k7v9BVE8f,1,0.48069,1
3952,4017,BV1BXRVYjEKN,1,BV1x7R5YFEKQ,1,0.37955,4
3953,4415,BV1aBoRYREKs,1,BV1NNgfznEti,1,0.39924,3
3953,4495,BV1aBoRYREKs,1,BV14ixbzrE9n,1,0.42509,4
3955,4381,BV1EPXJY4ENE,1,BV1RjC7B2Eu6,1,0.5299,3
3956,4072,BV1ftoiYUEyJ,1,BV1u49tYqE8Y,1,0.4573,1
3956,5294,BV1ftoiYUEyJ,1,BV1magXzqEfy,1,0.46446,1
3958,4628,BV1egZNY9EQh,1,BV163pyzAEiL,1,0.40611,1
3958,4882,BV1egZNY9EQh,1,BV1BDYbz2Eej,1,0.44566,4
3958,5511,BV1egZNY9EQh,1,BV1ATZyBzEua,1,0.42363,4
3959,4439,BV1q3o2Y3E4B,1,BV1ddH3zFEu2,1,0.55653,2
3959,4457,BV1q3o2Y3E4B,1,BV1izxEzfETF,1,0.46226,3
3959,4495,BV1q3o2Y3E4B,1,BV14ixbzrE9n,1,0.51852,2
3959,4673,BV1q3o2Y3E4B,1,BV1mKHyzkEkj,1,0.61073,2
3959,5172,BV1q3o2Y3E4B,1,BV1J3gCzcEeg,1,0.36474,3
3959,5804,BV1q3o2Y3E4B,1,BV15vq1B2E1x,1,0.61444,1
3960,4249,BV19gohYdEN5,1,BV1CVPoeNEq4,1,0.5711,2
3960,4257,BV19gohYdEN5,1,BV1u1FCewEDC,1,0.43937,1
3960,4409,BV19gohYdEN5,1,BV1fR42zLEuR,1,0.58498,1
3960,4518,BV19gohYdEN5,1,BV1PDn1zBEcu,1,0.50789,1
3960,5416,BV19gohYdEN5,1,BV1bEZsB8En8,1,0.46154,2
3960,5518,BV19gohYdEN5,1,BV1zSZMBNEBz,1,0.54508,1
3961,5149,BV1Sqo8YEEEP,1,BV14487zXEpf,1,0.41886,1
3962,4339,BV1xioqYAEtS,1,BV1LucAetETn,1,0.44893,3
3962,4749,BV1xioqYAEtS,1,BV1kaajz7EkA,1,0.52992,4
3962,5732,BV1xioqYAEtS,1,BV1DDmeBAEnQ,1,0.46047,4
3963,4011,BV1Lco6Y9EQL,1,BV1iDQpYZENu,1,0.38643,4
3964,5200,BV1YYoCYbEzN,1,BV1Jzg5zJE6u,1,0.36574,3
3966,4251,BV1xeXkYNEGJ,1,BV1YZFkePEjA,1,0.40781,2
3967,4225,BV1faX1YAE9z,1,BV19UNterEdp,1,0.57101,2
3967,4276,BV1faX1YAE9z,1,BV1EJFTeVEUj,1,0.55178,3
3967,4318,BV1faX1YAE9z,1,BV1deFnegEvo,1,0.45027,3
3967,4450,BV1faX1YAE9z,1,BV1waxezSE4o,1,0.40769,2
3967,5298,BV1faX1YAE9z,1,BV1W5f1B2EMe,1,0.4637,3
3967,5464,BV1faX1YAE9z,1,BV1L4f3B6E46,1,0.52319,2
3967,5789,BV1faX1YAE9z,1,BV1vqBMBCETk,1,0.58395,1
3968,5244,BV1cxoBYfECd,1,BV1LDuHzcEni,1,0.4488,1
3969,4360,BV1fRXxY1EkH,1,BV1W5wYe8E8t,1,0.46089,3
3969,5331,BV1fRXxY1EkH,1,BV1zwA5zFEgd,1,0.53011,2
3971,4237,BV1NfQtYZEpX,1,BV1uuNWeXE5n,1,0.93155,2
3971,5263,BV1NfQtYZEpX,1,BV1M9MXziEQz,1,0.94079,1
3972,4248,BV1iZXyY4EFT,1,BV1XRPde7Eug,1,0.46472,2
3972,5275,BV1iZXyY4EFT,1,BV1b9GwzMEmj,1,0.43317,1
3973,5268,BV1NPXNYcEtK,1,BV1yQ3vz9EZu,1,0.3422,3
3973,5546,BV1NPXNYcEtK,1,BV1MiZHBHE2j,1,0.55036,2
3974,4192,BV1VEXYYsE9s,1,BV1MvNieWEYq,1,0.39499,1
3974,4407,BV1VEXYYsE9s,1,BV1cTWzzsERa,2,0.42961,2
3975,4026,BV1XuX4YKEhy,1,BV16tRGYyEp3,1,0.42967,1
3975,4074,BV1XuX4YKEhy,1,BV1ooXZYeED1,1,0.37846,2
3975,4412,BV1XuX4YKEhy,1,BV193WYz4EJw,1,0.36099,4
3976,4204,BV1GGX4YNEHE,1,BV1h6N6eiErS,1,0.45171,1
3976,4581,BV1GGX4YNEHE,1,BV1PxpozGEsZ,1,0.39351,4
3977,4807,BV18UXRYVESt,1,BV1xjhSzCEVq,1,0.41389,3
3977,5479,BV18UXRYVESt,1,BV1YBZTBXENH,1,0.42119,2
3977,5496,BV18UXRYVESt,1,BV1kkUDBiEgN,1,0.48028,1
3978,5204,BV1CsQEYFEER,1,BV1fpgbzxEZJ,1,0.46278,3
3978,5638,BV1CsQEYFEER,1,BV14ZztBREK8,1,0.45278,4
3979,4759,BV1tWX6YPE6y,1,BV1WMhCzREfQ,1,0.45452,1
3979,5093,BV1tWX6YPE6y,1,BV1oV4dzNEas,1,0.44799,2
3980,4572,BV1GoX6YrE5p,1,BV17aJ1zoEnB,1,0.48005,2
3981,4241,BV1ZpQcYqEzM,1,BV12s411q7Br,1,0.45796,4
3981,4337,BV1ZpQcYqEzM,1,BV1a3cWe2EkU,1,0.41785,4
3981,5607,BV1ZpQcYqEzM,1,BV14bfZBREEn,1,0.53013,1
3981,5617,BV1ZpQcYqEzM,1,BV165FPzbEX9,1,0.43556,2
3982,4720,BV1kMX5YEEGC,1,BV14MahzcEab,1,0.45619,3
3982,5387,BV1kMX5YEEGC,1,BV11jAhzXE8Q,1,0.51303,2
3982,5582,BV1kMX5YEEGC,1,BV17pzJB2EJ3,1,0.44588,1
3983,4630,BV18MQzYaE4K,1,BV12fpuzVEAP,1,0.43485,1
3984,4314,BV1d2XSYuEtG,1,BV1RjFHerEin,1,0.5678,3
3984,4774,BV1d2XSYuEtG,1,BV1t2hiz1EDD,1,0.6047,1
3984,4795,BV1d2XSYuEtG,1,BV1ayeozEEna,1,0.48843,4
3984,4965,BV1d2XSYuEtG,1,BV1YdttzdEov,1,0.39175,4
3985,3995,BV1b4QmYHEMQ,1,BV1oXQmYYEsp,1,0.38673,2
3987,4133,BV1ifQbY2EN6,1,BV1KnNWeLEpv,1,0.41465,3
3987,5581,BV1ifQbY2EN6,1,BV1SicgzaEzL,1,0.40324,4
3988,4042,BV1f9QSY6ENW,1,BV1zvRNYdE9i,2,0.41775,2
3988,5080,BV1f9QSY6ENW,1,BV1pytCzJEkP,1,0.38891,4
3990,4343,BV1aGQaY1E5o,1,BV1fYwNekER5,1,0.38728,3
3990,4539,BV1aGQaY1E5o,1,BV1ydnSzDEHS,1,0.4307,2
3990,5482,BV1aGQaY1E5o,1,BV1E5cHzjEfW,1,0.42465,3
3991,5449,BV1kUQbYWE7E,1,BV1TYf5BPEX2,1,0.41934,2
3992,4490,BV12HQXYFEms,1,BV1mTHGzQE1K,1,0.53601,4
3992,4560,BV12HQXYFEms,1,BV1bdngz7E4B,1,0.60324,4
3992,4841,BV12HQXYFEms,1,BV11KenzBEyR,1,0.61485,3
3993,4081,BV1ezXRYJEug,1,BV15EA9e3EZB,1,0.46565,1
3993,5600,BV1ezXRYJEug,1,BV1SKFkzEEzp,1,0.47061,4
3993,5611,BV1ezXRYJEug,1,BV1VoF8zdE61,1,0.47166,3
3994,5039,BV1x1QgYCEMB,1,BV1TAbMzsENN,1,0.605,1
3995,5134,BV1oXQmYYEsp,1,BV1NX8EzREuk,1,0.56395,2
3995,5527,BV1oXQmYYEsp,1,BV1xfcEzUE73,1,0.48768,1
3995,5599,BV1oXQmYYEsp,1,BV1AokgBVEDi,1,0.5957,1
3996,4680,BV1GBPietEqe,1,BV1NXa9zbETB,1,0.4041,4
3996,5057,BV1GBPietEqe,1,BV1Hib3zbEkY,1,0.46507,1
3996,5659,BV1GBPietEqe,1,BV19YrpBWENY,1,0.44889,2
3996,5702,BV1GBPietEqe,1,BV18Zq6BxEA6,1,0.42376,1
3998,4099,BV15TQCYUEVk,1,BV1MHASeXERV,1,0.46049,4
3998,5391,BV15TQCYUEVk,1,BV11zPLz1ENH,1,0.41407,1
3998,5417,BV15TQCYUEVk,1,BV1ugZRB7EZZ,1,0.48266,3
3999,4998,BV1TH9HY2EEa,1,BV1ftb5zhEmp,1,0.4578,2
4000,4044,BV12KQyYMEXm,1,BV1wcK7eZEXw,1,0.44397,1
4001,4303,BV1rKQKY9EYS,1,BV1RCF4etEnV,1,0.38312,4
4001,4665,BV1rKQKY9EYS,1,BV1NMHQzxEE2,1,0.405,3
4002,4049,BV162RVYnEsJ,1,BV1XW9EYmEbX,1,0.57968,1
4002,4058,BV162RVYnEsJ,1,BV14Q94YhEc1,1,0.41987,2
4002,4294,BV162RVYnEsJ,1,BV1JPFherEnF,1,0.69163,1
4002,4553,BV162RVYnEsJ,1,BV1QgnGzdERh,1,0.6805,1
4002,4780,BV162RVYnEsJ,1,BV1DxvTz3EPY,1,0.5088,3
4002,5050,BV162RVYnEsJ,1,BV17qbNzeEGr,1,0.64838,1
4002,5678,BV162RVYnEsJ,1,BV1MDrPBFEnB,1,0.61667,2
4002,5839,BV162RVYnEsJ,1,BV18TUQBJERZ,1,0.6363,1
4003,4010,BV1QQQuYSEbo,1,BV1KoR5YYEWn,1,0.44306,3
4003,4553,BV1QQQuYSEbo,1,BV1QgnGzdERh,1,0.57252,1
4003,5548,BV1QQQuYSEbo,1,BV1oYcqzEEwZ,1,0.42275,4
4004,5092,BV1nSQKYsEQW,1,BV19MtAzQEfk,1,0.46879,1
4006,5276,BV1hWQPYeEkr,1,BV1VyGwz5Eq3,1,0.42263,2
4007,4034,BV1apQPYNEYw,1,BV1HoRhYqEV2,1,0.50938,2
4007,4767,BV1apQPYNEYw,1,BV1yFaVzkE3F,1,0.38406,3
4008,4247,BV1YERpYhEaH,1,BV15JNweiE9o,1,0.43474,1
4008,5751,BV1YERpYhEaH,1,BV1V1vvBGEDW,1,0.39779,3
4008,5781,BV1YERpYhEaH,1,BV1mEBGBGEho,1,0.38347,4
4009,4076,BV19uQpYdErb,1,BV1hjXQYBE2z,1,0.46164,2
4009,4187,BV19uQpYdErb,1,BV1xuNkevE9C,1,0.54009,1
4009,4755,BV19uQpYdErb,1,BV15JaVzfEHC,1,0.53819,4
4009,4960,BV19uQpYdErb,1,BV1GhbMzKEYV,1,0.6135,1
4009,5806,BV19uQpYdErb,1,BV1Pd2vBREWh,1,0.51091,1
4011,4079,BV1iDQpYZENu,1,BV1gR9gYsExL,1,0.47376,1
4011,4193,BV1iDQpYZENu,1,BV1zZAAerE1m,1,0.51719,4
4011,5164,BV1iDQpYZENu,1,BV1WSb9zSE6T,1,0.66516,1
4011,5420,BV1iDQpYZENu,1,BV1WbfJB3ENL,1,0.6233,1
4011,5507,BV1iDQpYZENu,1,BV1ZiZRBbEtg,1,0.49565,3
4012,4557,BV1S7AseEEcH,1,BV1EanhzsE1c,1,0.35765,3
4012,5141,BV1S7AseEEcH,1,BV13t8GzmEpA,1,0.369,2
4013,4906,BV1sB9DYtEPQ,1,BV1Xk8RzTEZg,1,0.3747,4
4014,4193,BV1tmQ5YZEvf,1,BV1zZAAerE1m,1,0.52033,1
4014,4871,BV1tmQ5YZEvf,1,BV1SptjzSEwB,1,0.38649,3
4015,4453,BV1vYQ5YMErH,1,BV1yXxZzpEVJ,1,0.54135,2
4015,4542,BV1vYQ5YMErH,1,BV1SGnJzBE2Q,1,0.50283,1
4016,4300,BV16jQJYsELp,1,BV1CBFHe4Ekm,1,0.46707,3
4016,5358,BV16jQJYsELp,1,BV1kHPqzqEjW,2,0.61243,2
4016,5605,BV16jQJYsELp,1,BV1qJFizLEHZ,1,0.71786,1
4017,5543,BV1x7R5YFEKQ,1,BV119ZEB3ESk,1,0.37962,3
4018,4590,BV1XsRLYVE9p,1,BV1oKWcz6Ep9,1,0.64453,1
4018,5793,BV1XsRLYVE9p,1,BV1FdqDBBEpA,1,0.52094,2
4019,4345,BV1ckReYyEXy,1,BV1D9fRYhEU5,1,0.44822,2
4019,5196,BV1ckReYyEXy,1,BV1r38AzqE79,1,0.62001,1
4021,4036,BV16QRLYREcN,1,BV1Kx9WYQEG2,1,0.31658,4
4021,4859,BV16QRLYREcN,1,BV1wsYzzLEJc,1,0.46576,1
4022,4214,BV1u8QLYFEZf,1,BV1vgNXeyEsy,1,0.46033,3
4022,5239,BV1u8QLYFEZf,1,BV19sutzGEof,1,0.40142,4
4022,5773,BV1u8QLYFEZf,1,BV1udBWB2E8T,1,0.45867,1
4023,5578,BV1iGRpYvEa4,1,BV14zgazGETV,1,0.47424,3
4024,4939,BV1MKRYYnExh,1,BV1gDthzoEvE,1,0.38497,1
4025,4158,BV17yR8YoE6D,1,BV1D6AzefEJA,1,0.44487,4
4025,4640,BV17yR8YoE6D,1,BV1xXpEzuEQ6,1,0.44916,3
4025,5599,BV17yR8YoE6D,1,BV1AokgBVEDi,1,0.69988,2
4026,5541,BV16tRGYyEp3,1,BV1YnZJBXEoq,1,0.37589,3
4027,4198,BV1rpRYYBEuf,1,BV1rqKpeBExU,1,0.49058,1
4027,5816,BV1rpRYYBEuf,1,BV1S7SEB4EkA,1,0.43525,4
4030,4255,BV1FcRuYiEzo,1,BV1JJFre3EaR,1,0.46201,2
4030,4840,BV1FcRuYiEzo,1,BV1hiYWzQELK,1,0.43512,4
4030,5008,BV1FcRuYiEzo,1,BV1ittSzsEod,2,0.41941,4
4031,4697,BV1XnRpYFExc,1,BV1chY3zqEZD,1,0.35038,1
4031,5294,BV1XnRpYFExc,1,BV1magXzqEfy,1,0.45097,2
4032,4078,BV1PaRaYCEGC,1,BV1tSPsenE4y,1,0.43023,3
4032,4298,BV1PaRaYCEGC,1,BV1vtF8eKEvE,1,0.43486,2
4032,4385,BV1PaRaYCEGC,1,BV1foswzEE2c,1,0.46479,1
4032,4690,BV1PaRaYCEGC,1,BV1PDYGzCEf6,1,0.40499,3
4032,5403,BV1PaRaYCEGC,1,BV1qrfMBYEQs,1,0.4043,2
4033,4730,BV1hiRbYVET7,1,BV1SWh2z3EHt,1,0.5117,3
4033,5125,BV1hiRbYVET7,1,BV1SK88zREu2,1,0.46938,2
4033,5143,BV1hiRbYVET7,1,BV1Np8ozfE92,1,0.43882,1
4033,5552,BV1hiRbYVET7,1,BV1cEZjBtEqF,1,0.58923,2
4034,5080,BV1HoRhYqEV2,1,BV1pytCzJEkP,1,0.40507,2
4034,5105,BV1HoRhYqEV2,1,BV1YMgxzuEZ7,1,0.42242,4
4034,5805,BV1HoRhYqEV2,1,BV1cZqrBLEJR,1,0.38324,3
4035,5657,BV1w79mYLEgR,1,BV1Z2kTBpE7z,1,0.36218,4
4036,4767,BV1Kx9WYQEG2,1,BV1yFaVzkE3F,1,0.38272,4
4036,4835,BV1Kx9WYQEG2,1,BV1s2eEzYEmR,1,0.43296,2
4036,5216,BV1Kx9WYQEG2,1,BV1VRudzxESE,1,0.4417,1
4036,5325,BV1Kx9WYQEG2,1,BV1m9AJzZE42,1,0.42956,4
4037,5029,BV1dLRsY3EZ8,1,BV1gitwzyEKD,1,0.54996,2
4037,5134,BV1dLRsY3EZ8,1,BV1NX8EzREuk,1,0.5574,1
4037,5218,BV1dLRsY3EZ8,1,BV1xig8ziEAH,1,0.53396,2
4037,5332,BV1dLRsY3EZ8,1,BV1bmwRzdET9,1,0.45307,3
4038,4644,BV1WkRsYXEu1,1,BV17NpLzyEYm,1,0.3436,2
4039,4946,BV1axRsYeEFR,1,BV13Sb5z7EwR,1,0.56741,2
4039,5126,BV1axRsYeEFR,1,BV1uu411i7D2,1,0.64488,2
4040,4421,BV1mvRsYtEHE,1,BV1yP4zzTE95,1,0.38232,3
4041,5007,BV1zvRNYdE9i,1,BV1ittSzsEod,1,0.41798,2
4041,5282,BV1zvRNYdE9i,1,BV1iZGHzTE83,1,0.36886,2
4042,5080,BV1zvRNYdE9i,2,BV1pytCzJEkP,1,0.36879,3
4043,4841,BV167AxeMEbB,1,BV11KenzBEyR,1,0.66127,1
4043,5676,BV167AxeMEbB,1,BV1iM6QBgEbs,1,0.50022,3
4044,4936,BV1wcK7eZEXw,1,BV1AZbczeE9M,1,0.39128,2
4045,4479,BV11aAbesE3W,1,BV1SfHEz3EFb,1,0.48483,1
4046,5257,BV1QCArevEkv,1,BV1UwuFzWEkS,1,0.35007,3
4046,5463,BV1QCArevEkv,1,BV1cpZXBhEZ2,2,0.4458,3
4046,5492,BV1QCArevEkv,1,BV1bKZuBpEQP,1,0.36669,2
4046,5493,BV1QCArevEkv,1,BV19VFXzWEni,1,0.37888,4
4047,4448,BV12dXRYBErN,1,BV1V74HzvEE2,1,0.44929,2
4047,4877,BV12dXRYBErN,1,BV1iTYizFEgy,1,0.44079,4
4048,4134,BV1RT9yYsE1E,1,BV12RAneqER3,1,0.35062,3
4048,5515,BV1RT9yYsE1E,1,BV1seZQBPE2j,1,0.32752,4
4049,4553,BV1XW9EYmEbX,1,BV1QgnGzdERh,1,0.57533,2
4049,5548,BV1XW9EYmEbX,1,BV1oYcqzEEwZ,1,0.54361,3
4050,4398,BV1qpRKY9EbX,1,BV1TFWnz7EdV,1,0.34676,4
4050,4519,BV1qpRKY9EbX,1,BV1sBnzzpEr4,1,0.46555,2
4050,4861,BV1qpRKY9EbX,1,BV1CGhVz6E2Z,1,0.47905,2
4050,5207,BV1qpRKY9EbX,1,BV1vEgazdEw5,1,0.56924,3
4050,5326,BV1qpRKY9EbX,1,BV11pAHzZEVF,1,0.57775,1
4051,4275,BV1gxRFYtEwW,1,BV1Y1FmemEBP,1,0.50274,4
4051,5042,BV1gxRFYtEwW,1,BV1ZmtUzQEnD,1,0.51738,2
4052,4772,BV1N79JYrE2U,1,BV1N5YDzQEs9,1,0.51186,3
4053,4078,BV1N9K5eREDo,1,BV1tSPsenE4y,1,0.49573,3
4053,4213,BV1N9K5eREDo,1,BV1EWNSeuENJ,1,0.43684,2
4053,4758,BV1N9K5eREDo,1,BV17ShqzYEp8,1,0.47401,1
4053,5042,BV1N9K5eREDo,1,BV1ZmtUzQEnD,1,0.54514,1
4053,5251,BV1N9K5eREDo,1,BV1oguGziEAd,1,0.39985,3
4053,5412,BV1N9K5eREDo,1,BV1FUfqBHEd8,1,0.55242,1
4053,5483,BV1N9K5eREDo,1,BV1ZPcszSEA2,1,0.43913,4
4053,5673,BV1N9K5eREDo,1,BV1gmq1BBEtX,1,0.49853,3
4054,5022,BV1a498YLEg3,1,BV1MSb5z7EDv,1,0.4558,2
4054,5577,BV1a498YLEg3,1,BV1GYcczCEUE,1,0.44666,2
4055,4676,BV16Q9EYbEB5,1,BV1MwYAzsETg,1,0.42623,1
4055,5163,BV16Q9EYbEB5,1,BV1WN8AzrE2i,1,0.42432,2
4056,4594,BV1Zz9HYPEyD,1,BV1ycpdzzEYS,1,0.44992,1
4057,4123,BV1HP9tYpEzF,1,BV1DHPceHEKY,1,0.46273,1
4057,4616,BV1HP9tYpEzF,1,BV1E7pWzBEQS,1,0.60883,1
4057,4617,BV1HP9tYpEzF,1,BV1AZptzoEJy,1,0.51154,2
4057,4645,BV1HP9tYpEzF,1,BV1r7pjzsEKC,1,0.59406,2
4057,4815,BV1HP9tYpEzF,1,BV1M1h1zMEWc,1,0.478,4
4057,4995,BV1HP9tYpEzF,1,BV1J4b5zAEhk,1,0.65908,1
4057,5131,BV1HP9tYpEzF,1,BV1zKGgzGEAU,1,0.5264,2
4057,5499,BV1HP9tYpEzF,1,BV1gBZABTE82,1,0.57646,3
4058,4780,BV14Q94YhEc1,1,BV1DxvTz3EPY,1,0.52416,1
4059,5031,BV1g39HYWEzS,1,BV1VqbGzmEXA,1,0.47281,4
4059,5431,BV1g39HYWEzS,1,BV1yjfPBPEQT,1,0.46885,3
4060,4483,BV1zEXDY7EAr,1,BV19fxKz4EQA,1,0.41246,3
4062,5482,BV13T97Y6EFS,1,BV1E5cHzjEfW,1,0.43115,3
4063,4157,BV1qE9nYfEVm,1,BV1rZAze7Eyt,1,0.39445,4
4063,4453,BV1qE9nYfEVm,1,BV1yXxZzpEVJ,1,0.4806,3
4063,5421,BV1qE9nYfEVm,1,BV1XGfgBcEE5,1,0.43484,1
4064,4405,BV16APxerEFM,1,BV18BWCzSETs,1,0.44354,3
4064,4463,BV16APxerEFM,1,BV1LzxXzoEpu,1,0.39594,3
4064,4496,BV16APxerEFM,1,BV1oexTzYEQo,1,0.39865,4
4064,4895,BV16APxerEFM,1,BV1ohYqzaELD,1,0.44231,4
4065,5133,BV19q9BY6E2E,1,BV1wP8kz1ETC,1,0.47493,2
4065,5679,BV19q9BY6E2E,1,BV14CraBBEpp,1,0.55716,2
4067,4113,BV1xA9FYJEvJ,1,BV1KLAXesEpD,1,0.38523,3
4067,4687,BV1xA9FYJEvJ,1,BV1RbYGzoEBk,1,0.39956,2
4068,4110,BV1v6XoY4Ehq,1,BV1mgAXeoEfT,1,0.42106,1
4068,4152,BV1v6XoY4Ehq,1,BV1LawdejE7e,1,0.42296,2
4068,4292,BV1v6XoY4Ehq,1,BV1gxFYeNET5,1,0.37765,4
4069,4334,BV1uU9BYAEpo,1,BV1j3ffY2E9S,1,0.52489,1
4069,4415,BV1uU9BYAEpo,1,BV1NNgfznEti,1,0.45761,1
4069,4463,BV1uU9BYAEpo,1,BV1LzxXzoEpu,1,0.40066,2
4069,4470,BV1uU9BYAEpo,1,BV1CqxLzYEfh,1,0.49627,3
4069,5298,BV1uU9BYAEpo,1,BV1W5f1B2EMe,1,0.4795,1
4070,5698,BV1La9iYKEQn,1,BV1MamYB4Etp,1,0.47004,3
4070,5774,BV1La9iYKEQn,1,BV1GtB1BLEdz,1,0.50233,4
4072,4854,BV1u49tYqE8Y,1,BV12tehzPEP8,1,0.38937,3
4073,4769,BV1YK9MYJEjP,1,BV1EAedztEXS,1,0.46353,1
4073,5052,BV1YK9MYJEjP,1,BV1fobKzzEhh,1,0.38797,4
4073,5384,BV1YK9MYJEjP,1,BV1GkfBBLEXc,1,0.42998,4
4074,4301,BV1ooXZYeED1,1,BV1NtfnYHEFx,1,0.39407,3
4074,5744,BV1ooXZYeED1,1,BV1XjBjBFE79,1,0.46018,1
4075,4282,BV1s698YiEyV,1,BV1aSFLeREkr,1,0.36498,3
4075,5609,BV1s698YiEyV,1,BV13fF8zsExL,1,0.38866,3
4076,4519,BV1hjXQYBE2z,1,BV1sBnzzpEr4,1,0.48558,1
4076,5276,BV1hjXQYBE2z,1,BV1VyGwz5Eq3,1,0.40693,4
4076,5383,BV1hjXQYBE2z,1,BV1YZAzzoEGj,1,0.45784,3
4078,5412,BV1tSPsenE4y,1,BV1FUfqBHEd8,1,0.52565,2
4078,5729,BV1tSPsenE4y,1,BV1JZvfBHEqt,1,0.46965,4
4079,5164,BV1gR9gYsExL,1,BV1WSb9zSE6T,1,0.45522,2
4080,4107,BV1hcPieXEuN,1,BV1J6ASe6E3h,1,0.42643,2
4080,4621,BV1hcPieXEuN,1,BV1pRptzfEtb,1,0.57566,2
4080,4813,BV1hcPieXEuN,1,BV1vdeyzpEDy,1,0.46127,2
4080,4949,BV1hcPieXEuN,1,BV1ratZz9Ekk,1,0.51916,1
4080,5210,BV1hcPieXEuN,1,BV1vtgizKEvq,1,0.48818,1
4080,5736,BV1hcPieXEuN,1,BV1bkvQBEEPk,1,0.55382,1
4080,5775,BV1hcPieXEuN,1,BV1qrBGB4Ewe,1,0.3782,4
4081,4597,BV15EA9e3EZB,1,BV1iipRzdERr,1,0.3391,4
4081,4922,BV15EA9e3EZB,1,BV1UAtfzYEmP,1,0.41161,3
4082,4134,BV1s3PeeME8t,1,BV12RAneqER3,1,0.4193,3
4082,5023,BV1s3PeeME8t,1,BV1aBtSzmEMr,1,0.40353,4
4083,4816,BV1VWwSetEb2,1,BV1PYeJzwE76,1,0.40004,3
4083,5420,BV1VWwSetEb2,1,BV1WbfJB3ENL,1,0.45416,2
4084,5266,BV1GsPteNE4U,1,BV1zVGAzsEni,1,0.49311,4
4084,5846,BV1GsPteNE4U,1,BV1UWUxBkEW5,1,0.53745,1
4085,4779,BV1c6ASe6EEt,1,BV1LCh9zrE5b,1,0.41659,4
4085,4893,BV1c6ASe6EEt,1,BV1kfYqzVE1e,1,0.35642,2
4086,4480,BV1fiNZewEd6,1,BV18bxMzdE15,1,0.40671,2
4086,4719,BV1fiNZewEd6,1,BV1LaahzyExi,1,0.34566,4
4087,4593,BV1iP9GYTEME,1,BV1vjW5z3Efk,1,0.40417,3
4089,5022,BV19UAmexECa,1,BV1MSb5z7EDv,1,0.39499,3
4089,5589,BV19UAmexECa,1,BV1WFFpzQEHh,1,0.39391,4
4089,5719,BV19UAmexECa,1,BV16QikB5ECA,1,0.39506,2
4090,4096,BV122PueTEge,1,BV1rq9AYXEio,1,0.40064,1
4090,4449,BV122PueTEge,1,BV1Gaxyz8EzZ,1,0.36102,3
4091,5108,BV1VV9AYgESB,1,BV1hrhPzfEic,1,0.34693,4
4092,4634,BV1VG9cYAEMJ,1,BV1FGpczCEGB,1,0.48652,4
4093,4827,BV1aSPheyEV4,1,BV1bmepzEEg1,1,0.48905,3
4093,5164,BV1aSPheyEV4,1,BV1WSb9zSE6T,1,0.50149,2
4094,4268,BV1PFN1euEEx,1,BV1xU4y1k7Cf,1,0.36942,2
4095,4574,BV1wrPxe1EiP,1,BV1z4JCzpE9v,1,0.45194,2
4095,4614,BV1wrPxe1EiP,1,BV1LCpizuEoP,1,0.4643,1
4096,5722,BV1rq9AYXEio,1,BV1FkvDB8EN5,1,0.40225,3
4098,4895,BV11LKTeqEjN,1,BV1ohYqzaELD,1,0.49221,2
4099,4289,BV1MHASeXERV,1,BV1rcFHeQEhj,1,0.44258,4
4099,4881,BV1MHASeXERV,1,BV1XjY4zwEzh,1,0.4485,2
4100,5749,BV1bP9PYNE4k,1,BV1wVv6BzEBR,1,0.94732,4
4100,5778,BV1bP9PYNE4k,1,BV1fkBNBkEoC,1,0.86775,2
4101,4403,BV1nJNkeZEUx,1,BV1CDWCzrEfL,1,0.60617,2
4101,4972,BV1nJNkeZEUx,1,BV1deb5z4EWf,1,0.41906,3
4102,5794,BV11MPoeBERf,1,BV1TcqzB2Eqf,1,0.36083,4
4103,4404,BV1sqPje4E1Z,1,BV1yH4VzfEHR,1,0.34843,4
4103,5818,BV1sqPje4E1Z,1,BV1ZbqpBHEHW,1,0.4028,1
4104,4546,BV1pCPjepE6o,1,BV1yunVzjE3D,1,0.35601,4
4105,4743,BV1VDPgeWENc,1,BV1S5aAzpEAy,1,0.3942,1
4105,4881,BV1VDPgeWENc,1,BV1XjY4zwEzh,1,0.40386,4
4105,5391,BV1VDPgeWENc,1,BV11zPLz1ENH,1,0.41008,2
4107,4469,BV1J6ASe6E3h,1,BV1GpHVzhECQ,1,0.41584,3
4107,4905,BV1J6ASe6E3h,1,BV1t7YezyErR,1,0.39913,1
4108,4360,BV1qDPve8E1y,1,BV1W5wYe8E8t,1,0.35224,4
4109,4931,BV1qDPve8E1y,2,BV1yxTtz9Ey6,1,0.41589,1
4109,5216,BV1qDPve8E1y,2,BV1VRudzxESE,1,0.36236,3
4110,4419,BV1mgAXeoEfT,1,BV1VU4bz4EB5,1,0.3983,1
4110,5303,BV1mgAXeoEfT,1,BV1uAAPzUETn,1,0.38963,4
4110,5532,BV1mgAXeoEfT,1,BV1TiUTBQEqy,1,0.39849,2
4111,4508,BV1sLPieVEsz,1,BV1BXHwz3EvP,1,0.43387,1
4112,4261,BV1wZP3eBETX,1,BV1kWFeesEX9,1,0.44505,4
4112,4263,BV1wZP3eBETX,1,BV12vFZeNEZY,1,0.46571,3
4112,5531,BV1wZP3eBETX,1,BV1aCkYBnEgs,1,0.49647,1
4113,4864,BV1KLAXesEpD,1,BV1pWYXzWE7x,1,0.38044,4
4115,4264,BV19wP4ecEho,1,BV1iEcFe9ECY,1,0.35172,4
4115,4859,BV19wP4ecEho,1,BV1wsYzzLEJc,1,0.36804,2
4115,5836,BV19wP4ecEho,1,BV1cJUfBsEZa,1,0.36793,3
4116,5009,BV1yEAReFEm9,1,BV1RZtXzhE8D,1,0.54639,1
4116,5241,BV1yEAReFEm9,1,BV1raNmzeEtW,1,0.41022,4
4116,5348,BV1yEAReFEm9,1,BV1t2PczyEU8,1,0.5089,4
4116,5373,BV1yEAReFEm9,1,BV1qpAfzpEYW,1,0.50969,3
4116,5830,BV1yEAReFEm9,1,BV1A4mfBdEJ7,1,0.45687,2
4117,4721,BV1zMPxeMEFu,1,BV1eMatzYE27,1,0.34325,4
4118,5351,BV1TbPxe9EBa,1,BV1swACzQEX5,1,0.42165,3
4118,5485,BV1TbPxe9EBa,1,BV1y9F6zBE6H,1,0.53443,1
4119,4472,BV1i8ADeKErD,1,BV147H5z9Ese,1,0.41188,3
4121,5200,BV1K3ADeJEPu,1,BV1Jzg5zJE6u,1,0.3775,2
4122,5067,BV12sAferEFL,1,BV18ztmzuEdK,1,0.53998,4
4122,5114,BV12sAferEFL,1,BV1eghWzQEEQ,1,0.56421,2
4123,4391,BV1DHPceHEKY,1,BV1aH4gzAE3q,2,0.42881,4
4123,4426,BV1DHPceHEKY,1,BV1z441z1EJM,1,0.39044,3
4125,5281,BV1UDACeBEZ5,1,BV18qG5zqEGC,1,0.47183,1
4126,5279,BV1KvAJeaEG7,1,BV1zxGEzhE7w,1,0.35877,3
4127,5156,BV1VaPuemEJi,1,BV1Kb84zVEKh,1,0.52962,3
4127,5295,BV1VaPuemEJi,1,BV1FCgzzXEaQ,1,0.52371,2
4128,4211,BV1AtA1eAEZU,1,BV1RKNAePEKD,1,0.40826,2
4128,4865,BV1AtA1eAEZU,1,BV1vB7HzmEL9,1,0.42391,1
4129,4379,BV1FhA1ecEYB,1,BV1RPmwB5Ejg,1,0.84738,1
4130,4631,BV1QGPMerE4c,1,BV11ppwzREvZ,1,0.36817,2
4131,4733,BV13UPKeuEmi,1,BV1ujazzoEJa,1,0.42374,4
4131,4953,BV13UPKeuEmi,1,BV1rYtdzLEge,1,0.41761,1
4131,5565,BV13UPKeuEmi,1,BV1TtFDzTEVi,1,0.50502,4
4132,4383,BV1hTPKeTEWp,1,BV1b6ynBQEqd,1,0.45687,3
4132,4566,BV1hTPKeTEWp,1,BV1YFJRz6E9W,2,0.58786,1
4132,5416,BV1hTPKeTEWp,1,BV1bEZsB8En8,1,0.43805,3
4133,4456,BV1KnNWeLEpv,1,BV1q4nizAEEN,1,0.47177,2
4133,4877,BV1KnNWeLEpv,1,BV1iTYizFEgy,1,0.57022,2
4133,5752,BV1KnNWeLEpv,1,BV1V1vvBGEDW,2,0.56477,3
4134,5761,BV12RAneqER3,1,BV116bKznERC,1,0.41514,1
4135,4140,BV19vAzeAEeo,1,BV1poPFezE64,1,0.52349,1
4135,4184,BV19vAzeAEeo,1,BV1uoKpeREqd,1,0.47993,4
4135,5012,BV19vAzeAEeo,1,BV1nEh3zZEVV,1,0.50662,4
4135,5388,BV19vAzeAEeo,1,BV1CQfCBCEou,1,0.40767,3
4135,5482,BV19vAzeAEeo,1,BV1E5cHzjEfW,1,0.55328,2
4135,5505,BV19vAzeAEeo,1,BV1bBZxBvEdf,1,0.5172,3
4135,5644,BV19vAzeAEeo,1,BV1HnzWBeE62,1,0.38576,3
4136,4514,BV1nhAeehEKP,1,BV1nJHHzvEmx,1,0.52036,1
4136,4650,BV1nhAeehEKP,1,BV1TNYvzkEh1,1,0.4498,2
4137,4367,BV1kfPmekEDi,1,BV1FjmUBXETp,1,0.41601,1
4137,4408,BV1kfPmekEDi,1,BV1yg4uzDEKG,1,0.4798,4
4137,4461,BV1kfPmekEDi,1,BV1GMxaztEHn,1,0.51865,1
4137,4901,BV1kfPmekEDi,1,BV1fPYizwEDN,1,0.40389,4
4138,4432,BV1TdAaeiEEU,1,BV1T54mzYEuK,1,0.37089,2
4138,4434,BV1TdAaeiEEU,1,BV1qH4TzvEGG,1,0.35375,4
4138,4833,BV1TdAaeiEEU,1,BV12heHz3Et7,1,0.37054,3
4138,5342,BV1TdAaeiEEU,1,BV154S4BWEKe,1,0.36926,4
4139,5204,BV1TCAZe6Eqc,1,BV1fpgbzxEZJ,1,0.48408,3
4140,5054,BV1poPFezE64,1,BV18xbLzQEfD,1,0.4187,1
4141,4579,BV1DQApe7ESa,1,BV1kGnwzyEcB,1,0.43102,3
4142,5482,BV11pApeTEth,1,BV1E5cHzjEfW,1,0.4791,2
4142,5786,BV11pApeTEth,1,BV1GKq4B9ELq,1,0.45702,4
4143,5739,BV1bfAsenEza,1,BV1QTvWBBEqU,1,0.44294,4
4144,4157,BV1DSApeUEH2,1,BV1rZAze7Eyt,1,0.40114,2
4145,4445,BV17JFUesEGi,1,BV1rknjznE3A,1,0.32892,4
4145,5270,BV17JFUesEGi,1,BV1QXKkzBEhr,1,0.44652,3
4145,5420,BV17JFUesEGi,1,BV1WbfJB3ENL,1,0.44911,3
4146,5509,BV1HoAjeSEdz,1,BV1tcZqB8Ea3,1,0.47233,4
4148,5844,BV1HKAHeFEK4,1,BV1Gfm9BbERE,1,0.39684,4
4149,5197,BV1C5AjeEEjt,1,BV1ptgWzmEXX,1,0.45099,2
4150,5570,BV1UuAneMEmx,1,BV1B7cgzyEEk,1,0.35902,4
4151,4924,BV1btAkevEWt,1,BV1HBbazUEBy,1,0.398,2
4151,5545,BV1btAkevEWt,1,BV1LRcLzRE3R,1,0.48906,1
4152,4225,BV1LawdejE7e,1,BV19UNterEdp,1,0.44452,4
4152,5351,BV1LawdejE7e,1,BV1swACzQEX5,1,0.45661,3
4152,5485,BV1LawdejE7e,1,BV1y9F6zBE6H,1,0.45942,2
4152,5664,BV1LawdejE7e,1,BV1Y86UBtEJm,1,0.49679,1
4153,4163,BV1PEAreXEr5,1,BV1sJAaecE2z,1,0.32052,3
4153,4257,BV1PEAreXEr5,1,BV1u1FCewEDC,1,0.3152,4
4153,5152,BV1PEAreXEr5,1,BV1tD8uzNEjv,1,0.34191,1
4154,5134,BV1asAkeqEX7,1,BV1NX8EzREuk,1,0.60322,3
4154,5772,BV1asAkeqEX7,1,BV1fyBqBhEsz,1,0.39245,2
4155,4805,BV1MQAaeuE2B,1,BV1zvhQzuEJj,1,0.52198,1
4155,5687,BV1MQAaeuE2B,1,BV1ykiMBWE6Q,1,0.39028,3
4156,5300,BV1asAkeqEm5,1,BV1pGAmzhEWb,1,0.40892,2
4157,5737,BV1rZAze7Eyt,1,BV1AWvWBZEE2,1,0.44946,1
4158,5134,BV1D6AzefEJA,1,BV1NX8EzREuk,1,0.44607,3
4158,5780,BV1D6AzefEJA,1,BV1VnmcByE4F,1,0.47242,2
4160,5176,BV1G7PdeCETU,1,BV1hbuUzcEFk,1,0.3722,3
4161,4578,BV1XZAbeqEZL,1,BV12VpnzCEjJ,1,0.39483,2
4161,4980,BV1XZAbeqEZL,1,BV1A1tRzEE8e,1,0.43067,2
4161,5509,BV1XZAbeqEZL,1,BV1tcZqB8Ea3,1,0.59332,1
4162,5366,BV1xVA8e4Eje,1,BV1LBP5ztEAP,1,0.4079,2
4162,5456,BV1xVA8e4Eje,1,BV1ouZ6BDE6z,1,0.38373,4
4162,5709,BV1xVA8e4Eje,1,BV1FxvkBuEGD,1,0.38969,4
4163,4170,BV1sJAaecE2z,1,BV1WkwSeLEQg,1,0.49897,4
4163,5501,BV1sJAaecE2z,1,BV15yZ3BNE9A,1,0.51924,2
4163,5703,BV1sJAaecE2z,1,BV14MquBbExk,1,0.51253,3
4165,5125,BV13xAheMEN9,1,BV1SK88zREu2,1,0.4606,4
4165,5685,BV13xAheMEN9,1,BV1yKi9ByEFN,1,0.51838,1
4166,5310,BV1hgKneEEer,1,BV1LEwAzREk3,1,0.4287,4
4166,5630,BV1hgKneEEer,1,BV1urzyBrE9Q,1,0.40646,1
4167,4826,BV1hfNzeeEFT,1,BV1uEeJzrEye,1,0.48165,1
4167,4835,BV1hfNzeeEFT,1,BV1s2eEzYEmR,1,0.46907,1
4167,5069,BV1hfNzeeEFT,1,BV1xbtAzME84,1,0.49232,1
4168,4831,BV1pBFHe4EnR,1,BV1wDvwzSE25,1,0.54966,1
4168,5093,BV1pBFHe4EnR,1,BV1oV4dzNEas,1,0.45034,2
4169,5207,BV1WJwZeAEXp,1,BV1vEgazdEw5,1,0.59521,2
4169,5612,BV1WJwZeAEXp,1,BV1ThFazpEq9,1,0.68924,1
4170,4560,BV1WkwSeLEQg,1,BV1bdngz7E4B,1,0.64546,3
4170,4829,BV1WkwSeLEQg,1,BV1CivNzdEHT,1,0.62234,2
4170,5033,BV1WkwSeLEQg,1,BV1yFbLzzEvU,1,0.74767,1
4170,5226,BV1WkwSeLEQg,1,BV1DeGNzmEgL,1,0.56326,2
4171,4709,BV1iiwZeHEPn,1,BV1yEa2zBERL,1,0.35818,2
4171,5237,BV1iiwZeHEPn,1,BV1jGuAz5E1L,1,0.35741,3
4172,5776,BV1hnAKeeEYY,1,BV1VbBVBsETY,1,0.34897,4
4173,4367,BV1hiA5exEup,1,BV1FjmUBXETp,1,0.36802,4
4173,4425,BV1hiA5exEup,1,BV1iPxozTEkc,1,0.3767,3
4173,4688,BV1hiA5exEup,1,BV19aY5zYE8t,1,0.38827,1
4174,5054,BV1FRwSeTENZ,1,BV18xbLzQEfD,1,0.39364,2
4175,4504,BV1FdwQe5Efn,1,BV1bynizDEKK,1,0.55941,1
4175,4689,BV1FdwQe5Efn,1,BV19aY5zYE8t,2,0.34302,1
4175,5800,BV1FdwQe5Efn,1,BV1dTm6BdEK3,1,0.39669,2
4176,5515,BV1wUwSe3E3g,1,BV1seZQBPE2j,1,0.39005,4
4176,5712,BV1wUwSe3E3g,1,BV1LEqABtE7E,1,0.3579,4
4177,5628,BV1ikwDePEJB,1,BV1Qt6vBHEb4,1,0.61842,1
4177,5678,BV1ikwDePEJB,1,BV1MDrPBFEnB,1,0.51465,4
4178,4425,BV154A5eYEWG,1,BV1iPxozTEkc,1,0.43719,3
4178,4460,BV154A5eYEWG,1,BV1pNxMzGE9v,1,0.43822,4
4178,4485,BV154A5eYEWG,1,BV1snnJzAEQn,1,0.3732,3
4178,4548,BV154A5eYEWG,1,BV11gnLzWE4i,1,0.47118,3
4178,5012,BV154A5eYEWG,1,BV1nEh3zZEVV,1,0.52786,1
4178,5084,BV154A5eYEWG,1,BV16Ch5zME5r,1,0.35026,4
4179,4281,BV1ztKNeDEcJ,1,BV1dYfUYQEZB,1,0.35711,3
4179,4392,BV1ztKNeDEcJ,1,BV18vWnzpE4Z,1,0.38648,4
4179,5686,BV1ztKNeDEcJ,1,BV1QBvkBFEfe,1,0.45496,3
4180,4637,BV1pUAGezE8Z,1,BV1wKpczmEqX,1,0.38589,3
4180,4740,BV1pUAGezE8Z,1,BV1bPaJzPERr,1,0.36249,2
4180,5068,BV1pUAGezE8Z,1,BV1rqhGzeEKS,1,0.38497,4
4180,5228,BV1pUAGezE8Z,1,BV1rEg6zZEQf,1,0.34615,4
4181,5073,BV12rAAepEeu,1,BV1Zwtqz9EyQ,1,0.39869,2
4181,5198,BV12rAAepEeu,1,BV1ZrG7zhE9p,1,0.39057,4
4182,4295,BV1yEKTevEnm,1,BV1RVFhevEeF,1,0.42665,3
4182,5252,BV1yEKTevEnm,1,BV1zYuPzUE9C,1,0.44685,1
4183,5074,BV1yEKTevEnm,2,BV1sNtpzxEpJ,1,0.33545,4
4184,5173,BV1uoKpeREqd,1,BV1Ed3MzTE6B,1,0.47197,2
4184,5348,BV1uoKpeREqd,1,BV1t2PczyEU8,1,0.48096,3
4186,5709,BV1UkANe8EZL,1,BV1FxvkBuEGD,1,0.30025,4
4187,4488,BV1xuNkevE9C,1,BV1H8xnzCE4L,1,0.35082,4
4188,4200,BV1LaNkeSExC,1,BV11aKLeZEkN,1,0.33949,4
4188,5770,BV1LaNkeSExC,1,BV1gqmNBJESB,1,0.4786,3
4189,4256,BV1ftKNeDEaE,1,BV1xKFzeGERG,1,0.41138,4
4189,4638,BV1ftKNeDEaE,1,BV1aQHDzKESZ,1,0.37877,3
4189,4649,BV1ftKNeDEaE,1,BV1WhpLzoEtb,1,0.41754,3
4189,5137,BV1ftKNeDEaE,1,BV1AzhAzGEoD,2,0.43093,1
4189,5522,BV1ftKNeDEaE,1,BV1evFkzbEyv,1,0.36566,3
4191,4639,BV1T3KNeYEYq,1,BV1YBpEzUEwK,1,0.48916,2
4191,5151,BV1T3KNeYEYq,1,BV1uF85zyEFA,1,0.42768,3
4193,4245,BV1zZAAerE1m,1,BV1TBNweWE6D,1,0.47462,1
4193,4852,BV1zZAAerE1m,1,BV18LebzvEo5,1,0.46219,2
4193,5164,BV1zZAAerE1m,1,BV1WSb9zSE6T,1,0.53653,1
4193,5271,BV1zZAAerE1m,1,BV1u8GHzxELB,1,0.49298,4
4193,5671,BV1zZAAerE1m,1,BV1QA6RBgE5g,1,0.48937,2
4194,4493,BV1y2KHekEbS,1,BV18VxnzsEdD,1,0.40456,3
4195,4225,BV1ZrP9eEE5h,1,BV19UNterEdp,1,0.60867,1
4195,5108,BV1ZrP9eEE5h,1,BV1hrhPzfEic,1,0.53256,4
4195,5190,BV1ZrP9eEE5h,1,BV19f3Lz7EXp,1,0.49569,2
4196,5792,BV1xRNheNE2L,1,BV1CX2yBmEn2,1,0.55233,1
4197,5103,BV1wEK5eSEA1,1,BV1Cqh5zGE17,1,0.43398,1
4197,5250,BV1wEK5eSEA1,1,BV1RZuAzkE3w,1,0.43036,1
4198,4611,BV1rqKpeBExU,1,BV1PEp8zAEhe,1,0.46501,3
4198,4851,BV1rqKpeBExU,1,BV1MXeizpEpp,1,0.51029,4
4198,5042,BV1rqKpeBExU,1,BV1ZmtUzQEnD,1,0.50485,4
4198,5227,BV1rqKpeBExU,1,BV1jZM9zQEBg,1,0.44432,4
4198,5596,BV1rqKpeBExU,1,BV1JPFEzYELd,1,0.5255,1
4199,5088,BV1fNKLejETA,1,BV194hnzVEmk,1,0.55439,1
4199,5102,BV1fNKLejETA,1,BV1f5t3zSEcC,1,0.49928,2
4199,5711,BV1fNKLejETA,1,BV1jGibBeEBN,1,0.43502,4
4200,5288,BV11aKLeZEkN,1,BV1gB39zjEvv,1,0.34218,3
4200,5653,BV11aKLeZEkN,1,BV17ukFBvEax,1,0.40171,1
4201,4987,BV1J7KGerESK,1,BV1djbLzZE34,1,0.37998,4
4202,4786,BV1uzKGe4Ey6,1,BV13BhozkEU5,1,0.43629,3
4202,5073,BV1uzKGe4Ey6,1,BV1Zwtqz9EyQ,1,0.44709,2
4202,5744,BV1uzKGe4Ey6,1,BV1XjBjBFE79,1,0.51824,3
4204,5677,BV1h6N6eiErS,1,BV1FGi9BrE3P,1,0.44677,3
4205,5507,BV1QfNreGE7V,1,BV1ZiZRBbEtg,1,0.47429,2
4206,4286,BV1xuN6eoEDL,1,BV1G1FVeSE17,1,0.49378,4
4208,4864,BV1KUN6ecEvP,1,BV1pWYXzWE7x,1,0.43172,4
4208,5328,BV1KUN6ecEvP,1,BV1tBNAzQE4x,1,0.60372,2
4208,5564,BV1KUN6ecEvP,1,BV1SWc4zyEdq,1,0.70085,1
4209,5382,BV1zfNSe5ELh,1,BV1svADzGE5m,1,0.46496,3
4210,5441,BV1a9NqeFEzP,1,BV1WwFpznEZQ,1,0.45872,2
4211,4355,BV1RKNAePEKD,1,BV1B9fBY4EVA,1,0.44468,2
4211,4638,BV1RKNAePEKD,1,BV1aQHDzKESZ,1,0.36307,4
4211,4700,BV1RKNAePEKD,1,BV11xaUzrEF2,1,0.45366,4
4211,4910,BV1RKNAePEKD,1,BV1qWbJzzE4c,1,0.47312,2
4211,5221,BV1RKNAePEKD,1,BV1LUu9zQERH,1,0.47881,1
4212,4247,BV1RKNAePEKD,2,BV15JNweiE9o,1,0.41939,3
4212,5814,BV1RKNAePEKD,2,BV1snqLByEZq,1,0.4415,2
4213,4297,BV1EWNSeuENJ,1,BV1xQfWYaE3a,1,0.43353,3
4214,5239,BV1vgNXeyEsy,1,BV19sutzGEof,1,0.46904,1
4215,5489,BV1ibwgeDEXo,1,BV1M8ZhBjEmF,1,0.39753,1
4216,4366,BV1NnNZeVE4H,1,BV1s4UYB9EBQ,2,0.3282,4
4216,5024,BV1NnNZeVE4H,1,BV1nkb3zsEhX,1,0.39243,1
4216,5415,BV1NnNZeVE4H,1,BV1AbZfBDE6L,2,0.3533,2
4217,4286,BV1h8Noe7ERt,1,BV1G1FVeSE17,1,0.52108,3
4217,4657,BV1h8Noe7ERt,1,BV1dmYmzhE8t,1,0.45259,3
4217,5064,BV1h8Noe7ERt,1,BV1BmbwzFEaU,1,0.50579,3
4218,4628,BV159NXeLEFK,1,BV163pyzAEiL,1,0.377,3
4218,4917,BV159NXeLEFK,1,BV18obazvEfx,1,0.53809,1
4218,5022,BV159NXeLEFK,1,BV1MSb5z7EDv,1,0.44137,2
4218,5514,BV159NXeLEFK,1,BV1SbZJB7EQg,1,0.4292,4
4219,4397,BV1bPN9eBEYP,1,BV1w5WCzKEKQ,1,0.36171,3
4219,5257,BV1bPN9eBEYP,1,BV1UwuFzWEkS,1,0.37975,1
4220,4275,BV1fsNQeLEHq,1,BV1Y1FmemEBP,1,0.43966,4
4220,4787,BV1fsNQeLEHq,1,BV1EhhSzPEVy,1,0.48257,3
4220,5268,BV1fsNQeLEHq,1,BV1yQ3vz9EZu,1,0.3403,4
4221,4709,BV1p1NpeuE6N,1,BV1yEa2zBERL,1,0.37348,2
4221,5303,BV1p1NpeuE6N,1,BV1uAAPzUETn,1,0.39095,1
4221,5376,BV1p1NpeuE6N,1,BV1qVAXzNEJU,1,0.31687,4
4222,5368,BV1vePoeDEgZ,1,BV1QeZ2BZEcx,1,0.5261,4
4223,5006,BV1NKNLeXEBQ,1,BV13ZtAzEEDW,1,0.46167,2
4224,4541,BV1i2NTepE9H,1,BV1wnWVzSErT,1,0.45212,2
4224,5590,BV1i2NTepE9H,1,BV1mDfoBQEbM,1,0.43408,2
4224,5616,BV1i2NTepE9H,1,BV1cK6YBfE1F,1,0.43471,4
4225,4246,BV19UNterEdp,1,BV1a1NcefE36,1,0.55542,1
4225,4470,BV19UNterEdp,1,BV1CqxLzYEfh,1,0.55514,1
4225,4642,BV19UNterEdp,1,BV1c2pJzAEds,1,0.51876,1
4225,4756,BV19UNterEdp,1,BV1MBKRzqE1B,1,0.41184,4
4225,4895,BV19UNterEdp,1,BV1ohYqzaELD,1,0.50813,1
4225,4934,BV19UNterEdp,1,BV1kQTKz4ErC,1,0.54348,1
4225,4963,BV19UNterEdp,1,BV12Jt9zjEj2,1,0.49327,2
4225,5108,BV19UNterEdp,1,BV1hrhPzfEic,1,0.61435,3
4225,5190,BV19UNterEdp,1,BV19f3Lz7EXp,1,0.48895,3
4225,5233,BV19UNterEdp,1,BV1mPuazGE74,1,0.52657,3
4225,5560,BV19UNterEdp,1,BV1TQctzLE3r,1,0.45641,3
4225,5789,BV19UNterEdp,1,BV1vqBMBCETk,1,0.61659,2
4226,4380,BV1NfNGeSEML,1,BV1qnmABpEMZ,1,0.43102,4
4226,4533,BV1NfNGeSEML,1,BV1acn7zME5X,1,0.48204,4
4226,5038,BV1NfNGeSEML,1,BV1iKbuz3Ezv,1,0.49917,2
4226,5152,BV1NfNGeSEML,1,BV1tD8uzNEjv,1,0.46225,2
4226,5488,BV1NfNGeSEML,1,BV1GAZuBxEqo,1,0.4569,3
4226,5809,BV1NfNGeSEML,1,BV1BdBFBbE7H,1,0.50943,3
4227,4818,BV1LkNGehEct,1,BV1JaemziEiK,1,0.42896,3
4227,5634,BV1LkNGehEct,1,BV1PVzYBcE3a,1,0.39617,1
4228,4928,BV1LkNGehEct,2,BV1HobYzsEkZ,1,0.69776,3
4228,5445,BV1LkNGehEct,2,BV1JoZZBkE9N,1,0.73135,1
4229,4886,BV15xNVewEiP,1,BV1pXYyzhEMy,1,0.42954,1
4230,4827,BV1fyNueaE1d,1,BV1bmepzEEg1,1,0.37945,2
4230,4883,BV1fyNueaE1d,1,BV1aRYsztE17,1,0.37565,1
4230,4944,BV1fyNueaE1d,1,BV1RktdzuE9s,1,0.34995,2
4231,4512,BV1ym421W7PQ,1,BV1sxHtzREV6,1,0.42581,2
4232,4548,BV1g3NxeFEvG,1,BV11gnLzWE4i,1,0.46236,4
4232,5164,BV1g3NxeFEvG,1,BV1WSb9zSE6T,1,0.51117,3
4232,5608,BV1g3NxeFEvG,1,BV1zjFiz7EVp,1,0.44417,1
4233,4471,BV1ZKP2eFE6A,1,BV1Lvxjz9EFP,1,0.60925,1
4233,4477,BV1ZKP2eFE6A,1,BV1oGx4zJEwG,1,0.45985,2
4233,4723,BV1ZKP2eFE6A,1,BV1FrYmziEKV,1,0.38654,4
4233,5063,BV1ZKP2eFE6A,1,BV1mYbPz7Ee7,1,0.4524,2
4234,5107,BV1F6NTetEpq,1,BV1gcKmzSEzH,1,0.3859,2
4234,5383,BV1F6NTetEpq,1,BV1YZAzzoEGj,1,0.39166,3
4234,5574,BV1F6NTetEpq,1,BV1GhFmzqE7M,1,0.39539,2
4234,5742,BV1F6NTetEpq,1,BV1QYigBTEtk,1,0.3909,1
4235,4319,BV1SPNheuEzJ,1,BV1Hsq5YCEEE,1,0.41361,4
4235,4738,BV1SPNheuEzJ,1,BV1euazzaEt8,1,0.52739,1
4235,5738,BV1SPNheuEzJ,1,BV1tZiuBwEBG,1,0.45469,3
4235,5830,BV1SPNheuEzJ,1,BV1A4mfBdEJ7,1,0.43009,4
4236,4331,BV1jKNte3Eyg,1,BV1MffCYbEkw,1,0.67413,4
4236,5352,BV1jKNte3Eyg,1,BV1yBfUBoEzh,1,0.71164,1
4237,4732,BV1uuNWeXE5n,1,BV1F2a3zYECH,1,0.85721,3
4237,5045,BV1uuNWeXE5n,1,BV11FbLzzE3T,1,0.89356,4
4237,5263,BV1uuNWeXE5n,1,BV1M9MXziEQz,1,0.94417,4
4238,4256,BV1jRNpeAE8j,1,BV1xKFzeGERG,1,0.42819,4
4238,5195,BV1jRNpeAE8j,1,BV1mc8Az5Eur,1,0.40192,4
4239,4244,BV13SNWexERw,1,BV1NkNweDESd,1,0.37489,4
4239,4707,BV13SNWexERw,1,BV1FbYTzpEGq,1,0.5794,1
4239,4715,BV13SNWexERw,1,BV11gakztEkS,1,0.51558,1
4239,4809,BV13SNWexERw,1,BV15Uh9zMEE1,1,0.44395,3
4239,4969,BV13SNWexERw,1,BV1K6tpzaEdj,2,0.43773,1
4240,5620,BV1LQNEeUE9D,1,BV1RrkxBBEYc,1,0.35904,4
4241,5114,BV12s411q7Br,1,BV1eghWzQEEQ,1,0.47168,3
4242,5209,BV1FSNFeMERU,1,BV1tvgezXE6c,1,0.40578,2
4242,5593,BV1FSNFeMERU,1,BV1GpFCztEMM,1,0.35369,3
4242,5620,BV1FSNFeMERU,1,BV1RrkxBBEYc,1,0.35783,4
4245,5164,BV1TBNweWE6D,1,BV1WSb9zSE6T,1,0.45103,2
4246,5526,BV1a1NcefE36,1,BV1vA6wB8E7D,1,0.3984,1
4247,5517,BV15JNweiE9o,1,BV1otZDBEEBm,1,0.51906,1
4247,5781,BV15JNweiE9o,1,BV1mEBGBGEho,1,0.47483,1
4249,4409,BV1CVPoeNEq4,1,BV1fR42zLEuR,1,0.48024,3
4250,5313,BV1ugFfe3Edr,1,BV1omANziEYA,1,0.42505,2
4250,5753,BV1ugFfe3Edr,1,BV1oMBDBYEfY,1,0.37022,2
4251,5318,BV1YZFkePEjA,1,BV1S3BgBuEX3,1,0.43775,4
4252,5378,BV1ZzP9eSEJP,1,BV1jiAQzhE7d,1,0.40239,4
4252,5644,BV1ZzP9eSEJP,1,BV1HnzWBeE62,1,0.44123,1
4253,5461,BV1MCFreREBJ,1,BV1waZiBnE81,1,0.42403,4
4254,4664,BV1rhFBeKEmu,1,BV1sve2zyEUh,1,0.37392,3
4254,5234,BV1rhFBeKEmu,1,BV1TuKmz5ESC,1,0.38392,4
4254,5312,BV1rhFBeKEmu,1,BV1wPwvzsErR,1,0.40036,2
4255,4566,BV1JJFre3EaR,1,BV1YFJRz6E9W,2,0.54921,3
4255,5336,BV1JJFre3EaR,1,BV16oNAzzEHV,1,0.55571,2
4256,5211,BV1xKFzeGERG,1,BV1LXudzoEd4,1,0.45839,3
4256,5308,BV1xKFzeGERG,1,BV12qksBpEG1,1,0.49933,4
4259,4430,BV19VFkePE3X,1,BV1cZ4uzSE1h,1,0.37436,2
4259,5701,BV19VFkePE3X,1,BV1QKqPBsEes,1,0.41999,4
4260,4800,BV1dqFee1E1S,1,BV1B6ebz7Ep2,1,0.3812,4
4260,5233,BV1dqFee1E1S,1,BV1mPuazGE74,1,0.49121,3
4261,4263,BV1kWFeesEX9,1,BV12vFZeNEZY,1,0.54116,1
4261,5428,BV1kWFeesEX9,1,BV1xCFizfE3m,1,0.4025,4
4262,4613,BV1rdFEe7EsN,1,BV1K5puzLEQs,1,0.39524,4
4262,4726,BV1rdFEe7EsN,1,BV1tCaKzFEuT,1,0.39691,3
4263,4441,BV12vFZeNEZY,1,BV1TrgfzdE6V,1,0.45876,3
4263,4658,BV12vFZeNEZY,1,BV1JHH9zWEUC,1,0.49664,3
4263,5060,BV12vFZeNEZY,1,BV147bNz7E4X,1,0.4116,3
4263,5357,BV12vFZeNEZY,1,BV1kHPqzqEjW,1,0.53113,1
4263,5731,BV12vFZeNEZY,1,BV1FZiYBJEGK,1,0.46992,4
4264,5294,BV1iEcFe9ECY,1,BV1magXzqEfy,1,0.51204,1
4264,5763,BV1iEcFe9ECY,1,BV13mB9BeEcC,1,0.50167,1
4265,5733,BV1w5FEejEv3,1,BV1mcicBMEVu,1,0.37567,1
4266,5583,BV1kcFdeSEVD,1,BV1SrfoBoEAT,1,0.37339,4
4267,5517,BV14MFXeEEzN,1,BV1otZDBEEBm,1,0.41944,4
4267,5600,BV14MFXeEEzN,1,BV1SKFkzEEzp,1,0.45788,1
4267,5738,BV14MFXeEEzN,1,BV1tZiuBwEBG,1,0.44273,2
4268,5510,BV1xU4y1k7Cf,1,BV1i1ZiB6EDw,1,0.33644,2
4269,4317,BV1Nd4y1X76N,1,BV1p2fJYJEEt,1,0.51516,1
4269,5097,BV1Nd4y1X76N,1,BV1srtuzsENP,1,0.42379,3
4269,5843,BV1Nd4y1X76N,1,BV18LmSBGEbY,1,0.51245,2
4270,4423,BV1kiF7eGExo,1,BV1By4JzMEx8,1,0.55773,1
4270,5434,BV1kiF7eGExo,1,BV1JrZ4BpE5W,1,0.56102,1
4270,5571,BV1kiF7eGExo,1,BV1kgFSzfEfN,1,0.42893,4
4271,5727,BV1CoFXeyEnk,1,BV1q1ieBjErm,1,0.44476,2
4272,5797,BV14sFQemEQT,1,BV1PrBnB8EEq,1,0.35096,4
4275,5042,BV1Y1FmemEBP,1,BV1ZmtUzQEnD,1,0.53539,1
4275,5666,BV1Y1FmemEBP,1,BV1EN6QBGEXC,1,0.47814,2
4276,5034,BV1EJFTeVEUj,1,BV1dFtJzwEc1,1,0.5114,3
4276,5382,BV1EJFTeVEUj,1,BV1svADzGE5m,1,0.57077,3
4278,4613,BV1tVFse3EVG,1,BV1K5puzLEQs,1,0.40356,2
4278,4686,BV1tVFse3EVG,1,BV1bRe4zFEnL,1,0.3942,4
4278,4832,BV1tVFse3EVG,1,BV1GTe4zAEut,1,0.44917,1
4279,4751,BV1E6F7ezEvL,1,BV11ShozPEa1,1,0.57836,2
4279,4999,BV1E6F7ezEvL,1,BV1t2tSzGE3a,1,0.51404,4
4280,4955,BV1EoF5ewEGi,1,BV1VWtRzYEeJ,1,0.4706,2
4283,4520,BV1aFFpeGECw,1,BV1x5J1zuEQm,1,0.52106,1
4283,4853,BV1aFFpeGECw,1,BV1iUehzSEBZ,1,0.50097,1
4283,5006,BV1aFFpeGECw,1,BV13ZtAzEEDW,1,0.47286,3
4284,4399,BV1TjfDY3EJ4,1,BV18aWEz2ES8,1,0.49461,3
4284,4494,BV1TjfDY3EJ4,1,BV1BvHtzUEUo,1,0.47616,1
4284,4621,BV1TjfDY3EJ4,1,BV1pRptzfEtb,1,0.49101,4
4285,5333,BV1uQFVe1EDJ,1,BV1VfwyzBEFL,1,0.4598,2
4286,4884,BV1G1FVeSE17,1,BV1GhbhzeELZ,1,0.44216,3
4287,4779,BV1ozFsepEG4,1,BV1LCh9zrE5b,1,0.46653,1
4288,4356,BV1wAFGe8E8Q,1,BV1e1pvezEMR,1,0.40587,1
4289,5058,BV1rcFHeQEhj,1,BV1j7bKzTEfe,1,0.43175,2
4289,5417,BV1rcFHeQEhj,1,BV1ugZRB7EZZ,1,0.48234,2
4291,4919,BV1wpFaeEEPx,1,BV16XbBzaEze,1,0.349,3
4291,5215,BV1wpFaeEEPx,1,BV1LQudztEEM,1,0.42662,1
4292,5125,BV1gxFYeNET5,1,BV1SK88zREu2,1,0.38604,2
4293,4414,BV1b1F8e9Ewj,1,BV1k1HPz9ErH,1,0.63145,4
4293,4829,BV1b1F8e9Ewj,1,BV1CivNzdEHT,1,0.63062,1
4293,5033,BV1b1F8e9Ewj,1,BV1yFbLzzEvU,1,0.74186,3
4293,5352,BV1b1F8e9Ewj,1,BV1yBfUBoEzh,1,0.82913,1
4293,5433,BV1b1F8e9Ewj,1,BV1c5Z5BpE4Z,1,0.72325,2
4294,5678,BV1JPFherEnF,1,BV1MDrPBFEnB,1,0.71752,1
4294,5839,BV1JPFherEnF,1,BV18TUQBJERZ,1,0.57252,2
4295,4301,BV1RVFhevEeF,1,BV1NtfnYHEFx,1,0.43354,4
4295,4496,BV1RVFhevEeF,1,BV1oexTzYEQo,1,0.41188,2
4295,5149,BV1RVFhevEeF,1,BV14487zXEpf,1,0.42062,2
4296,4534,BV1BhFwe8EQ8,1,BV1fnnfzvErk,1,0.43535,4
4297,4926,BV1xQfWYaE3a,1,BV13rt4z7EV9,1,0.44755,2
4298,5008,BV1vtF8eKEvE,1,BV1ittSzsEod,2,0.44971,3
4298,5490,BV1vtF8eKEvE,1,BV1y9ZDBhEtZ,1,0.48071,2
4299,5125,BV1vtF8eKEvE,2,BV1SK88zREu2,1,0.41381,1
4302,5548,BV1dLFHeGEEh,1,BV1oYcqzEEwZ,1,0.5512,1
4303,5481,BV1RCF4etEnV,1,BV1MmfoB9EQv,1,0.45397,1
4304,5419,BV1cAfBYaEJA,1,BV1iLfNB9EeR,1,0.44399,3
4304,5648,BV1cAfBYaEJA,1,BV15MzrBiEHh,1,0.4575,2
4305,5059,BV1UPF8eQEGn,1,BV1GctbzWEqt,1,0.39837,4
4306,4977,BV1z7FteNEsp,1,BV1uKtSz6EgF,1,0.47215,3
4307,4497,BV1qsFte8Ewh,1,BV1QNHxzhEJt,1,0.50213,1
4307,4777,BV1qsFte8Ewh,1,BV17MhqzhEhn,1,0.42395,4
4308,5610,BV1qWFtecEHF,1,BV15FFYzaEEW,1,0.43083,4
4310,4870,BV1PWFseeEJg,1,BV172eMzXEwY,1,0.50223,1
4310,5049,BV1PWFseeEJg,1,BV1h7b3zrE9n,1,0.36764,2
4310,5117,BV1PWFseeEJg,1,BV1b8htzsEAh,1,0.41829,3
4312,4457,BV1oeFsedEBe,1,BV1izxEzfETF,1,0.43808,4
4313,5668,BV1XyFpe3ELB,1,BV1nV6ZBcEyH,1,0.32536,4
4314,4483,BV1RjFHerEin,1,BV19fxKz4EQA,1,0.49023,2
4314,4774,BV1RjFHerEin,1,BV1t2hiz1EDD,1,0.57876,2
4314,4795,BV1RjFHerEin,1,BV1ayeozEEna,1,0.51818,2
4314,4825,BV1RjFHerEin,1,BV1yVeozzEmC,1,0.61011,3
4315,4969,BV1rtfzYPED5,1,BV1K6tpzaEdj,2,0.37533,3
4315,5183,BV1rtfzYPED5,1,BV1eJ8MzqEWP,1,0.41065,4
4315,5301,BV1rtfzYPED5,1,BV14TAKzXEjc,1,0.57559,1
4315,5460,BV1rtfzYPED5,1,BV1QJfGBPEDp,1,0.47381,2
4316,4731,BV1NBfbY2ED2,1,BV1BAeyzZEm3,1,0.38518,4
4316,5072,BV1NBfbY2ED2,1,BV15jttzWENB,1,0.38702,3
4317,4501,BV1p2fJYJEEt,1,BV1AqH3zVEEs,1,0.40615,1
4317,4722,BV1p2fJYJEEt,1,BV11ohBz2EpV,1,0.45688,3
4317,4856,BV1p2fJYJEEt,1,BV1ure8ziEgD,1,0.50459,1
4317,5090,BV1p2fJYJEEt,1,BV1dttPzoEgb,1,0.48517,1
4317,5106,BV1p2fJYJEEt,1,BV1KkhuzeEBf,1,0.4258,4
4317,5344,BV1p2fJYJEEt,1,BV1vjAXzAESv,1,0.4463,4
4317,5517,BV1p2fJYJEEt,1,BV1otZDBEEBm,1,0.46595,3
4317,5843,BV1p2fJYJEEt,1,BV18LmSBGEbY,1,0.52647,1
4320,5231,BV12Sf2YwEnV,1,BV1bx31zpEjT,1,0.40119,2
4320,5448,BV12Sf2YwEnV,1,BV1XQfgBeEGT,1,0.48622,3
4321,5207,BV17ZwPeqEjy,1,BV1vEgazdEw5,1,0.61115,1
4322,5391,BV15RFHe1EWs,1,BV11zPLz1ENH,1,0.36417,4
4322,5605,BV15RFHe1EWs,1,BV1qJFizLEHZ,1,0.39919,3
4324,4600,BV1FScEejEsV,1,BV1ftWLzQEh2,1,0.37404,2
4327,4783,BV1myfyYoEto,1,BV1SPeoz1EiS,1,0.40485,4
4327,5300,BV1myfyYoEto,1,BV1pGAmzhEWb,1,0.45247,2
4327,5688,BV1myfyYoEto,1,BV171vrBiEX6,1,0.47778,1
4328,5810,BV1Qqf2YgEui,1,BV1q3qZBDE9y,1,0.48478,1
4329,4516,BV1PNfkY2E56,1,BV1chtGzZERi,1,0.40934,2
4330,4771,BV1VSfCYvEjo,1,BV1ote3zaESx,1,0.32937,2
4331,5352,BV1MffCYbEkw,1,BV1yBfUBoEzh,1,0.77633,2
4332,5028,BV1ehcweWEuq,1,BV1Lv4RzwE4D,1,0.3736,3
4333,4670,BV1rhFPeMEFA,1,BV1AXh1zYEi4,1,0.31788,2
4334,5459,BV1j3ffY2E9S,1,BV1WfZrBTEwf,1,0.50421,3
4334,5476,BV1j3ffY2E9S,1,BV1Jh6FBYEfo,1,0.40882,2
4335,5055,BV1pofdYEEAU,1,BV12ebPz2E33,1,0.51692,4
4335,5174,BV1pofdYEEAU,1,BV1iubCzTEmL,1,0.39498,4
4336,5076,BV13jfoYvEFV,1,BV1jCt2zmEk5,1,0.44537,2
4336,5109,BV13jfoYvEFV,1,BV1JVhuzWEer,1,0.483,4
4337,5617,BV1a3cWe2EkU,1,BV165FPzbEX9,1,0.40248,4
4338,4862,BV1jyfRYBEa1,1,BV1GwYXzBERT,1,0.52303,4
4338,5126,BV1jyfRYBEa1,1,BV1uu411i7D2,1,0.54699,1
4338,5247,BV1jyfRYBEa1,1,BV133GVziEhM,1,0.44241,3
4339,4341,BV1LucAetETn,1,BV1Z4fWYUExY,1,0.3818,4
4340,5070,BV1dAFPe4EgG,1,BV1Wd4RzmELG,1,0.49,1
4342,5225,BV15gfoYzEpr,1,BV1FTuUzLED8,1,0.43891,3
4343,4478,BV1fYwNekER5,1,BV1LExMzYEpr,1,0.38759,2
4344,5490,BV1NYfsYeEqw,1,BV1y9ZDBhEtZ,1,0.36413,2
4344,5842,BV1NYfsYeEqw,1,BV1EYSqBFE1T,1,0.44419,1
4345,4865,BV1D9fRYhEU5,1,BV1vB7HzmEL9,1,0.4398,4
4346,5164,BV1PRf5YzEav,1,BV1WSb9zSE6T,1,0.47237,1
4347,4702,BV13VfpYzEC5,1,BV1n2YMzfE4H,1,0.49593,2
4347,4909,BV13VfpYzEC5,1,BV1PPbBzKELz,1,0.67744,2
4347,5044,BV13VfpYzEC5,1,BV1Cib3zbExf,1,0.61581,1
4347,5445,BV13VfpYzEC5,1,BV1JoZZBkE9N,1,0.73976,1
4348,4408,BV1etfHYgEzi,1,BV1yg4uzDEKG,1,0.49358,2
4348,4620,BV1etfHYgEzi,1,BV1EFpmzMECk,1,0.45668,1
4349,4413,BV15yfnY6Exy,1,BV1AdWezjEcf,1,0.37959,2
4349,5037,BV15yfnY6Exy,1,BV1wHb5ziErL,1,0.35026,4
4351,4546,BV1T6fJYsE1Y,1,BV1yunVzjE3D,1,0.5872,2
4351,5327,BV1T6fJYsE1Y,1,BV1S5iFBzE6f,1,0.53784,4
4352,5679,BV1wjf5YvEyy,1,BV14CraBBEpp,1,0.49045,1
4353,4816,BV1XiwheiEud,1,BV1PYeJzwE76,1,0.36504,4
4353,5549,BV1XiwheiEud,1,BV1FvcpzQEWe,1,0.3806,3
4356,4706,BV1e1pvezEMR,1,BV1VFYTzGETg,1,0.40485,1
4356,5386,BV1e1pvezEMR,1,BV1jgfABJE9M,1,0.44062,2
4357,5468,BV1EwfeY2EEP,1,BV1QgZiBeEen,1,0.52731,1
4357,5540,BV1EwfeY2EEP,1,BV1pvZ7BvEkN,1,0.51143,1
4357,5815,BV1EwfeY2EEP,1,BV1ysmiBZEre,1,0.48094,3
4358,4585,BV1nZfYYJE4V,1,BV1GrWwziEpY,1,0.36561,4
4358,4680,BV1nZfYYJE4V,1,BV1NXa9zbETB,1,0.4785,2
4358,5217,BV1nZfYYJE4V,1,BV1segtzFEm7,1,0.48713,1
4359,5027,BV1cZfYYJE6g,1,BV1i3bVzWEXA,1,0.51244,1
4359,5546,BV1cZfYYJE6g,1,BV1MiZHBHE2j,1,0.46914,2
4360,4470,BV1W5wYe8E8t,1,BV1CqxLzYEfh,1,0.44153,4
4360,5190,BV1W5wYe8E8t,1,BV19f3Lz7EXp,1,0.47539,2
4360,5222,BV1W5wYe8E8t,1,BV18Ju9zrEhm,1,0.4762,1
4361,4542,BV15Y411b7jd,1,BV1SGnJzBE2Q,1,0.46331,3
4361,5076,BV15Y411b7jd,1,BV1jCt2zmEk5,1,0.44307,3
4361,5389,BV15Y411b7jd,1,BV1NhP3ziE8K,1,0.61064,1
4361,5676,BV15Y411b7jd,1,BV1iM6QBgEbs,1,0.49886,4
4362,4477,BV1VPf8YfEab,1,BV1oGx4zJEwG,1,0.42421,1
4362,5282,BV1VPf8YfEab,1,BV1iZGHzTE83,1,0.40092,1
4363,5277,BV12jf8YSE5P,1,BV1m3Gpz4Eey,1,0.39488,1
4364,4799,BV12jf8YSE5P,2,BV1d5vTzUE5p,1,0.48203,2
4365,5715,BV1s4UYB9EBQ,1,BV1PRivBFEwh,1,0.46289,1
4366,5030,BV1s4UYB9EBQ,2,BV1snbNzLEnT,1,0.36014,3
4367,4783,BV1FjmUBXETp,1,BV1SPeoz1EiS,1,0.41334,2
4367,5712,BV1FjmUBXETp,1,BV1LEqABtE7E,1,0.36469,1
4368,5440,BV1FG26B8EC7,1,BV1nYZVBnEMQ,1,0.4463,4
4369,5066,BV1S5mPBLEkX,1,BV1YAthzfEK8,1,0.45351,4
4369,5326,BV1S5mPBLEkX,1,BV11pAHzZEVF,1,0.48548,2
4371,4483,BV1iauwzrEkN,1,BV19fxKz4EQA,1,0.41743,2
4372,4710,BV1VxUCBNE65,1,BV1tHatz9EjT,1,0.40743,3
4373,4534,BV15fSeByEwQ,1,BV1fnnfzvErk,1,0.55104,1
4373,5274,BV15fSeByEwQ,1,BV1vr3jzUEzN,1,0.46434,2
4373,5301,BV15fSeByEwQ,1,BV14TAKzXEjc,1,0.5637,2
4373,5354,BV15fSeByEwQ,1,BV1GVfYBfEMT,1,0.46082,3
4373,5408,BV15fSeByEwQ,1,BV1WRfiBtEXo,1,0.45339,3
4373,5514,BV15fSeByEwQ,1,BV1SbZJB7EQg,1,0.43375,4
4374,4936,BV1U5mmBNEfW,1,BV1AZbczeE9M,1,0.39599,2
4376,4704,BV1SWmMBREu5,1,BV1ccYKzXEXV,1,0.37926,3
4376,5317,BV1SWmMBREu5,1,BV1R1AczHEwL,1,0.3674,4
4376,5350,BV1SWmMBREu5,1,BV1SUP5zDEMP,1,0.40902,1
4377,5604,BV1fv2EBPEtS,1,BV1cgfDBRE4H,1,0.3462,4
4379,4529,BV1RPmwB5Ejg,1,BV1FDnnzaEod,1,0.71187,3
4379,4812,BV1RPmwB5Ejg,1,BV1CDeXzZEWq,1,0.80323,2
4379,5390,BV1RPmwB5Ejg,1,BV1QJAzzXEup,1,0.71541,4
4379,5758,BV1RPmwB5Ejg,1,BV1AyBCBdEPq,1,0.87391,4
4380,4533,BV1qnmABpEMZ,1,BV1acn7zME5X,1,0.43266,3
4381,4513,BV1RjC7B2Eu6,1,BV1nJnmzqE5S,1,0.48355,1
4381,4528,BV1RjC7B2Eu6,1,BV1iUn5zBEtx,1,0.49321,3
4381,4863,BV1RjC7B2Eu6,1,BV1ehbYzGEo1,1,0.54792,1
4381,5065,BV1RjC7B2Eu6,1,BV1GktbzsEhs,1,0.52126,2
4381,5472,BV1RjC7B2Eu6,1,BV1GYZqBBEb1,1,0.48854,3
4381,5846,BV1RjC7B2Eu6,1,BV1UWUxBkEW5,1,0.52696,2
4383,4693,BV1b6ynBQEqd,1,BV1sDYGzkEjR,1,0.48459,1
4383,4819,BV1b6ynBQEqd,1,BV1L8h1zEEbQ,1,0.40823,3
4383,4988,BV1b6ynBQEqd,1,BV1BttSzsE8b,1,0.46584,1
4384,5197,BV1GuxFzqEZE,1,BV1ptgWzmEXX,1,0.50039,4
4384,5434,BV1GuxFzqEZE,1,BV1JrZ4BpE5W,1,0.53674,4
4384,5672,BV1GuxFzqEZE,1,BV13P6RB6E4U,1,0.58464,4
4385,5403,BV1foswzEE2c,1,BV1qrfMBYEQs,1,0.45081,1
4386,4719,BV1V6W4z5ERV,1,BV1LaahzyExi,1,0.36131,3
4386,4852,BV1V6W4z5ERV,1,BV18LebzvEo5,1,0.36259,2
4387,5414,BV115xzziE28,1,BV1AbZfBDE6L,1,0.35879,3
4388,4931,BV1cnWszJEQ3,1,BV1yxTtz9Ey6,1,0.39646,4
4389,5191,BV1vuWyztEWv,1,BV1H5gLzsEJq,1,0.36742,1
4390,4551,BV1aH4gzAE3q,1,BV1Fdn3zTEpu,2,0.5452,1
4390,5839,BV1aH4gzAE3q,1,BV18TUQBJERZ,1,0.52756,2
4391,4426,BV1aH4gzAE3q,2,BV1z441z1EJM,1,0.39653,2
4391,4474,BV1aH4gzAE3q,2,BV1csHGz3E7C,1,0.58961,3
4391,4730,BV1aH4gzAE3q,2,BV1SWh2z3EHt,1,0.52042,2
4391,5423,BV1aH4gzAE3q,2,BV1CGfFBnEhq,1,0.48729,1
4391,5558,BV1aH4gzAE3q,2,BV1iHk4B3ETs,1,0.56096,1
4391,5836,BV1aH4gzAE3q,2,BV1cJUfBsEZa,1,0.58395,1
4393,4636,BV1en4qzmEoL,1,BV1DupFzdE9b,1,0.42099,2
4393,5297,BV1en4qzmEoL,1,BV1jJAaz6Ex8,1,0.43085,3
4394,4560,BV1h8WzzzECm,1,BV1bdngz7E4B,1,0.42706,3
4394,5547,BV1h8WzzzECm,1,BV1k5zYB8EqZ,1,0.48734,1
4397,4816,BV1w5WCzKEKQ,1,BV1PYeJzwE76,1,0.4943,1
4399,4563,BV18aWEz2ES8,1,BV1jzpFzKEU7,1,0.44845,4
4399,4797,BV18aWEz2ES8,1,BV19yemz4EPp,1,0.52435,2
4400,4735,BV19pWzzVEKx,1,BV19ZauzjEz3,1,0.56476,1
4401,4522,BV1y2WEzTEsy,1,BV1ybn2zrEHu,1,0.47759,3
4401,5425,BV1y2WEzTEsy,1,BV1f2fAB9Eij,1,0.45254,4
4401,5812,BV1y2WEzTEsy,1,BV1JJmzBfEUY,1,0.58846,4
4402,4972,BV1sCWEzuED7,1,BV1deb5z4EWf,1,0.42069,2
4402,5108,BV1sCWEzuED7,1,BV1hrhPzfEic,1,0.51571,1
4402,5470,BV1sCWEzuED7,1,BV1HVZqBHE1a,1,0.51339,2
4403,4749,BV1CDWCzrEfL,1,BV1kaajz7EkA,1,0.62448,1
4403,5406,BV1CDWCzrEfL,1,BV1h1fiBeEJA,1,0.60775,4
4405,5205,BV18BWCzSETs,1,BV1Gpg8zjEoZ,1,0.41895,2
4405,5706,BV18BWCzSETs,1,BV1aZqMBKE6Z,1,0.46994,2
4406,4787,BV1cTWzzsERa,1,BV1EhhSzPEVy,1,0.39614,4
4406,5490,BV1cTWzzsERa,1,BV1y9ZDBhEtZ,1,0.404,3
4407,4662,BV1cTWzzsERa,2,BV1zkaXzjEKQ,1,0.4382,2
4408,4817,BV1yg4uzDEKG,1,BV1Cye2zBEAN,1,0.48678,3
4409,5194,BV1fR42zLEuR,1,BV1yCgpzmEy2,1,0.46902,1
4409,5416,BV1fR42zLEuR,1,BV1bEZsB8En8,1,0.43267,4
4410,4714,BV1i14JzqEfv,1,BV1dYbGzJEwW,1,0.45593,4
4410,5602,BV1i14JzqEfv,1,BV163FizDELA,1,0.49101,3
4411,4872,BV1CeWYzkEPo,1,BV1cVNvzFEs8,1,0.49205,2
4411,5450,BV1CeWYzkEPo,1,BV12LZaByELD,1,0.48767,3
4412,5485,BV193WYz4EJw,1,BV1y9F6zBE6H,1,0.47521,2
4412,5842,BV193WYz4EJw,1,BV1EYSqBFE1T,1,0.4173,3
4413,4466,BV1AdWezjEcf,1,BV1p4xRzCE2L,1,0.46395,2
4416,4634,BV14W4bzCE9W,1,BV1FGpczCEGB,1,0.44411,4
4417,5045,BV18r4EzHEM6,1,BV11FbLzzE3T,1,0.90135,2
4417,5243,BV18r4EzHEM6,1,BV1HmuxzUEw2,1,0.89494,2
4417,5606,BV18r4EzHEM6,1,BV1qJFizLEHZ,2,0.88948,4
4417,5695,BV18r4EzHEM6,1,BV1XyiXBfEqB,1,0.92011,2
4417,5758,BV18r4EzHEM6,1,BV1AyBCBdEPq,1,0.87521,2
4418,5176,BV1WN4qzfExU,1,BV1hbuUzcEFk,1,0.48701,1
4419,5534,BV1VU4bz4EB5,1,BV1xFcMzJEXm,1,0.39574,2
4420,5197,BV11j4iz8EyS,1,BV1ptgWzmEXX,1,0.48681,2
4421,4736,BV1yP4zzTE95,1,BV1PCaVzVETV,1,0.50928,4
4421,5009,BV1yP4zzTE95,1,BV1RZtXzhE8D,1,0.62652,1
4421,5408,BV1yP4zzTE95,1,BV1WRfiBtEXo,1,0.45146,4
4422,4673,BV12Q4ezfEXY,1,BV1mKHyzkEkj,1,0.5063,2
4422,5028,BV12Q4ezfEXY,1,BV1Lv4RzwE4D,1,0.46624,3
4422,5804,BV12Q4ezfEXY,1,BV15vq1B2E1x,1,0.4577,4
4423,4476,BV1By4JzMEx8,1,BV1KZHAzoEWg,1,0.53287,1
4423,4600,BV1By4JzMEx8,1,BV1ftWLzQEh2,1,0.49286,2
4423,4702,BV1By4JzMEx8,1,BV1n2YMzfE4H,1,0.47233,3
4424,5144,BV16Z48zuEBR,1,BV1jQ8Jz5E3H,1,0.39658,4
4425,4778,BV1iPxozTEkc,1,BV1VjeHzDEdS,1,0.40491,1
4426,4514,BV1z441z1EJM,1,BV1nJHHzvEmx,1,0.4142,1
4428,4818,BV1smxYzSEv1,1,BV1JaemziEiK,1,0.45983,2
4428,5685,BV1smxYzSEv1,1,BV1yKi9ByEFN,1,0.47735,4
4428,5756,BV1smxYzSEv1,1,BV1gHBjBoE6A,1,0.43374,3
4429,4970,BV1114UzcEu6,1,BV1hUt9z4EFQ,1,0.38491,1
4429,5193,BV1114UzcEu6,1,BV1hybZzzEar,1,0.42538,4
4429,5266,BV1114UzcEu6,1,BV1zVGAzsEni,1,0.46691,1
4432,5069,BV1T54mzYEuK,1,BV1xbtAzME84,1,0.40287,3
4433,5673,BV1pD4Tz1EeL,1,BV1gmq1BBEtX,1,0.37159,3
4433,5681,BV1pD4Tz1EeL,1,BV1bUvYBaEsK,1,0.37022,3
4434,5354,BV1qH4TzvEGG,1,BV1GVfYBfEMT,1,0.36382,1
4435,5219,BV1ym4TzmEtL,1,BV1jmuHzAE6g,1,0.34697,1
4436,5021,BV1WU4NzuETi,1,BV1P7b5zuEjC,1,0.40966,4
4436,5164,BV1WU4NzuETi,1,BV1WSb9zSE6T,1,0.50272,2
4437,4584,BV1vvxDzQErD,1,BV1QAWPzgEA3,1,0.55018,1
4437,4828,BV1vvxDzQErD,1,BV1ffvwzVErx,1,0.51998,2
4438,5656,BV1UqxdzREd1,1,BV1TkraBuEhS,1,0.45742,1
4439,4495,BV1ddH3zFEu2,1,BV14ixbzrE9n,1,0.50336,4
4439,5694,BV1ddH3zFEu2,1,BV1fpBLBTEeS,1,0.50701,4
4440,4637,BV1RhxvzuEWG,1,BV1wKpczmEqX,1,0.42653,1
4441,4497,BV1TrgfzdE6V,1,BV1QNHxzhEJt,1,0.4643,2
4441,5731,BV1TrgfzdE6V,1,BV1FZiYBJEGK,1,0.54316,1
4442,4570,BV1GJH3zREmt,1,BV1q9JyzXEX7,1,0.59716,1
4442,5234,BV1GJH3zREmt,1,BV1TuKmz5ESC,1,0.47044,2
4442,5534,BV1GJH3zREmt,1,BV1xFcMzJEXm,1,0.40091,4
4443,5536,BV1zEHbzJEVh,1,BV1qd6cBNERK,1,0.40293,3
4444,5082,BV18w4nzdEdc,1,BV1kPtuzUECf,1,0.32599,3
4445,5165,BV1rknjznE3A,1,BV1EqgWzrECV,1,0.43172,1
4446,4909,BV19Wx9zdEUR,1,BV1PPbBzKELz,1,0.47889,3
4447,5323,BV1jR4czUE7E,1,BV1rZPYz4ExY,1,0.41653,1
4448,4704,BV1V74HzvEE2,1,BV1ccYKzXEXV,1,0.3741,4
4448,4877,BV1V74HzvEE2,1,BV1iTYizFEgy,1,0.45287,1
4450,5204,BV1waxezSE4o,1,BV1fpgbzxEZJ,1,0.3879,4
4451,4531,BV1saxfzdEmY,1,BV1T6n3z7EYq,1,0.35354,4
4451,5348,BV1saxfzdEmY,1,BV1t2PczyEU8,1,0.38941,2
4453,5133,BV1yXxZzpEVJ,1,BV1wP8kz1ETC,1,0.46751,3
4453,5154,BV1yXxZzpEVJ,1,BV18383zzEPw,1,0.57369,2
4453,5400,BV1yXxZzpEVJ,1,BV1cYfbBhEnS,1,0.58353,1
4453,5509,BV1yXxZzpEVJ,1,BV1tcZqB8Ea3,1,0.56549,3
4453,5565,BV1yXxZzpEVJ,1,BV1TtFDzTEVi,1,0.53017,4
4453,5679,BV1yXxZzpEVJ,1,BV14CraBBEpp,1,0.56063,4
4454,5372,BV1smxYzSEtN,1,BV13JPFz5Eqw,1,0.43203,2
4454,5461,BV1smxYzSEtN,1,BV1waZiBnE81,1,0.44502,4
4454,5527,BV1smxYzSEtN,1,BV1xfcEzUE73,1,0.41845,4
4454,5725,BV1smxYzSEtN,1,BV1kzvaBUE9u,1,0.49033,2
4454,5780,BV1smxYzSEtN,1,BV1VnmcByE4F,1,0.51162,1
4455,5673,BV1YhxyzcEjM,1,BV1gmq1BBEtX,1,0.46204,3
4456,4476,BV1q4nizAEEN,1,BV1KZHAzoEWg,1,0.52175,1
4456,4702,BV1q4nizAEEN,1,BV1n2YMzfE4H,1,0.46653,3
4456,5573,BV1q4nizAEEN,1,BV1CiFXzBEth,1,0.46618,4
4457,5095,BV1izxEzfETF,1,BV1eWhuz2Eyi,1,0.43693,2
4457,5804,BV1izxEzfETF,1,BV15vq1B2E1x,1,0.46445,2
4458,5838,BV1cux9zTEi3,1,BV1SRmwBgEJE,1,0.39893,3
4459,4967,BV1Rjx7zREqF,1,BV1cGtozSE5v,1,0.50367,3
4459,5394,BV1Rjx7zREqF,1,BV1JKA8zrEfC,1,0.41184,1
4459,5525,BV1Rjx7zREqF,1,BV1YBZtBVE3z,1,0.49069,4
4459,5674,BV1Rjx7zREqF,1,BV1hy6RBGErh,1,0.43368,1
4460,5188,BV1pNxMzGE9v,1,BV1BU8Mz2Eka,1,0.36114,4
4461,5597,BV1GMxaztEHn,1,BV1fmFCzuEfm,1,0.59444,1
4462,5420,BV1URHNziEhn,1,BV1WbfJB3ENL,1,0.52581,1
4462,5556,BV1URHNziEhn,1,BV1eXzeBpEQB,1,0.48771,2
4462,5647,BV1URHNziEhn,1,BV1LPzrBuESQ,1,0.37287,4
4464,4509,BV1FGxJzTEBr,1,BV13THNzzE3T,1,0.41882,3
4464,4993,BV1FGxJzTEBr,1,BV1EgtXzeE4k,1,0.43021,2
4465,5087,BV1JvHtzUE5A,1,BV1SntqzrEF2,1,0.49856,4
4467,4861,BV17BxXztEQE,1,BV1CGhVz6E2Z,1,0.36418,3
4467,5109,BV17BxXztEQE,1,BV1JVhuzWEer,1,0.38463,2
4468,5597,BV1gMxjzVEsx,1,BV1fmFCzuEfm,1,0.54956,1
4469,5042,BV1GpHVzhECQ,1,BV1ZmtUzQEnD,1,0.42254,4
4469,5837,BV1GpHVzhECQ,1,BV12UmEBEE4K,1,0.4089,2
4470,4629,BV1CqxLzYEfh,1,BV1DLpwz8EHq,1,0.44738,2
4470,4688,BV1CqxLzYEfh,1,BV19aY5zYE8t,1,0.38568,2
4471,5112,BV1Lvxjz9EFP,1,BV1QM81zzE15,1,0.46556,2
4471,5193,BV1Lvxjz9EFP,1,BV1hybZzzEar,1,0.50244,1
4471,5457,BV1Lvxjz9EFP,1,BV1r5f3BUEtk,1,0.44744,4
4471,5720,BV1Lvxjz9EFP,1,BV1X9ipB3Ex9,1,0.48673,1
4472,5009,BV147H5z9Ese,1,BV1RZtXzhE8D,1,0.56383,2
4472,5440,BV147H5z9Ese,1,BV1nYZVBnEMQ,1,0.48118,4
4473,5008,BV1CzxLzwEph,1,BV1ittSzsEod,2,0.41527,4
4474,5070,BV1csHGz3E7C,1,BV1Wd4RzmELG,1,0.62181,1
4474,5224,BV1csHGz3E7C,1,BV1X4uUzhEJP,1,0.34371,4
4474,5470,BV1csHGz3E7C,1,BV1HVZqBHE1a,1,0.68222,1
4474,5631,BV1csHGz3E7C,1,BV1RozfBdExN,1,0.54235,3
4474,5672,BV1csHGz3E7C,1,BV13P6RB6E4U,1,0.62798,1
4475,5393,BV1AzxLzAEKz,1,BV1s3ZNBYE24,1,0.55432,4
4475,5497,BV1AzxLzAEKz,1,BV1EGZkBtE3m,1,0.62983,1
4476,4794,BV1KZHAzoEWg,1,BV1T8h2zMEwQ,1,0.31412,4
4476,4952,BV1KZHAzoEWg,1,BV1RNtdzeE9E,1,0.47064,3
4476,5342,BV1KZHAzoEWg,1,BV154S4BWEKe,1,0.44212,2
4476,5501,BV1KZHAzoEWg,1,BV15yZ3BNE9A,1,0.50052,3
4477,5512,BV1oGx4zJEwG,1,BV1RGZQBEEtf,1,0.4755,1
4478,5288,BV1LExMzYEpr,1,BV1gB39zjEvv,1,0.44284,1
4479,4536,BV1SfHEz3EFb,1,BV1EAnqzBEAH,1,0.38749,3
4479,5537,BV1SfHEz3EFb,1,BV1Y2cnzvE5K,1,0.37217,4
4480,4486,BV18bxMzdE15,1,BV1WNn3z3ExU,1,0.66963,1
4480,5051,BV18bxMzdE15,1,BV1A5bGzYEfR,1,0.48736,2
4481,4669,BV1fQxKzwEGj,1,BV1Y3HXzGEuw,1,0.37594,2
4481,5013,BV1fQxKzwEGj,1,BV11GtQzVEmy,1,0.34927,4
4481,5401,BV1fQxKzwEGj,1,BV1Q4ftByEsG,1,0.38202,1
4482,4690,BV175xMzKEiH,1,BV1PDYGzCEf6,1,0.41854,1
4482,4762,BV175xMzKEiH,1,BV1tFhCzcEtv,1,0.37899,4
4482,5291,BV175xMzKEiH,1,BV1t93tzgE2Y,1,0.44534,1
4483,4765,BV19fxKz4EQA,1,BV1t4hvz6EpF,1,0.44673,3
4484,5718,BV1VtxgzNEpv,1,BV1ZfqUBoEL3,1,0.36187,4
4487,4539,BV1WzxKz3EXk,1,BV1ydnSzDEHS,1,0.37347,4
4488,4885,BV1H8xnzCE4L,1,BV1deYzzMEud,1,0.42105,2
4489,4658,BV1UfxazpEby,1,BV1JHH9zWEUC,1,0.49493,3
4490,4841,BV1mTHGzQE1K,1,BV11KenzBEyR,1,0.56189,2
4491,4714,BV1qHHJzxE9x,1,BV1dYbGzJEwW,1,0.38857,2
4492,5258,BV169xJzMEQX,1,BV1tfu7zuEEz,1,0.32738,4
4493,5444,BV18VxnzsEdD,1,BV19xFszrERr,2,0.38215,1
4495,4849,BV14ixbzrE9n,1,BV1Aaebz9Eje,1,0.39486,2
4495,5028,BV14ixbzrE9n,1,BV1Lv4RzwE4D,1,0.48084,3
4495,5087,BV14ixbzrE9n,1,BV1SntqzrEF2,1,0.51605,3
4495,5276,BV14ixbzrE9n,1,BV1VyGwz5Eq3,1,0.41663,3
4495,5308,BV14ixbzrE9n,1,BV12qksBpEG1,1,0.5616,1
4495,5411,BV14ixbzrE9n,1,BV13gvxBLEPk,1,0.37539,4
4497,5038,BV1QNHxzhEJt,1,BV1iKbuz3Ezv,1,0.47171,4
4497,5704,BV1QNHxzhEJt,1,BV12iSeB8EF4,1,0.41234,4
4498,4968,BV1Csxuz7Eut,1,BV1K6tpzaEdj,1,0.41311,1
4499,5218,BV1ZSxKzYErf,1,BV1xig8ziEAH,1,0.35655,3
4500,4741,BV1jhnmzFEPh,1,BV14wgLzYEiJ,1,0.48122,3
4500,5525,BV1jhnmzFEPh,1,BV1YBZtBVE3z,1,0.49146,1
4501,5691,BV1AqH3zVEEs,1,BV1qdveB1EXy,1,0.38265,2
4502,5388,BV1daHGzvEyo,1,BV1CQfCBCEou,1,0.36434,4
4503,5647,BV1LNHTzUE3U,1,BV1LPzrBuESQ,1,0.39358,1
4504,5302,BV1bynizDEKK,1,BV1Y6Pvz2EpF,1,0.3814,4
4505,4873,BV1EsxxzpEe4,1,BV1fneuzbE52,1,0.39847,1
4506,5198,BV1pJHWzVE7x,1,BV1ZrG7zhE9p,1,0.61908,1
4507,4639,BV18MHxzbEau,1,BV1YBpEzUEwK,1,0.40206,2
4507,5227,BV18MHxzbEau,1,BV1jZM9zQEBg,1,0.45435,1
4507,5522,BV18MHxzbEau,1,BV1evFkzbEyv,1,0.3626,4
4508,4860,BV1BXHwz3EvP,1,BV11jeVzUEcs,1,0.40809,2
4511,5507,BV1RcHxzPEuA,1,BV1ZiZRBbEtg,1,0.46339,3
4512,4623,BV1sxHtzREV6,1,BV1MJMpz7Ek8,1,0.43441,1
4512,5258,BV1sxHtzREV6,1,BV1tfu7zuEEz,1,0.40088,2
4513,5698,BV1nJnmzqE5S,1,BV1MamYB4Etp,1,0.43904,3
4514,5651,BV1nJHHzvEmx,1,BV17orDBrEst,1,0.35243,3
4515,4890,BV1DZHnzSEe2,1,BV1UdbtzSEwq,1,0.46831,3
4515,5738,BV1DZHnzSEe2,1,BV1tZiuBwEBG,1,0.45253,4
4517,4699,BV1WhJQzXEip,1,BV1skYgzgE8W,1,0.43448,1
4517,4731,BV1WhJQzXEip,1,BV1BAeyzZEm3,1,0.48107,3
4517,5688,BV1WhJQzXEip,1,BV171vrBiEX6,1,0.45315,4
4518,5518,BV1PDn1zBEcu,1,BV1zSZMBNEBz,1,0.48121,2
4519,4614,BV1sBnzzpEr4,1,BV1LCpizuEoP,1,0.45624,3
4521,4669,BV1jVnzzzEgV,1,BV1Y3HXzGEuw,1,0.37277,4
4523,5650,BV1LTn2zoEqW,1,BV1QCkYBnEsM,1,0.43169,1
4523,5789,BV1LTn2zoEqW,1,BV1vqBMBCETk,1,0.40875,4
4524,5266,BV1xDnizmEu9,1,BV1zVGAzsEni,1,0.50861,1
4524,5381,BV1xDnizmEu9,1,BV1HnABzPEjM,1,0.40978,4
4526,5041,BV1JhnMzoES7,1,BV1yLtSzYEHv,1,0.94305,1
4526,5749,BV1JhnMzoES7,1,BV1wVv6BzEBR,1,0.93845,3
4527,4766,BV1abn3zREfy,1,BV1UGaGzyEum,1,0.33877,4
4529,4812,BV1FDnnzaEod,1,BV1CDeXzZEWq,1,0.73061,2
4530,5519,BV1uennzVEg3,1,BV17LFmzmEUg,1,0.47994,2
4531,4834,BV1T6n3z7EYq,1,BV1HAYSzgEbT,1,0.40616,1
4532,4698,BV1bqn3zJE57,1,BV1dWYGzcEqQ,1,0.40488,4
4532,4707,BV1bqn3zJE57,1,BV1FbYTzpEGq,1,0.41368,4
4532,5024,BV1bqn3zJE57,1,BV1nkb3zsEhX,1,0.43595,1
4532,5568,BV1bqn3zJE57,1,BV1avFSzkEB6,1,0.37044,2
4532,5741,BV1bqn3zJE57,1,BV1vgtAznEKD,1,0.39463,2
4533,4618,BV1acn7zME5X,1,BV1mspBzFEjd,1,0.47893,2
4533,4727,BV1acn7zME5X,1,BV1u6h1zrEdR,1,0.52709,1
4533,5488,BV1acn7zME5X,1,BV1GAZuBxEqo,1,0.46656,2
4533,5586,BV1acn7zME5X,1,BV1KTcczhE4y,1,0.46371,3
4537,4557,BV1hdnZzXECY,1,BV1EanhzsE1c,1,0.50561,1
4537,4639,BV1hdnZzXECY,1,BV1YBpEzUEwK,1,0.48308,3
4539,5241,BV1ydnSzDEHS,1,BV1raNmzeEtW,1,0.42514,3
4539,5482,BV1ydnSzDEHS,1,BV1E5cHzjEfW,1,0.45747,2
4540,4993,BV1M9nJz6Ec6,1,BV1EgtXzeE4k,1,0.32119,4
4540,5294,BV1M9nJz6Ec6,1,BV1magXzqEfy,1,0.34799,1
4542,5154,BV1SGnJzBE2Q,1,BV18383zzEPw,1,0.45375,4
4543,5360,BV1qFnHzsEDD,1,BV1kmZgBVEvv,1,0.3928,4
4544,4812,BV1oyazzqEFB,1,BV1CDeXzZEWq,1,0.75018,2
4544,5757,BV1oyazzqEFB,1,BV1Sgm3BwEh5,1,0.74401,2
4545,4660,BV1y8n5zDESu,1,BV1NAezzWEDX,1,0.5109,1
4545,5552,BV1y8n5zDESu,1,BV1cEZjBtEqF,1,0.46646,4
4546,4712,BV1yunVzjE3D,1,BV1tTaJzwEMu,1,0.48834,3
4546,4923,BV1yunVzjE3D,1,BV1sRbvzeExH,1,0.62404,1
4547,4768,BV1JTnTzWEPc,1,BV1MphyzNEKz,1,0.50669,1
4547,5001,BV1JTnTzWEPc,1,BV1kDhnzoEDj,1,0.49806,2
4548,5515,BV11gnLzWE4i,1,BV1seZQBPE2j,1,0.50723,2
4549,4584,BV1adncz4EJ8,1,BV1QAWPzgEA3,1,0.48591,2
4549,4629,BV1adncz4EJ8,1,BV1DLpwz8EHq,1,0.44096,3
4549,4656,BV1adncz4EJ8,1,BV1xxa8zfEqc,1,0.41391,4
4549,5668,BV1adncz4EJ8,1,BV1nV6ZBcEyH,1,0.41195,1
4550,4777,BV1Fdn3zTEpu,1,BV17MhqzhEhn,1,0.47312,1
4550,5013,BV1Fdn3zTEpu,1,BV11GtQzVEmy,1,0.42712,2
4552,4697,BV1SNn7zvEmA,1,BV1chY3zqEZD,1,0.34958,2
4552,5384,BV1SNn7zvEmA,1,BV1GkfBBLEXc,1,0.47132,1
4553,5678,BV1QgnGzdERh,1,BV1MDrPBFEnB,1,0.54161,4
4554,5757,BV1ZrnGzvEx7,1,BV1Sgm3BwEh5,1,0.65673,2
4556,5318,BV1B9n8znEFR,1,BV1S3BgBuEX3,1,0.45746,1
4558,5116,BV1qynGzYEsS,1,BV1Wf8CzoEUG,1,0.52116,1
4560,4841,BV1bdngz7E4B,1,BV11KenzBEyR,1,0.66693,1
4560,5226,BV1bdngz7E4B,1,BV1DeGNzmEgL,1,0.61342,1
4561,4963,BV1cVnezNEnF,1,BV12Jt9zjEj2,1,0.50565,1
4561,5031,BV1cVnezNEnF,1,BV1VqbGzmEXA,1,0.48533,2
4561,5789,BV1cVnezNEnF,1,BV1vqBMBCETk,1,0.5895,4
4562,4892,BV1QrnbzzEoF,1,BV1TAY2zCE8E,1,0.75336,1
4564,5185,BV1nrJ9zXEWD,1,BV1f7gszVEo8,1,0.41527,3
4564,5747,BV1nrJ9zXEWD,1,BV1vXiPBFEkR,1,0.42058,4
4565,4997,BV1YFJRz6E9W,1,BV1X9tUzmERx,1,0.42625,1
4565,5010,BV1YFJRz6E9W,1,BV1bytSzCEzA,1,0.38235,4
4566,5047,BV1YFJRz6E9W,2,BV1g7tUzVEfF,1,0.39945,4
4566,5409,BV1YFJRz6E9W,2,BV1sXfiBfEBh,1,0.53316,1
4567,5020,BV125J1zuEHn,1,BV1WqtzzBExP,1,0.45133,2
4567,5081,BV125J1zuEHn,1,BV1PDtizAEYR,1,0.43306,4
4568,4761,BV12bJkzwEae,1,BV1HVhCzHEbu,1,0.3997,1
4569,4908,BV1VrJ1zDE5b,1,BV12MbWzKEo7,1,0.35598,3
4570,5017,BV1q9JyzXEX7,1,BV1zQbPzNECW,1,0.49075,4
4570,5126,BV1q9JyzXEX7,1,BV1uu411i7D2,1,0.58483,4
4570,5750,BV1q9JyzXEX7,1,BV1UTmFBeEXn,1,0.58641,3
4572,4672,BV17aJ1zoEnB,1,BV1m9e1zkEKz,1,0.38484,4
4572,5126,BV17aJ1zoEnB,1,BV1uu411i7D2,1,0.55901,2
4572,5289,BV17aJ1zoEnB,1,BV1DG3Xz5Ea5,1,0.46325,1
4572,5359,BV17aJ1zoEnB,1,BV1SsZ7BGEEs,1,0.39786,3
4573,5207,BV11dJRzwESu,1,BV1vEgazdEw5,1,0.45659,3
4574,4785,BV1z4JCzpE9v,1,BV1SwbYzwE1x,1,0.48517,2
4576,5658,BV1innFzhEUy,1,BV1WavzBqEVg,1,0.39483,4
4577,4775,BV165nFzvEom,1,BV1BThqzwEaa,1,0.37019,4
4577,4807,BV165nFzvEom,1,BV1xjhSzCEVq,1,0.42953,3
4578,5509,BV12VpnzCEjJ,1,BV1tcZqB8Ea3,1,0.38532,3
4579,5419,BV1kGnwzyEcB,1,BV1iLfNB9EeR,1,0.42992,4
4581,5686,BV1PxpozGEsZ,1,BV1QBvkBFEfe,1,0.55878,3
4582,5822,BV1iKnAzBERM,1,BV1GtqjBfEV1,1,0.42115,2
4583,4642,BV1GqWwzuECE,1,BV1c2pJzAEds,1,0.4545,4
4584,4828,BV1QAWPzgEA3,1,BV1ffvwzVErx,1,0.52494,1
4584,5222,BV1QAWPzgEA3,1,BV18Ju9zrEhm,1,0.52137,3
4586,4693,BV1eoWcziEGe,1,BV1sDYGzkEjR,1,0.64494,1
4586,5035,BV1eoWcziEGe,1,BV1V2hbzYEFA,1,0.5061,3
4587,5741,BV1TepQzaEWt,1,BV1vgtAznEKD,1,0.37326,4
4588,5588,BV1eoWAz5Etb,1,BV1zLFPzZE41,1,0.50042,1
4589,4991,BV1pbpizUE61,1,BV1AYt2zsEBe,1,0.44665,3
4589,5453,BV1pbpizUE61,1,BV1qHfuBKEpV,1,0.43855,4
4590,4695,BV1oKWcz6Ep9,1,BV1aVYVzoE6P,2,0.64291,2
4590,4748,BV1oKWcz6Ep9,1,BV1hZaEzMEZQ,1,0.60601,2
4590,5000,BV1oKWcz6Ep9,1,BV197bVzJEPc,1,0.40856,4
4590,5100,BV1oKWcz6Ep9,1,BV18b8JzFEwy,1,0.35209,4
4590,5259,BV1oKWcz6Ep9,1,BV13LMfzdEim,1,0.54044,4
4590,5611,BV1oKWcz6Ep9,1,BV1VoF8zdE61,1,0.59143,1
4590,5793,BV1oKWcz6Ep9,1,BV1FdqDBBEpA,1,0.5656,1
4590,5812,BV1oKWcz6Ep9,1,BV1JJmzBfEUY,1,0.64709,1
4591,5051,BV1zvpozNEjr,1,BV1A5bGzYEfR,1,0.35553,4
4592,5434,BV1cGWuzzEKZ,1,BV1JrZ4BpE5W,1,0.45369,3
4593,4887,BV1vjW5z3Efk,1,BV186b9zdEYc,1,0.38348,3
4593,4898,BV1vjW5z3Efk,1,BV1ppYrzsEMQ,1,0.39354,4
4594,4764,BV1ycpdzzEYS,1,BV1ffhCzSEmn,1,0.39781,3
4594,4991,BV1ycpdzzEYS,1,BV1AYt2zsEBe,1,0.6212,1
4594,5016,BV1ycpdzzEYS,1,BV1U487zXEpF,1,0.55534,3
4594,5234,BV1ycpdzzEYS,1,BV1TuKmz5ESC,1,0.4579,3
4595,5335,BV1YApRzJEVH,1,BV1nufzBdEKu,1,0.5119,3
4595,5685,BV1YApRzJEVH,1,BV1yKi9ByEFN,1,0.48073,3
4595,5795,BV1YApRzJEVH,1,BV1o8B4BcEEf,1,0.54946,4
4596,4752,BV1tRpRzCEb1,1,BV1QDa5z4Ecb,1,0.45386,1
4596,4924,BV1tRpRzCEb1,1,BV1HBbazUEBy,1,0.43927,3
4597,4855,BV1iipRzdERr,1,BV12tehzPEP8,2,0.41797,1
4598,5720,BV1gUpRzUE6y,1,BV1X9ipB3Ex9,1,0.45498,1
4600,5529,BV1ftWLzQEh2,1,BV1iUcszSE7x,1,0.47995,1
4601,5678,BV1zKpQzSErY,1,BV1MDrPBFEnB,1,0.42269,3
4602,4863,BV16uWjz9EiG,1,BV1ehbYzGEo1,1,0.47939,2
4602,5600,BV16uWjz9EiG,1,BV1SKFkzEEzp,1,0.48967,1
4602,5838,BV16uWjz9EiG,1,BV1SRmwBgEJE,1,0.43384,3
4603,5076,BV1cNWjztEWb,1,BV1jCt2zmEk5,1,0.39995,4
4605,5789,BV1jiWLz7EzS,1,BV1vqBMBCETk,1,0.46719,4
4606,5817,BV1hZWGzvEfp,1,BV1ABSnBQELh,1,0.49643,2
4607,5768,BV1HyeWzgEMe,1,BV1ZXBrBrEaC,1,0.62432,1
4609,4689,BV1jsWuzhEHR,1,BV19aY5zYE8t,2,0.34274,2
4613,5230,BV1K5puzLEQs,1,BV1WS411P7ok,1,0.38744,2
4614,5357,BV1LCpizuEoP,1,BV1kHPqzqEjW,1,0.47201,2
4614,5642,BV1LCpizuEoP,1,BV1Msz3BVEDx,1,0.59628,1
4615,4847,BV1Dr421K7s4,1,BV1cGezz7EcL,1,0.47828,4
4615,5054,BV1Dr421K7s4,1,BV18xbLzQEfD,1,0.39207,3
4615,5622,BV1Dr421K7s4,1,BV1n26yBcEfX,1,0.46534,2
4615,5734,BV1Dr421K7s4,1,BV1EjvfBJEN9,1,0.47667,4
4615,5825,BV1Dr421K7s4,1,BV1FPqGBfEE6,1,0.41791,2
4616,4753,BV1E7pWzBEQS,1,BV1sMa7zXEq5,1,0.36156,3
4616,4960,BV1E7pWzBEQS,1,BV1GhbMzKEYV,1,0.53931,3
4616,4995,BV1E7pWzBEQS,1,BV1J4b5zAEhk,1,0.54305,2
4616,5131,BV1E7pWzBEQS,1,BV1zKGgzGEAU,1,0.52751,1
4616,5375,BV1E7pWzBEQS,1,BV1pKAazJEkA,1,0.41565,4
4617,4942,BV1AZptzoEJy,1,BV1vzt9zYEjf,1,0.38485,4
4617,4960,BV1AZptzoEJy,1,BV1GhbMzKEYV,1,0.49714,4
4617,5103,BV1AZptzoEJy,1,BV1Cqh5zGE17,1,0.54218,1
4617,5479,BV1AZptzoEJy,1,BV1YBZTBXENH,1,0.47759,1
4617,5551,BV1AZptzoEJy,1,BV1BCcizXEfZ,1,0.4046,2
4619,4788,BV1uipWzxEVX,1,BV15nY9z5Err,1,0.45796,2
4620,5177,BV1EFpmzMECk,1,BV1qTgtzmEGt,1,0.43312,3
4621,4680,BV1pRptzfEtb,1,BV1NXa9zbETB,1,0.55728,1
4621,4991,BV1pRptzfEtb,1,BV1AYt2zsEBe,1,0.57623,2
4621,5009,BV1pRptzfEtb,1,BV1RZtXzhE8D,1,0.59708,1
4622,4977,BV1pRpUzJEwC,1,BV1uKtSz6EgF,1,0.50935,1
4622,5005,BV1pRpUzJEwC,1,BV1DvbMzaESm,1,0.42627,3
4622,5079,BV1pRpUzJEwC,1,BV1yNt1z9ECt,1,0.41431,4
4623,4708,BV1MJMpz7Ek8,1,BV1wiarzQEqe,1,0.54384,1
4623,5158,BV1MJMpz7Ek8,1,BV1FG8WztELD,1,0.66394,2
4623,5707,BV1MJMpz7Ek8,1,BV1eciuBgEZj,1,0.65817,1
4624,4858,BV1mppwzRE3L,1,BV1ncYfzYE4F,1,0.44102,2
4625,4648,BV1hJp6z3Eft,1,BV1uvpGztEiL,1,0.37805,2
4626,5208,BV1rgp2zrEDR,1,BV1qBjSztEW9,1,0.51983,1
4627,4683,BV1mDpzzcEsQ,1,BV1BSaRzJExW,1,0.38307,1
4629,4661,BV1DLpwz8EHq,1,BV1b6aKzwEZC,1,0.42592,1
4629,5521,BV1DLpwz8EHq,1,BV1AJZXBYE8s,1,0.45717,1
4630,5510,BV12fpuzVEAP,1,BV1i1ZiB6EDw,1,0.35672,1
4630,5568,BV12fpuzVEAP,1,BV1avFSzkEB6,1,0.36226,4
4630,5657,BV12fpuzVEAP,1,BV1Z2kTBpE7z,1,0.36219,3
4631,4757,BV11ppwzREvZ,1,BV1yceUz1EL8,1,0.39242,1
4631,5210,BV11ppwzREvZ,1,BV1vtgizKEvq,1,0.37834,3
4632,4749,BV1TRpTzuENC,1,BV1kaajz7EkA,1,0.60174,1
4633,5545,BV1EGpHzPEyo,1,BV1LRcLzRE3R,1,0.46083,2
4634,5679,BV1FGpczCEGB,1,BV14CraBBEpp,1,0.55465,1
4635,5215,BV12qHfzmEeL,1,BV1LQudztEEM,1,0.3902,4
4636,5770,BV1DupFzdE9b,1,BV1gqmNBJESB,1,0.4405,1
4638,4845,BV1aQHDzKESZ,1,BV1CxYRzfE4Q,1,0.39369,2
4638,5542,BV1aQHDzKESZ,1,BV1jQZ7B9E1D,1,0.41197,1
4639,4691,BV1YBpEzUEwK,1,BV1C9YGz6EwJ,1,0.53824,2
4639,5151,BV1YBpEzUEwK,1,BV1uF85zyEFA,1,0.43382,2
4639,5245,BV1YBpEzUEwK,1,BV1mPu8zeEVb,1,0.48416,4
4639,5816,BV1YBpEzUEwK,1,BV1S7SEB4EkA,1,0.46133,3
4641,4943,BV1bWp7zgEtq,1,BV12Zt9znEwz,1,0.4793,1
4641,5547,BV1bWp7zgEtq,1,BV1k5zYB8EqZ,1,0.45683,2
4642,4989,BV1c2pJzAEds,1,BV1MatXzJEJa,1,0.44392,3
4643,4817,BV1sQpjzwE7n,1,BV1Cye2zBEAN,1,0.43637,4
4644,5336,BV17NpLzyEYm,1,BV16oNAzzEHV,1,0.45253,3
4645,4995,BV1r7pjzsEKC,1,BV1J4b5zAEhk,1,0.61039,1
4645,5131,BV1r7pjzsEKC,1,BV1zKGgzGEAU,1,0.50582,4
4646,4778,BV1nmpgz6Exq,1,BV1VjeHzDEdS,1,0.34226,4
4646,5230,BV1nmpgz6Exq,1,BV1WS411P7ok,1,0.37635,3
4646,5365,BV1nmpgz6Exq,1,BV1UwPgziEAT,1,0.35193,3
4646,5712,BV1nmpgz6Exq,1,BV1LEqABtE7E,1,0.3642,2
4647,4840,BV1EAYLzGE4f,1,BV1hiYWzQELK,1,0.4413,4
4647,5384,BV1EAYLzGE4f,1,BV1GkfBBLEXc,1,0.4711,1
4647,5563,BV1EAYLzGE4f,1,BV14AFSzvEdP,1,0.414,3
4647,5577,BV1EAYLzGE4f,1,BV1GYcczCEUE,1,0.43436,3
4647,5589,BV1EAYLzGE4f,1,BV1WFFpzQEHh,1,0.43382,4
4647,5658,BV1EAYLzGE4f,1,BV1WavzBqEVg,1,0.39805,2
4649,4755,BV1WhpLzoEtb,1,BV15JaVzfEHC,1,0.65971,1
4649,4805,BV1WhpLzoEtb,1,BV1zvhQzuEJj,1,0.57441,2
4649,4919,BV1WhpLzoEtb,1,BV16XbBzaEze,1,0.40676,1
4649,5082,BV1WhpLzoEtb,1,BV1kPtuzUECf,1,0.54653,4
4649,5353,BV1WhpLzoEtb,1,BV1SCPvzyE1V,1,0.52859,1
4650,4914,BV1TNYvzkEh1,1,BV1phtZzxEzB,1,0.39684,2
4651,5586,BV1F4HvzMEqR,1,BV1KTcczhE4y,1,0.41752,4
4652,4855,BV1mMHyz3EM4,1,BV12tehzPEP8,2,0.4327,1
4652,5714,BV1mMHyz3EM4,1,BV1NXqFBBEfH,1,0.3927,3
4653,4767,BV1XevPzuEYs,1,BV1yFaVzkE3F,1,0.41109,1
4653,5179,BV1XevPzuEYs,1,BV1j9bmzXExr,1,0.39395,3
4653,5349,BV1XevPzuEYs,1,BV1iDAzzaEDq,1,0.42986,1
4654,5218,BV1SmHvzXEYT,1,BV1xig8ziEAH,1,0.47458,3
4655,5278,BV18TaZz1EZE,1,BV1YT3uzfEWd,1,0.56428,2
4656,5799,BV1xxa8zfEqc,1,BV183qSBUES5,1,0.42122,2
4657,5804,BV1dmYmzhE8t,1,BV15vq1B2E1x,1,0.43525,4
4658,5055,BV1JHH9zWEUC,1,BV12ebPz2E33,1,0.55007,3
4658,5240,BV1JHH9zWEUC,1,BV1KNuazkEva,1,0.43061,4
4659,5091,BV13wHyzjENT,1,BV1cxtMz1E6Z,1,0.44489,4
4659,5270,BV13wHyzjENT,1,BV1QXKkzBEhr,1,0.46853,2
4659,5556,BV13wHyzjENT,1,BV1eXzeBpEQB,1,0.48728,1
4660,4749,BV1NAezzWEDX,1,BV1kaajz7EkA,1,0.5948,2
4660,5143,BV1NAezzWEDX,1,BV1Np8ozfE92,1,0.4163,2
4661,5620,BV1b6aKzwEZC,1,BV1RrkxBBEYc,1,0.37298,3
4663,5257,BV17NhvzREQz,1,BV1UwuFzWEkS,1,0.34478,3
4663,5356,BV17NhvzREQz,1,BV1t3AQzmEha,1,0.44282,1
4664,5372,BV1sve2zyEUh,1,BV13JPFz5Eqw,1,0.36311,4
4665,4947,BV1NMHQzxEE2,1,BV1bwtfzPE96,1,0.45512,4
4667,5303,BV1ymhRzoEwN,1,BV1uAAPzUETn,1,0.42279,2
4667,5530,BV1ymhRzoEwN,1,BV1ihcqzDEJn,1,0.46396,2
4668,5164,BV1vdaRzLER2,1,BV1WSb9zSE6T,1,0.48974,3
4669,5337,BV1Y3HXzGEuw,1,BV13MNwzWEzT,1,0.36142,2
4669,5549,BV1Y3HXzGEuw,1,BV1FvcpzQEWe,1,0.39032,2
4670,5068,BV1AXh1zYEi4,1,BV1rqhGzeEKS,1,0.39663,2
4671,5734,BV1JHYAzrEiy,1,BV1EjvfBJEN9,1,0.4209,3
4673,4958,BV1mKHyzkEkj,1,BV1vytZz1ERZ,1,0.491,2
4673,5172,BV1mKHyzkEkj,1,BV1J3gCzcEeg,1,0.42802,1
4673,5804,BV1mKHyzkEkj,1,BV15vq1B2E1x,1,0.61429,1
4674,5050,BV1RbY5zvE28,1,BV17qbNzeEGr,1,0.57789,2
4676,5846,BV1MwYAzsETg,1,BV1UWUxBkEW5,1,0.51602,2
4677,4881,BV1cWYjzmEe3,1,BV1XjY4zwEzh,1,0.46447,1
4678,5089,BV1qyYozsE4e,1,BV1nmtTzrEnN,1,0.4328,1
4678,5111,BV1qyYozsE4e,1,BV1gmhPzdEKa,1,0.3688,3
4678,5144,BV1qyYozsE4e,1,BV1jQ8Jz5E3H,1,0.38828,4
4679,4877,BV15Badz2ETT,1,BV1iTYizFEgy,1,0.46624,2
4679,5581,BV15Badz2ETT,1,BV1SicgzaEzL,1,0.45011,3
4681,4910,BV1oQYLzBELL,1,BV1qWbJzzE4c,1,0.45016,4
4681,4965,BV1oQYLzBELL,1,BV1YdttzdEov,1,0.40416,3
4681,5845,BV1oQYLzBELL,1,BV14hm9BmESR,1,0.34584,4
4682,5193,BV1mvaozqEWV,1,BV1hybZzzEar,1,0.43249,2
4683,5383,BV1BSaRzJExW,1,BV1YZAzzoEGj,1,0.45946,4
4685,4877,BV1PpeBzQEdY,1,BV1iTYizFEgy,1,0.43767,2
4687,5560,BV1RbYGzoEBk,1,BV1TQctzLE3r,1,0.3822,3
4690,5097,BV1PDYGzCEf6,1,BV1srtuzsENP,1,0.41682,2
4691,4997,BV1C9YGz6EwJ,1,BV1X9tUzmERx,1,0.43066,1
4693,4988,BV1sDYGzkEjR,1,BV1BttSzsE8b,1,0.38652,2
4693,5725,BV1sDYGzkEjR,1,BV1kzvaBUE9u,1,0.43098,4
4694,5078,BV1aVYVzoE6P,1,BV1LxtwzHEey,2,0.44281,4
4694,5555,BV1aVYVzoE6P,1,BV1MXctzyE3n,1,0.41726,2
4695,4748,BV1aVYVzoE6P,2,BV1hZaEzMEZQ,1,0.61457,1
4695,5546,BV1aVYVzoE6P,2,BV1MiZHBHE2j,1,0.55001,3
4699,5303,BV1skYgzgE8W,1,BV1uAAPzUETn,1,0.3865,4
4700,4910,BV11xaUzrEF2,1,BV1qWbJzzE4c,1,0.52766,3
4701,5152,BV1zhaGzaENu,1,BV1tD8uzNEjv,1,0.4006,3
4705,5574,BV1TMahzcEAP,1,BV1GhFmzqE7M,1,0.38858,4
4705,5639,BV1TMahzcEAP,1,BV1uCzYB6EJo,1,0.56998,1
4707,4962,BV1FbYTzpEGq,1,BV1fqtdzkEtn,1,0.47464,3
4708,5179,BV1wiarzQEqe,1,BV1j9bmzXExr,1,0.52526,2
4708,5327,BV1wiarzQEqe,1,BV1S5iFBzE6f,1,0.49661,4
4708,5663,BV1wiarzQEqe,1,BV1E2rvBPEGV,1,0.42958,3
4711,4912,BV1bAhmzyEBY,1,BV1yLtSzYE3s,1,0.5341,1
4711,5453,BV1bAhmzyEBY,1,BV1qHfuBKEpV,1,0.4286,3
4712,5706,BV1tTaJzwEMu,1,BV1aZqMBKE6Z,1,0.49006,2
4713,4967,BV1rEbWzbEQN,1,BV1cGtozSE5v,1,0.44454,3
4713,5677,BV1rEbWzbEQN,1,BV1FGi9BrE3P,1,0.48346,1
4714,5708,BV1dYbGzJEwW,1,BV1QUvWB6Ery,1,0.46143,2
4715,5659,BV11gakztEkS,1,BV19YrpBWENY,1,0.48318,1
4716,4836,BV1xta8ztECP,1,BV1C1ejzxERZ,1,0.48542,4
4716,4911,BV1xta8ztECP,1,BV1MWtUzuEkJ,1,0.55657,1
4717,5205,BV1UrabzfEU7,1,BV1Gpg8zjEoZ,1,0.43113,1
4717,5355,BV1UrabzfEU7,1,BV1N3PHzFE38,1,0.48717,3
4718,4882,BV1VVarzqEso,1,BV1BDYbz2Eej,1,0.50224,1
4718,5366,BV1VVarzqEso,1,BV1LBP5ztEAP,1,0.49706,1
4718,5404,BV1VVarzqEso,1,BV1hhfzBrE5z,1,0.44077,3
4719,4753,BV1LaahzyExi,1,BV1sMa7zXEq5,1,0.41386,1
4721,5519,BV1eMatzYE27,1,BV17LFmzmEUg,1,0.43334,3
4723,5025,BV1FrYmziEKV,1,BV1j9bVzRE8j,1,0.37296,3
4723,5538,BV1FrYmziEKV,1,BV1MhzfByEiw,1,0.40838,1
4724,5675,BV1BZezz1EAG,1,BV1ZZr8BJE2q,1,0.33904,4
4725,4741,BV1DiYyzGEd8,1,BV14wgLzYEiJ,1,0.50403,4
4725,4751,BV1DiYyzGEd8,1,BV11ShozPEa1,1,0.70608,2
4725,5180,BV1DiYyzGEd8,1,BV1R3b1zCEm5,1,0.71318,1
4727,5206,BV1u6h1zrEdR,1,BV1V5gTzpERs,1,0.40923,1
4729,4738,BV1hKe1z1Ew9,1,BV1euazzaEt8,1,0.38555,4
4729,5348,BV1hKe1z1Ew9,1,BV1t2PczyEU8,1,0.41123,3
4730,5836,BV1SWh2z3EHt,1,BV1cJUfBsEZa,1,0.52285,1
4731,5316,BV1BAeyzZEm3,1,BV1uqw8z4EfC,1,0.50091,2
4731,5744,BV1BAeyzZEm3,1,BV1XjBjBFE79,1,0.48274,4
4733,4953,BV1ujazzoEJa,1,BV1rYtdzLEge,1,0.37414,4
4733,5737,BV1ujazzoEJa,1,BV1AWvWBZEE2,1,0.44058,2
4735,5460,BV19ZauzjEz3,1,BV1QJfGBPEDp,1,0.46055,4
4736,5645,BV1PCaVzVETV,1,BV1AxzzBjEeK,1,0.50616,3
4738,5329,BV1euazzaEt8,1,BV1mXfBBqEdt,1,0.36126,3
4739,5663,BV1e4aPzAEiu,1,BV1E2rvBPEGV,1,0.42496,4
4741,5788,BV14wgLzYEiJ,1,BV1oW2yBqE8f,1,0.4768,3
4743,5779,BV1S5aAzpEAy,1,BV1AyUTBjEB3,1,0.34984,3
4744,5292,BV1vYhizsEAd,1,BV1Gk3NzJEDy,1,0.45171,2
4744,5364,BV1vYhizsEAd,1,BV1MfBWByEj8,1,0.42767,4
4745,5347,BV16GaPzkEnD,1,BV1jgfqB7Eyx,1,0.43173,2
4745,5649,BV16GaPzkEnD,1,BV1RczjBPE4W,1,0.401,3
4745,5737,BV16GaPzkEnD,1,BV1AWvWBZEE2,1,0.42744,3
4746,4918,BV1b9a5zsE1R,1,BV19HbBzXEEg,1,0.36468,4
4747,5114,BV1PmaLzEEeN,1,BV1eghWzQEEQ,1,0.5454,4
4749,4760,BV1kaajz7EkA,1,BV1pAaVz6E5H,1,0.53537,1
4749,4836,BV1kaajz7EkA,1,BV1C1ejzxERZ,1,0.7259,1
4749,4911,BV1kaajz7EkA,1,BV1MWtUzuEkJ,1,0.63254,2
4749,5501,BV1kaajz7EkA,1,BV15yZ3BNE9A,1,0.57728,4
4749,5573,BV1kaajz7EkA,1,BV1CiFXzBEth,1,0.68697,2
4749,5672,BV1kaajz7EkA,1,BV13P6RB6E4U,1,0.5923,3
4749,5788,BV1kaajz7EkA,1,BV1oW2yBqE8f,1,0.48851,1
4751,4812,BV11ShozPEa1,1,BV1CDeXzZEWq,1,0.70337,4
4754,5048,BV1NQaJzwEf3,1,BV1QYtizCEeZ,1,0.37604,3
4755,4805,BV15JaVzfEHC,1,BV1zvhQzuEJj,1,0.57216,2
4755,5082,BV15JaVzfEHC,1,BV1kPtuzUECf,1,0.56242,3
4758,5271,BV17ShqzYEp8,1,BV1u8GHzxELB,1,0.41302,2
4759,5093,BV1WMhCzREfQ,1,BV1oV4dzNEas,1,0.42339,4
4760,4909,BV1pAaVz6E5H,1,BV1PPbBzKELz,1,0.49412,4
4761,5292,BV1HVhCzHEbu,1,BV1Gk3NzJEDy,1,0.53385,1
4763,5780,BV14FhCzcEQg,1,BV1VnmcByE4F,1,0.38927,2
4765,5066,BV1t4hvz6EpF,1,BV1YAthzfEK8,1,0.44877,2
4766,5401,BV1UGaGzyEum,1,BV1Q4ftByEsG,1,0.39035,1
4768,4903,BV1MphyzNEKz,1,BV1rjbYzQEnp,1,0.45666,1
4768,4953,BV1MphyzNEKz,1,BV1rYtdzLEge,1,0.38394,3
4768,5162,BV1MphyzNEKz,1,BV19dbRzeE77,1,0.56136,3
4768,5167,BV1MphyzNEKz,1,BV1HY38zaEJz,1,0.66231,1
4768,5562,BV1MphyzNEKz,1,BV1npcxz4ECs,1,0.44366,1
4770,4948,BV1cFvNzHEBD,1,BV1hBtSzmE9J,1,0.48155,3
4770,5574,BV1cFvNzHEBD,1,BV1GhFmzqE7M,1,0.39385,3
4770,5742,BV1cFvNzHEBD,1,BV1QYigBTEtk,1,0.38005,2
4773,4876,BV1eweBzNEzB,1,BV1M9ePzaEwW,1,0.45189,1
4774,4965,BV1t2hiz1EDD,1,BV1YdttzdEov,1,0.46073,1
4774,5647,BV1t2hiz1EDD,1,BV1LPzrBuESQ,1,0.3739,3
4776,4854,BV1wihvzeEbv,1,BV12tehzPEP8,1,0.42664,4
4776,5711,BV1wihvzeEbv,1,BV1jGibBeEBN,1,0.46353,2
4779,5000,BV1LCh9zrE5b,1,BV197bVzJEPc,1,0.46509,1
4779,5096,BV1LCh9zrE5b,1,BV1k6h5zgECV,1,0.42431,3
4782,4862,BV1MshdzYEg4,1,BV1GwYXzBERT,1,0.45105,2
4782,5406,BV1MshdzYEg4,1,BV1h1fiBeEJA,1,0.48171,1
4783,5090,BV1SPeoz1EiS,1,BV1dttPzoEgb,1,0.44928,2
4783,5504,BV1SPeoz1EiS,1,BV1DYZGBhE9g,1,0.46884,2
4783,5539,BV1SPeoz1EiS,1,BV1pEZEBKEYs,1,0.47964,3
4783,5699,BV1SPeoz1EiS,1,BV1suquBZEnC,1,0.43301,2
4785,5202,BV1SwbYzwE1x,1,BV1P3gfzjEwJ,1,0.4477,2
4787,5010,BV1EhhSzPEVy,1,BV1bytSzCEzA,1,0.4632,2
4787,5062,BV1EhhSzPEVy,1,BV1CgtVzcEwD,1,0.49519,2
4790,4791,BV1XdhvzSEc2,1,BV1XDhYzLEQg,1,0.4691,3
4792,5759,BV1SchizjEZi,1,BV1s322BsEXg,1,0.35579,4
4793,4926,BV1UyhozqECb,1,BV13rt4z7EV9,1,0.38826,4
4794,5665,BV1T8h2zMEwQ,1,BV1z2BDBqE11,1,0.32271,3
4795,4951,BV1ayeozEEna,1,BV1VQtqznE99,1,0.40151,2
4795,5385,BV1ayeozEEna,1,BV1RpftB7Eba,1,0.37436,4
4797,4813,BV19yemz4EPp,1,BV1vdeyzpEDy,1,0.45521,3
4797,5164,BV19yemz4EPp,1,BV1WSb9zSE6T,1,0.52663,1
4797,5739,BV19yemz4EPp,1,BV1QTvWBBEqU,1,0.46445,2
4798,4966,BV1PuhRz9EpC,1,BV1jntozVExy,1,0.46566,2
4798,5464,BV1PuhRz9EpC,1,BV1L4f3B6E46,1,0.50395,2
4798,5752,BV1PuhRz9EpC,1,BV1V1vvBGEDW,2,0.54223,1
4799,5552,BV1d5vTzUE5p,1,BV1cEZjBtEqF,1,0.57488,2
4800,5233,BV1B6ebz7Ep2,1,BV1mPuazGE74,1,0.45732,1
4801,4857,BV15rhQzNEz5,1,BV1w9YZzMErC,1,0.52201,1
4802,4870,BV1twhRzbEnk,1,BV172eMzXEwY,1,0.42915,4
4802,5225,BV1twhRzbEnk,1,BV1FTuUzLED8,1,0.54556,1
4803,5728,BV1yWhQz2EA4,1,BV1k7v9BVE8f,1,0.45664,2
4804,4825,BV19AhQzcEuq,1,BV1yVeozzEmC,1,0.56289,2
4804,4986,BV19AhQzcEuq,1,BV1PhhGzzExU,1,0.50968,3
4804,5288,BV19AhQzcEuq,1,BV1gB39zjEvv,1,0.41064,4
4804,5745,BV19AhQzcEuq,1,BV1QxiMBPExM,1,0.42916,3
4805,5248,BV1zvhQzuEJj,1,BV1weuJzNEwL,1,0.5089,4
4806,5537,BV1WCe2zuEPG,1,BV1Y2cnzvE5K,1,0.40138,2
4807,5779,BV1xjhSzCEVq,1,BV1AyUTBjEB3,1,0.43185,1
4808,4829,BV1GQh9zKEm1,1,BV1CivNzdEHT,1,0.52629,4
4809,5825,BV15Uh9zMEE1,1,BV1FPqGBfEE6,1,0.45524,1
4810,5653,BV1gShQzfES6,1,BV17ukFBvEax,1,0.50632,1
4811,5159,BV1chemzTEwy,1,BV18z8tzsEys,1,0.63363,1
4811,5433,BV1chemzTEwy,1,BV1c5Z5BpE4Z,1,0.70416,2
4813,4949,BV1vdeyzpEDy,1,BV1ratZz9Ekk,1,0.427,4
4814,4950,BV1UHvAztELq,1,BV14FtozZEzU,1,0.47683,1
4814,5650,BV1UHvAztELq,1,BV1QCkYBnEsM,1,0.38803,3
4815,4957,BV1M1h1zMEWc,1,BV1ZAtZzCEs5,1,0.34687,4
4815,5131,BV1M1h1zMEWc,1,BV1zKGgzGEAU,1,0.48803,3
4815,5479,BV1M1h1zMEWc,1,BV1YBZTBXENH,1,0.47744,2
4817,5173,BV1Cye2zBEAN,1,BV1Ed3MzTE6B,1,0.54267,1
4817,5245,BV1Cye2zBEAN,1,BV1mPu8zeEVb,1,0.51439,4
4818,5486,BV1JaemziEiK,1,BV1aPZuB9EUB,1,0.45158,4
4819,5047,BV1L8h1zEEbQ,1,BV1g7tUzVEfF,1,0.4892,1
4820,5302,BV14NeXz8Ei8,1,BV1Y6Pvz2EpF,1,0.41091,2
4821,5103,BV11KeXzZE5D,1,BV1Cqh5zGE17,1,0.55713,2
4821,5717,BV11KeXzZE5D,1,BV1o8ijBYEtY,1,0.55232,2
4823,5406,BV1WkeUzmE2E,1,BV1h1fiBeEJA,1,0.41078,2
4823,5664,BV1WkeUzmE2E,1,BV1Y86UBtEJm,1,0.41175,1
4826,5124,BV1uEeJzrEye,1,BV12k82zNEf8,1,0.47841,2
4827,4929,BV1bmepzEEg1,1,BV1Vgb8zFEqV,1,0.47143,1
4827,5078,BV1bmepzEEg1,1,BV1LxtwzHEey,2,0.49262,2
4828,5219,BV1ffvwzVErx,1,BV1jmuHzAE6g,1,0.46883,4
4829,4838,BV1CivNzdEHT,1,BV1QPeoz1Ear,1,0.59839,4
4830,4945,BV1XGvNzGEmJ,1,BV1z3bLzwEwR,1,0.42231,3
4831,5543,BV1wDvwzSE25,1,BV119ZEB3ESk,1,0.41201,4
4832,5138,BV1GTe4zAEut,1,BV1oShAzeEgR,1,0.37519,3
4833,5567,BV12heHz3Et7,1,BV1XbcYzvEXV,1,0.40549,4
4835,5422,BV1s2eEzYEmR,1,BV1cNZMBNEB8,1,0.38176,2
4836,4911,BV1C1ejzxERZ,1,BV1MWtUzuEkJ,1,0.64344,1
4836,5766,BV1C1ejzxERZ,1,BV1ewB9BNERe,1,0.52843,1
4837,5674,BV1L7YJzEEuz,1,BV1hy6RBGErh,1,0.33671,3
4838,5352,BV1QPeoz1Ear,1,BV1yBfUBoEzh,1,0.5993,3
4839,5397,BV1mweEzYE65,1,BV15eABzsECc,1,0.43911,1
4840,4981,BV1hiYWzQELK,1,BV1FDbKzyE96,1,0.46137,4
4841,5599,BV11KenzBEyR,1,BV1AokgBVEDi,1,0.6936,4
4843,5139,BV1r7enzcE48,1,BV1gG72zkEFk,1,0.36231,4
4844,4904,BV1Wneiz5EZ2,1,BV1tJYezVEzW,1,0.39456,1
4844,5207,BV1Wneiz5EZ2,1,BV1vEgazdEw5,1,0.45921,1
4847,5072,BV1cGezz7EcL,1,BV15jttzWENB,1,0.41605,3
4848,5423,BV1RNYRzVEBN,1,BV1CGfFBnEhq,1,0.45254,3
4848,5519,BV1RNYRzVEBN,1,BV17LFmzmEUg,1,0.56066,1
4850,5395,BV1kCevzzEZN,1,BV1QxPLzsEeX,1,0.46467,1
4851,4916,BV1MXeizpEpp,1,BV1VLbazeEV3,1,0.47578,3
4851,5296,BV1MXeizpEpp,1,BV1BNKcz8EsH,1,0.47345,4
4851,5607,BV1MXeizpEpp,1,BV14bfZBREEn,1,0.48831,3
4852,5305,BV18LebzvEo5,1,BV1P3NTzoECG,1,0.53267,1
4854,5506,BV12tehzPEP8,1,BV1X6Z8BSEGr,1,0.37382,1
4857,5301,BV1w9YZzMErC,1,BV14TAKzXEjc,1,0.47943,3
4859,5399,BV1wsYzzLEJc,1,BV1QVfkBSEYP,1,0.36893,4
4862,5382,BV1GwYXzBERT,1,BV1svADzGE5m,1,0.55382,2
4863,5296,BV1ehbYzGEo1,1,BV1BNKcz8EsH,1,0.47406,3
4865,5196,BV1vB7HzmEL9,1,BV1r38AzqE79,1,0.53199,2
4865,5741,BV1vB7HzmEL9,1,BV1vgtAznEKD,1,0.43412,1
4866,4900,BV1i3eGzPEdP,1,BV1EKbsz4Etq,1,0.4406,3
4866,5074,BV1i3eGzPEdP,1,BV1sNtpzxEpJ,1,0.33858,3
4866,5779,BV1i3eGzPEdP,1,BV1AyUTBjEB3,1,0.42061,3
4868,5056,BV1MxYSzsE4U,1,BV1PTbMzQE2s,1,0.46291,2
4869,5212,BV162eGzuEVz,1,BV1PjgbzhEo5,1,0.31756,2
4870,5225,BV172eMzXEwY,1,BV1FTuUzLED8,1,0.4513,3
4872,5440,BV1cVNvzFEs8,1,BV1nYZVBnEMQ,1,0.49405,3
4873,4881,BV1fneuzbE52,1,BV1XjY4zwEzh,1,0.41685,3
4873,5312,BV1fneuzbE52,1,BV1wPwvzsErR,1,0.42964,3
4873,5580,BV1fneuzbE52,1,BV1R8cczyEzy,2,0.43959,2
4874,5829,BV1eqe3z4Eca,1,BV1mk2kB2E1D,1,0.45619,1
4875,5065,BV17HTbzjEWT,1,BV1GktbzsEhs,1,0.5022,4
4875,5345,BV17HTbzjEWT,1,BV1vjAXzAESv,2,0.50267,1
4876,5374,BV1M9ePzaEwW,1,BV1WwcJz2Eiz,1,0.42628,1
4876,5529,BV1M9ePzaEwW,1,BV1iUcszSE7x,1,0.4475,3
4877,5322,BV1iTYizFEgy,1,BV1sjPxzGEy2,1,0.51162,3
4877,5752,BV1iTYizFEgy,1,BV1V1vvBGEDW,2,0.61619,3
4878,5134,BV1EaePz2EbL,1,BV1NX8EzREuk,1,0.52872,2
4879,5243,BV1azeFzxEJF,1,BV1HmuxzUEw2,1,0.86842,2
4879,5606,BV1azeFzxEJF,1,BV1qJFizLEHZ,2,0.86404,4
4880,5003,BV1gFtKzRE14,1,BV1eobVzXEnr,1,0.45414,2
4880,5201,BV1gFtKzRE14,1,BV1msgjziEyh,1,0.39793,3
4880,5244,BV1gFtKzRE14,1,BV1LDuHzcEni,1,0.42147,2
4880,5548,BV1gFtKzRE14,1,BV1oYcqzEEwZ,1,0.43276,4
4882,5511,BV1BDYbz2Eej,1,BV1ATZyBzEua,1,0.42956,3
4883,5555,BV1aRYsztE17,1,BV1MXctzyE3n,1,0.33134,4
4884,5426,BV1GhbhzeELZ,1,BV1ocfQBSEMW,1,0.38935,1
4887,5702,BV186b9zdEYc,1,BV18Zq6BxEA6,1,0.40852,1
4888,4909,BV14kYyzMEo4,1,BV1PPbBzKELz,1,0.50887,4
4889,4960,BV1odYJzHE4A,1,BV1GhbMzKEYV,1,0.539,2
4890,4925,BV1UdbtzSEwq,1,BV1EsbYzjEb2,1,0.47769,1
4892,5758,BV1TAY2zCE8E,1,BV1AyBCBdEPq,1,0.77164,4
4893,4968,BV1kfYqzVE1e,1,BV1K6tpzaEdj,1,0.35073,3
4893,5258,BV1kfYqzVE1e,1,BV1tfu7zuEEz,1,0.34949,4
4894,5286,BV1fYYrz2E8i,1,BV1Nx3CzyEJH,1,0.46011,2
4895,5664,BV1ohYqzaELD,1,BV1Y86UBtEJm,1,0.47389,3
4896,5115,BV1XvYqzfEwy,1,BV1s28ZzwERj,1,0.50481,1
4897,5280,BV1ZiYrz1EgZ,1,BV1Sc32ztEQp,1,0.43297,4
4898,5061,BV1ppYrzsEMQ,1,BV1M9bNzXEc6,1,0.57119,1
4898,5554,BV1ppYrzsEMQ,1,BV1vLcPzQEFB,1,0.56085,2
4900,4921,BV1EKbsz4Etq,1,BV1QBtSzmEHp,1,0.50204,1
4900,5578,BV1EKbsz4Etq,1,BV14zgazGETV,1,0.4603,3
4901,4916,BV1fPYizwEDN,1,BV1VLbazeEV3,1,0.43928,3
4902,5320,BV1t7YezyECM,1,BV1W3APzGExU,1,0.35418,3
4902,5405,BV1t7YezyECM,1,BV1jLfzBQEAi,1,0.36095,4
4906,5075,BV1Xk8RzTEZg,1,BV1fzt2zJER2,1,0.36224,2
4907,5183,BV1ndbJzmEME,1,BV1eJ8MzqEWP,1,0.4378,2
4907,5736,BV1ndbJzmEME,1,BV1bkvQBEEPk,1,0.4953,2
4908,5484,BV12MbWzKEo7,1,BV1FAZKBZEtk,1,0.45228,3
4908,5715,BV12MbWzKEo7,1,BV1PRivBFEwh,1,0.4031,3
4909,5560,BV1PPbBzKELz,1,BV1TQctzLE3r,1,0.49715,1
4910,5101,BV1qWbJzzE4c,1,BV1hVtGzgEEA,1,0.43985,4
4910,5221,BV1qWbJzzE4c,1,BV1LUu9zQERH,1,0.52152,1
4913,5467,BV1cYbEzyEm6,1,BV1FRZvB1EtR,1,0.45501,2
4914,5270,BV1phtZzxEzB,1,BV1QXKkzBEhr,1,0.41236,1
4914,5559,BV1phtZzxEzB,1,BV1HYcezQEQx,1,0.39303,3
4915,5056,BV1fFtZz1E2k,1,BV1PTbMzQE2s,1,0.48923,3
4916,5296,BV1VLbazeEV3,1,BV1BNKcz8EsH,1,0.50421,1
4916,5796,BV1VLbazeEV3,1,BV1eDq6BcEyh,1,0.47013,1
4917,5231,BV18obazvEfx,1,BV1bx31zpEjT,1,0.37483,4
4917,5669,BV18obazvEfx,1,BV1vcr6BuENM,1,0.49576,3
4920,5638,BV1zzb8zuEba,1,BV14ZztBREK8,1,0.55976,2
4921,5626,BV1QBtSzmEHp,1,BV1jA6iBbEtw,1,0.44338,2
4923,4989,BV1sRbvzeExH,1,BV1MatXzJEJa,1,0.43423,4
4923,5752,BV1sRbvzeExH,1,BV1V1vvBGEDW,2,0.55527,4
4924,5177,BV1HBbazUEBy,1,BV1qTgtzmEGt,1,0.61009,1
4925,5251,BV1EsbYzjEb2,1,BV1oguGziEAd,1,0.3998,4
4925,5455,BV1EsbYzjEb2,1,BV19jfGBKEVL,1,0.45989,3
4927,4937,BV14ubYz4Evc,1,BV1ZwtZz5ERU,1,0.37068,4
4927,5298,BV14ubYz4Evc,1,BV1W5f1B2EMe,1,0.45491,1
4927,5722,BV14ubYz4Evc,1,BV1FkvDB8EN5,1,0.4133,2
4928,5445,BV1HobYzsEkZ,1,BV1JoZZBkE9N,1,0.71256,3
4930,4981,BV1VNt9zoEAQ,1,BV1FDbKzyE96,1,0.46366,3
4930,5042,BV1VNt9zoEAQ,1,BV1ZmtUzQEnD,1,0.44833,4
4931,5313,BV1yxTtz9Ey6,1,BV1omANziEYA,1,0.47908,1
4931,5785,BV1yxTtz9Ey6,1,BV1vfBEBuE7o,1,0.42445,2
4932,5338,BV1khtdz2EvJ,1,BV1mScqzqE2X,1,0.40722,1
4932,5469,BV1khtdz2EvJ,1,BV1cdZqBXEUk,1,0.35266,3
4934,5108,BV1kQTKz4ErC,1,BV1hrhPzfEic,1,0.50805,2
4934,5752,BV1kQTKz4ErC,1,BV1V1vvBGEDW,2,0.47666,3
4935,5289,BV1ZftozjE2a,1,BV1DG3Xz5Ea5,1,0.37013,3
4937,5680,BV1ZwtZz5ERU,1,BV1aivQBpEcD,1,0.45589,1
4940,4942,BV1pV8qzPEzG,1,BV1vzt9zYEjf,1,0.41373,1
4940,4960,BV1pV8qzPEzG,1,BV1GhbMzKEYV,1,0.42102,4
4941,5049,BV1qytZz1E9d,1,BV1h7b3zrE9n,1,0.35842,3
4941,5095,BV1qytZz1E9d,1,BV1eWhuz2Eyi,1,0.40187,3
4941,5109,BV1qytZz1E9d,1,BV1JVhuzWEer,1,0.50656,1
4943,5246,BV12Zt9znEwz,1,BV1JDTVz3EPx,1,0.3579,3
4943,5674,BV12Zt9znEwz,1,BV1hy6RBGErh,1,0.41563,2
4945,5085,BV1z3bLzwEwR,1,BV1f8t6zwEDj,1,0.45755,1
4945,5379,BV1z3bLzwEwR,1,BV1kyArz5EJB,1,0.46351,1
4945,5596,BV1z3bLzwEwR,1,BV1JPFEzYELd,1,0.39624,4
4954,5114,BV1rYtdzLEee,1,BV1eghWzQEEQ,1,0.4346,4
4954,5290,BV1rYtdzLEee,1,BV1oq38zfERx,1,0.41308,4
4954,5822,BV1rYtdzLEee,1,BV1GtqjBfEV1,1,0.45008,1
4955,5261,BV1VWtRzYEeJ,1,BV1fTuGzBED1,1,0.43198,2
4958,5538,BV1vytZz1ERZ,1,BV1MhzfByEiw,1,0.49942,1
4960,4995,BV1GhbMzKEYV,1,BV1J4b5zAEhk,1,0.59971,2
4960,5717,BV1GhbMzKEYV,1,BV1o8ijBYEtY,1,0.51522,3
4960,5806,BV1GhbMzKEYV,1,BV1Pd2vBREWh,1,0.4691,4
4962,5435,BV1fqtdzkEtn,1,BV1YfZ6B7E1A,1,0.46019,4
4962,5457,BV1fqtdzkEtn,1,BV1r5f3BUEtk,1,0.4839,1
4963,5204,BV12Jt9zjEj2,1,BV1fpgbzxEZJ,1,0.47261,3
4963,5334,BV12Jt9zjEj2,1,BV1bgwizuEvT,1,0.38021,4
4963,5508,BV12Jt9zjEj2,1,BV1nGZvB5E8P,1,0.44904,1
4963,5789,BV12Jt9zjEj2,1,BV1vqBMBCETk,1,0.46292,4
4967,4995,BV1cGtozSE5v,1,BV1J4b5zAEhk,1,0.58125,2
4968,5511,BV1K6tpzaEdj,1,BV1ATZyBzEua,1,0.44942,1
4969,5057,BV1K6tpzaEdj,2,BV1Hib3zbEkY,1,0.39351,2
4969,5223,BV1K6tpzaEdj,2,BV1B8Etz3EBS,1,0.36989,4
4971,5447,BV1eetSznEc8,1,BV1SpfGBwEtc,1,0.35484,3
4972,5108,BV1deb5z4EWf,1,BV1hrhPzfEic,1,0.4175,4
4973,5088,BV1bQt9zsEqA,1,BV194hnzVEmk,1,0.45243,4
4973,5779,BV1bQt9zsEqA,1,BV1AyUTBjEB3,1,0.40915,4
4974,5363,BV1qxtSzdEnV,1,BV1MbPPz9ERz,1,0.37193,4
4974,5515,BV1qxtSzdEnV,1,BV1seZQBPE2j,1,0.4347,4
4975,5512,BV1bDtQz7E13,1,BV1RGZQBEEtf,1,0.40306,4
4978,5012,BV1JEtozyEFF,1,BV1nEh3zZEVV,1,0.51564,3
4978,5139,BV1JEtozyEFF,1,BV1gG72zkEFk,1,0.54082,3
4979,5101,BV1j7tRzqEuq,1,BV1hVtGzgEEA,1,0.44132,3
4981,5021,BV1FDbKzyE96,1,BV1P7b5zuEjC,1,0.46039,1
4982,4985,BV1NCtRzSEKa,1,BV161t8z3E8T,1,0.53305,1
4982,5295,BV1NCtRzSEKa,1,BV1FCgzzXEaQ,1,0.48789,2
4983,5123,BV1WctRzEESc,1,BV1C588zJEqA,1,0.38246,3
4984,5116,BV1KBtXzLEtp,1,BV1Wf8CzoEUG,1,0.52389,3
4984,5445,BV1KBtXzLEtp,1,BV1JoZZBkE9N,1,0.65892,1
4984,5458,BV1KBtXzLEtp,1,BV1vdZ6BJETa,1,0.3534,4
4988,5621,BV1BttSzsE8b,1,BV17fz6BkEgz,1,0.3684,4
4988,5780,BV1BttSzsE8b,1,BV1VnmcByE4F,1,0.36921,3
4989,5485,BV1MatXzJEJa,1,BV1y9F6zBE6H,1,0.51739,1
4990,5259,BV1LetBzQE3a,1,BV13LMfzdEim,1,0.57713,1
4991,5083,BV1AYt2zsEBe,1,BV1J6hHzWEE1,1,0.55098,2
4991,5115,BV1AYt2zsEBe,1,BV1s28ZzwERj,1,0.43638,4
4991,5811,BV1AYt2zsEBe,1,BV1hDqBBpE1q,1,0.61695,2
4992,5096,BV1sDtSzzE9Q,1,BV1k6h5zgECV,1,0.40929,1
4992,5823,BV1sDtSzzE9Q,1,BV1NLmRBmE39,1,0.37055,3
4995,5367,BV1J4b5zAEhk,1,BV138fzBGEpn,1,0.52613,3
4995,5499,BV1J4b5zAEhk,1,BV1gBZABTE82,1,0.62809,1
4996,5378,BV1FEtmz9Ek5,1,BV1jiAQzhE7d,1,0.40787,3
4996,5812,BV1FEtmz9Ek5,1,BV1JJmzBfEUY,1,0.60154,3
5001,5162,BV1kDhnzoEDj,1,BV19dbRzeE77,1,0.55791,4
5001,5167,BV1kDhnzoEDj,1,BV1HY38zaEJz,1,0.68661,1
5001,5393,BV1kDhnzoEDj,1,BV1s3ZNBYE24,1,0.56126,3
5002,5558,BV1Wib3zbEp5,1,BV1iHk4B3ETs,1,0.45246,2
5005,5412,BV1DvbMzaESm,1,BV1FUfqBHEd8,1,0.50585,1
5009,5775,BV1RZtXzhE8D,1,BV1qrBGB4Ewe,1,0.39812,2
5010,5236,BV1bytSzCEzA,1,BV1YVgNzLEa6,1,0.46896,1
5010,5252,BV1bytSzCEzA,1,BV1zYuPzUE9C,1,0.42056,3
5010,5405,BV1bytSzCEzA,1,BV1jLfzBQEAi,1,0.38339,1
5013,5642,BV11GtQzVEmy,1,BV1Msz3BVEDx,1,0.40882,4
5013,5846,BV11GtQzVEmy,1,BV1UWUxBkEW5,1,0.43171,1
5014,5051,BV1wPbVzFEn7,1,BV1A5bGzYEfR,1,0.42847,4
5015,5500,BV1VBb5zRERb,1,BV1xFZyB5EbG,1,0.36477,1
5017,5318,BV1zQbPzNECW,1,BV1S3BgBuEX3,1,0.46408,1
5018,5603,BV1qjbLzZEP4,1,BV12pFjzrEC1,1,0.41421,2
5022,5229,BV1MSb5z7EDv,1,BV1KrKnzqEUN,1,0.46232,3
5022,5482,BV1MSb5z7EDv,1,BV1E5cHzjEfW,1,0.51207,1
5022,5577,BV1MSb5z7EDv,1,BV1GYcczCEUE,1,0.42463,4
5022,5691,BV1MSb5z7EDv,1,BV1qdveB1EXy,1,0.38237,3
5023,5272,BV1aBtSzmEMr,1,BV1diG3zrEGb,1,0.43077,4
5024,5482,BV1nkb3zsEhX,1,BV1E5cHzjEfW,1,0.38133,3
5025,5778,BV1j9bVzRE8j,1,BV1fkBNBkEoC,1,0.36733,4
5027,5555,BV1i3bVzWEXA,1,BV1MXctzyE3n,1,0.39309,4
5027,5838,BV1i3bVzWEXA,1,BV1SRmwBgEJE,1,0.44158,2
5028,5308,BV1Lv4RzwE4D,1,BV12qksBpEG1,1,0.53217,1
5028,5804,BV1Lv4RzwE4D,1,BV15vq1B2E1x,1,0.48198,2
5029,5168,BV1gitwzyEKD,1,BV1hF8TzhEL6,1,0.37744,3
5029,5461,BV1gitwzyEKD,1,BV1waZiBnE81,1,0.50779,4
5029,5655,BV1gitwzyEKD,1,BV1yEkcB7EKP,1,0.52959,3
5031,5070,BV1VqbGzmEXA,1,BV1Wd4RzmELG,1,0.49462,1
5032,5539,BV1LithzTEUB,1,BV1pEZEBKEYs,1,0.41606,3
5033,5226,BV1yFbLzzEvU,1,BV1DeGNzmEgL,1,0.56137,3
5033,5433,BV1yFbLzzEvU,1,BV1c5Z5BpE4Z,1,0.72181,3
5034,5521,BV1dFtJzwEc1,1,BV1AJZXBYE8s,1,0.52364,2
5035,5802,BV1V2hbzYEFA,1,BV12c2JBjEjM,2,0.55189,1
5036,5662,BV1C7tSzwETJ,1,BV1sHrMBvE2g,1,0.41203,2
5036,5759,BV1C7tSzwETJ,1,BV1s322BsEXg,1,0.39809,1
5038,5152,BV1iKbuz3Ezv,1,BV1tD8uzNEjv,1,0.45443,3
5040,5774,BV1Beb5ztEjQ,1,BV1GtB1BLEdz,1,0.50065,2
5041,5749,BV1yLtSzYEHv,1,BV1wVv6BzEBR,1,0.93517,2
5042,5127,BV1ZmtUzQEnD,1,BV1gY82zGEeC,1,0.34126,4
5042,5163,BV1ZmtUzQEnD,1,BV1WN8AzrE2i,1,0.49917,3
5043,5060,BV1Fsb5zeEmq,1,BV147bNz7E4X,1,0.46112,2
5043,5453,BV1Fsb5zeEmq,1,BV1qHfuBKEpV,1,0.45941,4
5044,5535,BV1Cib3zbExf,1,BV1LkFxzSEk5,1,0.56714,3
5044,5581,BV1Cib3zbExf,1,BV1SicgzaEzL,1,0.55736,2
5046,5240,BV1LobVzXEhy,1,BV1KNuazkEva,1,0.40492,3
5048,5066,BV1QYtizCEeZ,1,BV1YAthzfEK8,1,0.4435,4
5050,5487,BV17qbNzeEGr,1,BV1y6ZMBgEc2,1,0.51867,4
5050,5633,BV17qbNzeEGr,1,BV1Vkz5BbEgz,1,0.49779,4
5050,5839,BV17qbNzeEGr,1,BV18TUQBJERZ,1,0.56398,3
5052,5729,BV1fobKzzEhh,1,BV1JZvfBHEqt,1,0.40891,3
5053,5180,BV19hbMzNEAV,1,BV1R3b1zCEm5,1,0.64551,1
5053,5757,BV19hbMzNEAV,1,BV1Sgm3BwEh5,1,0.61754,2
5055,5809,BV12ebPz2E33,1,BV1BdBFBbE7H,1,0.48211,4
5057,5164,BV1Hib3zbEkY,1,BV1WSb9zSE6T,1,0.53476,2
5057,5348,BV1Hib3zbEkY,1,BV1t2PczyEU8,1,0.51277,4
5057,5659,BV1Hib3zbEkY,1,BV19YrpBWENY,1,0.44546,3
5059,5071,BV1GctbzWEqt,1,BV1kZtBzNEeu,1,0.34549,3
5059,5615,BV1GctbzWEqt,1,BV1Ty6tBtEDe,1,0.40811,3
5059,5648,BV1GctbzWEqt,1,BV15MzrBiEHh,1,0.4189,1
5059,5762,BV1GctbzWEqt,1,BV1D3vqBVEtW,1,0.41389,2
5061,5554,BV1M9bNzXEc6,1,BV1vLcPzQEFB,1,0.52638,2
5063,5165,BV1mYbPz7Ee7,1,BV1EqgWzrECV,1,0.43723,1
5064,5082,BV1BmbwzFEaU,1,BV1kPtuzUECf,1,0.54568,1
5066,5087,BV1YAthzfEK8,1,BV1SntqzrEF2,1,0.60657,3
5066,5382,BV1YAthzfEK8,1,BV1svADzGE5m,1,0.64016,3
5066,5519,BV1YAthzfEK8,1,BV17LFmzmEUg,1,0.58428,4
5066,5655,BV1YAthzfEK8,1,BV1yEkcB7EKP,1,0.55047,3
5069,5318,BV1xbtAzME84,1,BV1S3BgBuEX3,1,0.42785,4
5070,5406,BV1Wd4RzmELG,1,BV1h1fiBeEJA,1,0.56252,4
5072,5688,BV15jttzWENB,1,BV171vrBiEX6,1,0.41335,4
5076,5369,BV1jCt2zmEk5,1,BV1N3cqzeEzr,1,0.43114,2
5079,5188,BV1yNt1z9ECt,1,BV1BU8Mz2Eka,1,0.38501,2
5080,5561,BV1pytCzJEkP,1,BV1REcbzdEcf,1,0.39893,4
5080,5702,BV1pytCzJEkP,1,BV18Zq6BxEA6,1,0.39456,4
5081,5678,BV1PDtizAEYR,1,BV1MDrPBFEnB,1,0.56174,3
5082,5808,BV1kPtuzUECf,1,BV1npmrBvEVu,1,0.39262,4
5086,5597,BV1i5tzzWEAn,1,BV1fmFCzuEfm,1,0.59111,1
5088,5625,BV194hnzVEmk,1,BV1NuzgBvEWJ,1,0.56488,1
5088,5692,BV194hnzVEmk,1,BV1y7v9BVEvA,1,0.47522,3
5091,5556,BV1cxtMz1E6Z,1,BV1eXzeBpEQB,1,0.51326,1
5092,5724,BV19MtAzQEfk,1,BV1MhvpBPEi6,1,0.50053,1
5093,5530,BV1oV4dzNEas,1,BV1ihcqzDEJn,1,0.46031,1
5094,5484,BV1W1huzaEok,1,BV1FAZKBZEtk,1,0.42943,2
5097,5232,BV1srtuzsENP,1,BV1XbMdzJENY,1,0.45649,1
5097,5826,BV1srtuzsENP,1,BV1wZUfBbEs2,1,0.60091,1
5097,5843,BV1srtuzsENP,1,BV18LmSBGEbY,1,0.50729,3
5098,5534,BV1e1tgz6EDM,1,BV1xFcMzJEXm,1,0.40585,2
5102,5184,BV1f5t3zSEcC,1,BV1bzgLzMEUx,1,0.44425,4
5102,5371,BV1f5t3zSEcC,1,BV18wf1BRE1i,2,0.34094,3
5103,5479,BV1Cqh5zGE17,1,BV1YBZTBXENH,1,0.45779,3
5103,5806,BV1Cqh5zGE17,1,BV1Pd2vBREWh,1,0.4724,3
5104,5360,BV1t8hxz2EBW,1,BV1kmZgBVEvv,1,0.5138,1
5105,5290,BV1YMgxzuEZ7,1,BV1oq38zfERx,1,0.4717,1
5105,5805,BV1YMgxzuEZ7,1,BV1cZqrBLEJR,1,0.37524,4
5106,5232,BV1KkhuzeEBf,1,BV1XbMdzJENY,1,0.35272,4
5106,5587,BV1KkhuzeEBf,1,BV17vFZzyEvp,1,0.47183,2
5109,5317,BV1JVhuzWEer,1,BV1R1AczHEwL,1,0.41749,1
5111,5371,BV1gmhPzdEKa,1,BV18wf1BRE1i,2,0.34264,2
5112,5691,BV1QM81zzE15,1,BV1qdveB1EXy,1,0.36599,4
5117,5253,BV1b8htzsEAh,1,BV1GruwziErn,1,0.46876,1
5117,5586,BV1b8htzsEAh,1,BV1KTcczhE4y,1,0.47431,1
5117,5692,BV1b8htzsEAh,1,BV1y7v9BVEvA,1,0.47208,3
5118,5212,BV1ywh8zHEZd,1,BV1PjgbzhEo5,1,0.31846,1
5120,5741,BV1tZh7zxEF1,1,BV1vgtAznEKD,1,0.36485,1
5121,5134,BV1pqhWzPEgv,1,BV1NX8EzREuk,1,0.67417,4
5121,5470,BV1pqhWzPEgv,1,BV1HVZqBHE1a,1,0.60045,4
5121,5677,BV1pqhWzPEgv,1,BV1FGi9BrE3P,1,0.65564,3
5121,5756,BV1pqhWzPEgv,1,BV1gHBjBoE6A,1,0.47381,1
5123,5702,BV1C588zJEqA,1,BV18Zq6BxEA6,1,0.39063,1
5125,5343,BV1SK88zREu2,1,BV18AfsBeEtM,1,0.41112,2
5125,5394,BV1SK88zREu2,1,BV1JKA8zrEfC,1,0.40436,2
5126,5222,BV1uu411i7D2,1,BV18Ju9zrEhm,1,0.66538,1
5126,5281,BV1uu411i7D2,1,BV18qG5zqEGC,1,0.55601,3
5126,5382,BV1uu411i7D2,1,BV1svADzGE5m,1,0.62602,4
5126,5750,BV1uu411i7D2,1,BV1UTmFBeEXn,1,0.62984,1
5127,5602,BV1gY82zGEeC,1,BV163FizDELA,1,0.34868,3
5127,5608,BV1gY82zGEeC,1,BV1zjFiz7EVp,1,0.37798,1
5133,5245,BV1wP8kz1ETC,1,BV1mPu8zeEVb,1,0.48055,1
5133,5679,BV1wP8kz1ETC,1,BV14CraBBEpp,1,0.44159,4
5134,5461,BV1NX8EzREuk,1,BV1waZiBnE81,1,0.62592,1
5134,5500,BV1NX8EzREuk,1,BV1xFZyB5EbG,1,0.45485,4
5134,5588,BV1NX8EzREuk,1,BV1zLFPzZE41,1,0.53693,3
5134,5677,BV1NX8EzREuk,1,BV1FGi9BrE3P,1,0.66063,2
5134,5690,BV1NX8EzREuk,1,BV1BerKBUENt,1,0.51849,2
5134,5780,BV1NX8EzREuk,1,BV1VnmcByE4F,1,0.59582,1
5136,5238,BV1AzhAzGEoD,1,BV1bV3Ez2Eyk,1,0.3747,4
5147,5379,BV1PQ8Dz1Ea1,1,BV1kyArz5EJB,1,0.45778,4
5148,5466,BV19v8jztEVg,1,BV1QXZsBKESy,1,0.43735,4
5150,5548,BV1dEbSzsE8s,1,BV1oYcqzEEwZ,1,0.4755,4
5150,5678,BV1dEbSzsE8s,1,BV1MDrPBFEnB,1,0.49198,2
5151,5783,BV1uF85zyEFA,1,BV1KzmcBaEqu,1,0.38738,2
5153,5497,BV1gdbXzoEEN,1,BV1EGZkBtE3m,1,0.43966,3
5154,5396,BV18383zzEPw,1,BV1vRAzzfEGy,1,0.43809,4
5154,5509,BV18383zzEPw,1,BV1tcZqB8Ea3,1,0.52328,3
5156,5333,BV1Kb84zVEKh,1,BV1VfwyzBEFL,1,0.59805,2
5156,5530,BV1Kb84zVEKh,1,BV1ihcqzDEJn,1,0.6914,1
5158,5445,BV1FG8WztELD,1,BV1JoZZBkE9N,1,0.65016,3
5159,5352,BV18z8tzsEys,1,BV1yBfUBoEzh,1,0.62044,3
5160,5196,BV1t5bUzuEVY,1,BV1r38AzqE79,1,0.49463,3
5162,5167,BV19dbRzeE77,1,BV1HY38zaEJz,1,0.5686,2
5163,5463,BV1WN8AzrE2i,1,BV1cpZXBhEZ2,2,0.48905,1
5164,5420,BV1WSb9zSE6T,1,BV1WbfJB3ENL,1,0.57512,2
5165,5603,BV1EqgWzrECV,1,BV12pFjzrEC1,1,0.40843,4
5166,5258,BV15wgczTEGq,1,BV1tfu7zuEEz,1,0.33488,3
5168,5520,BV1hF8TzhEL6,1,BV1DrZDBzEW3,1,0.36026,3
5170,5570,BV1mpu9zzEQ7,1,BV1B7cgzyEEk,1,0.34719,3
5171,5299,BV1z1bCzkEce,1,BV14tA5z3Epo,1,0.46341,1
5171,5522,BV1z1bCzkEce,1,BV1evFkzbEyv,1,0.37771,2
5174,5613,BV1iubCzTEmL,1,BV1oM6hBUEfY,1,0.4182,1
5174,5781,BV1iubCzTEmL,1,BV1mEBGBGEho,1,0.39678,3
5175,5721,BV1Sp8MzeEqa,1,BV1jziuB5E7X,1,0.3931,4
5176,5812,BV1hbuUzcEFk,1,BV1JJmzBfEUY,1,0.47046,4
5179,5355,BV1j9bmzXExr,1,BV1N3PHzFE38,1,0.61267,1
5182,5681,BV1wTgpzVEJT,1,BV1bUvYBaEsK,1,0.3831,1
5183,5460,BV1eJ8MzqEWP,1,BV1QJfGBPEDp,1,0.44099,1
5184,5548,BV1bzgLzMEUx,1,BV1oYcqzEEwZ,1,0.62954,1
5186,5424,BV18K8uzNEgU,1,BV1LEfTB8EmQ,1,0.44606,2
5188,5502,BV1BU8Mz2Eka,1,BV19oZKBDEBM,1,0.38074,3
5189,5454,BV1WVbyzWEJu,1,BV1HGfuBGEEc,1,0.33647,4
5189,5838,BV1WVbyzWEJu,1,BV1SRmwBgEJE,1,0.4446,1
5191,5296,BV1H5gLzsEJq,1,BV1BNKcz8EsH,1,0.36734,2
5192,5404,BV1g4bozAENs,1,BV1hhfzBrE5z,1,0.46042,1
5193,5441,BV1hybZzzEar,1,BV1WwFpznEZQ,1,0.45205,3
5194,5714,BV1yCgpzmEy2,1,BV1NXqFBBEfH,1,0.46305,3
5195,5704,BV1mc8Az5Eur,1,BV12iSeB8EF4,1,0.42679,1
5195,5719,BV1mc8Az5Eur,1,BV16QikB5ECA,1,0.42002,1
5196,5743,BV1r38AzqE79,1,BV12Wi3BAEud,1,0.40131,3
5199,5313,BV1Js3WzCE43,1,BV1omANziEYA,1,0.37404,2
5200,5624,BV1Jzg5zJE6u,1,BV1AV6zBEEw3,1,0.39624,1
5204,5322,BV1fpgbzxEZJ,1,BV1sjPxzGEy2,1,0.52531,1
5204,5765,BV1fpgbzxEZJ,1,BV1tSBQBsEeo,1,0.56048,2
5204,5791,BV1fpgbzxEZJ,1,BV1bjqSBLEUu,1,0.37169,4
5205,5740,BV1Gpg8zjEoZ,1,BV1hTiTBtEza,1,0.40745,3
5207,5747,BV1vEgazdEw5,1,BV1vXiPBFEkR,1,0.63294,1
5208,5710,BV1qBjSztEW9,1,BV1tVqmBzEPm,1,0.49342,2
5209,5224,BV1tvgezXE6c,1,BV1X4uUzhEJP,1,0.36958,2
5210,5314,BV1vtgizKEvq,1,BV1KawWziEUT,1,0.42434,3
5211,5598,BV1LXudzoEd4,1,BV1okFAznEJU,1,0.47899,2
5211,5845,BV1LXudzoEd4,1,BV14hm9BmESR,1,0.4907,1
5213,5537,BV1LQudztE1E,1,BV1Y2cnzvE5K,1,0.41839,2
5213,5610,BV1LQudztE1E,1,BV15FFYzaEEW,1,0.4709,2
5214,5550,BV1WzuZz5EuE,1,BV13dZLBVEsV,1,0.36213,2
5216,5623,BV1VRudzxESE,1,BV1g26CBGEax,1,0.37767,3
5216,5643,BV1VRudzxESE,1,BV1iukaBREGK,1,0.39537,2
5222,5615,BV18Ju9zrEhm,1,BV1Ty6tBtEDe,1,0.54508,1
5225,5452,BV1FTuUzLED8,1,BV1W3f3BDEpg,1,0.38226,2
5227,5511,BV1jZM9zQEBg,1,BV1ATZyBzEua,1,0.45172,1
5228,5313,BV1rEg6zZEQf,1,BV1omANziEYA,1,0.34799,3
5229,5691,BV1KrKnzqEUN,1,BV1qdveB1EXy,1,0.38486,1
5235,5272,BV1hVKhziE6k,1,BV1diG3zrEGb,1,0.36894,2
5235,5701,BV1hVKhziE6k,1,BV1QKqPBsEes,1,0.35856,4
5238,5751,BV1bV3Ez2Eyk,1,BV1V1vvBGEDW,1,0.54592,2
5239,5490,BV19sutzGEof,1,BV1y9ZDBhEtZ,1,0.40462,3
5242,5449,BV1D9ubz3Ep8,1,BV1TYf5BPEX2,1,0.41832,3
5246,5769,BV1JDTVz3EPx,1,BV1afBtBcE6k,1,0.3937,1
5247,5703,BV133GVziEhM,1,BV14MquBbExk,1,0.45894,2
5249,5564,BV1sXuazzE6R,1,BV1SWc4zyEdq,1,0.61794,1
5254,5682,BV16KMQzUE2W,1,BV1vRrNBLESp,1,0.45977,1
5254,5835,BV16KMQzUE2W,1,BV1oYmRBNE4Z,1,0.47889,3
5254,5844,BV16KMQzUE2W,1,BV1Gfm9BbERE,1,0.47786,4
5256,5380,BV1v5MQzVESs,1,BV1tvAaz8EV6,1,0.37153,1
5256,5662,BV1v5MQzVESs,1,BV1sHrMBvE2g,1,0.36151,4
5258,5473,BV1tfu7zuEEz,1,BV1JQcMzCEhb,1,0.37192,2
5261,5333,BV1fTuGzBED1,1,BV1VfwyzBEFL,1,0.4119,4
5261,5486,BV1fTuGzBED1,1,BV1aPZuB9EUB,1,0.4252,3
5262,5620,BV1DouMzUEd5,1,BV1RrkxBBEYc,1,0.39113,4
5263,5749,BV1M9MXziEQz,1,BV1wVv6BzEBR,1,0.96051,1
5266,5399,BV1zVGAzsEni,1,BV1QVfkBSEYP,1,0.48052,2
5266,5611,BV1zVGAzsEni,1,BV1VoF8zdE61,1,0.52531,3
5267,5709,BV1DXuKzCEtn,1,BV1FxvkBuEGD,1,0.43522,2
5268,5441,BV1yQ3vz9EZu,1,BV1WwFpznEZQ,1,0.34599,2
5270,5420,BV1QXKkzBEhr,1,BV1WbfJB3ENL,1,0.4452,4
5271,5575,BV1u8GHzxELB,1,BV1GycTz8Eka,1,0.39182,3
5273,5325,BV15xN2zSEBC,1,BV1m9AJzZE42,1,0.49292,1
5274,5669,BV1vr3jzUEzN,1,BV1vcr6BuENM,1,0.44504,3
5275,5562,BV1b9GwzMEmj,1,BV1npcxz4ECs,1,0.33566,4
5278,5773,BV1YT3uzfEWd,1,BV1udBWB2E8T,1,0.45773,2
5280,5391,BV1Sc32ztEQp,1,BV11zPLz1ENH,1,0.41276,2
5281,5342,BV18qG5zqEGC,1,BV154S4BWEKe,1,0.42407,4
5282,5388,BV1iZGHzTE83,1,BV1CQfCBCEou,1,0.36016,4
5285,5666,BV1Ah3Cz3Evs,1,BV1EN6QBGEXC,1,0.39304,1
5287,5628,BV17Q3izCEL7,1,BV1Qt6vBHEb4,1,0.40832,3
5288,5653,BV1gB39zjEvv,1,BV17ukFBvEax,1,0.41069,3
5290,5427,BV1oq38zfERx,1,BV1hEfcBKEXu,1,0.3924,2
5294,5344,BV1magXzqEfy,1,BV1vjAXzAESv,1,0.45955,3
5295,5310,BV1FCgzzXEaQ,1,BV1LEwAzREk3,1,0.52901,1
5295,5654,BV1FCgzzXEaQ,1,BV1kDrCBaEg7,1,0.41024,3
5296,5456,BV1BNKcz8EsH,1,BV1ouZ6BDE6z,1,0.38373,3
5299,5840,BV14tA5z3Epo,1,BV1th2LBgEgk,1,0.44954,2
5301,5714,BV14TAKzXEjc,1,BV1NXqFBBEfH,1,0.4659,3
5302,5665,BV1Y6Pvz2EpF,1,BV1z2BDBqE11,1,0.39081,4
5302,5723,BV1Y6Pvz2EpF,1,BV1mvBXBXEKp,1,0.40795,4
5302,5727,BV1Y6Pvz2EpF,1,BV1q1ieBjErm,1,0.45224,1
5303,5680,BV1uAAPzUETn,1,BV1aivQBpEcD,1,0.40172,3
5306,5523,BV13UAkzhEPa,1,BV1K2FLzTE5M,1,0.45093,2
5306,5588,BV13UAkzhEPa,1,BV1zLFPzZE41,1,0.49116,3
5307,5756,BV1mSwRzsEVV,1,BV1gHBjBoE6A,1,0.36702,4
5308,5538,BV12qksBpEG1,1,BV1MhzfByEiw,1,0.4931,2
5309,5780,BV1BVwUzREDd,1,BV1VnmcByE4F,1,0.33879,3
5310,5630,BV1LEwAzREk3,1,BV1urzyBrE9Q,1,0.34918,3
5311,5406,BV1LkAczsEb1,1,BV1h1fiBeEJA,1,0.51806,4
5312,5393,BV1wPwvzsErR,1,BV1s3ZNBYE24,1,0.45343,1
5316,5751,BV1uqw8z4EfC,1,BV1V1vvBGEDW,1,0.63256,1
5319,5370,BV161wyz7E9V,1,BV18wf1BRE1i,1,0.38507,3
5319,5607,BV161wyz7E9V,1,BV14bfZBREEn,1,0.38077,4
5319,5660,BV161wyz7E9V,1,BV1nRrnBhE9Z,1,0.36947,2
5322,5358,BV1sjPxzGEy2,1,BV1kHPqzqEjW,2,0.48742,4
5324,5400,BV1JJwuzEEiV,1,BV1cYfbBhEnS,1,0.44927,4
5325,5433,BV1m9AJzZE42,1,BV1c5Z5BpE4Z,1,0.54263,3
5325,5823,BV1m9AJzZE42,1,BV1NLmRBmE39,1,0.48848,1
5327,5807,BV1S5iFBzE6f,1,BV1qjqqBoEfD,1,0.51862,3
5328,5564,BV1tBNAzQE4x,1,BV1SWc4zyEdq,1,0.66412,1
5329,5600,BV1mXfBBqEdt,1,BV1SKFkzEEzp,1,0.38967,1
5330,5448,BV18Rw4z7E1o,1,BV1XQfgBeEGT,1,0.38778,4
5333,5543,BV1VfwyzBEFL,1,BV119ZEB3ESk,1,0.46255,1
5334,5376,BV1bgwizuEvT,1,BV1qVAXzNEJU,1,0.34015,4
5335,5470,BV1nufzBdEKu,1,BV1HVZqBHE1a,1,0.51533,2
5337,5665,BV13MNwzWEzT,1,BV1z2BDBqE11,1,0.35407,3
5338,5770,BV1mScqzqE2X,1,BV1gqmNBJESB,1,0.45612,3
5338,5794,BV1mScqzqE2X,1,BV1TcqzB2Eqf,1,0.41195,1
5340,5409,BV1o1Paz1ErB,1,BV1sXfiBfEBh,1,0.51996,1
5342,5581,BV154S4BWEKe,1,BV1SicgzaEzL,1,0.45546,1
5348,5373,BV1t2PczyEU8,1,BV1qpAfzpEYW,1,0.548,2
5355,5637,BV1N3PHzFE38,1,BV1KozxBmE9G,1,0.60804,1
5358,5605,BV1kHPqzqEjW,2,BV1qJFizLEHZ,1,0.57775,3
5364,5501,BV1MfBWByEj8,1,BV15yZ3BNE9A,1,0.49104,2
5365,5517,BV1UwPgziEAT,1,BV1otZDBEEBm,1,0.33366,4
5366,5404,BV1LBP5ztEAP,1,BV1hhfzBrE5z,1,0.42016,4
5366,5660,BV1LBP5ztEAP,1,BV1nRrnBhE9Z,1,0.34478,4
5366,5819,BV1LBP5ztEAP,1,BV1YAqVBEEEk,1,0.41929,2
5367,5499,BV138fzBGEpn,1,BV1gBZABTE82,1,0.53631,1
5369,5797,BV1N3cqzeEzr,1,BV1PrBnB8EEq,1,0.40386,4
5370,5607,BV18wf1BRE1i,1,BV14bfZBREEn,1,0.44246,3
5373,5448,BV1qpAfzpEYW,1,BV1XQfgBeEGT,1,0.5173,3
5377,5453,BV1DLfMBnEGd,1,BV1qHfuBKEpV,1,0.55689,3
5380,5462,BV1tvAaz8EV6,1,BV1cpZXBhEZ2,1,0.46888,1
5382,5750,BV1svADzGE5m,1,BV1UTmFBeEXn,1,0.55678,4
5383,5411,BV1YZAzzoEGj,1,BV13gvxBLEPk,1,0.39268,2
5383,5562,BV1YZAzzoEGj,1,BV1npcxz4ECs,1,0.44007,3
5383,5774,BV1YZAzzoEGj,1,BV1GtB1BLEdz,1,0.53539,1
5392,5715,BV1tvAaz8E5Q,1,BV1PRivBFEwh,1,0.34059,2
5392,5738,BV1tvAaz8E5Q,1,BV1tZiuBwEBG,1,0.34705,1
5395,5412,BV1QxPLzsEeX,1,BV1FUfqBHEd8,1,0.49771,3
5396,5509,BV1vRAzzfEGy,1,BV1tcZqB8Ea3,1,0.46971,2
5397,5657,BV15eABzsECc,1,BV1Z2kTBpE7z,1,0.37521,1
5400,5679,BV1cYfbBhEnS,1,BV14CraBBEpp,1,0.51784,4
5402,5480,BV16YfbB8ESE,1,BV1hBZtBVERn,1,0.46961,2
5402,5626,BV16YfbB8ESE,1,BV1jA6iBbEtw,1,0.41153,3
5406,5664,BV1h1fiBeEJA,1,BV1Y86UBtEJm,1,0.53099,1
5406,5752,BV1h1fiBeEJA,1,BV1V1vvBGEDW,2,0.64833,3
5407,5456,BV12XfiBfETe,1,BV1ouZ6BDE6z,1,0.40395,1
5408,5522,BV1WRfiBtEXo,1,BV1evFkzbEyv,1,0.39959,1
5408,5809,BV1WRfiBtEXo,1,BV1BdBFBbE7H,1,0.48073,2
5412,5440,BV1FUfqBHEd8,1,BV1nYZVBnEMQ,1,0.49646,2
5415,5653,BV1AbZfBDE6L,2,BV17ukFBvEax,1,0.38998,1
5416,5518,BV1bEZsB8En8,1,BV1zSZMBNEBz,1,0.47647,1
5419,5828,BV1iLfNB9EeR,1,BV13NqsB2EQv,1,0.51318,2
5420,5502,BV1WbfJB3ENL,1,BV19oZKBDEBM,1,0.41932,4
5420,5507,BV1WbfJB3ENL,1,BV1ZiZRBbEtg,1,0.51713,1
5431,5810,BV1yjfPBPEQT,1,BV1q3qZBDE9y,1,0.47953,2
5433,5459,BV1c5Z5BpE4Z,1,BV1WfZrBTEwf,1,0.65834,1
5435,5589,BV1YfZ6B7E1A,1,BV1WFFpzQEHh,1,0.48064,1
5436,5467,BV1T4ZKBGEZx,1,BV1FRZvB1EtR,1,0.43629,4
5436,5673,BV1T4ZKBGEZx,1,BV1gmq1BBEtX,1,0.49972,2
5436,5812,BV1T4ZKBGEZx,1,BV1JJmzBfEUY,1,0.51778,2
5437,5706,BV1HXZZBLE8r,1,BV1aZqMBKE6Z,1,0.4799,3
5442,5604,BV1SxfGBFEMh,1,BV1cgfDBRE4H,1,0.38379,1
5442,5685,BV1SxfGBFEMh,1,BV1yKi9ByEFN,1,0.45774,3
5446,5622,BV1QhFszMEkZ,1,BV1n26yBcEfX,1,0.41814,3
5447,5727,BV1SpfGBwEtc,1,BV1q1ieBjErm,1,0.39162,4
5447,5780,BV1SpfGBwEtc,1,BV1VnmcByE4F,1,0.42716,1
5448,5786,BV1XQfgBeEGT,1,BV1GKq4B9ELq,1,0.54034,4
5451,5692,BV19DfgBNEdz,1,BV1y7v9BVEvA,1,0.48151,4
5452,5751,BV1W3f3BDEpg,1,BV1V1vvBGEDW,1,0.36616,4
5454,5512,BV1HGfuBGEEc,1,BV1RGZQBEEtf,1,0.35881,2
5455,5559,BV19jfGBKEVL,1,BV1HYcezQEQx,1,0.40964,3
5455,5684,BV19jfGBKEVL,1,BV1gSrKBBECg,1,0.46862,3
5461,5623,BV1waZiBnE81,1,BV1g26CBGEax,1,0.37022,4
5461,5780,BV1waZiBnE81,1,BV1VnmcByE4F,1,0.5128,4
5464,5752,BV1L4f3B6E46,1,BV1V1vvBGEDW,2,0.55095,1
5468,5469,BV1QgZiBeEen,1,BV1cdZqBXEUk,1,0.46946,1
5468,5684,BV1QgZiBeEen,1,BV1gSrKBBECg,1,0.4905,2
5470,5631,BV1HVZqBHE1a,1,BV1RozfBdExN,1,0.58704,1
5470,5680,BV1HVZqBHE1a,1,BV1aivQBpEcD,1,0.4614,1
5470,5756,BV1HVZqBHE1a,1,BV1gHBjBoE6A,1,0.42461,4
5473,5593,BV1JQcMzCEhb,1,BV1GpFCztEMM,1,0.34074,4
5474,5519,BV1fe63BFEyM,1,BV17LFmzmEUg,1,0.51706,3
5478,5497,BV1nBZSBXEu8,1,BV1EGZkBtE3m,1,0.40307,2
5480,5482,BV1hBZtBVERn,1,BV1E5cHzjEfW,1,0.49011,1
5480,5583,BV1hBZtBVERn,1,BV1SrfoBoEAT,1,0.39088,3
5482,5746,BV1E5cHzjEfW,1,BV1ArvpB4EtY,1,0.4103,4
5485,5706,BV1y9F6zBE6H,1,BV1aZqMBKE6Z,1,0.53899,1
5485,5842,BV1y9F6zBE6H,1,BV1EYSqBFE1T,1,0.48098,1
5488,5828,BV1GAZuBxEqo,1,BV13NqsB2EQv,1,0.44718,4
5489,5611,BV1M8ZhBjEmF,1,BV1VoF8zdE61,1,0.43872,2
5490,5709,BV1y9ZDBhEtZ,1,BV1FxvkBuEGD,1,0.50305,1
5490,5729,BV1y9ZDBhEtZ,1,BV1JZvfBHEqt,1,0.53916,1
5498,5735,BV1zAZ7B4Eev,1,BV1PzvoBdEmL,1,0.50234,2
5502,5507,BV19oZKBDEBM,1,BV1ZiZRBbEtg,1,0.45235,1
5503,5773,BV1cUZyBrEAZ,1,BV1udBWB2E8T,1,0.45737,1
5504,5536,BV1DYZGBhE9g,1,BV1qd6cBNERK,1,0.47711,1
5505,5714,BV1bBZxBvEdf,1,BV1NXqFBBEfH,1,0.46384,4
5507,5846,BV1ZiZRBbEtg,1,BV1UWUxBkEW5,1,0.49898,2
5511,5609,BV1ATZyBzEua,1,BV13fF8zsExL,1,0.41153,1
5512,5656,BV1RGZQBEEtf,1,BV1TkraBuEhS,1,0.40162,4
5513,5773,BV1pqZQBwEQy,1,BV1udBWB2E8T,1,0.45472,2
5513,5802,BV1pqZQBwEQy,1,BV12c2JBjEjM,2,0.47149,1
5515,5609,BV1seZQBPE2j,1,BV13fF8zsExL,1,0.38385,4
5516,5547,BV1mwZxBFE4Y,1,BV1k5zYB8EqZ,1,0.36736,3
5520,5683,BV1DrZDBzEW3,1,BV1hPrKBuE6G,1,0.31051,1
5520,5771,BV1DrZDBzEW3,1,BV17eB9BVEqS,1,0.35625,4
5523,5588,BV1K2FLzTE5M,1,BV1zLFPzZE41,1,0.53631,1
5525,5637,BV1YBZtBVE3z,1,BV1KozxBmE9G,1,0.50995,3
5526,5833,BV1vA6wB8E7D,1,BV1iimeBkE85,1,0.32546,4
5528,5633,BV1nkcizWEH1,1,BV1Vkz5BbEgz,1,0.52828,1
5532,5624,BV1TiUTBQEqy,1,BV1AV6zBEEw3,1,0.40424,2
5536,5793,BV1qd6cBNERK,1,BV1FdqDBBEpA,1,0.51973,1
5543,5619,BV119ZEB3ESk,1,BV1wHrSB2Eia,1,0.42548,2
5544,5584,BV1FccizpEDp,1,BV1RpFfzrE5k,1,0.38835,4
5546,5796,BV1MiZHBHE2j,1,BV1eDq6BcEyh,1,0.43656,4
5550,5725,BV13dZLBVEsV,1,BV1kzvaBUE9u,1,0.35575,4
5551,5824,BV1BCcizXEfZ,1,BV1Uuq3BiEKM,1,0.41324,1
5552,5836,BV1cEZjBtEqF,1,BV1cJUfBsEZa,1,0.57074,2
5553,5731,BV16xcjzYENH,1,BV1FZiYBJEGK,1,0.38187,4
5554,5686,BV1vLcPzQEFB,1,BV1QBvkBFEfe,1,0.59178,2
5556,5627,BV1eXzeBpEQB,1,BV12X6CBTErB,1,0.44883,1
5561,5702,BV1REcbzdEcf,1,BV18Zq6BxEA6,1,0.41067,2
5565,5618,BV1TtFDzTEVi,1,BV12ck4BREJK,1,0.44949,4
5580,5635,BV1R8cczyEzy,2,BV1HzzeBwEXJ,1,0.43354,1
5581,5641,BV1SicgzaEzL,1,BV1GWzLB8EGn,1,0.41559,2
5581,5689,BV1SicgzaEzL,1,BV1fTvaB6EDk,1,0.58689,1
5582,5834,BV17pzJB2EJ3,1,BV1XzScBEEqU,1,0.43199,3
5583,5763,BV1SrfoBoEAT,1,BV13mB9BeEcC,1,0.38112,4
5588,5820,BV1zLFPzZE41,1,BV1v3qJBTENN,1,0.40503,2
5590,5777,BV1mDfoBQEbM,1,BV1pKUnBSE47,1,0.46982,1
5596,5626,BV1JPFEzYELd,1,BV1jA6iBbEtw,1,0.41209,3
5596,5846,BV1JPFEzYELd,1,BV1UWUxBkEW5,1,0.49249,3
5608,5671,BV1zjFiz7EVp,1,BV1QA6RBgE5g,1,0.41735,3
5611,5812,BV1VoF8zdE61,1,BV1JJmzBfEUY,1,0.58316,2
5614,5819,BV1SRFAzGET4,1,BV1YAqVBEEEk,1,0.40636,3
5615,5648,BV1Ty6tBtEDe,1,BV15MzrBiEHh,1,0.48975,1
5615,5668,BV1Ty6tBtEDe,1,BV1nV6ZBcEyH,1,0.37705,2
5619,5697,BV1wHrSB2Eia,1,BV1DbBRBvE46,1,0.47891,1
5619,5790,BV1wHrSB2Eia,1,BV1vBq1ByEEX,1,0.43864,2
5625,5692,BV1NuzgBvEWJ,1,BV1y7v9BVEvA,1,0.54208,1
5626,5787,BV1jA6iBbEtw,1,BV1KHBcBrEwn,1,0.38409,1
5631,5790,BV1RozfBdExN,1,BV1vBq1ByEEX,1,0.45839,4
5638,5734,BV14ZztBREK8,1,BV1EjvfBJEN9,1,0.49344,1
5639,5708,BV1uCzYB6EJo,1,BV1QUvWB6Ery,1,0.45551,3
5641,5680,BV1GWzLB8EGn,1,BV1aivQBpEcD,1,0.40942,3
5642,5747,BV1Msz3BVEDx,1,BV1vXiPBFEkR,1,0.54567,3
5652,5782,BV1s9rfB1EM8,1,BV17mUZBjEgG,1,0.33131,4
5665,5782,BV1z2BDBqE11,1,BV17mUZBjEgG,1,0.41532,1
5667,5679,BV1bNrLB8E1K,1,BV14CraBBEpp,1,0.43487,2
5675,5712,BV1ZZr8BJE2q,1,BV1LEqABtE7E,1,0.36156,3
5675,5776,BV1ZZr8BJE2q,1,BV1VbBVBsETY,1,0.40579,2
5681,5683,BV1bUvYBaEsK,1,BV1hPrKBuE6G,1,0.29401,3
5681,5771,BV1bUvYBaEsK,1,BV17eB9BVEqS,1,0.36871,4
5690,5780,BV1BerKBUENt,1,BV1VnmcByE4F,1,0.48263,4
5701,5743,BV1QKqPBsEes,1,BV12Wi3BAEud,1,0.38183,4
5701,5767,BV1QKqPBsEes,1,BV1VyBdB5EDi,1,0.36476,1
5705,5806,BV1QUBYBGEN8,1,BV1Pd2vBREWh,1,0.40235,1
5708,5724,BV1QUvWB6Ery,1,BV1MhvpBPEi6,1,0.42311,4
5713,5737,BV1EKqcBZEUQ,1,BV1AWvWBZEE2,1,0.48759,1
5718,5764,BV1ZfqUBoEL3,1,BV1cpqpB4EsM,1,0.48174,1
5728,5812,BV1k7v9BVE8f,1,BV1JJmzBfEUY,1,0.64931,3
5732,5771,BV1DDmeBAEnQ,1,BV17eB9BVEqS,1,0.39965,3
5736,5762,BV1bkvQBEEPk,1,BV1D3vqBVEtW,1,0.4604,3
5737,5792,BV1AWvWBZEE2,1,BV1CX2yBmEn2,1,0.52007,4
5748,5789,BV1g8vsBkEB6,1,BV1vqBMBCETk,1,0.54104,1
5754,5827,BV1scmcBtEcU,1,BV1DeUnB8ErT,1,0.56997,1
5770,5813,BV1gqmNBJESB,1,BV13uBcBSEps,1,0.42319,1
5789,5797,BV1vqBMBCETk,1,BV1PrBnB8EEq,1,0.55976,4
5799,5829,BV183qSBUES5,1,BV1mk2kB2E1D,1,0.43726,4
5803,5829,BV1rYq6BkEbg,1,BV1mk2kB2E1D,1,0.35615,2
5826,5828,BV1wZUfBbEs2,1,BV13NqsB2EQv,1,0.53114,1
5835,5844,BV1oYmRBNE4Z,1,BV1Gfm9BbERE,1,0.5052,1
