bv_id,pic,author,mid
BV1114UzcEu6,https://i0.hdslb.com/bfs/archive/22c85e4ed87bf67624600e514413593c0817d678.jpg,云梦魂灵,356092974
BV1124Qe2EA7,https://i2.hdslb.com/bfs/archive/1ab3bdf39595f083a797592298e1b721667fff97.jpg,暗色调的梧桐叶,629874452
BV112y8BBEuM,https://i1.hdslb.com/bfs/archive/2c5438dfa6da7acf6b158b3a4b6ae823e4c3ce62.jpg,い爱花丶,26069934
BV1144y1m7DQ,https://i1.hdslb.com/bfs/archive/93d9465d60a8d3a40bc9764062e1dae9f2b1bb52.jpg,板烧鹅尼子,676462
BV1145zzMEEZ,https://i2.hdslb.com/bfs/archive/13ef00758591d232b4e3b10ee438a6eb65970957.jpg,蹦跶不喜欢摄像头,297528583
BV114EazfEch,https://i2.hdslb.com/bfs/archive/31338f9d05a228ca7f1ef4a301b35e68b22fff25.jpg,wilo_official,477209781
BV114LVzKEuC,https://i0.hdslb.com/bfs/archive/3b7b6f535d56e2cc70995ccbf6ed8e8e49e71a00.jpg,辰沨Raphael,404759027
BV115UPBuEqu,https://i2.hdslb.com/bfs/archive/ec16db84b6d5927012e61ebbfba9f266a58b39e1.jpg,纸老虎不是我,1766757165
BV115xzziE28,https://i2.hdslb.com/bfs/archive/aa66d092d99acadd18f549072fe412505504c7fb.jpg,Kay尔桑ers,1428504
BV1164y1D7gr,https://i1.hdslb.com/bfs/archive/a148df77354fb2f071f279c63d869556a4c8ea40.jpg,苏渊-夙愿,36802383
BV116S4BCE6g,https://i1.hdslb.com/bfs/archive/7d0859c96e1ffc69077285dc3b9db70ca158fedd.jpg,北境秋风,483626433
BV116bKznERC,https://i1.hdslb.com/bfs/archive/67a3683a95a1f08ef717aa7fa13612d334968ba6.jpg,ValeraJustCreate,3546821743872630
BV118411Y7R3,https://i2.hdslb.com/bfs/archive/f45a6d2e2fa992881efe4c9dd22a2aa3f583eaee.jpg,沧弦落尘,4786825
BV118skeSE7V,https://i1.hdslb.com/bfs/archive/76d3022e01618cdd30df3fc7e4bc4624366a0657.jpg,独望青山忆华年,67983813
BV119ZEB3ESk,https://i0.hdslb.com/bfs/archive/aac307d4feeed4a19f25a546860efb6c5ceaa44f.jpg,零时梦呓,3546591008918330
BV11A1qYvEvB,https://i2.hdslb.com/bfs/archive/1fb62b16ac6abce2409af1f0120fc2c0a662568f.jpg,far1ight,1058983723
BV11A4y1d7T1,https://i1.hdslb.com/bfs/archive/4c2c9b513cb9c6061db034caa185e7bb3b5161f1.jpg,天白灾,4512622
BV11AoTYVEDe,https://i0.hdslb.com/bfs/archive/c114b52da3278fdbe12abbbf8e7ab12100ceaded.jpg,中颖微华P_玖音曦灿,442585387
BV11BEKzxE4w,https://i2.hdslb.com/bfs/archive/8a8544cf4586a2624d88f4b222d82da26dbe7bf9.jpg,白糖の正义铃,180668218
BV11BcEeXEDR,https://i1.hdslb.com/bfs/archive/2c093415c9889aa9121f3a02545967b37fbd9373.jpg,蹦跶不喜欢摄像头,297528583
BV11D4y1b7aD,https://i2.hdslb.com/bfs/archive/189d35b41c10f0c81e737b286bc7f138deaecefd.jpg,瑞安Ryan不跑调,108845996
BV11D76zHEiP,https://i1.hdslb.com/bfs/archive/c2b65d6ac7a542fac2b8dddb00573c64e366fdfd.jpg,゙゙゙星瞳゙,352917043
BV11FbLzzE3T,https://i1.hdslb.com/bfs/archive/9c16b225eb2293db36efc593331a1cfa0ec18cb7.jpg,芒果芒果芒果千层,3546765330483294
BV11G411k7ad,https://i1.hdslb.com/bfs/archive/d2b7c82ef48e8c380ce205347809489b26a81231.jpg,汐就是ミク,34967681
BV11G411m7uX,https://i2.hdslb.com/bfs/archive/908db9a724470a12346cfad1c8dce5a73c39d8f6.jpg,风湮Official,8151904
BV11G4y1z7XZ,https://i1.hdslb.com/bfs/archive/eae7b5ba630ec8143a09bb5e797fd845e97e5db7.jpg,idealclover,5044093
BV11GKmz3ESE,https://i2.hdslb.com/bfs/archive/1033aee0b5242f453f2f7487bb87ee1d7d4ac684.jpg,晓梦时光,382839354
BV11GtQzVEmy,https://i2.hdslb.com/bfs/archive/adacf24cb59486a0631529f0391ae8ef9a63a1c2.jpg,江筱玥_Y,409810648
BV11H29YnEds,https://i1.hdslb.com/bfs/archive/8bf07ba19d1a43c135008cd5938cf6d5a9578c44.jpg,风湮Official,8151904
BV11HAeeqEzp,https://i1.hdslb.com/bfs/archive/f6ccdbbe0c585bee69e99ab2cd3d281e4811f01d.jpg,但丁心臟_,73776991
BV11K41197uY,https://i1.hdslb.com/bfs/archive/0f3380357d1ac007397e87ad7024b2b355872c34.jpg,底层群众喻白,298537931
BV11K411s76U,https://i2.hdslb.com/bfs/archive/d329a8e0b2567a4b3b2b858c02b8508e42ed5406.jpg,幻想乡土木工程部,218675031
BV11Kcwe6Exn,https://i1.hdslb.com/bfs/archive/3286040873c5ea1be6b4293da595e5fd0c50c5dc.jpg,Llemoiis,354172677
BV11KeXzZE5D,https://i2.hdslb.com/bfs/archive/94642a489da8df801db98fc8c48a5bb2cc0cc716.jpg,国民爱抖露IsuChan,3546603843487946
BV11KenzBEyR,https://i1.hdslb.com/bfs/archive/3bdd96c7fbb1e42967b7b1c3afb81d3f04aef23a.jpg,予梦_StarryNight,288592339
BV11KhpzeEBm,https://i0.hdslb.com/bfs/archive/140a44715631577f0e356ca12687530c15f3423e.jpg,晓梦时光,382839354
BV11L411f7h3,https://i2.hdslb.com/bfs/archive/bb3b6dd4c59a4c356e4f481122fad1e2c1ac9d01.jpg,紫荆7x,30976371
BV11LKTeqEjN,https://i2.hdslb.com/bfs/archive/0999f8cf89a62fcd376d75f3fd4896303194f16c.jpg,浔阳______,85726205
BV11M1qYwEw8,https://i1.hdslb.com/bfs/archive/5c8caa86f97273ae699f00666809328e1f0fbaf9.jpg,Mi-u_,398660064
BV11MPoeBERf,https://i0.hdslb.com/bfs/archive/34a55fa7346f1797489584f75ce4598e5370f894.jpg,Nilpotent_,188659509
BV11N411U7Ce,https://i1.hdslb.com/bfs/archive/9d01442e90448397cb0367cf98a1d970bde09ace.jpg,奏鸣旋律,53280376
BV11NZVYFEc3,https://i0.hdslb.com/bfs/archive/e269b6052dc4dbee917ef9ca7cc471162d2e6b5b.jpg,电光-,266573890
BV11P2nY9E5Q,https://i0.hdslb.com/bfs/archive/edbcd9509b577dc4621c14d62843267e69014cef.jpg,熊呗呗啦,593852063
BV11Q4y1J74M,https://i1.hdslb.com/bfs/archive/1b428adf1ebcbfc26e9f9e1b0bb11388530b1e2d.jpg,虚钿,407710143
BV11R4y1w7xj,https://i0.hdslb.com/bfs/archive/91bd545eec3a656f0e3ba8cd2c8ee6906b5cd7c9.jpg,混元2333,244105553
BV11ShozPEa1,https://i1.hdslb.com/bfs/archive/ccc0f0dbb3c3dbac60e2b1f775df76a3b2050eba.jpg,春光p,651798004
BV11U411d7xT,https://i1.hdslb.com/bfs/archive/15bf2f92d65900d9400549a8f1b669f0c215cf86.jpg,夜屠灵,333083467
BV11U4y1i7sb,https://i1.hdslb.com/bfs/archive/d939a71558275eae8caee2e5144d39c2953f4b33.jpg,千草幻星,14425668
BV11V4veNEtE,https://i1.hdslb.com/bfs/archive/cb6d51e9866472a899406b7811c42750776f13eb.jpg,璘月亚灺Xie,412412152
BV11V4y1g7Z9,https://i1.hdslb.com/bfs/archive/0da5cdac74bf9afd4e5cc7621fdeb4d50f479099.jpg,Dagazs,88726438
BV11X4y1W7er,https://i2.hdslb.com/bfs/archive/eacbf0325ed96f99e9e8d7045ae12929b5fda040.jpg,ARCADIA-瑶光,34829288
BV11YAheaEd1,https://i1.hdslb.com/bfs/archive/0a13f197c4baa0e72423c41bf34809b6056c4f87.jpg,青叶莉莉丝_Official,3546763206068904
BV11aAbesE3W,https://i1.hdslb.com/bfs/archive/df50ef45a29e32b7a5f2dd43c2e1c81bb93b7cd0.jpg,鸩羽Official,523560808
BV11aKLeZEkN,https://i1.hdslb.com/bfs/archive/a84199a971814a6f263949c5a17d00ee3602ab36.jpg,派派鵝,84259009
BV11b4y1T7jm,https://i1.hdslb.com/bfs/archive/46fa81e1614605968c0faedea1a70e203edf3013.jpg,风湮Official,8151904
BV11c411m7eR,https://i1.hdslb.com/bfs/archive/b3f9f191408258e6e60fbc5f62632301d75ac88e.jpg,千岛铃音Official,25838417
BV11c411m7jt,https://i2.hdslb.com/bfs/archive/e5a0a6b84dc761070e390302c9c94f06d25fdcfd.jpg,衣物鱼Yiuv,697934264
BV11dJRzwESu,https://i2.hdslb.com/bfs/archive/2b70d16d54b48b27620c9fde3f49e0f5d008f2f9.jpg,SiYeCa0_,263213056
BV11g4y1A7EK,https://i0.hdslb.com/bfs/archive/a0b6e5fb8ae06285959f9aea12014173dd23e45e.jpg,不短的歌,282549712
BV11gakztEkS,https://i1.hdslb.com/bfs/archive/9a36261d34b671abafc891a490f5e662beed792f.jpg,神鳴沢世界,114419306
BV11ghwzGEo6,https://i0.hdslb.com/bfs/archive/01fb1cd9fdd741a05feb364b96daa9a0253619f0.jpg,TulipFoam,552522654
BV11gnLzWE4i,https://i1.hdslb.com/bfs/archive/a11127f4daa5cc11df289fd11ad6a1ab73078a16.jpg,夕立来い来い,380788305
BV11h4y157mH,https://i2.hdslb.com/bfs/archive/6e56e18807af00981b736858693c07adce0c80a0.jpg,晓梦时光,382839354
BV11h4y1S71A,https://i1.hdslb.com/bfs/archive/516bd6d0cceffeb6aaa1b08d7f728b6116531be5.jpg,BCmilk,269391445
BV11hyRYjE2U,https://i2.hdslb.com/bfs/archive/f298f83272d0a64cb8853f5442b419c3a6b5be5d.jpg,磷元素P,273891297
BV11i421D7Be,https://i0.hdslb.com/bfs/archive/635d0f649a0aa9d621460483c96c1629736935e9.jpg,FFetan,1747933936
BV11i421Z71k,https://i2.hdslb.com/bfs/archive/4822fc6c22d3e728f5965d2b74355d3accb2fb5e.jpg,Ark不是P,390183124
BV11i4y1z7Gz,https://i0.hdslb.com/bfs/archive/f5456d28be94fd9d5c5f908dd3e669c67615a685.jpg,词作千枫陌,175788205
BV11j411b7Yj,https://i1.hdslb.com/bfs/archive/fd3bcf5d01cf465408aeb03e0e1822675c2778c7.jpg,衣物鱼Yiuv,697934264
BV11j4iz8EyS,https://i2.hdslb.com/bfs/archive/d0f00f3e4c044ee2c36121f490ba5b3431134650.jpg,清秋易涼,11701028
BV11jAhzXE8Q,https://i2.hdslb.com/bfs/archive/d22ce54b2b60e6b5d205ef7bed87a9dc8acc9bd2.jpg,序M幕_,259462809
BV11jeVzUEcs,https://i2.hdslb.com/bfs/archive/0f17515ef03898114d803ea3d8f53d163324ae14.jpg,双辞冫,423886341
BV11m3yzEEDX,https://i2.hdslb.com/bfs/archive/19cb0767bde8ec28e813dc5710c12eb0a12268ec.jpg,神鳴沢世界,114419306
BV11mZLYuEE1,https://i2.hdslb.com/bfs/archive/bfdbac40a68aa290820fe8ff3578ad74d8aa356c.jpg,墨素Mohius,36112611
BV11ohBz2EpV,https://i0.hdslb.com/bfs/archive/8f2025173768af0ad4cd597829ca4311d7b3115a.jpg,安逸笙笙,392005624
BV11p4y1d7v4,https://i0.hdslb.com/bfs/archive/277a2671638bb420a0b6e5dac845a78cd339e668.jpg,雪人Snowman_,15607580
BV11p4y1o7Et,https://i0.hdslb.com/bfs/archive/51740971aa39020ff2c5b20377b7de76b25c123d.jpg,墨素Mohius,36112611
BV11p4y1u72v,https://i1.hdslb.com/bfs/archive/c1444b1308827a8be01427101261d5a2ff9fb500.jpg,暮色-Infi,272904686
BV11pAHzZEVF,https://i0.hdslb.com/bfs/archive/b35e52f52b26bdafb88e96a95353c2c7d22f0277.jpg,夜逃_P,3546919611664385
BV11pApeTEth,https://i0.hdslb.com/bfs/archive/1939e6943bd33144d60054f30306b144feff8c76.jpg,泠珞-星夜,400604752
BV11ppwzREvZ,https://i0.hdslb.com/bfs/archive/77c7fa2ab25872975705b36e84ee5b831bb1f4be.jpg,时友Alicia,1027154558
BV11r421t7EW,https://i1.hdslb.com/bfs/archive/af48de468408ee29179799d087fc12cf1014b474.jpg,这是V启,39090404
BV11rRSY8Emu,https://i2.hdslb.com/bfs/archive/e8352d1e884cead6899c6b7fba644bc3fb737f53.jpg,遠い夢は叶うかな,348714331
BV11s411B7Wu,https://i0.hdslb.com/bfs/archive/6ed52247b01e09838d8242b7ac99bcaf48c7ad86.jpg,夜明挽歌P,937089
BV11u411c7eh,https://i2.hdslb.com/bfs/archive/e77c4f8fd9614f9de10d693673f66f48151764a5.jpg,SteggOo,320519460
BV11w4m1C75z,https://i0.hdslb.com/bfs/archive/3703bf23d5ea2aca86fea2ee05f1d54b81cfc0a4.jpg,账号已注销,178849577
BV11wpme4EWQ,https://i2.hdslb.com/bfs/archive/f09730f85c10e05ab10eb6bfa15cb971d6bac872.jpg,Jinbiii,291233376
BV11x4y147nL,https://i1.hdslb.com/bfs/archive/40ef407c428f8b4800b95652bb879ab4d1ba3f00.jpg,风湮Official,8151904
BV11xaUzrEF2,https://i0.hdslb.com/bfs/archive/42b88fc5b0131a888d824de1356d7b05a4d36623.jpg,海伊OfflciaI,1352537971
BV11z4y1G78k,https://i0.hdslb.com/bfs/archive/dcb3475d31b0c69552ec19c7ed7b2316e2a53774.jpg,Dried_leaves,178523761
BV11z4y1j7vL,https://i2.hdslb.com/bfs/archive/add786ddd495017bb89ecddcd906b1b264225baa.jpg,幻想乡土木工程部,218675031
BV11zPLz1ENH,https://i1.hdslb.com/bfs/archive/d150785babcfe9ed3ab44a63ca04ee1dd64f0efb.jpg,克劳德Channel,593843788
BV1224y1V7uN,https://i2.hdslb.com/bfs/archive/afdb4468be30ae5e7b4f35c2aa3705aa891e95b7.jpg,跨海星尘,275022363
BV122PueTEge,https://i1.hdslb.com/bfs/archive/6adfd138d553e1cf5a705572f0f1208330341abb.jpg,Mrwhite0093,5283053
BV124iZYTEXg,https://i2.hdslb.com/bfs/archive/8c1682b0713671b7c8ecc2f88bf03c2c338a7bb1.jpg,雪风_P,398828911
BV125J1zuEHn,https://i0.hdslb.com/bfs/archive/b0c0be05feb74278d987f63ab765eea2c0811b08.jpg,_在原七海,544552229
BV126421u7LD,https://i0.hdslb.com/bfs/archive/2aed8a334d75255e52434115eb018384f468cc83.jpg,ZGGG02R,39190112
BV12A4m1V7DT,https://i1.hdslb.com/bfs/archive/9fd09a9395bc4ce08d3a9a27fdfab39019a259de.jpg,zhao55052,9148369
BV12C4y1X7im,https://i1.hdslb.com/bfs/archive/1c808d80be8f7068a699dea479d23b4cfa808a37.jpg,我才不要当现充,71524363
BV12F411C7oC,https://i1.hdslb.com/bfs/archive/9e2bfca2a537729c19f5f826c1cb27dd725f376c.jpg,影歌P_Kageuta,356160341
BV12F411r7LR,https://i0.hdslb.com/bfs/archive/cdfbd15b24c2482b86cbffb3c11e6b893cec2a9b.jpg,-安鹤-,20264456
BV12G411r794,https://i1.hdslb.com/bfs/archive/71c48f433e4ec4362aed83fdd96762b6f1205677.jpg,1mol梨花茶,353784518
BV12H4y1c78a,https://i2.hdslb.com/bfs/archive/bf4476ceea082adabc3b268a133482ef4c50a674.jpg,紫陽花RainDrops,440421599
BV12HQXYFEms,https://i1.hdslb.com/bfs/archive/8f8d1f08ee97174544b25e5ac73a2a1dd3a743c5.jpg,白茶待风,385522684
BV12J4m1x7rD,https://i0.hdslb.com/bfs/archive/489f714533871e529dcd1d96fab14e57372b72d9.jpg,John_Em,471195247
BV12Jh7zHETi,https://i2.hdslb.com/bfs/archive/80daa34e96766a626f22271c7fcb597fd49326af.jpg,叽里咕噜_p,3546946916584276
BV12Jt9zjEj2,https://i0.hdslb.com/bfs/archive/bede3397eaad7182fb5bfbbe275e86004cf8ebaf.jpg,怀归_,397095972
BV12KQyYMEXm,https://i2.hdslb.com/bfs/archive/66d292c260705526e8a03d53be965615675486ae.jpg,逍遥大吃货,295281793
BV12KsDeMEap,https://i1.hdslb.com/bfs/archive/db6483d66607c14d7582fb21fb4a3f126c1321b3.jpg,disischai,1970176153
BV12LZaByELD,https://i1.hdslb.com/bfs/archive/3b2a241d8fab07e3d48d1789dcce64237038837f.jpg,双辞冫,423886341
BV12Lvpe9Eeu,https://i0.hdslb.com/bfs/archive/3c12026cafdfd9c99d5a63de523f573a8f5bf319.jpg,Tremely,13431502
BV12M4m1U7zk,https://i0.hdslb.com/bfs/archive/0bc5288ed3210439949f95292cf8646ec97a29b4.jpg,伊恩一,3546623177132121
BV12M4y1H7oA,https://i2.hdslb.com/bfs/archive/2f614eca792507deba65b43128ec17ab021144e2.jpg,超级大菜猫,3494358737225862
BV12N4y1W7fZ,https://i1.hdslb.com/bfs/archive/56e481996eb1a414ca572e0db37d204fe75cdbcd.jpg,萤与花_hth,355904832
BV12Q4ezfEXY,https://i2.hdslb.com/bfs/archive/117e8634df921bb2ac0248036e4488e33fa86ff9.jpg,暖茶Cherie,1206188706
BV12Q4y1p7CH,https://i0.hdslb.com/bfs/archive/7115f72c40d1bb73822b3d7173a56fd810ec4c45.jpg,SteggOo,320519460
BV12QN8zoEdN,https://i0.hdslb.com/bfs/archive/3498a234025dd108d8258230aa0e4af4c339fcc8.jpg,ミリカ_Miiiiiiirika,399438977
BV12QjezYEu8,https://i2.hdslb.com/bfs/archive/7853aaeaabca54787b8987fd925d6c1be39ab30b.jpg,Aoba青羽岚霁,354274592
BV12RAneqER3,https://i0.hdslb.com/bfs/archive/7af660235117f5353981de7d0959c0d76353dbb2.jpg,苦力猫bot,264277814
BV12RB8YwE5u,https://i1.hdslb.com/bfs/archive/35c9046b4945a293534fca2025f415c0320eb2f2.jpg,账号已注销,178849577
BV12RZ8BgENT,https://i1.hdslb.com/bfs/archive/e73aafaf0ce070a8d1b99ba57d53a7414ef1ba49.jpg,忍者开天地人放不了lb,12565885
BV12S4y1u7zs,https://i2.hdslb.com/bfs/archive/3144bf7f2122a641d915709179317f60871f1678.jpg,鬼面P,12355462
BV12Sf2YwEnV,https://i1.hdslb.com/bfs/archive/7ec9000c50c0c2c466061233b07813ad922560c3.jpg,-雷龍,347367741
BV12T2sYMEtS,https://i2.hdslb.com/bfs/archive/1486881d01d04c24c7a24ae1a1aacf94f522833d.jpg,复活赛official,351698408
BV12T4y1z7p6,https://i0.hdslb.com/bfs/archive/d6a68592b2d48c192d6796641f607fb8bd6cdb51.jpg,-社畜桑-,2709021
BV12TC4YNEKG,https://i1.hdslb.com/bfs/archive/e36ab942a5e5ca30bc583bc2c5f544e4d132d4f7.jpg,赤凌p,382441421
BV12Tr5YfEnv,https://i1.hdslb.com/bfs/archive/38bc904da4759c0771711b2f59d6ba6089c6c860.jpg,kttts,10618733
BV12U4y1o7s5,https://i2.hdslb.com/bfs/archive/4ce3f39ed0a16e73f232053fa07a5aa25eb83778.jpg,霧谷久城,5617810
BV12UmEBEE4K,https://i0.hdslb.com/bfs/archive/2841e75200edf3f649ebf28c9fb77e0555487321.jpg,神鳴沢世界,114419306
BV12UxLe1EiG,https://i1.hdslb.com/bfs/archive/d0094876a93bf1130fb83e612f6516c883d8560f.jpg,KunKi114514,163104011
BV12V411D7kJ,https://i2.hdslb.com/bfs/archive/7b210631a568606e53dea525b4ef1c8ee10cb884.jpg,璘月亚灺Xie,412412152
BV12V4y1H7zH,https://i0.hdslb.com/bfs/archive/2ed63a7bfabdf1faa2583a3dc8a4b55ee885f21a.jpg,阿生一事无成,482091893
BV12V4y1n7Y3,https://i1.hdslb.com/bfs/archive/dbac6fc459d7b066b227bb0a14032131b5c740b0.jpg,Ace_Asuka,4456241
BV12V4y1p7cZ,https://i2.hdslb.com/bfs/archive/8b84273608e1373e147411cbc2ba1f9eb7864b50.jpg,大江户战士,55123
BV12V4y1u7MT,https://i0.hdslb.com/bfs/archive/b11b47d5a9080a7f62f843cfecac3b294fe63c3c.jpg,夜屠灵,333083467
BV12VpnzCEjJ,https://i1.hdslb.com/bfs/archive/91be915b0674c6b19d2638900a83c90f8a5181a0.jpg,Osinica,3546711838427209
BV12W4y1a7JZ,https://i2.hdslb.com/bfs/archive/b885c400d23ad58eebeccbfebafa735b946cb4e6.jpg,尊贵的阿昆达,12131593
BV12WZqYNE8z,https://i0.hdslb.com/bfs/archive/ebe50ebe6f93303a45132a2964d61ada60fa690f.jpg,Utopia_乌托邦P,1858510441
BV12Wi3BAEud,https://i2.hdslb.com/bfs/archive/27d7572c32acdf89f85c48a9fbb1bdb649547e54.jpg,永远的上海节拍,1872680122
BV12X6CBTErB,https://i2.hdslb.com/bfs/archive/4bb161d08e7da0932258307d0fa9c1435c2f31b9.jpg,是白菜君呢,524148806
BV12XfiBfETe,https://i2.hdslb.com/bfs/archive/dcc9ba1506ffd1d761a3e5ddc192d08cf2751cfc.jpg,风湮Official,8151904
BV12Zt9znEwz,https://i0.hdslb.com/bfs/archive/eb759b397571275151a94097d61a15cfa703786d.jpg,遙枝harue,295514534
BV12a4y1277m,https://i0.hdslb.com/bfs/archive/4a9cb9305c4afe484032b22585f1b2900802f8f1.jpg,无烬星-P,456063175
BV12b4y1A76G,https://i2.hdslb.com/bfs/archive/e711ec2de6d19da5bf8b4c675886638704afce78.jpg,某科学的卡面来打,52829689
BV12bJkzwEae,https://i0.hdslb.com/bfs/archive/d910da7fe8e2803902c8fed75f97001981deb6eb.jpg,L则鸣,442791639
BV12c2JBjEjM,https://i0.hdslb.com/bfs/archive/fab23156c31745993c7deb244aec4ff7eeadcdac.jpg,柔软的狗头,28518044
BV12ck4BREJK,https://i1.hdslb.com/bfs/archive/9adf52bdaf63bb3a1475829a017dff4c00062d98.jpg,AAA笑颜妄语,354807368
BV12dXRYBErN,https://i0.hdslb.com/bfs/archive/fa2a2375de42553ddb836ffb4f21cc4b4a17667a.jpg,咚咚咚呛咚呛,38294579
BV12e411S7R2,https://i2.hdslb.com/bfs/archive/9fe83340056ab264f528e6e12e80badd4e564d27.jpg,飞弦p,5347090
BV12e411b7Cf,https://i0.hdslb.com/bfs/archive/69fc0858dffd0622189ff18c37e585b2780ac1b5.jpg,花绮凛奈Rinna,482592218
BV12e411o7BH,https://i1.hdslb.com/bfs/archive/27816b08c4aa9067f02bad28d07e15a6411fbc10.jpg,Liun1anOvO,549097480
BV12eEBzEEhg,https://i2.hdslb.com/bfs/archive/421ac027d363a14e12dfc781f19551cb17dcc2b7.jpg,yithi,1821346341
BV12eZMB5EDa,https://i1.hdslb.com/bfs/archive/353bf3c521ce3b8bf07d4c4d03da49ea0814793f.jpg,此岸霜滢EIiro,1995115488
BV12ebPz2E33,https://i1.hdslb.com/bfs/archive/5224eda80de04f42f803c5b2faf83f724fb81899.jpg,大锅烧西瓜,456526436
BV12f421X73R,https://i1.hdslb.com/bfs/archive/bdaccf08ea733b0725be2145df77318f98698f3d.jpg,蔗蓝,473780327
BV12fpuzVEAP,https://i2.hdslb.com/bfs/archive/979feeb18e702135d254b597e074b8428b76e079.jpg,青阳零,652238872
BV12g1TYEEWD,https://i2.hdslb.com/bfs/archive/8d4a1e062db5e0ac79fe71a2999b992f9bf78237.jpg,Mi-u_,398660064
BV12g411i7es,https://i2.hdslb.com/bfs/archive/31909093385d61d4f98b38617253147339693821.jpg,1mol梨花茶,353784518
BV12heHz3Et7,https://i1.hdslb.com/bfs/archive/973d197263d377d532b7cc3a6b3746b022f2dd36.jpg,百合咲奈奈,488817090
BV12i4y1y72m,https://i2.hdslb.com/bfs/archive/dc352b5408f09b889e898ff28beb286679f5c157.jpg,抹茶味的梦洛星尘,23652046
BV12i6RYMENw,https://i2.hdslb.com/bfs/archive/7dd8fd2bca992364ce2867a3e942b7284ec46001.jpg,璘月亚灺Xie,412412152
BV12iSeB8EF4,https://i2.hdslb.com/bfs/archive/212143cd9e9537d0fe42751230ed0b6b5a3868e4.jpg,Skylineddy,399606378
BV12jf8YSE5P,https://i2.hdslb.com/bfs/archive/60cf728d56e756be29c7b0cff90391a718c427fa.jpg,橙味比巴卜,11116918
BV12k4y1K768,https://i0.hdslb.com/bfs/archive/17dff37ca98b624dd1f9e1df5bf0f63fdaee6a7b.jpg,辞Jinse,382505004
BV12k82zNEf8,https://i0.hdslb.com/bfs/archive/7f13b53ad645c112f5b05c1b5d5354007ffe23fe.jpg,泽-伽马-芙恰,397159568
BV12m421W7j8,https://i1.hdslb.com/bfs/archive/4fcb8c536a2abcd54cb62a030e59ce16218263ff.jpg,伊芙琳_Eve,1845235988
BV12mSRYAEnN,https://i2.hdslb.com/bfs/archive/8b03a9afcad44be691cc7a12cf562c36108e6272.jpg,TOPKINGCREAM,3493081292737020
BV12mmMYfENf,https://i2.hdslb.com/bfs/archive/f8022798610e96f81d4dcef5716839dd7b8a7085.jpg,神鳴沢世界,114419306
BV12nUeYTEXh,https://i1.hdslb.com/bfs/archive/c40da65e584402c21b9b38e399af1608676a7b6f.jpg,狐白卿,177807328
BV12p421D7Zc,https://i0.hdslb.com/bfs/archive/1a2c4ecd16fbe1bf2079ad2601b5367034060420.jpg,风湮Official,8151904
BV12p421X7oF,https://i2.hdslb.com/bfs/archive/baceef92b035ab27c4f0844bfac11477016bff3d.jpg,墨素Mohius,36112611
BV12pFjzrEC1,https://i1.hdslb.com/bfs/archive/8d945a186fa3fa73ed3d05098accc56280c89bca.jpg,-Kinomi-,3690973825599710
BV12qCQBcEVQ,https://i1.hdslb.com/bfs/archive/be3c873c0229bdc809eca083e161c4feaf11d24a.jpg,遥之穹,406295982
BV12qLJzXEWV,https://i0.hdslb.com/bfs/archive/51b6ca6de5d047f372856e39a5a0c75607b252fc.jpg,直到凌晨也无法安眠o,631536855
BV12qksBpEG1,https://i2.hdslb.com/bfs/archive/367f5eb830c0f49656129cdbed837208658f32a2.jpg,挥刀不事刀,3493259519200111
BV12r421s7jK,https://i1.hdslb.com/bfs/archive/045c7fd90860a0b2c0e08dba29c7d11924ddb1e3.jpg,泠珞-星夜,400604752
BV12rAAepEeu,https://i0.hdslb.com/bfs/archive/45c6990983c942015fd6dc24f3b60e9a56b35813.jpg,KunKi114514,163104011
BV12rUnBRE9b,https://i1.hdslb.com/bfs/archive/eb9699c7f9651393e6791eaa540832d52b5ef972.jpg,北极星Polaris_D,11529553
BV12s411q7Br,https://i1.hdslb.com/bfs/archive/51e726e913f284eda637b0c79b53ca18c7d252fb.png,ilem,3379951
BV12s5zzzEbw,https://i1.hdslb.com/bfs/archive/559585f5e9ad02b21ea9c387c897834018ce4913.jpg,雪人Snowman_,15607580
BV12sAferEFL,https://i2.hdslb.com/bfs/archive/fb4f6ea2ab062dd1fb117368c96794e01f48a440.jpg,青杉折扇,183675426
BV12t421778Y,https://i1.hdslb.com/bfs/archive/9b63f1460e59fa2114c3cf8fd6c42c1eafcfb63e.jpg,夕止待宵,220214736
BV12tehzPEP8,https://i0.hdslb.com/bfs/archive/a48b1fdfc56cad2f430ac36c10e9dd180e2ec29a.jpg,Lagrange_P,314077076
BV12u4m1K7fC,https://i1.hdslb.com/bfs/archive/0fdd6f9646086cdf82b69c88da4ab8ff648cf018.jpg,零宇Lyu,277347455
BV12u4m1g7qa,https://i1.hdslb.com/bfs/archive/35a93eecd006f046459e63ee73549d8e23600497.jpg,KalonTonics,153327351
BV12uskzCECq,https://i1.hdslb.com/bfs/archive/cbf5de562b1a201afb1e4e7f8d5619ba73f34d87.jpg,x核桃糕x,272449723
BV12v421C7X1,https://i1.hdslb.com/bfs/archive/120226979e6716f9bec8f505169bdb80078e69a0.jpg,心魔才不是女孩子呢,359100532
BV12v421k7Dg,https://i0.hdslb.com/bfs/archive/8a4cbf8292eb6bdcc09ae2ccbb1d4ed99de2aa77.jpg,西行の妖梦,39084463
BV12vFZeNEZY,https://i2.hdslb.com/bfs/archive/cea27069db3e0f33ce72b45ae306265d79ec0d73.jpg,鸩羽Official,523560808
BV12wTLzQE7Q,https://i2.hdslb.com/bfs/archive/4ffa2805f5254d5f148675931a0c76b3e112286a.jpg,易改改,501808642
BV12xYqe4Eba,https://i2.hdslb.com/bfs/archive/36a27bfb68c025d3da0c8a01ce17b98e7516c1c1.jpg,v_vv_vvv_vvvv,363726013
BV12y421e7M9,https://i0.hdslb.com/bfs/archive/86f51fd1273c59654c93c3e383f87447afa4151a.jpg,Mylech,79488060
BV12y4y1f7zz,https://i1.hdslb.com/bfs/archive/d09d5e24111c0f28a37ee83c19410014292c3304.jpg,见崎鸣,64679356
BV131MTz5EMB,https://i2.hdslb.com/bfs/archive/007993053a28642e02f23ff8d93858a4f12096b6.jpg,星辉书馆驻b站官方,290849316
BV132421Z7wV,https://i2.hdslb.com/bfs/archive/d70739ef2e2a4f6a2e92c7b32cd10e706f0c425f.jpg,桥安--,396742533
BV132421c76L,https://i0.hdslb.com/bfs/archive/97cea913f3acbf0038731988ecb594d18965c175.jpg,风湮Official,8151904
BV1334y1h7M2,https://i0.hdslb.com/bfs/archive/a983609d112ceecd65eb3323f8313820326739c5.jpg,考古拾遗bot,5099764
BV133GVziEhM,https://i0.hdslb.com/bfs/archive/ac464cd83b63540969768777a4092adbabdaa4a1.jpg,云里雾里星人,1583546692
BV133VHzaErX,https://i0.hdslb.com/bfs/archive/6d6713e98cb8aa29464110eef0f121547594376a.jpg,ON_SELLING,37663643
BV137JbzAEKb,https://i1.hdslb.com/bfs/archive/21e717713d56a442c3543550929d0155088e28ce.jpg,R小绵羊233,102544559
BV138411Q7K6,https://i1.hdslb.com/bfs/archive/9f338b8c3016cc3702428ef5c65c4a990e470073.jpg,拾光与小狐狸,179469844
BV138fzBGEpn,https://i2.hdslb.com/bfs/archive/a1e9a4e6a64a64b35f5c1d0c7f4cf72b3e6d95de.jpg,从来没有好名字,365865598
BV13B4y157Xx,https://i1.hdslb.com/bfs/archive/8a49553963bdc6d4a741ecdaf09708a89609cd7c.jpg,白雪優月,12901600
BV13BhozkEU5,https://i1.hdslb.com/bfs/archive/f67259adf7f00093f77e9ab592ee4fa50a46b3bc.jpg,AKRTR,442720499
BV13D4y187aU,https://i1.hdslb.com/bfs/archive/67ad49acd7a4803053a31feafb08155ad7499ecf.jpg,北山Pesaka,19500824
BV13GtieUEku,https://i2.hdslb.com/bfs/archive/fb0122e7994fb4bb750d5ffb95a3c2060502f7da.jpg,洛天依上单,1137738835
BV13H4y1672D,https://i1.hdslb.com/bfs/archive/5f6f011dee2fae1d59cd1519c7e2eca27a333f8f.jpg,语老二,1190588000
BV13H4y1Y7b4,https://i2.hdslb.com/bfs/archive/e95193d4dad8d99e4f86382bfb54fde50c5d155b.jpg,云晦,1986561987
BV13JPFz5Eqw,https://i0.hdslb.com/bfs/archive/033f929fd0f94c6f2dbbcb5081deb40bc6653a2c.jpg,匹垂客Petrichor,1283732492
BV13K411x7eZ,https://i0.hdslb.com/bfs/archive/7508d7d6d9134a22e55b393aec0b243b27334ec1.jpg,夕颜颜颜颜颜-,3392539
BV13LMfzdEim,https://i2.hdslb.com/bfs/archive/7f5d141a37f47d5cacb9dbeadca8ead6530a9519.jpg,似檵,675144902
BV13M411k7fy,https://i1.hdslb.com/bfs/archive/f3c88f2d07f1350c3f4143a6cf65f8e55f15015b.jpg,BabyBenzene,433537409
BV13M4y1W7oH,https://i0.hdslb.com/bfs/archive/17bf1e0034bf03e489892e3807460bae1b7834b9.jpg,TriangleRGB,259233243
BV13MNwzWEzT,https://i2.hdslb.com/bfs/archive/cfe9b44057dfe6591cffff99807cf8a8675bf427.jpg,夏天結束我變成了毒蟲,3537105665919916
BV13Mv1efEwe,https://i1.hdslb.com/bfs/archive/8c64982436bbef68bedd0df7a92c22ab1c8cec38.jpg,焓Enthalpy,327167717
BV13N411C7YK,https://i1.hdslb.com/bfs/archive/4bc19f7d34476f66b878b2cd7c950954e468c72d.jpg,麒炩Kindling,3332130
BV13N411h7GE,https://i2.hdslb.com/bfs/archive/56501b394740405cca1fe3cf829430663e5f08f8.jpg,亏月迟,309584414
BV13N411z74K,https://i2.hdslb.com/bfs/archive/e5382b247ea066c2fbb3d3c0bca07722990245a3.jpg,星尘Official,15817819
BV13NqsB2EQv,https://i2.hdslb.com/bfs/archive/36d06908f1be87e54d70b7eee38fc688bad392ea.jpg,铃兰泠兰,384617856
BV13P411M737,https://i1.hdslb.com/bfs/archive/f607d0190d0561907ef14c70cd3c6b21dbc9cbae.jpg,Arcadiac,5774684
BV13P411s7rX,https://i2.hdslb.com/bfs/archive/8721950825a495e9494d040557ced16358ac8756.jpg,燈侑Yuu,43977445
BV13P6RB6E4U,https://i0.hdslb.com/bfs/archive/053e171690b2da6b6a42dbd1783af72854cfb196.jpg,晴海再不画画就剁手,3092339
BV13RUoYVETQ,https://i1.hdslb.com/bfs/archive/515276f61a5a65c36e3b0e74a7839130edccbe85.jpg,风湮Official,8151904
BV13Rs5zuEPL,https://i2.hdslb.com/bfs/archive/cea2a9a93a0d1918083723bb569bc81173ac4000.jpg,遥之穹,406295982
BV13Sb5z7EwR,https://i2.hdslb.com/bfs/archive/e6e9f6d6c2d22a1b989070200b060ef0eb761602.jpg,SuyaOuO,11218480
BV13SmUYDEeC,https://i2.hdslb.com/bfs/archive/296e6c4078eb2154177e49659ef2ea911710c2ab.jpg,卿雲復兮,3494357529266722
BV13T4y1q7b2,https://i1.hdslb.com/bfs/archive/eda614160f867fc6e45f8697159047bec5a27379.jpg,EmpathP,357245870
BV13T97Y6EFS,https://i1.hdslb.com/bfs/archive/97a077702eaf1e76a4924574ed5697e81ace40de.jpg,一只路过的史莱姆z,474601742
BV13THNzzE3T,https://i2.hdslb.com/bfs/archive/65244f0869e2bc8993c755e690675e3fcd9deada.jpg,v_vv_vvv_vvvv,363726013
BV13TsWzAEDz,https://i2.hdslb.com/bfs/archive/2fec8108a6c28f328218f8b160eed63c8c6e1143.jpg,HbFetus,442477026
BV13UPKeuEmi,https://i2.hdslb.com/bfs/archive/cd7b60c55a0c22dff1de3097ca22820a4027432b.jpg,槃清,385840276
BV13Uo4Y5E2M,https://i0.hdslb.com/bfs/archive/c9c7dc8710ea03e82dc42c1cec4ae52ef3050f4e.jpg,Apoptoxin·白夜,5575156
BV13VfpYzEC5,https://i2.hdslb.com/bfs/archive/d1f3c2dcd449114852d057131a99b4d0fc784ff3.jpg,Yukikaze雪风1453,88985936
BV13W4y1P7GJ,https://i1.hdslb.com/bfs/archive/ec2de81dac380625c71d6718d2a70ebfe7dfd17e.jpg,北梦慕夕_xxp,230366741
BV13W4y1m7Xc,https://i0.hdslb.com/bfs/archive/ad8bcdb8bc630bd284036eb657fafc73376f5dc2.jpg,盐水是言和水,285926728
BV13WVzz7EP7,https://i1.hdslb.com/bfs/archive/c3f6481b78991beee4e0f3ac1bef1a093ecb9bd9.jpg,夏天結束我變成了毒蟲,3537105665919916
BV13X4y1i72v,https://i0.hdslb.com/bfs/archive/bef69992a1fbaa5d6a65217742ef0ab33d1e2ae6.jpg,朝菌P,67990677
BV13Y4y1z7MX,https://i2.hdslb.com/bfs/archive/8801e48e6989f828184c0bf1bef3ab20fb368a5f.jpg,Kirakey怎么又困了,2131695650
BV13Z421J7Xd,https://i1.hdslb.com/bfs/archive/6228e28e3c17cb14ce185243a45470b6f75d4f21.jpg,青色靘,2114898
BV13ZtAzEEDW,https://i2.hdslb.com/bfs/archive/bf4415270bb0f540f2eda399f00116b5fad5d6c2.jpg,SuMi_LaVie,415347588
BV13b4y1g7CF,https://i2.hdslb.com/bfs/archive/f94528697067a093d3348adb85a067d29e9e6290.jpg,Helius-p,261681328
BV13b4y1w7By,https://i0.hdslb.com/bfs/archive/f4c2872823aa47753ff6bdf4f8569fb1f53f6ed3.jpg,泠珞-星夜,400604752
BV13bswzBE72,https://i1.hdslb.com/bfs/archive/d621b798370a9d24fe02587c470a3c238389ae2c.jpg,ALTAR及帝,1396301644
BV13bwmejEFv,https://i1.hdslb.com/bfs/archive/e78949e8bef779205948ca014b7690b53b92f02a.jpg,浅黛疏花,17001977
BV13cjwzEEEY,https://i1.hdslb.com/bfs/archive/4b5e0b134964f2efc70dd27c99fde58a4b2c5702.jpg,geetffcuu,1902037246
BV13d4y1o7Gm,https://i1.hdslb.com/bfs/archive/05981f342675bd5286436ae4a383c59fc2bf5c7d.jpg,瑞安Ryan不跑调,108845996
BV13dZLBVEsV,https://i1.hdslb.com/bfs/archive/002fcab8c81bf68afb5839072553c5aab35b127c.jpg,客远终归__,3494375363447212
BV13dkjBMEPY,https://i2.hdslb.com/bfs/archive/e630516f8bec47a3d1c8585da59795202fe06fad.jpg,ATReve,504345393
BV13e411D74p,https://i0.hdslb.com/bfs/archive/2c4f54f1a19c1a95ff8c0c7963b3ccaa2fe7484a.jpg,吴铭释哦,413198821
BV13e7PztEct,https://i0.hdslb.com/bfs/archive/3d6e894fc5da68a8eb8af51c973b57018e9a550e.jpg,_在原七海,544552229
BV13fF8zsExL,https://i2.hdslb.com/bfs/archive/be432c5186b387c140245f3f1bbb9c7aaccfe508.jpg,东逝盛绿,362842300
BV13fLmzVEqm,https://i2.hdslb.com/bfs/archive/b7c6484065fccf155dd772dfbfef7a5038f9f528.jpg,HawhaIe,1820599050
BV13fkgYaEUf,https://i2.hdslb.com/bfs/archive/bd19e7304e46bbdfd431796c7e2b13a77aa31699.jpg,风湮Official,8151904
BV13g4y117Sb,https://i1.hdslb.com/bfs/archive/b5ba7134a3cba6c1dd485446eba0ff7ddf52f309.jpg,认真编曲的夕路,33172852
BV13gvxBLEPk,https://i0.hdslb.com/bfs/archive/0c9a9ffe01972bc48786cf911cff273bc29887a0.jpg,零道清隆,413060336
BV13ik6BuEmW,https://i2.hdslb.com/bfs/archive/bd87068bb0e26084bf5b5ba4dff7ec7af45e950d.jpg,一只路过的史莱姆z,474601742
BV13j411R7sX,https://i0.hdslb.com/bfs/archive/2869f55c8c331027d08a4814cccece0e62d78eb6.jpg,PAHATSU,627230330
BV13j411b7az,https://i1.hdslb.com/bfs/archive/e0012185b6bc55aecac0e8dbc1e7c14dcf2e2b60.jpg,钴蓝配黄的吸尘器,322285529
BV13j411p7Us,https://i2.hdslb.com/bfs/archive/87903b5707113d5330a4993d2745df16e752b0ba.jpg,饭糕先生不是梵高,11499527
BV13jHye4EkR,https://i1.hdslb.com/bfs/archive/50156a3e8c1fd76eed7e3c771f35bcd3ce4e194b.jpg,账号已注销,223928340
BV13jfoYvEFV,https://i1.hdslb.com/bfs/archive/8a3f1a102a20ec57a7859d6341f78bc7bda06eb8.jpg,旧制度与三色旗,3546778286689116
BV13jqnYVEx3,https://i0.hdslb.com/bfs/archive/541981aa751cf0fea012e0a9d994c20dc98f8a76.jpg,澈零喵,252680534
BV13k4y1g7Qx,https://i1.hdslb.com/bfs/archive/9122ca41ba9d693f5ffa0122a53ae9235debf5dc.jpg,秋丝雨_早川汐月,39740606
BV13m4y1V7X7,https://i1.hdslb.com/bfs/archive/27846570667ef7a69cc36152264fb03bb1b426e5.jpg,SteggOo,320519460
BV13m4y1s7y8,https://i2.hdslb.com/bfs/archive/3833472bde60951e1ae5f0d49459e61312a1590e.jpg,AimistingZzz_煙,269871079
BV13mB9BeEcC,https://i2.hdslb.com/bfs/archive/827da7ee6105168835587f061fc4c252bf7a9a41.jpg,铃蓝SuzuSnow,24428012
BV13mCXBVEGs,https://i0.hdslb.com/bfs/archive/23f4b2f4d2fe2f0eb1e1cc96c04463b82acf638b.jpg,苏尔达,10235117
BV13mNnzzEFY,https://i0.hdslb.com/bfs/archive/d523fe898dc872984d2dca585de4b13d878ad380.jpg,蓝鹰QAQ,493851957
BV13mb5zUE2m,https://i1.hdslb.com/bfs/archive/ada510a6d52efc4fcd246cc20bb92d377cadb5f6.jpg,木变石,178279
BV13n7XzhE5k,https://i0.hdslb.com/bfs/archive/bf6dec82986f98166f7b92e3b90949b5b8611cb2.jpg,独望青山忆华年,67983813
BV13p4y1R7x3,https://i2.hdslb.com/bfs/archive/66602a24927850125d2bcad6c1d031812090d7ca.jpg,_立木_,291889283
BV13r4y1u7gZ,https://i1.hdslb.com/bfs/archive/35d52fd7f5abb86e1253a73829c760587f744d39.jpg,鬼面P,12355462
BV13rt4z7EV9,https://i1.hdslb.com/bfs/archive/8503f998a5c2f57f4b7c5003047d5208b6eb710a.jpg,空诩_,514721889
BV13s4y1A7SZ,https://i0.hdslb.com/bfs/archive/55339669bac2b60c884979340f1b619656463184.jpg,夜屠灵,333083467
BV13t421W7Aq,https://i1.hdslb.com/bfs/archive/3914603ff3ed1f9c8bdedeaa44f0296ccb9f4c3e.jpg,回首见白露,143387886
BV13t4y1u7St,https://i2.hdslb.com/bfs/archive/9acc001609c8a215f4ff7361cfe7116db2f27c11.jpg,绮葉六合,168500247
BV13t8GzmEpA,https://i1.hdslb.com/bfs/archive/a3b071f5fa823c5af54233ac4205256b326ecb76.jpg,零道清隆,413060336
BV13u41187vF,https://i0.hdslb.com/bfs/archive/1f7a4ca1d49d7c5fd44d050aa336888e76abfec9.jpg,熊青嵐,31159764
BV13u4y137m2,https://i1.hdslb.com/bfs/archive/4d8179d955ceaae4862f2261f1079e5f1c4cd53d.jpg,布智p_Official,37687937
BV13u4y177Sr,https://i1.hdslb.com/bfs/archive/92ec1bff4129837681873ebf8b5dd64534d5ead7.jpg,星のカケラ,2513031
BV13u4y1f7Tk,https://i2.hdslb.com/bfs/archive/269f356d3246597bf8f4b89e5c5e4d41d29df01d.jpg,硫叶立德_NA,35676272
BV13u6GYoEPZ,https://i2.hdslb.com/bfs/archive/c806cd3e43148b33d634f9602b41008cbc024341.jpg,AAA笑颜妄语,354807368
BV13uBcBSEps,https://i0.hdslb.com/bfs/archive/e92161aba4c8ebc509f8e46c0da7e891739f2f1f.jpg,四套三点水,1269073406
BV13uqjYaE42,https://i1.hdslb.com/bfs/archive/71341b7f31e9ce60804aed73843ad698970edc1f.jpg,蓝鹰QAQ,493851957
BV13w41137Zi,https://i2.hdslb.com/bfs/archive/fd9939ffe86c9e8c2c5ba32523e88fc6d6963c7d.jpg,不好吃的SrDt,391558321
BV13w41197kL,https://i0.hdslb.com/bfs/archive/5a71f6e7d9bd33ddbc9d68cca54353489a10ece6.jpg,林宇叶,356113685
BV13wHyzjENT,https://i1.hdslb.com/bfs/archive/ecb6cd2635b18e930538109f4648832d715fe692.jpg,空诩_,514721889
BV13wN8zwEGH,https://i1.hdslb.com/bfs/archive/ea19ce8e00178686f59c2acfbd01a70f5e994b30.jpg,邪云P,302276883
BV13x4y1178k,https://i2.hdslb.com/bfs/archive/38f6c087a684aeb45722f785df614b1a06282611.jpg,以太之海的航行者,512294267
BV13x4y1V7wp,https://i0.hdslb.com/bfs/archive/9775ff3149bcad20acc664f0dda19cbcd5249421.jpg,夜屠灵,333083467
BV13xAheMEN9,https://i1.hdslb.com/bfs/archive/c24c556bdab8a65618467d25be524c40c2f2c9f7.jpg,雪银_Ciol,769074
BV13xQ7Y6Ep5,https://i2.hdslb.com/bfs/archive/eb0afc39d7aacce636345e79643352c027efb5c9.jpg,Frosty虚霜,517737512
BV13xo5YrEGg,https://i1.hdslb.com/bfs/archive/1be33313bcde5f7a0f7d6bb0aa62f96125abdde9.jpg,NeoAsp,6476892
BV13y42eCEBC,https://i1.hdslb.com/bfs/archive/a9f584e110ace7a308d580e1271d858a6a75a9b0.jpg,Mostania,1857864669
BV13y5vz3EyF,https://i0.hdslb.com/bfs/archive/1fa112e01c03a71410596c5604301230a9c99c2b.jpg,神鳴沢世界,114419306
BV13yTvzRESn,https://i0.hdslb.com/bfs/archive/eca0ad387cf19d37b4fc7980a03c5ac93abec921.jpg,春光p,651798004
BV13yzfYxEpg,https://i0.hdslb.com/bfs/archive/b67614cc12cf7f272dd823f1fc15b925c154ac37.jpg,KalonTonics,153327351
BV1414y1i7UB,https://i0.hdslb.com/bfs/archive/ccf2a0cad33ee9654c0d80a255b131178adb63bf.jpg,TriangleRGB,259233243
BV142421w7s3,https://i2.hdslb.com/bfs/archive/01a2e085b0a797a5f936a5dd7e2c0c8e0855795a.jpg,焰心联合团,3493261058509536
BV142xczcEFG,https://i0.hdslb.com/bfs/archive/5ac58e5b2de724b6d3081725f0df047f503d2881.jpg,Recoco266,17320814
BV1434y1A7VF,https://i2.hdslb.com/bfs/archive/d330c8e79814f83ce6b011dfdea7354f9f8daf65.jpg,墨素Mohius,36112611
BV144421F7gW,https://i0.hdslb.com/bfs/archive/d26dfcfbbc956cacc37e5bd717dec71e7e5d1695.jpg,不好吃的SrDt,391558321
BV1444y1Q7z6,https://i0.hdslb.com/bfs/archive/77d95e62c1aa0c045cc3172f8efaaba8d509836c.jpg,R小绵羊233,102544559
BV14487zXEpf,https://i1.hdslb.com/bfs/archive/80c0c94e437994077f1d61a5e3f6b57040980a3e.jpg,奇葩猫必武威,14570812
BV147H5z9Ese,https://i0.hdslb.com/bfs/archive/2ef7eefd842dc12036f61fd5df4ca22e881ce66c.jpg,纸老虎不是我,1766757165
BV147bNz7E4X,https://i1.hdslb.com/bfs/archive/7ba2d16f591b499e3f8994c3ab558fdc981f41d0.jpg,以方_P,3546873786796092
BV148V7eWE2D,https://i2.hdslb.com/bfs/archive/e1ad1231074c711af50a06c33ab02cac0c06b467.jpg,江篱Jacinthe,471955572
BV14A411w7j4,https://i2.hdslb.com/bfs/archive/18ecae84d7f7bb2261b92f59d37347c90de9ae19.jpg,Creuzer,3241451
BV14A4m1G7Ti,https://i0.hdslb.com/bfs/archive/a7b73688eb64cbd9f90ed1d0725e1a9b6953303a.jpg,一只路过的史莱姆z,474601742
BV14AFSzvEdP,https://i2.hdslb.com/bfs/archive/3f462abaf58c354ccb7189ee5661a847f205792a.jpg,清鹤HHZ,3546819457976879
BV14CraBBEpp,https://i2.hdslb.com/bfs/archive/af7c302a0bb8d8574c20886b69d2d8e40e2a0681.jpg,岁華空山_Korrey,2065146563
BV14DLDzLEng,https://i0.hdslb.com/bfs/archive/ce1bfec6eb95035397fcc09283c0b7e627e84ccf.jpg,晴海再不画画就剁手,3092339
BV14DepzjEGy,https://i2.hdslb.com/bfs/archive/82a7146bdec4d4a2f2e7c6e3bdda1f9330a88dcd.jpg,Aboatsurd_荒誕舟P,1925495326
BV14EkBYYEyX,https://i2.hdslb.com/bfs/archive/8e2cd37edbef3fac1b944c506a9e77e91065f3ba.jpg,另一只大水母p,110926375
BV14F4m1u7jM,https://i1.hdslb.com/bfs/archive/3e5bde3ff78bddeede30a14b361782d029b93e86.jpg,Aaron白兔子,175213908
BV14FhCzcEQg,https://i0.hdslb.com/bfs/archive/61aa6130dc6428b68dc318b9c6ebd24875b4f55b.jpg,沢空,1597107
BV14Ft2eqEPc,https://i1.hdslb.com/bfs/archive/611bef4aedea1dfb9052d3fed2f95e04a15bc61f.jpg,Redi归_热地,177783703
BV14FtozZEzU,https://i2.hdslb.com/bfs/archive/d14afda061cd16763c23984f492dbbcae5b2f97b.jpg,蝉浅QAQ,256898811
BV14G411Y7M9,https://i2.hdslb.com/bfs/archive/67abd98b20f9b28aa26684802bb922a3feb0f4a2.jpg,飞弦p,5347090
BV14GCXBTEfS,https://i2.hdslb.com/bfs/archive/1be98cb143584b7248262ca5ce16ee0925b76db6.jpg,sHiki_08,3494359215376534
BV14H4y1D7A1,https://i2.hdslb.com/bfs/archive/9671e2e2ce173c44860e1de70ad7e57ad81f11e3.jpg,KunKi114514,163104011
BV14JURYbEUJ,https://i0.hdslb.com/bfs/archive/03a90f0a872d6829f8b1f4cff4e432b1f2d87092.jpg,团子_P,162667579
BV14JxEzCEAp,https://i1.hdslb.com/bfs/archive/518b1337050dfb6df0daf4a341c419b943e6dc2a.jpg,炜阳Nonbiri,493704057
BV14K41147wb,https://i1.hdslb.com/bfs/archive/5da60921da0153665d3c406aeae3c24b8e64c797.jpg,樱绘雨翼,35326880
BV14K411C77R,https://i2.hdslb.com/bfs/archive/d067f1b854f09e83c53e0ddfd2d319d37059452e.jpg,Dagazs,88726438
BV14K411Y7uK,https://i1.hdslb.com/bfs/archive/be0772d7d628c6bfbcfab21e0f8889acee496b03.jpg,风湮Official,8151904
BV14KCPYqEV5,https://i2.hdslb.com/bfs/archive/2f797bb5f1ac29b8be124ca83c48affb103aaa2c.jpg,璘月亚灺Xie,412412152
BV14KifY6EPE,https://i2.hdslb.com/bfs/archive/ccad596ae64cf42fc707c0b54cdea2b010b45465.jpg,三辰p,3546609807788329
BV14LH4ePE2p,https://i1.hdslb.com/bfs/archive/31bda051c03ea59e93c67f3ae61b136494ed9049.jpg,酒徵酩,67654111
BV14M4m127wE,https://i2.hdslb.com/bfs/archive/d3093115ff7a2dcb8ffcb06a20b98ea75a01169c.jpg,账号已注销,223928340
BV14M4m1C7EL,https://i0.hdslb.com/bfs/archive/8870b8a5333892c337ce2eca13ec12fdbe33b26d.jpg,Mi-u_,398660064
BV14MFXeEEzN,https://i0.hdslb.com/bfs/archive/cefa08632be06e1b69ccafe6e9cedccb0838266b.jpg,茉茶P,400188894
BV14MahzcEab,https://i0.hdslb.com/bfs/archive/b951508d1bfb28a6393743e45716c207cc2d9359.jpg,红磷-P,359426347
BV14MquBbExk,https://i0.hdslb.com/bfs/archive/9365729eee7585de1a3f3d5d3022759e742f6d91.jpg,QianSYp,28795472
BV14NeXz8Ei8,https://i0.hdslb.com/bfs/archive/432e2f4857e3a3ae3c3eae9027f72ff6c35f85ed.jpg,誓必要的勇气,3546958010517785
BV14Q4y1H7Vc,https://i1.hdslb.com/bfs/archive/4c885084c77c0a7f14b6d0c5b742ed44a3b9f20d.jpg,隐于世_QWQ,32812001
BV14Q94YhEc1,https://i0.hdslb.com/bfs/archive/7b4bb0a9502c1b149029a4cd70a1e3b362ac9850.jpg,恋のVel,296687439
BV14S421K7y5,https://i1.hdslb.com/bfs/archive/aacd333d19ee93a51cc2a8738decfe9082a33df8.jpg,昨夜的尘,1346679891
BV14S4y1F7Bu,https://i2.hdslb.com/bfs/archive/e34fd770d3928c55f9a192f19fa9f4a69f4d539e.jpg,柠瑛岚,82521410
BV14TAKzXEjc,https://i0.hdslb.com/bfs/archive/26156ab20b004d9fe190fe060ae45b89efd11a68.jpg,路人鄙,385117503
BV14U421d7xE,https://i0.hdslb.com/bfs/archive/3b6a680e1de7057d0a81f9e1801d727ea23f28d4.jpg,初雨骤竭_kiwi,107844143
BV14Uj1zNEBg,https://i1.hdslb.com/bfs/archive/708ecb3f9210cc5cbedb9e3b47d1b41d2479bb3f.jpg,赤霄蝦awa,1970290612
BV14W4bzCE9W,https://i0.hdslb.com/bfs/archive/d2a27a6994bc6bf06f3bded4d3e4995d9bd4a602.jpg,硫叶立德_NA,35676272
BV14Y411q7CV,https://i2.hdslb.com/bfs/archive/2c5b407a98dde01196aa971d50e1aa2b4337b0fb.jpg,瑞安Ryan不跑调,108845996
BV14Y4y1V7Nr,https://i0.hdslb.com/bfs/archive/61d491d03edee9d97ee640e5deb3f358d6d629a0.jpg,凛野_WILDLAND,12748978
BV14YSwBGEHL,https://i0.hdslb.com/bfs/archive/669ef7332d09befb0aab7c5a7bf745fd61fb4c38.jpg,三色薰衣草,357101919
BV14Yj2zNEc6,https://i1.hdslb.com/bfs/archive/903d84285e95771c43a07f3d6377f564f8e7d9b5.jpg,卓盈之,38028309
BV14ZmZYKEJv,https://i0.hdslb.com/bfs/archive/c6d45b9f497cd7cca27ca41219952e501deb7c6b.jpg,拾光与小狐狸,179469844
BV14ZztBREK8,https://i0.hdslb.com/bfs/archive/b33b666762674573888141a45a474d658c5a2d7c.jpg,双辞冫,423886341
BV14a4y1k7df,https://i0.hdslb.com/bfs/archive/a8d68f9066f305fc16ba2e7ba061cdc7282f8cd2.jpg,千草幻星,14425668
BV14bfZBREEn,https://i1.hdslb.com/bfs/archive/19638c8a057f1f8d72d65975f4edb63e838d084b.jpg,归尘回梦,671367010
BV14c411g7Xn,https://i1.hdslb.com/bfs/archive/693852dc588d1cab9eef8cb51e67e3c520c50a02.jpg,CraMo桃,10014279
BV14coEY5Eqc,https://i0.hdslb.com/bfs/archive/eb4fde2d0c7644a10a312f8fc108071290f351d2.jpg,白粥粥粥粥bz,681880973
BV14d4y117FV,https://i2.hdslb.com/bfs/archive/059c4428c19d099effa7629147ac76306d94ea5d.jpg,-安鹤-,20264456
BV14d4y1A7oy,https://i1.hdslb.com/bfs/archive/96c10fc53424e07be5a03f462382f55a3a149bf7.jpg,_立木_,291889283
BV14g411t7xN,https://i1.hdslb.com/bfs/archive/51a1c4337c1b48de74fb60f1930b84fb3b333177.jpg,棠遙今天吃了吗_,101237022
BV14g4y127Ry,https://i1.hdslb.com/bfs/archive/855e1554356cd57d5af5dc925c015275def60163.jpg,BCmilk,269391445
BV14h8CeiEKZ,https://i2.hdslb.com/bfs/archive/c675547c1b8d55171272e108a106c19354be86f5.jpg,逆行咕,81100462
BV14hm9BmESR,https://i1.hdslb.com/bfs/archive/1b51a83d8eefdd6bd8e30321e8ce3426660c71ac.jpg,森中窃言_AlexDev,1071917495
BV14i421D75s,https://i2.hdslb.com/bfs/archive/441746106a5333beebfba68d8b6126886afc0238.jpg,落橘生秋,46207951
BV14i4y1C79B,https://i2.hdslb.com/bfs/archive/4a05dd202e91be2f42a80c96d72343bea816567a.jpg,奶油味儿的蘑菇w,570208
BV14i4y1h7wR,https://i2.hdslb.com/bfs/archive/bb0382588967382ee7ca3ccfb1240292f8a42dce.jpg,账号已注销,3494365188065809
BV14ixbzrE9n,https://i2.hdslb.com/bfs/archive/5e482c99d7087be52401ccbf689b1eb87e93fa07.jpg,百合咲奈奈,488817090
BV14k4y1D7Ay,https://i1.hdslb.com/bfs/archive/f67fad0ae848542aa7beb82f3e0fd025a31676a0.jpg,风湮Official,8151904
BV14kYyzMEo4,https://i0.hdslb.com/bfs/archive/a8194413c56107f9c52fda9482700f20cba7e188.jpg,Distantal,482555496
BV14m4y1n7Ru,https://i1.hdslb.com/bfs/archive/5380f93a12966a4596e7aaa850900cd1313b2201.jpg,无限轮回永远循环,572227034
BV14o4y1u7ka,https://i1.hdslb.com/bfs/archive/7b655ea174f8533f2b5a4884c9d89ebf81d881e5.jpg,Mr兔_P,4399111
BV14oi9YcErv,https://i1.hdslb.com/bfs/archive/79c9c52d2026409f7859f4817804007138c3bb83.jpg,落叶brs,7968848
BV14p421R7p1,https://i2.hdslb.com/bfs/archive/2248f84046ea445cb1f8c263e7d4d3810703fc76.jpg,Dagazs,88726438
BV14p421X7tx,https://i1.hdslb.com/bfs/archive/fb9569f4f418285f5528d68c55b6c53f06005228.png,Llemoiis,354172677
BV14p4y137hV,https://i2.hdslb.com/bfs/archive/2188fbb017697c0ab4a5be49ee2ff3be2f3ccc9d.jpg,mkhm,3494371299166835
BV14p4y1G76e,https://i1.hdslb.com/bfs/archive/056eee1758f727d128ef18fe61042c2ee0767947.jpg,SteggOo,320519460
BV14sBLYxEsq,https://i0.hdslb.com/bfs/archive/3947581a6783a99da7eb5d33e5ffc0d228e84bd0.jpg,零天羽,36395571
BV14sE3z6EaM,https://i0.hdslb.com/bfs/archive/a4a72ca85aa80d96e0b99b424f94418a3937c8f2.jpg,真极I巴多轼,353680168
BV14sFQemEQT,https://i1.hdslb.com/bfs/archive/f71da73742b7f47cdec81372fd8b9d7d6c138ac2.jpg,MooNote的音乐工坊,593650
BV14t42157i6,https://i0.hdslb.com/bfs/archive/acb834c209d8bbbc081cd7ec974f260984342f01.jpg,南极老飞禽,14710405
BV14t42177d2,https://i1.hdslb.com/bfs/archive/5221aeafc019bb5c802211a56bac5267209f01f2.jpg,Tricycle三轮车,496320042
BV14t4y1N7xp,https://i0.hdslb.com/bfs/archive/05a19146715dbf8395d76c047fc8ea2549d669f6.jpg,disischai,1970176153
BV14tA5z3Epo,https://i2.hdslb.com/bfs/archive/f778729c2833b185ebd0338a05cc5b0622e17d17.jpg,OC的最小值,3546602381772970
BV14tGQzuExS,https://i2.hdslb.com/bfs/archive/e95c04cf3ab903860500c2e69c9b3cdc41aa8e57.jpg,友理★HAGIA,5294134
BV14u411778B,https://i0.hdslb.com/bfs/archive/030ae3d9ba733addd461e3d92198eab282c14b73.jpg,旦旦小宝,183288189
BV14u411F7Ac,https://i2.hdslb.com/bfs/archive/8cf4e9c1e8e0ad18790cf4e6b3431366dee4e99c.jpg,尘埃日落岛,244430439
BV14u4y1J7op,https://i0.hdslb.com/bfs/archive/0f60803e6085518f3e73ed4076d8518f95b1bda1.jpg,村口鸣师傅,2129766
BV14ubYz4Evc,https://i1.hdslb.com/bfs/archive/8eb0e355e1dce5fa69bcb1841cf9d9f26a396c58.jpg,Sonneteer14,3493113309956957
BV14v4y1h7Ew,https://i1.hdslb.com/bfs/archive/ccdb1171609a863caa49931f2b841d3e9003c880.jpg,墨素Mohius,36112611
BV14wPMzZEow,https://i0.hdslb.com/bfs/archive/ac4441e4f5124a17e60756243c68ac98710eb32e.jpg,匹垂客Petrichor,1283732492
BV14wgLzYEiJ,https://i2.hdslb.com/bfs/archive/6633922ad14ce1e691651c03940910cd6329a290.jpg,尘萤宇P,382492832
BV14xsMesEr8,https://i0.hdslb.com/bfs/archive/2efa32553ae73b8d34dc022a6107ecaa8b8224c9.jpg,独望青山忆华年,67983813
BV14z4y1T7vY,https://i0.hdslb.com/bfs/archive/48e98a6ca01a12df2a0ea91e298e3a8dffecf0ac.jpg,影歌P_Kageuta,356160341
BV14z4y1g7W3,https://i1.hdslb.com/bfs/archive/a3b315fd74a8fd6dabd46c463718f2fe6c6a945d.jpg,草履虫_P,493946111
BV14zgazGETV,https://i2.hdslb.com/bfs/archive/8f61c61e2466e4d7b5015b0b4521f1654b81f130.jpg,Fujiyama_p,3493136523332350
BV1534y1E7hv,https://i2.hdslb.com/bfs/archive/a6d5c0423ef311757cf34bd94ba69c8603bae493.jpg,忘川风华录,326258472
BV1534y1T7vH,https://i0.hdslb.com/bfs/archive/82ca344e78acee11746e137596a756e86790101f.jpg,Mi-u_,398660064
BV154A5eYEWG,https://i2.hdslb.com/bfs/archive/6e72b8ecbbb4b9c65b8b8e2b04be2dcbda11e343.jpg,ctce31522,1669218148
BV154BGYtELx,https://i1.hdslb.com/bfs/archive/5154a3225d1cd1a9090fa542f3248391266d5155.jpg,从来没有好名字,365865598
BV154S4BWEKe,https://i2.hdslb.com/bfs/archive/040dc1cfe1e2ad6e3a12e01ba200d08b2b24e486.jpg,一只路过的史莱姆z,474601742
BV154zCYDEXV,https://i0.hdslb.com/bfs/archive/37688e21453044b16eff8ad200ec5d00a826a120.jpg,KalonTonics,153327351
BV155ZrYZE8J,https://i1.hdslb.com/bfs/archive/92879d5cea25d920c77dd79ed5dada9ce228b3ff.jpg,心魔才不是女孩子呢,359100532
BV1574weWEAf,https://i1.hdslb.com/bfs/archive/5019eb63e8066901cb9ddc62f8e3f2f487d3e85b.jpg,绯雾Fitwar,2021631527
BV159LBzREot,https://i0.hdslb.com/bfs/archive/ba5287ca57defc8e17f6f1f4d0b3c5e6cc4fb482.jpg,Faint曦音,489510667
BV15Badz2ETT,https://i2.hdslb.com/bfs/archive/d139206f2028b1b11836df381c79cebe31248907.jpg,国民爱抖露IsuChan,3546603843487946
BV15C4y1X7tm,https://i1.hdslb.com/bfs/archive/c11ffe270d36102f52256ddf1e6d907ee086e390.jpg,蔚蓝彼方_P,16546166
BV15DxZeLE4o,https://i2.hdslb.com/bfs/archive/53aa24bac3a53f96dc0b39cd63f7a99ec939ebd7.jpg,风湮Official,8151904
BV15EA9e3EZB,https://i0.hdslb.com/bfs/archive/fdb1477cd156784dd57a05a9c0669c05e1b312e6.jpg,一只路过的史莱姆z,474601742
BV15Ek2YiEzu,https://i2.hdslb.com/bfs/archive/e3dfc6eea9aebd5fa67943081f812a34c04dd27a.jpg,S_D_Poisson,560617233
BV15F4m177z1,https://i1.hdslb.com/bfs/archive/08f7a93d116eebf2a2c2111ecd6dfdb955a75c9d.jpg,-vivi_Chan-,477665135
BV15FFYzaEEW,https://i2.hdslb.com/bfs/archive/db046ba28755c3f61f52f0f18d1f6389ce70a79b.jpg,sin秦苑夕,582847880
BV15H4y1h7sN,https://i2.hdslb.com/bfs/archive/1a94aef12711465cd3bd839835992a0c86145a09.jpg,泽泽川喵,94505575
BV15J4m1N79f,https://i2.hdslb.com/bfs/archive/73ad4f28cd1d91d87b0ccb607973dbee3adb4b81.jpg,风湮Official,8151904
BV15J63YcEZL,https://i1.hdslb.com/bfs/archive/de75be5e074148c82d977b3e5309506ad37c9898.jpg,SteggOo,320519460
BV15JNweiE9o,https://i2.hdslb.com/bfs/archive/eb0479f2d733fb6f4c4547ba0d9d4b237fdcfaf3.jpg,风湮Official,8151904
BV15JaVzfEHC,https://i2.hdslb.com/bfs/archive/5056ebb92a89d301ed0e600419ec8d4a24d54044.jpg,中子P,3493280457165617
BV15K4y1w72A,https://i0.hdslb.com/bfs/archive/a60cbf168571516688570b0957adf4f78792b3eb.jpg,野子音声,290492989
BV15KJPzeE4K,https://i0.hdslb.com/bfs/archive/c9efa02784a4ff310c956d709b2a52eea9353bcd.jpg,FallenStar繁星P,1673601085
BV15M411M7Uq,https://i1.hdslb.com/bfs/archive/765c36cc75021112611e4bd5a0d3b3628304167c.jpg,禾芷溪溪溪溪溪溪,186907588
BV15M4m117zb,https://i0.hdslb.com/bfs/archive/a687aca431de46f91b599193ec39bb44b058d745.jpg,澈零喵,252680534
BV15MxdeKEud,https://i2.hdslb.com/bfs/archive/dc007acc212b585de388a04632a48d93d72bbb0f.jpg,EveKraHill,1648731978
BV15MzrBiEHh,https://i1.hdslb.com/bfs/archive/0474bfd7591445dac278b577518e60e0672e1f7a.jpg,夜逃_P,3546919611664385
BV15NC1BfEm8,https://i0.hdslb.com/bfs/archive/395b7e3f37cca2559fab240a2e093a5d2bcffe0f.jpg,KaedeeFenner,502490749
BV15PCWY6ExC,https://i2.hdslb.com/bfs/archive/839d8a4124bc64bb67fae9ab3e9c436c175ff14c.jpg,NamelessP,3493128384284922
BV15PVHzTEyF,https://i1.hdslb.com/bfs/archive/aecd85a1f117f3165feb81509665acbe9dab8c3c.jpg,诗洛Official,1443503137
BV15RELziEZZ,https://i0.hdslb.com/bfs/archive/2fb6952d1a3bc23b383865494f66285e8bb1a4b6.jpg,锌轲,481226116
BV15RFHe1EWs,https://i2.hdslb.com/bfs/archive/f14a79a682df859dacd98d879c40004d4690e3f2.jpg,钴蓝配黄的吸尘器,322285529
BV15RSgYDEYs,https://i2.hdslb.com/bfs/archive/e4661e1178d1302b17fe5b8001b61fc6b920e9d4.jpg,萧于Risho,183586082
BV15SECzCERP,https://i0.hdslb.com/bfs/archive/5568bb5f35bce199da511d96e621227b3acf98fe.jpg,洛林rocky-艾慕杰,293745252
BV15SxdeMELP,https://i0.hdslb.com/bfs/archive/f2767c2f332ebc0f22ad37ab6bb5a26e54fc2e2b.jpg,小鸟游凉介OvO,9630580
BV15T1BYQE4i,https://i2.hdslb.com/bfs/archive/ef76dc3e082bbf45fa4bae378c88d5bf553d2a4b.jpg,ToucherW世界触摸_P,89000929
BV15TQCYUEVk,https://i0.hdslb.com/bfs/archive/75519b91a1ca8d71dcc3d5567c9191d61a441379.jpg,沢空,1597107
BV15TyaYeEj6,https://i1.hdslb.com/bfs/archive/96dbaa57991440d577b5df691afe14f7167131ab.jpg,风湮Official,8151904
BV15U4y1U71E,https://i1.hdslb.com/bfs/archive/6c5175b2623652e011546234d0739b0c329b1437.jpg,视觉小说夏日花火,701257258
BV15Uh9zMEE1,https://i2.hdslb.com/bfs/archive/899bfea4d2ccb89f865821d9423e6fb11fe07887.jpg,深空酱,24534553
BV15WHLzBE3R,https://i2.hdslb.com/bfs/archive/0e2ccf6436fd97b88948ab837a99d0c5ca663c7b.jpg,抓住一只窝批,504643796
BV15X4y1H7N3,https://i1.hdslb.com/bfs/archive/eac01f552a631a0afe49485464050db23385de80.jpg,未善澪,73391786
BV15X4y1a7Fq,https://i2.hdslb.com/bfs/archive/bb1d8e9f132a2937bc2f741dc29915e097f14ff7.jpg,盐水是言和水,285926728
BV15XJJz7EkQ,https://i0.hdslb.com/bfs/archive/6b82b553ab662f68bb2e396939234a971800fa19.jpg,Rean__,6531436
BV15Y411b7jd,https://i1.hdslb.com/bfs/archive/57bcca0048e37b8be32850acf254a40197d064d6.jpg,伊森森森_,508937250
BV15Z421B7uV,https://i2.hdslb.com/bfs/archive/1c7603a76fd41a4e853fbde5a7ecb8f6f5a309e5.jpg,迭羽P,148968488
BV15Z421h7VB,https://i1.hdslb.com/bfs/archive/232fee2860875704757708c59f744bd3d3939a67.jpg,迭羽P,148968488
BV15azpYZEJa,https://i0.hdslb.com/bfs/archive/aa64007a2cac4c0785e97d2fa25e776bdbb8e792.jpg,化工批发王总,399741685
BV15bmbYYEk2,https://i2.hdslb.com/bfs/archive/0815d17b176de9694e67c8a7b53b5a589508c4db.jpg,禾芷溪溪溪溪溪溪,186907588
BV15cwzeYEZL,https://i2.hdslb.com/bfs/archive/aec67c8ebb5087e731835729690b3ecebf29f131.jpg,晴海再不画画就剁手,3092339
BV15e4y177TD,https://i0.hdslb.com/bfs/archive/3c7ab6db32a13c5b52f011e4fa2fb9f43a8c9287.jpg,瑞安Ryan不跑调,108845996
BV15e4y1t72w,https://i2.hdslb.com/bfs/archive/e3cdcb17ecdde57b0991e4a7e113cb91b8024d5c.jpg,星海化相思,548530704
BV15eABzsECc,https://i1.hdslb.com/bfs/archive/0b6a59eabd7f9244c9583b3d4f96e0012cc40b14.jpg,和弦进行不能V-IV,13703656
BV15eRdY8EXF,https://i1.hdslb.com/bfs/archive/c01e3780c5c42b8b84feb1bacc15607d96d70f64.jpg,中子P,3493280457165617
BV15egQz7E7D,https://i0.hdslb.com/bfs/archive/9d0b6980cdede5232cff55ff548811b0cf7f39ba.jpg,沉年旧诗,362732015
BV15eyeBPEyq,https://i0.hdslb.com/bfs/archive/a50ef792e3cf67832d071a6d78fb07370d8849af.jpg,Menci,8205900
BV15fSZYpEkv,https://i0.hdslb.com/bfs/archive/5e0e759f52b0de2756c0ba449f008a18f1db3fd3.jpg,EveKraHill,1648731978
BV15fSeByEwQ,https://i2.hdslb.com/bfs/archive/c613a970acda27f75c440b558336cf70f3d13cef.jpg,サツキ_Official,1829236187
BV15fUQYNEdn,https://i2.hdslb.com/bfs/archive/11912db1500a2b53144e666a95f156f728dcba44.jpg,账号已注销,384824064
BV15g411q7UL,https://i0.hdslb.com/bfs/archive/f81ae8a3633094d417a1d8dcb1ef951f84214577.jpg,连殇殇,573429
BV15gfoYzEpr,https://i0.hdslb.com/bfs/archive/d2077da9c5b8e3bab84e2746533f3840d260ce52.jpg,纸鸢EAbird,82632219
BV15hE2zWERT,https://i2.hdslb.com/bfs/archive/0427d8f43d8d0a2a7b378c2bc8c910777406077f.jpg,戬希Haleksius,1806620142
BV15jr4YGEJs,https://i1.hdslb.com/bfs/archive/7a695b377c50fdbf29e63fbb3c7cb8905db7db6a.jpg,水龙头P,584935264
BV15jttzWENB,https://i1.hdslb.com/bfs/archive/8d606f757a4de0e124c87131cb24096a22ecffc4.jpg,蓝鹰QAQ,493851957
BV15k4y1g78h,https://i0.hdslb.com/bfs/archive/0a548f0938cfb4064421fc12cb4e3b81a7c0eb1c.jpg,鹰酱的落跑石油,436719822
BV15kLnzuESG,https://i1.hdslb.com/bfs/archive/8ee282e3f13a344dac5511dec9750490dba08ec5.jpg,秋沼AkiNuma-P,3546755475966065
BV15m411X7hY,https://i0.hdslb.com/bfs/archive/f393301cc4378861b03b8ac4390a41d68582f8c7.jpg,樟子君santal,391281625
BV15nY9z5Err,https://i0.hdslb.com/bfs/archive/504a2dbc3aa6541e6b32810e7f0219909c4914a7.jpg,DemonCream,262415449
BV15p4y157KW,https://i1.hdslb.com/bfs/archive/654174051e4fb3a9dbfa8804f2678fb22145f6dd.jpg,R小绵羊233,102544559
BV15r421M76p,https://i1.hdslb.com/bfs/archive/0e0569cfb8c11d4eb6c1ca4035ad805440cdddee.png,一只路过的史莱姆z,474601742
BV15r4y1z76Z,https://i0.hdslb.com/bfs/archive/3de85700a4d8dbed63666c4ef97022fbf232126b.jpg,南极老飞禽,14710405
BV15rhQzNEz5,https://i2.hdslb.com/bfs/archive/01990183d811ed2b580a090ff5ee34a03fb94247.jpg,半山溪鼠,454060711
BV15riTBNEhw,https://i1.hdslb.com/bfs/archive/b21d1f2aac31d5cfe44e8a7a79c00c2aa1c6a3fb.jpg,黄昏幽灵_official,3690977254443474
BV15t6SYuEQR,https://i0.hdslb.com/bfs/archive/20928ee0f157a4a372246251bafc7be1a626b4b3.jpg,橘子味抹茶饼干,39738595
BV15tt2eEEKu,https://i0.hdslb.com/bfs/archive/1479ea8f7751a3aa79793649f355917475e10ad0.jpg,灯火烛天Lusky,27694266
BV15u4y1V7m8,https://i1.hdslb.com/bfs/archive/caf667e0235d58b43e5c9a170214766c4cd19697.jpg,苍梧_abilrue,4933186
BV15vq1B2E1x,https://i0.hdslb.com/bfs/archive/943baaeee4373bd9cb55ffdb013886e2fc673568.jpg,Thynephis_小赵,511206731
BV15w4m1d7oJ,https://i2.hdslb.com/bfs/archive/322d518ca1622b21c56dc25ce2d28387c8bc19cc.jpg,-络霏-,15331235
BV15wgczTEGq,https://i1.hdslb.com/bfs/archive/3cbd97ec9a2feee28b9e50f332e710a18509c66b.jpg,DJ-izumi-,535289129
BV15x4y1T7Wa,https://i1.hdslb.com/bfs/archive/dd02694ca9f7d94185970642f358e065204ed82e.jpg,纸鸢EAbird,82632219
BV15xN2zSEBC,https://i1.hdslb.com/bfs/archive/f7d7dc73d57a7661c5aee2d7b3a107188d253766.jpg,燧石_P,55770896
BV15xNVewEiP,https://i0.hdslb.com/bfs/archive/19d48477562eb7f1b3e0be6e13980072aaab2ca5.jpg,新一威尔特,27252179
BV15yZ3BNE9A,https://i0.hdslb.com/bfs/archive/930736c04bac51535564a734729a6cd00e0dc645.jpg,一只路过的史莱姆z,474601742
BV15yfnY6Exy,https://i2.hdslb.com/bfs/archive/02552445a6a99d86d101a35acd2fbebbe9abe9c3.jpg,风湮Official,8151904
BV15z421D7fR,https://i1.hdslb.com/bfs/archive/b165ddb9a202f172a3fcdd53ac16486c6eb3be32.jpg,磷元素P,273891297
BV1614y1q7Q8,https://i1.hdslb.com/bfs/archive/24e7cfe996a7f80947eb044105f7172b874d2509.jpg,南风知我韵,196629306
BV161t8z3E8T,https://i2.hdslb.com/bfs/archive/36c799eb6ae0fd70a2da264dbeb50db08f99f607.jpg,布可里昱,32857144
BV161wyz7E9V,https://i2.hdslb.com/bfs/archive/fd820d465d63d728e038caed14e6e5135e2c3760.jpg,毕竟只是怪物,32884294
BV162RVYnEsJ,https://i2.hdslb.com/bfs/archive/d000604927ca2a028c5f2f05bb6fe0b923c57e81.jpg,歌与晴港,207298507
BV162dJYBEFx,https://i0.hdslb.com/bfs/archive/c01e178337e3cf4c1e20caa8a93f34fcd90620fa.jpg,AikaMusics,513322744
BV162eGzuEVz,https://i1.hdslb.com/bfs/archive/0f02373f2649db78fd2824b10efc68154415d60e.jpg,不思議曇,2064907426
BV163411L7qP,https://i1.hdslb.com/bfs/archive/0c7ba4480ae692259860ed66f3d8bad5bbd1fbe9.jpg,存拾,4535123
BV163FizDELA,https://i1.hdslb.com/bfs/archive/68b15a65974b03e3f820c89ebc9e07d8c2ec303f.jpg,羽翼小黑,288156236
BV163wKe2ExG,https://i0.hdslb.com/bfs/archive/13ae957fad887b9d345343b0a324421d28bee864.jpg,rain灬dew,495701347
BV164qZYcEvK,https://i2.hdslb.com/bfs/archive/3bcded9d8f1dc13cd2281ef5d0eb2453c0eaa777.jpg,晓梦时光,382839354
BV165FPzbEX9,https://i0.hdslb.com/bfs/archive/0f096ac741a140eb091b0d9f14e03eb5603c77ea.jpg,匹垂客Petrichor,1283732492
BV165nFzvEom,https://i1.hdslb.com/bfs/archive/159c620fa297d40c94db5492493db763fef96e62.jpg,Quartz_Melodies,11796494
BV166MLzSEQJ,https://i1.hdslb.com/bfs/archive/8bd86966843d9fe86b51d6f3b2761c36c29f5f87.jpg,田斓麦熙,256915414
BV166PveTEyQ,https://i2.hdslb.com/bfs/archive/4f84f8efb9f2cdf9e3788c6f6e894cf052c034e4.jpg,白糖の正义铃,180668218
BV167AxeMEbB,https://i1.hdslb.com/bfs/archive/9b5b6cab7b46e8cffe0bee2664d23ccdd1e5097a.jpg,紫陽花RainDrops,440421599
BV1694y1V7yg,https://i0.hdslb.com/bfs/archive/b8cc18bc472fbbce57ebf99e214b542f694a7dd6.jpg,万叶飘过_一叶惊鸿,108039515
BV1694y1k7nx,https://i1.hdslb.com/bfs/archive/903ed1834bf40746a12f6a09f5ee1e086c39528d.jpg,客止Gue5taY,270414476
BV1696sY5E4J,https://i1.hdslb.com/bfs/archive/9fac2ef21b72ed5a344fb7fa1887a268a73fdcd0.jpg,璘月亚灺Xie,412412152
BV169xJzMEQX,https://i1.hdslb.com/bfs/archive/670e772722927fcec5582e3166943084f17fc2a8.jpg,梦凌月华,410941573
BV16APxerEFM,https://i2.hdslb.com/bfs/archive/8dded7a63036a3f07eeb8a947d15783459bb2837.jpg,Rean__,6531436
BV16C4y1e7nJ,https://i2.hdslb.com/bfs/archive/47b2b01daa7a46e5f704cd5bc0ecb4abeb1cce2d.jpg,黑岩塔茶BRTocha,401407188
BV16Ch5zME5r,https://i2.hdslb.com/bfs/archive/b7ce1a3cb3139fc48388f943eb68905e89b039ad.jpg,白霜渡鸦_Corvus,470563327
BV16FiqYNE5E,https://i1.hdslb.com/bfs/archive/c3da769f167342d54ccd8cbe2619c16903f56bfe.jpg,木坂板版粄,150263332
BV16GaPzkEnD,https://i0.hdslb.com/bfs/archive/07e0919d3d331ad26038bed07917d8341142e142.jpg,Katuria,174935202
BV16H4y1B7jA,https://i1.hdslb.com/bfs/archive/584f92f668cd046287411e541f6cb9c94042471c.jpg,熊青嵐,31159764
BV16H4y1B7yt,https://i2.hdslb.com/bfs/archive/eb9dfa6cff2bad3f4eb5988aa3e7de5d97049d02.jpg,衣物鱼Yiuv,697934264
BV16K411t7Sq,https://i1.hdslb.com/bfs/archive/7a8dc44f84bb8db456844e975b9e3773eb623c7b.jpg,冰山_hyozan,367321
BV16KMQzUE2W,https://i2.hdslb.com/bfs/archive/eb18c8991bbd7f95eaf48c44038def5ea30336a6.jpg,R小绵羊233,102544559
BV16MB9YDE3n,https://i0.hdslb.com/bfs/archive/64911ad548edcea6a521fea3700bf692e96bacca.jpg,安逸安逸安,159110886
BV16N411e79x,https://i1.hdslb.com/bfs/archive/b1ef57bdbf9f4f40ead2f55c4a438234f537a1b4.jpg,星海化相思,548530704
BV16N4y1B77u,https://i0.hdslb.com/bfs/archive/e37c5ae6a9be5a3eaef38c09f7b2f9b002ad1f78.jpg,生念何,3546589549299782
BV16N4y1R7My,https://i2.hdslb.com/bfs/archive/b430807ed989a563c1883cc8010fd9bfd980b877.jpg,祸尾氏,91465396
BV16N4y1b7DK,https://i2.hdslb.com/bfs/archive/facd1f12a82271f8e3eea4c9551e3cbc9aeb241f.jpg,跨海星尘,275022363
BV16N4y1x7e4,https://i0.hdslb.com/bfs/archive/255ce98c43b067acffb8ad2fd1718170f9566451.jpg,萤与花_hth,355904832
BV16NSZYbEz4,https://i1.hdslb.com/bfs/archive/1a3ffb11d20ab5eb53cd83a5dcf1673c2a1d1f1f.jpg,杯糕糕糕糕,477486268
BV16Ne2zNECL,https://i0.hdslb.com/bfs/archive/2c493ad72e86453601d85236a25f964dfa1832b2.jpg,国民爱抖露IsuChan,3546603843487946
BV16P411g7wc,https://i0.hdslb.com/bfs/archive/077f1cbbe34bc46ff6d4226d5c120b8cb5667d38.jpg,影歌P_Kageuta,356160341
BV16Q4y1s7ZG,https://i0.hdslb.com/bfs/archive/71b3dbe0d4eebf36dcab26bb151d05b610538435.jpg,Mi-u_,398660064
BV16Q9EYbEB5,https://i2.hdslb.com/bfs/archive/7d5f5b47de2cc264c40f0270c6127f566c537e88.jpg,ART_JPN,3546570299542061
BV16QRLYREcN,https://i1.hdslb.com/bfs/archive/ca27b9e466559c080119c555872c5e0b92220723.jpg,KRAT_ReA,130203927
BV16QikB5ECA,https://i2.hdslb.com/bfs/archive/b3de3aed4d0ad5d26468bc3cd6e88eea9003d0f8.jpg,风暴降生男菩萨,110902829
BV16R4y1Q7XW,https://i0.hdslb.com/bfs/archive/9e2b3005dfc0f6881a9429f8d5c67e99da0293c6.jpg,顾夷舟,8053974
BV16ScXeVEEg,https://i2.hdslb.com/bfs/archive/2e518ae33955c0b80293cd7dff51bfc855e91e95.jpg,不會做音樂的狼夏karami,613784642
BV16T411c7GT,https://i0.hdslb.com/bfs/archive/25b42bd68a258e7ccafcf4f6694da03595f9e33b.jpg,超能大熊,921624
BV16Tp3e7En6,https://i0.hdslb.com/bfs/archive/6e59c46181a5fd7f4c8c6b13b1df4a5c6f213642.jpg,账号已注销,223928340
BV16XSDYVEzW,https://i2.hdslb.com/bfs/archive/35654cd4095d1dc6bbedfda98e057c956a706bbe.jpg,北山Pesaka,19500824
BV16XbBzaEze,https://i1.hdslb.com/bfs/archive/a4fcaab515cb0850d130955499fe8f7fff9554e7.jpg,蓝鹰QAQ,493851957
BV16YfbB8ESE,https://i1.hdslb.com/bfs/archive/0eac825e83a8144c7981c3c95fe6b5a424a50167.jpg,梦语未言诗,689055360
BV16Z48zuEBR,https://i1.hdslb.com/bfs/archive/a6bf3fe59beeb9d88d5a628aef9dfd15e4ba1d93.jpg,翰墨金衡,289807109
BV16a411a7R4,https://i2.hdslb.com/bfs/archive/409dd27e1714575f19f5dc5687db5fd58d3efd13.jpg,奶油味儿的蘑菇w,570208
BV16a4y117kf,https://i2.hdslb.com/bfs/archive/f8321c9ebaa2396068cbb79aa2a4829e089f4dcf.jpg,Mi-u_,398660064
BV16a4y187vH,https://i2.hdslb.com/bfs/archive/4b11a82acaf45489d51ca9476e2a4ccf31739071.jpg,AnnyJuly,333835
BV16a4y1z7rn,https://i0.hdslb.com/bfs/archive/a5011112f4754fa44a4ddc89de2e0457252bf8d2.jpg,R小绵羊233,102544559
BV16b411J7yY,https://i2.hdslb.com/bfs/archive/dc4d727cd12cf742b3822fc191efef3f3ba66e91.jpg,_姬元_,252069885
BV16b421h7gq,https://i0.hdslb.com/bfs/archive/21e48f0a116d0e35bd8a50bc3e01d6b757dcc730.png,一只路过的史莱姆z,474601742
BV16bCuBiEDP,https://i0.hdslb.com/bfs/archive/3206b4761c6530444849e5ff9d530bb6f6b7f062.jpg,胡思乱想P,3546919234177447
BV16c411o7u8,https://i0.hdslb.com/bfs/archive/a412d47c6772b9c524794b98f7728b094618150c.jpg,沐凌envoy,158106693
BV16e4y1W7Kn,https://i1.hdslb.com/bfs/archive/0274f74915c29776d957847fa244624309f78d62.jpg,望月雨音amane,503834945
BV16g411E7vb,https://i2.hdslb.com/bfs/archive/fa750d1a251fef1a1ce6a4a75170d6a9359827f6.jpg,纯蓝_CHl,1198900685
BV16g411o7G8,https://i2.hdslb.com/bfs/archive/387307b147943d2c62029c977a9ea454c76dbec3.jpg,上古复读机,350978889
BV16g4y1y7HT,https://i1.hdslb.com/bfs/archive/2eef9e0879e6b42a4a8da40ec1491acfcb4900c1.jpg,五维介质Official,623328493
BV16grkYhEBJ,https://i2.hdslb.com/bfs/archive/dcfe211db2dacd2d4f10e67593a1d74c0514e600.jpg,Evalia-爱娃,100302
BV16i4y1a7YN,https://i2.hdslb.com/bfs/archive/7578ebd53bf6f3340f78fd9370ab327d75241a80.jpg,Aya-啊呀呀,2577707
BV16i4y1q7AN,https://i1.hdslb.com/bfs/archive/d38ec065e4686a5edcadf786127b310684dd1684.jpg,衣物鱼Yiuv,697934264
BV16iLVzFEem,https://i2.hdslb.com/bfs/archive/7514ca0a33f8578ae988385f7f523620ef5a6410.jpg,墨洛托夫本格叶若睦,439283216
BV16ij9zLEaJ,https://i0.hdslb.com/bfs/archive/c4e11492ed32a664125496d98dc79afbea302e57.jpg,橙味比巴卜,11116918
BV16iwnedEmP,https://i2.hdslb.com/bfs/archive/f938f6aae2fd1bec21e9719a229b3055548e85ef.jpg,澈零喵,252680534
BV16j411e7YY,https://i1.hdslb.com/bfs/archive/83c64fdf1d737c9a9267759cf8002531d4fc6b20.jpg,pike橙,1870683818
BV16jQJYsELp,https://i1.hdslb.com/bfs/archive/a43cbd7aa053c24b8c6d913ec167715d77aeeaa7.jpg,快乐派对火车,138057
BV16k4y1s7mj,https://i1.hdslb.com/bfs/archive/d400a8542b9abc098bec31b236230fe85797511c.jpg,kataru_,181576515
BV16kxjezExZ,https://i2.hdslb.com/bfs/archive/7118f3f6d2654fcd3c936ffc0c91e0fe22404665.jpg,神鳴沢世界,114419306
BV16m421L7RA,https://i0.hdslb.com/bfs/archive/85470fb339b53aa886af1e4a4aa49df48a7f136c.jpg,北极圈ArcticLab,286334754
BV16m4y1H7fL,https://i2.hdslb.com/bfs/archive/5cb22233b2c1f5bb60b6a61eba3c3a98e6971e4e.jpg,QianSYp,28795472
BV16mGYzkEhw,https://i0.hdslb.com/bfs/archive/79e28f4413365603df1ce43e177d9815519ef428.jpg,Destiny宿命゛,501802272
BV16n8tzqEUi,https://i2.hdslb.com/bfs/archive/7b524c96ecf98aa3c1c1e20e985288a897114ba2.jpg,不觉醒的双簧管,66768894
BV16oNAzzEHV,https://i0.hdslb.com/bfs/archive/913f8939e45984321109fe6282b15901e072b9fe.jpg,遥之穹,406295982
BV16q4nepEde,https://i0.hdslb.com/bfs/archive/bb30320f169f92b11afdfc2d5349494521cc6d0f.jpg,Korlar柯拉,364826977
BV16s4y1r7oW,https://i0.hdslb.com/bfs/archive/2e4238e5aaa087168fafd96316e8025368ce9770.jpg,白霜渡鸦_Corvus,470563327
BV16t411G7Jo,https://i2.hdslb.com/bfs/archive/ac6a87cb1ab19bc09d456f821f5313f5f5a5923e.jpg,白糖の正义铃,180668218
BV16tRGYyEp3,https://i1.hdslb.com/bfs/archive/91ff0c996b48a88b4644992c40a6171626d33179.jpg,Theling1,3546719463672385
BV16u4y117kE,https://i1.hdslb.com/bfs/archive/907f0a7123ff1c5dfb985f5c780e4f7d43b77f25.jpg,Mi-u_,398660064
BV16u4y1i76f,https://i0.hdslb.com/bfs/archive/4f1f71d75c43254fffcc880079731314fbcffbcf.jpg,阿轨轨轨w,15298519
BV16uWjz9EiG,https://i0.hdslb.com/bfs/archive/c9d2bd664b1815b3ddb33d6f65487116f0cd3138.jpg,线性空间没有理想,3546937437457099
BV16v421y7Sx,https://i0.hdslb.com/bfs/archive/2efe0fa3399f08880918befb4cf842f63a72287f.jpg,Byzantophile,11171351
BV16vcyeDEC7,https://i1.hdslb.com/bfs/archive/2b072b0452078be879c4a22817596a260fdae5e2.jpg,请你吃核弹P,5846566
BV16w411C7sD,https://i0.hdslb.com/bfs/archive/93bc6519e7f84e3536d7cfbf30ff122b548f78c3.jpg,紫陽花RainDrops,440421599
BV16w411T7R5,https://i1.hdslb.com/bfs/archive/4023ce71cf031e0974b70c4fdc07ba9c47febf58.jpg,北梦慕夕_xxp,230366741
BV16w411i7iy,https://i2.hdslb.com/bfs/archive/7cd8887f9fca4baa06b23928c44d3842b1f04159.jpg,紫陽花RainDrops,440421599
BV16x41177EV,https://i1.hdslb.com/bfs/archive/bcaa6fe175a4fa4f2a25ae6cf4727503ac5832b0.jpg,北云-BeYonme,14726588
BV16x4y1B7QS,https://i1.hdslb.com/bfs/archive/3e683da36a712d596eabd3bbddc141bec6a70ba7.jpg,Mi-u_,398660064
BV16xcjzYENH,https://i2.hdslb.com/bfs/archive/e25a13461816b1185d9889f0007bce56004ba22d.jpg,西江月沉吟,16630121
BV16xsyz6Eva,https://i1.hdslb.com/bfs/archive/2d007d545b849131676e7214a285d04343621c2f.jpg,拾光与小狐狸,179469844
BV16xyqYdEM6,https://i0.hdslb.com/bfs/archive/ce22ce90a2b670179dbe40e7f0ad85380db99a38.jpg,一只路过的史莱姆z,474601742
BV16zpte8E2J,https://i2.hdslb.com/bfs/archive/1f5a4fdfb22aef45b2da7d13ef6d370263c4d6a5.png,Starst星尘子,399170457
BV1714y1d7wE,https://i0.hdslb.com/bfs/archive/1fe6e671133553e3508f884baf684fe9a03f97de.jpg,ZClear_P,448813977
BV171vrBiEX6,https://i0.hdslb.com/bfs/archive/943baaeee4373bd9cb55ffdb013886e2fc673568.jpg,Thynephis_小赵,511206731
BV172eMzXEwY,https://i1.hdslb.com/bfs/archive/6b82a0cdb332cc409312aea0180d0f7995013b03.jpg,Skylineddy,399606378
BV173YrepE7y,https://i0.hdslb.com/bfs/archive/9dfe8d48295120d58a2b9766f8f471706488bfef.jpg,独望青山忆华年,67983813
BV173xBzSEjH,https://i0.hdslb.com/bfs/archive/1de36938499d73f4985427d7c0f1038c6e08bd6a.jpg,纸飞机kamihikog8,520277971
BV174D6YLEet,https://i1.hdslb.com/bfs/archive/9c813e00eb9d02f79aac2e3820ed79ab5701858d.jpg,莫依资_Zilch,361667542
BV174zVYgEoi,https://i1.hdslb.com/bfs/archive/fa65d4e90b7b013236838dcddd03946801eca898.jpg,Enusen,252516634
BV175xMzKEiH,https://i0.hdslb.com/bfs/archive/a13cd8d8b46999c54dd6dad76366e6c57e6550e8.jpg,风湮Official,8151904
BV176421u7Dq,https://i1.hdslb.com/bfs/archive/2ffc74e4282d557120bc0bffaf0acd1f7c10d424.jpg,Danny随便发点啥,477226354
BV17B42167Bt,https://i2.hdslb.com/bfs/archive/31c8df43e5c1efec0be9fb0ebd354b0196f1e2b1.jpg,暮色-Infi,272904686
BV17BcHenEyd,https://i1.hdslb.com/bfs/archive/255d476147418b41679190e5a5f3b617cabc0408.jpg,WOVOP,33910972
BV17BxXztEQE,https://i0.hdslb.com/bfs/archive/89fece2c5667e8b9793fcdce220784712af60b5f.jpg,Distantal,482555496
BV17BxrzfEAo,https://i1.hdslb.com/bfs/archive/50b343f4f4383bec96b62e7f4f9c696011e807ca.jpg,califair,111583553
BV17D42177ak,https://i0.hdslb.com/bfs/archive/90ea8540ace5d840d30bc0a83cd9080fc391f98e.jpg,影随临摹,46552909
BV17E41187W2,https://i0.hdslb.com/bfs/archive/167c57c65a922a5f5e884b95495383cc122bf3ca.jpg,思风前,70890625
BV17G411Y7oX,https://i2.hdslb.com/bfs/archive/5d650eb57f55bac0edde881a987a8273c1beead9.jpg,星空之上有一条痕,349527013
BV17GkZYuEBQ,https://i0.hdslb.com/bfs/archive/a4a56d7c6c1517529f785b109c5e5318e7e636d8.jpg,稳定点p,357512039
BV17HTbzjEWT,https://i1.hdslb.com/bfs/archive/53104cbdea30f35cc81aefae91499d63c0035395.jpg,零道清隆,413060336
BV17JB2YcENd,https://i0.hdslb.com/bfs/archive/4b69f2a064c94f70b3196dbc621ffdcfe999f3ef.jpg,羡临渊zzZ,472407628
BV17JFUesEGi,https://i2.hdslb.com/bfs/archive/0e38b09666aa1c5ff3591cf7bb7835302f233f4c.jpg,花惜颜雪,1682011456
BV17K411Y7f8,https://i2.hdslb.com/bfs/archive/1adf46b76eaf7233e6389740de1c307b4a980516.jpg,Tremely,13431502
BV17L4y157FK,https://i2.hdslb.com/bfs/archive/b9b2ef6cf6b38cf0d8fef5d401d2779e745d782c.jpg,小明Wish,27518997
BV17LFmzmEUg,https://i1.hdslb.com/bfs/archive/d61588e9c7a8f2dfe4edbc501f95283bb647ae05.jpg,乌贼帕斯,3546881305086406
BV17MhqzhEhn,https://i1.hdslb.com/bfs/archive/b200cdc1e1f09257707d29022757d2f9fbcf3e07.jpg,国民爱抖露IsuChan,3546603843487946
BV17N411U7Qe,https://i1.hdslb.com/bfs/archive/fb92bbffc5b4166cbc956a33514ebb8c870469a8.jpg,歌赫娜学院,1479082359
BV17N4y1C7jH,https://i2.hdslb.com/bfs/archive/d1a36fb42f11f6a9d748a90adac927e9dff79e99.jpg,墨素Mohius,36112611
BV17NUvB2E1S,https://i0.hdslb.com/bfs/archive/df6c2be294a7a4184b9c71c9c514521d25468e80.jpg,しきさいかじょう,3546590677567763
BV17NhvzREQz,https://i1.hdslb.com/bfs/archive/8f07b4a92e319981392a84e62e598cde3f276dca.jpg,Lyria星霂,1439593286
BV17NjGzxEXQ,https://i1.hdslb.com/bfs/archive/9db0da9dcc5be28fc2e318fadccf5bdd7b294550.jpg,應用程式_JayZz,7276911
BV17NpLzyEYm,https://i2.hdslb.com/bfs/archive/ec84035266e043cc479a1ce755ebcdb3d3770ce2.jpg,蓝鹰QAQ,493851957
BV17P7DzeEB3,https://i2.hdslb.com/bfs/archive/c65ed5800ee0daae9277bf372fd6e3bcc1ab239f.jpg,有时p,1469303929
BV17PSgYRE4X,https://i2.hdslb.com/bfs/archive/2fbfbe500acee8bb8325029d5c4f829f41b0ab61.jpg,杯糕糕糕糕,477486268
BV17PstzDEYX,https://i0.hdslb.com/bfs/archive/254fa6213231d42b9bdca9546048ebba22399d1a.jpg,蓝鹰QAQ,493851957
BV17Q3izCEL7,https://i2.hdslb.com/bfs/archive/ea9037f3c7dbdf591756a58857881c13a8358b09.jpg,易改改,501808642
BV17Qthe2EZd,https://i0.hdslb.com/bfs/archive/f20c95f5df514d9152ab297472f5751b16533d80.jpg,二甲基亚砜-,37368450
BV17S4y1u7HD,https://i2.hdslb.com/bfs/archive/4e719b51f1ca19dce365ce0a9fce6b14e9a5a14c.jpg,奶阿栗,11038022
BV17ShqzYEp8,https://i1.hdslb.com/bfs/archive/19d367ed396dc29222caef07fd41d4aeed65c75c.jpg,Chord分解和弦P,1212348931
BV17T4y1H7fQ,https://i0.hdslb.com/bfs/archive/e63ed3c025c1a6d910f63f0dfc012d3be8a4b649.jpg,江篱Jacinthe,471955572
BV17T4y1p7ht,https://i0.hdslb.com/bfs/archive/bcfe8a7f674568d8122914e4405d6240f196b22c.jpg,莫米兔,8047166
BV17V411G7ks,https://i1.hdslb.com/bfs/archive/22123993358841231deeb340f61175699f6755ef.jpg,剑Omeka,400159993
BV17VHqeLE7A,https://i2.hdslb.com/bfs/archive/a0f68d5f9d4019cd4fff61a592bf96c778b8282d.jpg,polastation,317854153
BV17VKDzMEnh,https://i1.hdslb.com/bfs/archive/382df3b51fb9de82a5c34ece05a5df414bb04301.jpg,白糖の正义铃,180668218
BV17VkZYBEQU,https://i1.hdslb.com/bfs/archive/c80a67ed0d1c113ec86f8f54864f4bd15b8d4bd2.jpg,萧于Risho,183586082
BV17Y411H7eZ,https://i2.hdslb.com/bfs/archive/6f18d5965255562dde55479229cdc6a7151eefb8.jpg,思风前,70890625
BV17Z421E7tf,https://i2.hdslb.com/bfs/archive/c7458c5166979769ed2c734cc99b6a354f32732d.jpg,池年,2341174
BV17ZCFYjEgh,https://i2.hdslb.com/bfs/archive/3e2bd18b935e286ab9c2c5d95fb610101f0b8284.jpg,-雷龍,347367741
BV17ZjUzdE3h,https://i2.hdslb.com/bfs/archive/257eac8241799554ac1cfcd907fd810c038a30cd.jpg,安拓莉Antari,3494378056190586
BV17ZwPeqEjy,https://i2.hdslb.com/bfs/archive/24b28c85990c369efcd5cb98f413f0658c748db6.png,东方未明0721,30927082
BV17a4y1d7gJ,https://i1.hdslb.com/bfs/archive/ea29341c25bf5e5c7929283f2ddbfd6f8951ab94.jpg,回归星空Official,107481685
BV17aJ1zoEnB,https://i0.hdslb.com/bfs/archive/d28fce5575a162c4ecec5028f16373e97a72b3f2.jpg,苘桃离p,3546859354196339
BV17c411r7sm,https://i2.hdslb.com/bfs/archive/254d6e364122fd71cd43a64d16fd04351845be5c.jpg,Danny随便发点啥,477226354
BV17cCWYkE5G,https://i1.hdslb.com/bfs/archive/9cf42cf295284882f8f39ec6dee7012fbbfbb7b4.jpg,Finally302,393436498
BV17d4BePESH,https://i0.hdslb.com/bfs/archive/f743c9cf1e8af2ee04ce59751f83ca03e2802aa8.jpg,虫合蜊-,291103769
BV17dV8zeEaU,https://i2.hdslb.com/bfs/archive/bc808e9a485c8b7f5f9783f5e442789ddad4e553.jpg,Enusen,252516634
BV17e4y1T7hS,https://i1.hdslb.com/bfs/archive/3bfef0b407990d5176009f3399cbf5c9db6bed27.jpg,Dagazs,88726438
BV17e96YnEXf,https://i1.hdslb.com/bfs/archive/0b1f265bfda48ac7bb9622133dca69d2bb8a893f.jpg,等赤羽ai,95977284
BV17eB9BVEqS,https://i2.hdslb.com/bfs/archive/63a16ad90ae64f244f525fbb91ca4d4bb75f44eb.jpg,尘萤宇P,382492832
BV17f421B7Hd,https://i1.hdslb.com/bfs/archive/e48f79b922981cb45aceccb6d63395648a0bf4ba.jpg,一只路过的史莱姆z,474601742
BV17fz6BkEgz,https://i1.hdslb.com/bfs/archive/e1e244048d597af073b898e8ee5ed0778c1109aa.jpg,吃吃安息香爻爻爻,651643146
BV17g411W7Dz,https://i0.hdslb.com/bfs/archive/1af563b07829aafc7bb78fa40bedd5cd76522f18.jpg,QutaiBai柒白,107609416
BV17g4y117yv,https://i0.hdslb.com/bfs/archive/b76d28ab6278f3aacd822a4a80121185d3ba87c7.jpg,KunKi114514,163104011
BV17gVxzUEKD,https://i2.hdslb.com/bfs/archive/ec3585741ba0ed14fe4a5a2105818fe3f438bc99.jpg,一只路过的史莱姆z,474601742
BV17hc7e6Eer,https://i2.hdslb.com/bfs/archive/975946db6a617cadef5e825725d942eba5acf6bb.jpg,南风知我韵,196629306
BV17j12YmEWs,https://i2.hdslb.com/bfs/archive/23195dc6c854235f77f78f09c40ffde5b83a6028.jpg,far1ight,1058983723
BV17j41127mb,https://i2.hdslb.com/bfs/archive/a9fc541d20178ff8fdb067b4a27e7428bdff0a5f.jpg,影歌P_Kageuta,356160341
BV17kVyzzEL5,https://i1.hdslb.com/bfs/archive/a70c57a1b11ff1b6bd8694ee14e37614fee08ddb.jpg,赋水仙术,31861557
BV17mUZBjEgG,https://i1.hdslb.com/bfs/archive/7c2efd9cbbef225e703e720cd1874615ccd98d35.jpg,芙宝___,174926570
BV17myoYVEnL,https://i0.hdslb.com/bfs/archive/9b0577a2f8e42b35c24f479976946ca224972fe1.png,RainAndFluency,95303080
BV17nGZzMEM6,https://i2.hdslb.com/bfs/archive/9e8429609a61e36f4b32208b202e086f1fd59d0e.jpg,空想水晶诅咒绯红锁链,3546739686508856
BV17orDBrEst,https://i1.hdslb.com/bfs/archive/eea374efb61508538cbbd8cf8555c5ae5c938fc3.jpg,匹垂客Petrichor,1283732492
BV17p4y1R7bG,https://i0.hdslb.com/bfs/archive/a33d261e30056e03980419ba4f569417617f8ac0.jpg,拾光与小狐狸,179469844
BV17pzJB2EJ3,https://i1.hdslb.com/bfs/archive/f36c7d6f43a0e4570b0e36701f39a6cc4c82a86c.jpg,毕竟只是怪物,32884294
BV17qbNzeEGr,https://i1.hdslb.com/bfs/archive/9d8d318cec247860c4e42ce2e042b02c74310778.jpg,蓝鹰QAQ,493851957
BV17qdpYGEE8,https://i0.hdslb.com/bfs/archive/c4c1aeaf0c9390fc4255685c764baee3d796de96.jpg,墨洛托夫本格叶若睦,439283216
BV17r4y1r7o4,https://i1.hdslb.com/bfs/archive/1d0c27c9200964f568ca14d49b71dc8ec24318e5.jpg,-络霏-,15331235
BV17uHvegEJq,https://i2.hdslb.com/bfs/archive/65f99dd54f16ce5b0a7704d97ed2b697aee17742.jpg,术力口之淦,37998073
BV17ukFBvEax,https://i1.hdslb.com/bfs/archive/17f9ec18a8a2c7c7db67660e9d6f4be3290c0e72.jpg,双辞冫,423886341
BV17vFZzyEvp,https://i1.hdslb.com/bfs/archive/e6a6438f6ff6d4917ad555772dbaf24544ba7ad1.jpg,多情曾记系归舟,677885936
BV17w41177TT,https://i0.hdslb.com/bfs/archive/89e4a46574e96c4ef639c124f45752b640b0d654.jpg,影歌P_Kageuta,356160341
BV17w41187P9,https://i2.hdslb.com/bfs/archive/6d43999268b4db3d0e9322ae3929333eead32d0c.jpg,水龙头P,584935264
BV17w4m1Z7Hy,https://i1.hdslb.com/bfs/archive/dbc4d6ea316432fbc9ee63e0996ee1abefbc1f7b.jpg,五等分的普篓丢撒,382414065
BV17wqRYDEyN,https://i0.hdslb.com/bfs/archive/9682215738eab64a8b894faa636f3565b4bdacdd.jpg,风湮Official,8151904
BV17yR8YoE6D,https://i2.hdslb.com/bfs/archive/bc92317ace082a3f946f332c9d86427b94769a18.jpg,SiYeCa0_,263213056
BV1814y117YE,https://i0.hdslb.com/bfs/archive/83bfe1917bd708d13f12a37817bbfb35a2a2a19e.jpg,馬鹿__,4640628
BV181eozmEAY,https://i2.hdslb.com/bfs/archive/0c2172d9bd33bc22980fa04cd2c0c7de11ae96f7.jpg,闲工夫2333,34035023
BV18383zzEPw,https://i2.hdslb.com/bfs/archive/39f4ffa73201edb4fdec2c9aa8692f5e1262b91f.jpg,暮华语春official,1976728897
BV183qSBUES5,https://i0.hdslb.com/bfs/archive/55e9bf5e1c8bf772050e5fcab2d653726271b47d.jpg,Liouoooo,383401811
BV1844y1j71J,https://i1.hdslb.com/bfs/archive/8132e70a068cd87df4a7c9eceacd3754fbe4433e.jpg,hlang_Aa,1353118
BV185iYYuE6B,https://i1.hdslb.com/bfs/archive/cf85098e38a33d75204a16980667df7f80de4290.jpg,空想水晶诅咒绯红锁链,3546739686508856
BV185tsemEWc,https://i1.hdslb.com/bfs/archive/d5cc58aa5305da8f23a18628420b1c96e1e75e1f.jpg,月熠日炘,505183434
BV185tsemEfE,https://i2.hdslb.com/bfs/archive/efcec98902432a0e7d84ebaa377a65d85f92e71c.jpg,Starst星尘子,399170457
BV186JtztET6,https://i2.hdslb.com/bfs/archive/6bcb9b0127f0d9d1e72c166f99ceff2210d0079d.jpg,快乐派对火车,138057
BV186JtztEjF,https://i0.hdslb.com/bfs/archive/6a0c6968d2bda7d19a1d9c3e416a447605d116f9.jpg,快乐派对火车,138057
BV186b9zdEYc,https://i0.hdslb.com/bfs/archive/40724c1d347b38ad72dd803cfc822d5f8747b115.jpg,silomia,1796288577
BV188411S7zU,https://i1.hdslb.com/bfs/archive/8e1381b126423d41ba8d8931b180749797e989e9.jpg,泠语Vicycle,114451800
BV18ACBYqEWp,https://i1.hdslb.com/bfs/archive/b1982ce2e334021a390a09451bc1920d18458229.jpg,AG超玩会永雏小菲,27173759
BV18AfsBeEtM,https://i1.hdslb.com/bfs/archive/55c3be95070a95c0eb15150ffc082744ac473d4e.jpg,挥刀不事刀,3493259519200111
BV18B4y1Z7g8,https://i2.hdslb.com/bfs/archive/4cb730de562cdbca50a788f6b172d92d5fc60475.jpg,1mol梨花茶,353784518
BV18BWCzSETs,https://i1.hdslb.com/bfs/archive/8286ae86fefa5c1de9bb9c8d9f145000c56062f8.jpg,纸鸢EAbird,82632219
BV18DuwzbEPX,https://i2.hdslb.com/bfs/archive/489c5102c98dfb9df26f003a96a5b7dab9cd2c89.jpg,谐奏波长,3546874696960686
BV18F411E7LC,https://i0.hdslb.com/bfs/archive/ad4f1344f1ab70ef59dd2fe3b00caff00099019a.jpg,苍梧_abilrue,4933186
BV18F411Z7ja,https://i1.hdslb.com/bfs/archive/190c4a608cb4d5cb7d3314d59e75419326b096bc.jpg,X射线_P,520117777
BV18F411o71r,https://i0.hdslb.com/bfs/archive/078d40e35042e2784111e6f321e659a2f7cbe4e2.jpg,-安鹤-,20264456
BV18F411t7CC,https://i1.hdslb.com/bfs/archive/cc73eccd358b4b63f5b4d5c1b439e4aa3bfbbbbe.jpg,不是魔法少女是魔女,293975202
BV18F4m1L7Ft,https://i1.hdslb.com/bfs/archive/f64ab15bba37998f93cd9c4fd7e140213ca7d4d4.jpg,Helius-p,261681328
BV18FifYyEm3,https://i1.hdslb.com/bfs/archive/5bf25adbe3ead31b15ad8515397b6f09dba5375a.jpg,月熠日炘,505183434
BV18G411x7YE,https://i1.hdslb.com/bfs/archive/ab6129cefa791ef8139a9bb2e7fc35495434562c.jpg,上古复读机,350978889
BV18H4y1Q7Xd,https://i2.hdslb.com/bfs/archive/ee023848b55fb62ba35dfd4d76ac77ee3473e696.jpg,KEYwi_P,43751271
BV18J4m1g765,https://i1.hdslb.com/bfs/archive/8e7e4fae3dbe2093b1436e28e40b6ff3717156bc.jpg,北境秋风,483626433
BV18Ju9zrEhm,https://i0.hdslb.com/bfs/archive/9225314c5ae44081b0e84b5495ecad3e3820fe1e.jpg,奥莉安多幻想曲,3546875932183198
BV18K411S7mJ,https://i0.hdslb.com/bfs/archive/7130a7d1d9b1c65a49fe04ca5bead4f183b6db73.jpg,顾夷舟,8053974
BV18K8uzNEgU,https://i1.hdslb.com/bfs/archive/dcebdf2000e8175386370392cbadf8a6cf4d31dc.jpg,绮雾Aneitre,1368472411
BV18L411T7Nk,https://i2.hdslb.com/bfs/archive/a5952a061f1894f2c609d493ad16caf6243eb334.jpg,硫叶立德_NA,35676272
BV18LebzvEo5,https://i1.hdslb.com/bfs/archive/f5b74b4d4467140804b6c9b3df9d4bac02d6f428.jpg,鈴木へて,2131408051
BV18LmSBGEbY,https://i1.hdslb.com/bfs/archive/e4f9f7051c13261385ac4ffacaf330ca059d1b73.jpg,Azure霁岚,276447035
BV18MHxzbEau,https://i1.hdslb.com/bfs/archive/3c1c0258a379ad063049f1b67607a3547d6fc212.jpg,米米又库库,3546658205862306
BV18MQzYaE4K,https://i0.hdslb.com/bfs/archive/23bb61e0f329363c95401e1f02afcce6dfa63147.jpg,不會做音樂的狼夏karami,613784642
BV18MSLY4EyT,https://i0.hdslb.com/bfs/archive/d6f707bd154422d4e31985e7d581141148174d2f.jpg,泠珞-星夜,400604752
BV18N411s7aU,https://i2.hdslb.com/bfs/archive/cf2cc9bbbc2d562a6b5ba1cdd4bd4352051af68e.jpg,安逸笙笙,392005624
BV18Q4y1p7bm,https://i0.hdslb.com/bfs/archive/b0d97086f31d7f897717bc6d5ddeea2e46db8756.jpg,澈零喵,252680534
BV18QZdYZEMR,https://i2.hdslb.com/bfs/archive/2ba6e6e330def39be39648413fc8c6914e61bf88.jpg,度娘你要闹哪样,15665591
BV18Rw4z7E1o,https://i2.hdslb.com/bfs/archive/4df06d148109d3f22fc29e04a95da735f227701f.jpg,另一只大水母p,110926375
BV18S4y1s7sK,https://i1.hdslb.com/bfs/archive/2ee8df0adf59f2972cc78777d81ea4da715caa30.jpg,星尘Official,15817819
BV18T411A7KM,https://i2.hdslb.com/bfs/archive/c3fbd7ce06c04c2a27a6e682d4504ae093af9f24.jpg,苏打是药,15357612
BV18T4y1s7ap,https://i1.hdslb.com/bfs/archive/f7ca9b72bfd34a2472bc91fd60158ea86aec910b.jpg,飙尘_Konoyo,645999511
BV18TUQBJERZ,https://i2.hdslb.com/bfs/archive/9db572ec92da09b781c9cbc35de0e661c1f1a180.jpg,redblainollw,511416843
BV18TaZz1EZE,https://i0.hdslb.com/bfs/archive/5e870ec6972731b1d8b6b36d4cbcc099154f559f.jpg,ON_SELLING,37663643
BV18UXRYVESt,https://i0.hdslb.com/bfs/archive/34299eac4cb14ed0e56f63bde83550e989521007.jpg,蓝鹰QAQ,493851957
BV18V41197dD,https://i0.hdslb.com/bfs/archive/bc8e599e0b4ad3eb9e339473b676141aab5091e5.jpg,账号已注销,1461001143
BV18V4y1Y7NM,https://i1.hdslb.com/bfs/archive/23ce9f3020e1b7efd4906628a76e2112767328b8.jpg,纥奚璟瑜,430112201
BV18VGmzAExL,https://i2.hdslb.com/bfs/archive/1da4d67d7139f9524a3f0e0adf77fa34dc70c54c.jpg,Dagazs,88726438
BV18VWaeoE3x,https://i0.hdslb.com/bfs/archive/a28790ab9580fcd974e6dbe0c04a1af4538b2b2d.jpg,柊禾柒,402640726
BV18VxnzsEdD,https://i1.hdslb.com/bfs/archive/bf16bcd68cc7bcffdfa4dbe6b934c9d552f7161d.jpg,森中窃言_AlexDev,1071917495
BV18W4y1872Z,https://i1.hdslb.com/bfs/archive/36bf360ef1744fa277281498c15b76de53d827ff.jpg,初泽_zawa,17062088
BV18X4y1Y74D,https://i1.hdslb.com/bfs/archive/fe67473d070efdd2f5410c121cfc5c3a9431d603.jpg,账号已注销,3536996173613119
BV18XnJz3ECq,https://i0.hdslb.com/bfs/archive/fb1f29bfa452a86b5c963291b5e25f5d77b8583d.jpg,花綠青綠花,1009382753
BV18Zq6BxEA6,https://i1.hdslb.com/bfs/archive/61aeeb9b51ce213402381720bca83e6915b68cbe.jpg,dosmemz,178856226
BV18a4PeQE99,https://i1.hdslb.com/bfs/archive/f0e9ba87f9034a5bf5be057ec9c52eb004a18a00.jpg,紫陽花RainDrops,440421599
BV18a4y117p2,https://i1.hdslb.com/bfs/archive/4f531f7208a21fd0e9ac89764dda7cdf244ed9c6.jpg,北极圈ArcticLab,286334754
BV18aWEz2ES8,https://i1.hdslb.com/bfs/archive/e7c53f9d2ad47f5040027f6e18ba49d348313e82.jpg,い爱花丶,26069934
BV18b8JzFEwy,https://i0.hdslb.com/bfs/archive/36f1596b27166c83a5acd951f7ac8203dd0bccea.jpg,AUAQAQOMO,486150755
BV18bxMzdE15,https://i0.hdslb.com/bfs/archive/d07a795b1448d6af889db1871f49909a7e933e88.jpg,永远的上海节拍,1872680122
BV18c411t7Qf,https://i0.hdslb.com/bfs/archive/d0b99cfc896b0c3e345d043ed32de5cd9e670f6e.jpg,不好吃的SrDt,391558321
BV18cfcYMExL,https://i0.hdslb.com/bfs/archive/3041bcbf4466fc92263b1551dd270bb892ccce00.jpg,一只路过的史莱姆z,474601742
BV18cooYZEsu,https://i0.hdslb.com/bfs/archive/fb93960d11213ecea954ce4a76375e54db95edf9.jpg,派派鵝,84259009
BV18dS6YhEGX,https://i0.hdslb.com/bfs/archive/deddc6706eb8bdfd287db62d44b537ee6f633856.jpg,Starst星尘子,399170457
BV18e411v7Dv,https://i0.hdslb.com/bfs/archive/7e0ec3ed4dc3f7428c96431e2c97946d110009f7.jpg,hlang_Aa,1353118
BV18e4y1D76v,https://i1.hdslb.com/bfs/archive/fafffd88e70a3f6f60ffd63675965c30ec566f28.jpg,在摸鱼的梦灵,290354446
BV18m4AeQEhw,https://i2.hdslb.com/bfs/archive/5448066887d8bb9a5910f357e63e98b6e6ac5cfd.jpg,要来口寿司吗,188744136
BV18m4y1V7Wc,https://i0.hdslb.com/bfs/archive/c6dbb474f8018ef30812820f6d200deb4bf4704d.jpg,柳九秋,345807248
BV18m4y1p7qw,https://i2.hdslb.com/bfs/archive/3eb4fc67bcf7fe66703e56d7f8b6cc21cce48a34.jpg,Dagazs,88726438
BV18mBuYjEo4,https://i2.hdslb.com/bfs/archive/f9475fbcd2f198048180f03ac45a94b5f9ec43f5.jpg,青初霁,100927560
BV18nCjY1E1H,https://i0.hdslb.com/bfs/archive/10dab5d5cc9013b6a622b22c3f7a5976279cb5ee.jpg,P不月水蒼Q,365743248
BV18obazvEfx,https://i2.hdslb.com/bfs/archive/d512b395e02d3db81f8d6703b65c36c61e01b78f.jpg,予梦_StarryNight,288592339
BV18ovczdEco,https://i2.hdslb.com/bfs/archive/fb359de99f796466865fc9362afb17aed061ecdd.jpg,零柒壹071,38457871
BV18p421R7oY,https://i2.hdslb.com/bfs/archive/f86e01941e004cee79a63c6c679c51640fee4fbd.jpg,风湮Official,8151904
BV18qG5zqEGC,https://i0.hdslb.com/bfs/archive/a9f58fa44ca7d998c875f7c00b384d4f11314838.jpg,一只路过的史莱姆z,474601742
BV18r2oYNEh9,https://i2.hdslb.com/bfs/archive/3ff0619f9d91e1cd2e3fc580e9681852c3896ff4.jpg,雪螢SiqYin,88266659
BV18r4EzHEM6,https://i1.hdslb.com/bfs/archive/3b4be591145955b4e6385c419c05ec82bdcb4715.jpg,蒸汽皿,323497969
BV18r4y1E7JD,https://i2.hdslb.com/bfs/archive/de5cb6564260b7b893a6301af060bb9369af04e6.jpg,ventusism,631023950
BV18r4y1X74U,https://i0.hdslb.com/bfs/archive/287f82822d27f4c9c65912983e98739a998d7563.jpg,橙味比巴卜,11116918
BV18t1kY9Esf,https://i0.hdslb.com/bfs/archive/8db22c62a23c1887931bb5509c46c1bca1c41fae.jpg,司凤落我肩,136983575
BV18t421W73D,https://i0.hdslb.com/bfs/archive/35e0358ace717fb7980a9a207465bc3a7b39e8b7.jpg,ShizukaYY,30639903
BV18t4y1g7gC,https://i2.hdslb.com/bfs/archive/074ee3d4234973a4d0a5a2c63ecd10be0f778487.jpg,悬空指针NP,393738859
BV18tkGYhE7R,https://i1.hdslb.com/bfs/archive/b8c5242e79195d1525364238a17c4810d4866a7d.jpg,Mi-u_,398660064
BV18u4m1A7Rn,https://i2.hdslb.com/bfs/archive/e789786b506ca0f16136fffd1dd0efe313eaec78.jpg,Liyihua黎逸华,370990424
BV18u4y1Z7XW,https://i0.hdslb.com/bfs/archive/6b1cf9b3651fe83cf8d7ba810404daccc718a6c0.jpg,Mi-u_,398660064
BV18u4y1z7Lw,https://i2.hdslb.com/bfs/archive/e7a9e10848b0e1229d3e346d6020c796223e0756.jpg,冰山_hyozan,367321
BV18vWnzpE4Z,https://i2.hdslb.com/bfs/archive/57503b5d11ce2a626089c4aa3879a91153036b98.jpg,火柴漫_工作间,456110774
BV18w4nzdEdc,https://i0.hdslb.com/bfs/archive/a3534afedaf16392be148faa560b277cb8ed87b2.jpg,皠魇,8943384
BV18wf1BRE1i,https://i2.hdslb.com/bfs/archive/7eb75a38b9b94619bc3bde1c5a7182688741baf1.jpg,贤师鱼_sakayo,404248894
BV18x4y117bo,https://i0.hdslb.com/bfs/archive/b7aa9111852713d0ebb658bab42be8b05af84777.jpg,uID1919810114514,3546571348118498
BV18xbLzQEfD,https://i1.hdslb.com/bfs/archive/4184e798dfdc51e358c9ec55ab61fb199152623b.jpg,哆啦慢,3493257147321138
BV18z8tzsEys,https://i2.hdslb.com/bfs/archive/4496c0173a3c0e6d69f85c6ec415c0d63c55c85a.jpg,kurumi94,272438
BV18ztmzuEdK,https://i2.hdslb.com/bfs/archive/97aab5bedd4f118468a5c14adeafb6d6e1f545ea.jpg,云极Yunji,321192385
BV191MnzDEAi,https://i0.hdslb.com/bfs/archive/35930e9387d4b56dbe039091a7d61e498c38c1cb.jpg,二氧化碳P-大调查P,477770571
BV191o7YsELE,https://i0.hdslb.com/bfs/archive/b5091c9a818cc7e74308cfe2c6a1324bf73a8da9.jpg,塔赴P,258080618
BV193DDYNEQe,https://i2.hdslb.com/bfs/archive/a2fc968add855ec897fb2f5fc12a21165e80d209.jpg,花咲十夏juka,272727749
BV193WYz4EJw,https://i2.hdslb.com/bfs/archive/fcbd762a10cdc77b21d1076e49fc3a0afd57bcdd.jpg,误许陈年,394710709
BV194hnzVEmk,https://i1.hdslb.com/bfs/archive/0c6bdf2570c07008fbb4461a69711c5ca6eb69f7.jpg,TOPKINGCREAM,3493081292737020
BV196421g7Zv,https://i2.hdslb.com/bfs/archive/b57f6272892d03203b217da9e0c02a7f372ba898.jpg,透明指針,1601640
BV1964ceUEpi,https://i1.hdslb.com/bfs/archive/2dbbf55354e6c53d89a42f8b35eccf92631e97b8.jpg,仍余千秋,390320579
BV1965AzXEdJ,https://i1.hdslb.com/bfs/archive/a74e850b23196588f9b2bad3c9fdbb4226c94b61.jpg,ANY_OFFICIAL,3546754521762726
BV196RZYAE54,https://i2.hdslb.com/bfs/archive/43be775d4d268991fe24eaa8e055732c8a278439.jpg,海参_hightion,515227019
BV197bVzJEPc,https://i1.hdslb.com/bfs/archive/6e7c81e3a099a7005d5f1317f782f4ba5f9ef1b6.jpg,茶颜余雪,521848014
BV197qwYfEjg,https://i0.hdslb.com/bfs/archive/e88476974226026a809ab230ad33bbe9bfdde905.jpg,一只路过的史莱姆z,474601742
BV1994y1c7MY,https://i1.hdslb.com/bfs/archive/38c4beaedfbd9d3b52dd0b77ad9e164ff4ef1499.jpg,辰月月,2316028
BV199dBY1Enx,https://i1.hdslb.com/bfs/archive/503c2e2b34e3839f39e9e96109f8fafef8bae3aa.jpg,账号已注销,108369118
BV199stzjEqH,https://i1.hdslb.com/bfs/archive/20b81eebea10f3f9149765624e9aa624e7ea3e13.jpg,星莳star,142379467
BV19A3Tz9EPe,https://i1.hdslb.com/bfs/archive/df7340bfafa89698b62c305e92f0df2398a2529a.jpg,拾光与小狐狸,179469844
BV19AhQzcEuq,https://i0.hdslb.com/bfs/archive/1bb577ea6f9b680acbe750cb6a2f518a5d5e14ec.jpg,wukino,81484009
BV19BBEYVEQs,https://i1.hdslb.com/bfs/archive/5e895c0a442bbda79ef1514177b2774a10be3255.jpg,蓝鹰QAQ,493851957
BV19C4y1z7qw,https://i0.hdslb.com/bfs/archive/5a51ef6c07d54804ae2694ca28dd7f9d20908ab5.jpg,Dragon不吃汉堡包,358196342
BV19CkmYTEjq,https://i2.hdslb.com/bfs/archive/12a70d3cbf306a5c864aeb181266a5d15e52972b.jpg,跑团Thinker,6108525
BV19D42177M2,https://i1.hdslb.com/bfs/archive/8f6e4b29f5249f82e7f04e65ad87c62996f64e92.jpg,空空Voemp,274872752
BV19DfgBNEdz,https://i0.hdslb.com/bfs/archive/2b708cc8987fa2454bfc14de43197127f165ab23.jpg,风湮Official,8151904
BV19E42137YE,https://i2.hdslb.com/bfs/archive/603b9adbd3a51958044c9bbdfb16e520adefa63e.jpg,swiss126,7493323
BV19F411o7Xr,https://i0.hdslb.com/bfs/archive/0602ed299e3f5d8f3e8190da5f7321d5d8e01d36.jpg,钴蓝配黄的吸尘器,322285529
BV19FFgzAEUu,https://i0.hdslb.com/bfs/archive/df420bad3da328a6897dcad4006e98d3ad9e7513.jpg,千芷梦璃_Official,3546661995416476
BV19FzKYyEBJ,https://i1.hdslb.com/bfs/archive/5c2394954b18dd8c74a27245fc00feded679fb37.jpg,三辰p,3546609807788329
BV19H4y1n78F,https://i1.hdslb.com/bfs/archive/d9fd032ebb0d15d14b3f8d324b2933c0e0f7b849.jpg,祈醬也太可愛了叭,364260815
BV19K41147Wv,https://i1.hdslb.com/bfs/archive/0e3fcd7a9f3d82764b73bc98cc4a52e86d40e322.jpg,时间的零次方,272267664
BV19KcGenEyU,https://i2.hdslb.com/bfs/archive/804ddc07817ff96f3663ef6b024969e119a8bb4e.jpg,責嫌Sekira,645473928
BV19M41127KZ,https://i1.hdslb.com/bfs/archive/455111a8cd97ae3b446fa906a689c7af415116d9.jpg,翼ある闇,161813534
BV19MtAzQEfk,https://i2.hdslb.com/bfs/archive/9c300baa19f64217b415f1a44dcb6d8d292c8804.jpg,尘萤宇P,382492832
BV19N4y1b77P,https://i2.hdslb.com/bfs/archive/9d540ccfb01af9407a3c1679659227cfa8bd914c.jpg,霧谷久城,5617810
BV19NZ1BfEcK,https://i0.hdslb.com/bfs/archive/7a7e2fd40a1682e724b5a11a87cf39ef30bda895.jpg,忘道P,3690989006883502
BV19P411Q7cH,https://i1.hdslb.com/bfs/archive/7368be6b5a710f0a03d3158b5c32ef4ae0dca4fc.jpg,橙味比巴卜,11116918
BV19PmwB5E6H,https://i2.hdslb.com/bfs/archive/05a3d703cb33024a49e4203058ceda1aaf773a3b.jpg,木变石,178279
BV19QTjzTEbN,https://i2.hdslb.com/bfs/archive/d7be8b4464892ff10f1531dd87395586ba4c0527.jpg,AcceIerator3,3493264237792070
BV19S4y1B7Sh,https://i0.hdslb.com/bfs/archive/51d5d707b1f0fb418a9f33db5d6ca027184be026.jpg,浮青雀-,372255140
BV19UAmexECa,https://i0.hdslb.com/bfs/archive/85944a41387919e9f3798046d6a2b95c3f73c7f4.jpg,biapia_,87591247
BV19UNterEdp,https://i0.hdslb.com/bfs/archive/d79105f5ad8b1338aa0eda9adc83497a25cd10df.jpg,有时p,1469303929
BV19V4y1b7Zz,https://i2.hdslb.com/bfs/archive/fe62c760ba995e48afdbb2a73af7abc0b7ec78e1.jpg,空化器,1071135356
BV19VFXzWEni,https://i2.hdslb.com/bfs/archive/441435d9dd55e5eefceaa6d6fb5a1cdf89778497.jpg,神鳴沢世界,114419306
BV19VFkePE3X,https://i1.hdslb.com/bfs/archive/819ccd57f35a1432310ab40bae32cc66ed948a30.jpg,4The-Answer,3493106924128835
BV19VW2zYEBb,https://i0.hdslb.com/bfs/archive/1d709ba98b237a012e30cdd66ba3aa5513bbafc9.jpg,橙味比巴卜,11116918
BV19Wx9zdEUR,https://i0.hdslb.com/bfs/archive/3925660f2ab3818e1031f67bd2aa868b90a6e70c.jpg,魚栞奈,2093956209
BV19Wy7YxEGp,https://i2.hdslb.com/bfs/archive/c4aff783427f9ee7f55cb4b6ca660637a9f4b453.jpg,心魔才不是女孩子呢,359100532
BV19YrpBWENY,https://i1.hdslb.com/bfs/archive/a2802f79922a1a21d5663f05054df96d0e52c764.jpg,匹垂客Petrichor,1283732492
BV19Z421U7QW,https://i2.hdslb.com/bfs/archive/9d6570f67a78a083dc13d4b811dfb1277491ea51.jpg,闭合电路Ivan,621964330
BV19Z421s7Zk,https://i1.hdslb.com/bfs/archive/e6e0af4117f9d52bd20a6438eb0e57e72344b180.jpg,北境秋风,483626433
BV19ZauzjEz3,https://i0.hdslb.com/bfs/archive/16f24a89d48282612d8e83016ad93cd2f0849d11.jpg,茉茶P,400188894
BV19a4y1X7Da,https://i2.hdslb.com/bfs/archive/2b215fc0a39048102bf6ae7d2ca85ba823cd74bf.jpg,蔗蓝,473780327
BV19a4y1y72S,https://i0.hdslb.com/bfs/archive/77ac9db9b77277c7677cb5458ac645ed75da7439.jpg,团酱喜欢抹茶,433294023
BV19aY5zYE8t,https://i0.hdslb.com/bfs/archive/72717a4b78d1f895ea786ead8d59f0ff74050ea4.jpg,田斓麦熙,256915414
BV19bMGz8Ewa,https://i0.hdslb.com/bfs/archive/ef045f94be1bb5f84eaeff7be902dbe9be83720c.jpg,魔女AK47,2622133
BV19cVbzHEJp,https://i2.hdslb.com/bfs/archive/8445aad34ed5f0ad50ae7b02f8039aa35ce2b293.jpg,繧後s縺交洫ア,3546842482608273
BV19csse1EiL,https://i1.hdslb.com/bfs/archive/c1a7fe681b18d599027989ff6d5686c6a5da23eb.jpg,禾芷溪溪溪溪溪溪,186907588
BV19dbRzeE77,https://i0.hdslb.com/bfs/archive/480dee2e896fc11be002c909eadf54b78d8c7bff.jpg,易改改,501808642
BV19f3Lz7EXp,https://i2.hdslb.com/bfs/archive/a0c119d599637b2964474534973243941900b94a.jpg,EosinY,604219429
BV19fxKz4EQA,https://i2.hdslb.com/bfs/archive/3bdbab0b4183cf6a720eb626e314394e8a1afa46.jpg,双辞冫,423886341
BV19gohYdEN5,https://i1.hdslb.com/bfs/archive/07fb37e9600be90a62d2d352a46e0e6a24a49289.jpg,一只路过的史莱姆z,474601742
BV19gtdzwEFX,https://i2.hdslb.com/bfs/archive/bf12ddca0e9fcc491c209c229f9156e48fe6c584.jpg,苍梧_abilrue,4933186
BV19hbMzNEAV,https://i0.hdslb.com/bfs/archive/c6a305bd5332fcb7ebdf6b177d6284b89bd83955.jpg,月熠日炘,505183434
BV19i7kzzEyB,https://i2.hdslb.com/bfs/archive/024155440a233345e9089ca17a689c0b0d072c8a.jpg,卓盈之,38028309
BV19icfejETu,https://i2.hdslb.com/bfs/archive/5c02fdec8ada2d6f577cfddd6c600cb7dde6c8a9.jpg,浅黛疏花,17001977
BV19j411S7Nv,https://i2.hdslb.com/bfs/archive/5e15c479cc4f6a533d34610907011312128585b7.jpg,花饽饽与过去拯救计划,30976526
BV19j4HzNEYV,https://i2.hdslb.com/bfs/archive/86a30632ddb0cc73153b8427f1399e7748cde2f5.jpg,星川__HzY,1783946889
BV19jfGBKEVL,https://i1.hdslb.com/bfs/archive/319e8493a0cfde4396ca1aab4f2eb74e31e8e4a6.jpg,铬_R,1023189392
BV19jr4Y3EGr,https://i1.hdslb.com/bfs/archive/ebdd9a2689d6f3fcc3c88659dba0ddae7afe815f.jpg,不好吃的SrDt,391558321
BV19m411y7e8,https://i2.hdslb.com/bfs/archive/3528159d5fe6a9d6a0ebd920f54bf07af087d7fa.jpg,白糖の正义铃,180668218
BV19mvse6EbN,https://i1.hdslb.com/bfs/archive/d919e8220c8cf8765ea283dc221a2958b9de803e.jpg,栖语星,2069111127
BV19oZKBDEBM,https://i2.hdslb.com/bfs/archive/19c2970e9d844d6a8a7814a21213994c589a0c2e.jpg,暗色调的梧桐叶,629874452
BV19p4y1X7CJ,https://i2.hdslb.com/bfs/archive/6877879e52f0c873f1372c58a0dd021ac66e06a0.jpg,星尘Official,15817819
BV19pWzzVEKx,https://i2.hdslb.com/bfs/archive/515dcb38eae11a6cb32b89b265122d18d336d089.jpg,双辞冫,423886341
BV19q9BY6E2E,https://i1.hdslb.com/bfs/archive/8713093f7fd668b3a857993e8a1104e8060ae505.jpg,双辞冫,423886341
BV19qYzzKEri,https://i0.hdslb.com/bfs/archive/b7e8ea54237af921c17500ab707b20ad451d3250.jpg,理p,36971209
BV19qi6YiEa1,https://i0.hdslb.com/bfs/archive/3b364c40b2c9a44239b3df2b62e913dc9a81ef45.jpg,Dagazs,88726438
BV19sutzGEof,https://i1.hdslb.com/bfs/archive/67809df29a0a2fe087f8bab7eee7b0ea532c68a0.jpg,丰川寄寄子,636823222
BV19tNxzoE5C,https://i0.hdslb.com/bfs/archive/a9143e53f29712c3bf4d8cc96b854ec2a5041024.jpg,花绮凛奈Rinna,482592218
BV19u411A7kR,https://i2.hdslb.com/bfs/archive/c0befd0acec0f8347177fa5421b9af3608d396a4.jpg,卧烟远山,24525809
BV19u411Q7kR,https://i1.hdslb.com/bfs/archive/7202167800732498bb8c9f4cb894425740bf867d.jpg,肺肺每天都很困,12181417
BV19u4y1X7qZ,https://i1.hdslb.com/bfs/archive/1b14f096e1d67320a6e5945a200295ba9cce22a9.jpg,吃吃安息香爻爻爻,651643146
BV19uQpYdErb,https://i0.hdslb.com/bfs/archive/1dbbd36ca6bdb4d00e432cbe2cbb78db47db19e8.jpg,栗喻YULIAR,694303534
BV19v4y1W7x1,https://i2.hdslb.com/bfs/archive/c92165bdc50da57f1e97114e4d5ae235a3543316.jpg,钴蓝配黄的吸尘器,322285529
BV19v8jztEVg,https://i0.hdslb.com/bfs/archive/246de2718242a0194e955db0a518f73f6c7fbd9b.jpg,叽里咕噜_p,3546946916584276
BV19vAzeAEeo,https://i0.hdslb.com/bfs/archive/329c2225435c223de91834b874939c40377c4b6b.jpg,林小四4040,13367155
BV19vRdYZERD,https://i1.hdslb.com/bfs/archive/a65163fd1f06a3aa5a546ad8122de5946cce785b.jpg,Aboatsurd_荒誕舟P,1925495326
BV19w411C77Z,https://i2.hdslb.com/bfs/archive/e3078c3bcfec8c9d0d4d35b568e479f0fbf0c958.jpg,John_Em,471195247
BV19w4m1d7Jn,https://i0.hdslb.com/bfs/archive/9e55028793940ce87681681d35801ad840f5c61f.jpg,Euule,88198890
BV19wP4ecEho,https://i2.hdslb.com/bfs/archive/75ef6e19b7900cc115b08eb4511fba32caac15a4.jpg,艾伦ilun,1994311869
BV19x42117yM,https://i2.hdslb.com/bfs/archive/fb7891dba30a4aac05aeeab23cf676e7a3725525.jpg,奕煦_切分p,515331907
BV19xFszrERr,https://i2.hdslb.com/bfs/archive/802f9a9f4180ae469a7a2786bf6597e54a636f77.jpg,Zill温记,475358698
BV19xLczEEYB,https://i0.hdslb.com/bfs/archive/6eedb20331fb642cae18387a64067fa64a810cba.jpg,半笺绘梦,491378910
BV19yemz4EPp,https://i0.hdslb.com/bfs/archive/05720b24bfc871528f39d24497954effdd69068e.jpg,Lagrange_P,314077076
BV19z421R79F,https://i2.hdslb.com/bfs/archive/4ad003dda3f0682f891969405014e6c16a750200.jpg,林巳时040,105522482
BV1A142167ri,https://i1.hdslb.com/bfs/archive/05955ec605ba8a729d8e6526aca498051945a2df.jpg,忘川风华录,326258472
BV1A142187jk,https://i1.hdslb.com/bfs/archive/2645fa48dc0cbfcd2666a42102926ba3d7ab70de.jpg,花咲十夏juka,272727749
BV1A14y1Q7ut,https://i1.hdslb.com/bfs/archive/524c94454f39f5f711628084059ab8a967a535c2.jpg,小茗呼噜噜,34053160
BV1A1tRzEE8e,https://i2.hdslb.com/bfs/archive/4c421a9ca0c807f538799e18b73e2d7f9578bf08.jpg,Y0sann,383904115
BV1A26mYEENV,https://i0.hdslb.com/bfs/archive/f787d113584de76dd3c9a6a5b505e236d86ae560.jpg,蝉向天空奉献之果,1655755632
BV1A2SzYUE6z,https://i1.hdslb.com/bfs/archive/ef72ad73f410fff2fa0276983bee53fc77691b7d.jpg,栖语星,2069111127
BV1A2pVebEn5,https://i1.hdslb.com/bfs/archive/943acbbd74eaec814f1a35bae561d93600aa712a.jpg,透明指針,1601640
BV1A3CfYXENY,https://i1.hdslb.com/bfs/archive/87f4196dc65122015f8aa1a07c11dd6de3b5e3dc.jpg,小林AGS,166611808
BV1A4mfBdEJ7,https://i1.hdslb.com/bfs/archive/44a2236667f315d5e2f35e99ae8161dac5f92da5.jpg,不鱼_P,7146922
BV1A5JTzdE65,https://i2.hdslb.com/bfs/archive/938ab99951168d5f770ec4c9aa657acd04e01acf.jpg,忧彷徨samayoi,3493079367551098
BV1A5R9YvEwq,https://i0.hdslb.com/bfs/archive/3b5a966d6908058c9257144e0a77dc98e1d676a7.jpg,Sakumi_P,143677836
BV1A5bGzYEfR,https://i0.hdslb.com/bfs/archive/51e699d46230895eb717226c36eb2f56c96d322d.jpg,Chaos清流,7226948
BV1A7CbYTEcZ,https://i2.hdslb.com/bfs/archive/375efec5afa0e3847993b165f0e2bb44de3d354e.jpg,栖语星,2069111127
BV1A872zcE3n,https://i2.hdslb.com/bfs/archive/82f84632c9e2437e1a35394b08cc231fe235c637.jpg,墨殇MournInk,598656355
BV1A8ZZYQEWn,https://i2.hdslb.com/bfs/archive/44ebea6a1103954015306c82431f097006152254.jpg,一只扑街的地瓜,668080877
BV1A94y1P7Tx,https://i1.hdslb.com/bfs/archive/f5d019ed917e71bda55ea72bcda6609c26c6bdeb.jpg,固态雨,34662155
BV1A94y1P7Xp,https://i2.hdslb.com/bfs/archive/755e8b0f750c51054949ddb722c015b0c26333fe.jpg,Creuzer,3241451
BV1A9CWB2EjN,https://i0.hdslb.com/bfs/archive/40f62e4d56d8b00c7aa5b53be768938558fff1a0.jpg,楓梦不熙-malam,479717376
BV1A9JzzEEav,https://i2.hdslb.com/bfs/archive/63dd68c791cc37236fd907ec43c4e2d3987d0efe.jpg,仲瑾特雷森帝吓室,484003657
BV1AALHzREDa,https://i1.hdslb.com/bfs/archive/a8499fbdf31bf43ae018b476d6c0cc3357955b5a.jpg,Tremely,13431502
BV1ABSnBQELh,https://i1.hdslb.com/bfs/archive/56b3ed2097f25648c3f1dfabeac4535581e52d47.jpg,PhiraP,1934729794
BV1AEJnz8EuN,https://i2.hdslb.com/bfs/archive/b3fbbb4d7f058673306c63b7c9295566500d545f.jpg,早起又是好天气-,47731091
BV1AGsQzYECR,https://i0.hdslb.com/bfs/archive/84183f5a62f452f1a1c53ce4fffead13ca50ef97.jpg,孜然一身苍茫天地兮,3546794988407602
BV1AJC7YKEkB,https://i1.hdslb.com/bfs/archive/22b4d43c12f4a345cdd29cc49f2f5bb13efb26f3.jpg,一只路过的史莱姆z,474601742
BV1AJZXBYE8s,https://i0.hdslb.com/bfs/archive/e6d60463aaf97812593962adf53ecbc7f5bdd438.jpg,哲学系的白墨_badmo,3546921983543714
BV1AK4y1z7nG,https://i2.hdslb.com/bfs/archive/261351376e742073358c33d795101683fddeb976.jpg,AsterZC19,11332568
BV1ALzpY6EMb,https://i0.hdslb.com/bfs/archive/1e81ea4033ea21587e6b533d677d27741c7cafef.jpg,蓝鹰QAQ,493851957
BV1AN411q7eW,https://i2.hdslb.com/bfs/archive/522ce23c995a097ac102c8720c9c8b6dd98f706a.jpg,MixNight慕奈,3493078383986861
BV1AN4y1q7Li,https://i2.hdslb.com/bfs/archive/20aca4440a04152461967e83a38276ad85df8fa2.jpg,白糖の正义铃,180668218
BV1AN6oYMELu,https://i0.hdslb.com/bfs/archive/6eb0d0399e2d8ced06c2d39059d6710822c4a6f3.jpg,MixNight慕奈,3493078383986861
BV1ANCCYrEbd,https://i0.hdslb.com/bfs/archive/2f4682939de927c19581bdd22423ad327afa30e4.jpg,秋叶真琴_akbMkt,34627273
BV1APL9z5EZT,https://i1.hdslb.com/bfs/archive/444283dfa7ae69949fab0e64b7b28b1133da56fc.jpg,默默谓无闻,455024580
BV1AQB2YuENH,https://i1.hdslb.com/bfs/archive/838920c3aefe3947b03354e6dc62f51a6a4bd796.jpg,蓝鹰QAQ,493851957
BV1AS421T7wz,https://i0.hdslb.com/bfs/archive/4f6a935beacec799d336d2bd13827c5a211dc8d9.jpg,永夜Minus相关推广站,1663342220
BV1AT411A75z,https://i1.hdslb.com/bfs/archive/9e6be738b2696d35e62023c08da60f9334d6a0a6.jpg,瑞安Ryan不跑调,108845996
BV1AT4y1A7aY,https://i2.hdslb.com/bfs/archive/70460784065c2986e108d3183d628c37731e1f5a.jpg,文诗不是闻诗,4134451
BV1ATZyBzEua,https://i1.hdslb.com/bfs/archive/7d200a36a1beea22d96d74d69901fe3b189f9be7.jpg,和弦进行不能V-IV,13703656
BV1AU421Z7Ur,https://i1.hdslb.com/bfs/archive/7374a410e46286f1616ef04811aa9c670b8e64e8.jpg,醉心-wine,283286791
BV1AU421o7q7,https://i2.hdslb.com/bfs/archive/9c8435a36b50a6b13e7eb649e2006986bfa01029.jpg,月熠日炘,505183434
BV1AU4y1m7UK,https://i1.hdslb.com/bfs/archive/d042aa5a089c6609c3a0cf5343dd7aab985e85c4.jpg,贺小喵,173075249
BV1AV6zBEEw3,https://i0.hdslb.com/bfs/archive/3fdaf05316bad23109e107ee2d13c812e79db3da.jpg,钴蓝配黄的吸尘器,322285529
BV1AVCvBCEK1,https://i1.hdslb.com/bfs/archive/987f607c5c9c0da09ee258673ed6c4591139ecb6.jpg,千春MultiChun,3546764573411472
BV1AWN1zAE6N,https://i0.hdslb.com/bfs/archive/50210a1fd6b9ec333fe289863ed7e1fda36ec186.jpg,卓盈之,38028309
BV1AWvWBZEE2,https://i1.hdslb.com/bfs/archive/c9e1fff3418478b8a83d05df751fbd889a71ffaa.jpg,小白毁灭世界,400378225
BV1AXh1zYEi4,https://i2.hdslb.com/bfs/archive/1f667afd3f010f0b1019d9f3386c7e3e3462e9b0.jpg,神鳴沢世界,114419306
BV1AY4y1c7t4,https://i1.hdslb.com/bfs/archive/43df313360703689cb91eb6dab2984c61697988f.jpg,只想划水摸鱼的调调,73650751
BV1AYt2zsEBe,https://i1.hdslb.com/bfs/archive/3d10bb763143c4c1c8510d01c0eebf2f5295f6f5.jpg,Resetsampler,98464852
BV1AZLtzGEkq,https://i0.hdslb.com/bfs/archive/fe94168e1e40af5fb3e10f5eec56229ec2be1646.jpg,墨素Mohius,36112611
BV1AZVPzTEWc,https://i2.hdslb.com/bfs/archive/54a5e7bb97e80618cf2fc5ef89489d618bebcd8e.jpg,阿非尼亚红帽君,3537109698742931
BV1AZptzoEJy,https://i1.hdslb.com/bfs/archive/24853268c8184e37e3d561f35884a9b44e33cbc5.jpg,超前p,291297276
BV1Aa411P7bY,https://i2.hdslb.com/bfs/archive/7da4545411c0f574904af5e6c1715446c630aee7.jpg,铃兰泠兰,384617856
BV1Aaebz9Eje,https://i0.hdslb.com/bfs/archive/d9d106e45fadfb4b5900da57b93bde2b4cb11f16.jpg,Anory_o-o,391593266
BV1AazYYBE8E,https://i0.hdslb.com/bfs/archive/66b1aa435069031060d78bd2dafeeac9261ff8e7.jpg,北境秋风,483626433
BV1Ab4y1g7VH,https://i1.hdslb.com/bfs/archive/50ebd8cb9616d47c483263614dfdbc37abbe5358.jpg,rotinP,522084781
BV1Ab4y1p7aN,https://i1.hdslb.com/bfs/archive/cea42e2de312af6d426ca9ebf6abe0deb3884f0f.jpg,纸鸢EAbird,82632219
BV1AbZfBDE6L,https://i1.hdslb.com/bfs/archive/f4e093e6af1eb5ea41e6874bc3382ca5c4e4409d.jpg,废龙不怕岩浆烫,285239401
BV1AcCQBdEjK,https://i1.hdslb.com/bfs/archive/7dea6a359a7ab150da105cf54cb23e929c386a7b.jpg,灯火渐熄,1525466474
BV1AcVzzAEqU,https://i2.hdslb.com/bfs/archive/437038509211bccff89798e05d1e35fee4679cc3.jpg,ko-轻辞,431296269
BV1Ad4y1e7CL,https://i0.hdslb.com/bfs/archive/99c419df3f3888c16a72f3d76a52b8769ec16469.jpg,Karikiri,690479
BV1AdWezjEcf,https://i2.hdslb.com/bfs/archive/8a255e47af8967834db8302c24529758ccf211f8.jpg,い爱花丶,26069934
BV1Ae411q7CP,https://i0.hdslb.com/bfs/archive/88c5034344365f7bfbbcd878fad07962eb5b100a.jpg,朝菌P,67990677
BV1Ae4y1z7yj,https://i2.hdslb.com/bfs/archive/7fc486f438fee0e813df314597f539f93d92913a.jpg,Mi-u_,398660064
BV1Ag4y1N7Ez,https://i0.hdslb.com/bfs/archive/c5fc2c7728650a4b770920ff0e06844d0e8f209e.jpg,尘小星w,395909232
BV1Ag4y1r7b2,https://i1.hdslb.com/bfs/archive/71bc575e52786867df2a93af9c3811ff8a04db91.jpg,Mi-u_,398660064
BV1Ah3Cz3Evs,https://i2.hdslb.com/bfs/archive/e4795ccc4f156e973cba2168155498165064fa54.jpg,中子P,3493280457165617
BV1AkNweDEDX,https://i2.hdslb.com/bfs/archive/531de23984288f51070f6c3e9b45b2c9ca51ee0b.jpg,栖语星,2069111127
BV1AoBTYaERc,https://i0.hdslb.com/bfs/archive/82c13634b3d4f3ae03f261565cca54fb87594fee.jpg,_在原七海,544552229
BV1AokgBVEDi,https://i2.hdslb.com/bfs/archive/3f40bff80ebb6da84aa25fe82bb877f6e5acd9ff.jpg,归尘回梦,671367010
BV1AqH3zVEEs,https://i1.hdslb.com/bfs/archive/8a3b5c36b7ed5a13a60a7da36dcd6ad34213ea63.jpg,栖语星,2069111127
BV1ArvpB4EtY,https://i0.hdslb.com/bfs/archive/d1442d4d75d3ff594aaea4f3874bfe688367881d.jpg,jay的实验室,14348613
BV1At4y1G7od,https://i1.hdslb.com/bfs/archive/0407dddaf35652d9e613cf6f3c9d288dd763a44e.jpg,ATEP_P,280595818
BV1AtA1eAEZU,https://i1.hdslb.com/bfs/archive/bda96fbfba3a2cbe4057c044fe772e6bf4cae6b2.jpg,爱音西娅p,3546857886189670
BV1AtUeYYEf6,https://i0.hdslb.com/bfs/archive/7785a5fee62e031368e8b6983f0ad3639bbde442.jpg,温水煮团子,63553115
BV1Au411j7UG,https://i2.hdslb.com/bfs/archive/cd8cf6b71fc066c95338e6b5ba7c6ac69dc3158e.jpg,Yirry壹繠,3494349604129291
BV1Au4m137qL,https://i0.hdslb.com/bfs/archive/c781529789c75815264bf036d7213d1358135e3b.jpg,西行の妖梦,39084463
BV1Au4y1x7cs,https://i2.hdslb.com/bfs/archive/96947a21b2275e9f1cad1b5b8e9b46532357472a.jpg,璃夜Lily,32557911
BV1AuVpzXE9P,https://i2.hdslb.com/bfs/archive/8603a3b699a37d164c9bec05359ebc16199814e3.jpg,老兜哥哥,919537
BV1AvFTzkEZz,https://i0.hdslb.com/bfs/archive/6f8e252ffbed143967a70922a30e7c65df84b8c7.jpg,写歌的海鲜面,935899
BV1Aw411K7mt,https://i1.hdslb.com/bfs/archive/385008e6f6c1a2a07b952b13eefd0575eb815446.jpg,KEYwi_P,43751271
BV1AwrNBQE5w,https://i1.hdslb.com/bfs/archive/73b55ae43b59a3ee06e62df8772bbd3d7c30fc0a.jpg,秋忆喵,405080394
BV1AxSBY5EiH,https://i0.hdslb.com/bfs/archive/78a29d8a154bdaec655f781d5f883f18efe7186c.jpg,凌渊之尘,347474453
BV1AxzzBjEeK,https://i0.hdslb.com/bfs/archive/d7b32c9ffb2a444c88e6f71eeb410f72f8df8089.jpg,Chronotone,3546775849798553
BV1Ay4y1c7gq,https://i2.hdslb.com/bfs/archive/15cbf5e0de2d2cc0c648c43d4d530c8ce4df60c0.jpg,荼北牌bb机,44756956
BV1Ay7FzNEmH,https://i2.hdslb.com/bfs/archive/4617a626291c1b94295027441809d6cacfad8db9.jpg,暮华语春official,1976728897
BV1AyBCBdEPq,https://i2.hdslb.com/bfs/archive/a95a7ddbe907be844969db71ae810e1b1aa68af7.jpg,朧月幻想_P,1888760048
BV1AyUTBjEB3,https://i1.hdslb.com/bfs/archive/4a97e9396a4d99c49cb34069750b280e0fe9767b.jpg,ConradSong,482754690
BV1AzDEYoEfE,https://i0.hdslb.com/bfs/archive/7a741ea576937692916ccb210bca9546d88d0cf8.jpg,默默谓无闻,455024580
BV1AzhAzGEoD,https://i2.hdslb.com/bfs/archive/dedafe3b417f45584fd5b7c74387a6f6690f8916.jpg,流線型,291786665
BV1AzxLzAEKz,https://i0.hdslb.com/bfs/archive/8b793fa095cdb8f4159e7c2b7de51fa30dcf8a84.jpg,似檵,675144902
BV1B22AYwE94,https://i1.hdslb.com/bfs/archive/7f510afec9fac1a37a91643ff1dfc0037c1d66d3.jpg,Mikoto铭,1189226417
BV1B2xqe4ESd,https://i1.hdslb.com/bfs/archive/e121f143c930fd94aab9cb773360cc7511054454.jpg,路弥斐Lumefy,288782485
BV1B5411k7nP,https://i2.hdslb.com/bfs/archive/696875c64b34935a03ebe4b2a5360074cb566ab2.jpg,谙哥有力气,277434169
BV1B5411z7Co,https://i1.hdslb.com/bfs/archive/9d8e7e7af8283751640da5b1bf285e2e3f43727a.jpg,DSP_8192,14596815
BV1B6421F7KJ,https://i1.hdslb.com/bfs/archive/c8425f564da56e1ee8e8a9074ca85dd42648314f.jpg,风湮Official,8151904
BV1B6ebz7Ep2,https://i1.hdslb.com/bfs/archive/8daaf0356a2bd8d8fe926eded8a0fd74a28a16d3.jpg,寂灵後,3493124687006642
BV1B6oJYiEzG,https://i1.hdslb.com/bfs/archive/2e3155d1c4bb7881fc017928422d52ed72d55eac.jpg,暗黑の魔法师,9528765
BV1B6xveXEq7,https://i2.hdslb.com/bfs/archive/50fd2f8247f7ac4ee98929e864aea160086c0a8e.jpg,Sucial丶,445022409
BV1B7DVYiE4M,https://i1.hdslb.com/bfs/archive/82f720b646432ad9f76ae4a502c437f8ba5d7cd5.jpg,澈零喵,252680534
BV1B7cgzyEEk,https://i1.hdslb.com/bfs/archive/2b8f054ef5ac03bdf5ec13d32b914b9d9c1e7827.jpg,李子プラーム,473158348
BV1B8Etz3EBS,https://i0.hdslb.com/bfs/archive/f3366e54b7bf331fdd6dbad5c0df42bbcbb8e4b9.jpg,澈零喵,252680534
BV1B934znE6T,https://i0.hdslb.com/bfs/archive/93a9c6cb2ffe346dd6b12c78165fa754cbd6335a.jpg,牧书齐,495470981
BV1B9BkYHEjW,https://i0.hdslb.com/bfs/archive/e1fb9821500d35c005914435f395e1b4839fe1d1.jpg,番番番番番茄鱼,81698687
BV1B9fBY4EVA,https://i2.hdslb.com/bfs/archive/a6b67696dd9a2993f41ef44cf6f3f75080bc702f.jpg,番茄盖浇海鲜饭,3493295225309551
BV1B9n8znEFR,https://i0.hdslb.com/bfs/archive/ff7ba797706bbc831af869a48cdafff2fe48882d.jpg,超高校级的人機,179393300
BV1BAeyzZEm3,https://i2.hdslb.com/bfs/archive/79a0635750144cfbadef192e2edb89fdf38a3034.jpg,神鳴沢世界,114419306
BV1BCUiYFEG6,https://i2.hdslb.com/bfs/archive/ecc493dab0c466f4b59eb433040afd76c8e1d66b.jpg,不好吃的SrDt,391558321
BV1BCcizXEfZ,https://i0.hdslb.com/bfs/archive/7adf20c7292bdb395e9930ab38ed40c99c227273.jpg,予梦_StarryNight,288592339
BV1BD421P7xF,https://i1.hdslb.com/bfs/archive/c83d8053a7b04649e3a493db4bb424ddb310ea38.jpg,冈崎奈理Channel,18705667
BV1BDYbz2Eej,https://i2.hdslb.com/bfs/archive/739aa9c76a71ae58ff62f7c9c802473f4f0f51e4.jpg,玲掘,410805012
BV1BFsDzQEdq,https://i0.hdslb.com/bfs/archive/694fc8c2fcf932bb7d2aa16e9fd40f3f13e85a9a.jpg,tuuann_,438993900
BV1BH1zYcEDX,https://i1.hdslb.com/bfs/archive/108b82059de386015e9d644807717b0f8991c332.jpg,豌豆哒哒哒哒,38403158
BV1BJ4m1A7jt,https://i0.hdslb.com/bfs/archive/e5631da1e7700462e30ea9695b14f94989e8b4d4.jpg,秋丝雨_早川汐月,39740606
BV1BJ4m1Y7vT,https://i0.hdslb.com/bfs/archive/864fc86880190d43937f0566646332d8e8a554e0.jpg,账号已注销,35975009
BV1BJWnzYEjA,https://i2.hdslb.com/bfs/archive/b9cda3f26fafa3d00371dc362c30349399c9e374.jpg,肆楷forkai,3546906070354109
BV1BK411i7eF,https://i2.hdslb.com/bfs/archive/835eb65175bd7074111c363da4f526b703665230.jpg,Dagazs,88726438
BV1BK421e72t,https://i2.hdslb.com/bfs/archive/64ccfa732a0a401592ffd358bf5f7a09b33b8fd7.jpg,伊恩一,3546623177132121
BV1BK67BCEGu,https://i1.hdslb.com/bfs/archive/0c0fa05ec9c911c9e7916b3d101bc30b7b698fad.jpg,匹垂客Petrichor,1283732492
BV1BKfmYnEb1,https://i0.hdslb.com/bfs/archive/27c6c6d61f9f694643e71ff805743c1579dddaf6.jpg,琨桑KSun,352064548
BV1BL4y1M7eq,https://i0.hdslb.com/bfs/archive/bf1ca4ce5cd8b6598047b0b36dfa7109f9beac26.jpg,Star_苍梦祈羽鸢,285817566
BV1BN411m7kR,https://i0.hdslb.com/bfs/archive/512f806e48e3022bfae04991a9e42315325ce770.jpg,Osakihan_JPN,1142898222
BV1BN4y1W7yt,https://i2.hdslb.com/bfs/archive/77cdaf73689f4128e23a230337ef3dfd21d45091.jpg,某只泽,1323266
BV1BN4y1n7DM,https://i2.hdslb.com/bfs/archive/70ed27dfbf9d4fbd652b96ece60b1e52fc27078a.jpg,不好吃的SrDt,391558321
BV1BNBbY1E55,https://i0.hdslb.com/bfs/archive/7a9628ab1c181369d8e420b0f295a12ad8141172.jpg,萧于Risho,183586082
BV1BNKcz8EsH,https://i2.hdslb.com/bfs/archive/41063e14515559282a084e650cdd58c5526dc81e.jpg,以方_P,3546873786796092
BV1BP411L7GF,https://i0.hdslb.com/bfs/archive/8680a9d71a3832c85768ce82b8a8a0bc1aaeb6c0.jpg,InspirerP,478374452
BV1BQ4y1B7Xc,https://i1.hdslb.com/bfs/archive/ba10b8c02905e02f72f46dbf4c27fdff666f6640.jpg,小夏Elin,12080725
BV1BSaRzJExW,https://i1.hdslb.com/bfs/archive/31f70cd1267fc9fd8ff60578334088fe9d40cee8.jpg,戬希Haleksius,1806620142
BV1BStMeSEt2,https://i0.hdslb.com/bfs/archive/66410713c3770682446dd3ee2c15e127d6a4abb7.jpg,栖鸢_d,447409538
BV1BT4y1D7pu,https://i0.hdslb.com/bfs/archive/7aad7a8760136290e345417750c8a392cfa9bd65.jpg,Chasel懿辰,10545143
BV1BThqzwEaa,https://i1.hdslb.com/bfs/archive/68d58dae52723fd3b48f308e8ffcdff12e48c9b6.jpg,小刀Producer,457444916
BV1BU4y1D7tr,https://i1.hdslb.com/bfs/archive/507ae55a457cb4ab30392b2129ff9cb346350948.jpg,YuRokL,299414561
BV1BU8Mz2Eka,https://i1.hdslb.com/bfs/archive/572efab6b35c8f76db299c41eb75e080de39e9b4.jpg,蓝鹰QAQ,493851957
BV1BVkZYBEHT,https://i0.hdslb.com/bfs/archive/2fb538ba4985e34e25de49c818634ae9b637b929.jpg,H3PO4的磷酸p,527199481
BV1BW411r76u,https://i2.hdslb.com/bfs/archive/f81157a9ba67da5837292980ff485c0514ec5937.jpg,纳兰寻风,893950
BV1BX4we8EaV,https://i1.hdslb.com/bfs/archive/4b5e94aed2e0b24c3db03bee83f8f22fe9084663.jpg,ART_JPN,3546570299542061
BV1BX4y177JB,https://i2.hdslb.com/bfs/archive/ca0857bc49ff350cc61210715d6c7545db42d41d.jpg,RyoRight,142476049
BV1BXHwz3EvP,https://i2.hdslb.com/bfs/archive/3046c8e803e8bba6bc2960e32c7ba02ff982d917.jpg,体育生阿和酱,400506689
BV1BXRVYjEKN,https://i2.hdslb.com/bfs/archive/dd00f979b926ac2138c5e3e6f28cb0ae41fe859d.jpg,Chaos清流,7226948
BV1BY4y1u7zZ,https://i0.hdslb.com/bfs/archive/3fd2642718367c68f0e4fc7a5333de3070529a36.jpg,账号已注销,43978407
BV1BZ421U7DU,https://i2.hdslb.com/bfs/archive/a6d218791ecee66a49912fbe2869ab0a980486cb.jpg,某科学的卡面来打,52829689
BV1BZ421j7AY,https://i0.hdslb.com/bfs/archive/a8f08e65d78206625ddaf5753c5d01dcaeef9122.jpg,CH白诗,681614623
BV1BZ421y7hb,https://i1.hdslb.com/bfs/archive/17afbce0cd76daaca3ef9465988da94527d368fb.jpg,零天羽,36395571
BV1BZ4y127Nc,https://i0.hdslb.com/bfs/archive/347c9f9fbfa9b414e913d2636d8141a9cd824f0b.jpg,樂素,486649830
BV1BZezz1EAG,https://i2.hdslb.com/bfs/archive/ba616eddeda5bd0cfeb98acd9ea1c48b99dafc2b.jpg,ON_SELLING,37663643
BV1Bb4y1L7cU,https://i2.hdslb.com/bfs/archive/b809887da56474e3e47843d62258cc5c6ff9e559.jpg,蔚蓝彼方_P,16546166
BV1Bc411y7Rr,https://i0.hdslb.com/bfs/archive/4f5a952b517a68bdc17feda006612fde8ea37e25.jpg,LichCrewZeta,20361369
BV1Bd2QBfEPa,https://i2.hdslb.com/bfs/archive/40e813f8129fdb6e4c154912672265e9c6e1f220.jpg,小刀Producer,457444916
BV1BdBFBbE7H,https://i1.hdslb.com/bfs/archive/cb6640b0679b7f795f1179acfdb820d1cc2206e8.jpg,篝火_之声,97334924
BV1BdMgzPEQu,https://i1.hdslb.com/bfs/archive/0919098bd4ec5536b3e1925c1878e576971f9a28.jpg,昕声寄语P,363234229
BV1Be411M75U,https://i0.hdslb.com/bfs/archive/1902839b9b2abb8a6cb8c05855013297407db3ea.jpg,随梦归尘,482221525
BV1Be411j7S2,https://i0.hdslb.com/bfs/archive/42e077934509ead4b721412b0622c590f87f3b9a.jpg,铃蓝SuzuSnow,24428012
BV1Be411n7Fv,https://i0.hdslb.com/bfs/archive/973f1b9f954f634558a189b60fa7ce457a61c4d4.jpg,御罗迦Theおろか,661506938
BV1Beb5ztEjQ,https://i0.hdslb.com/bfs/archive/0bbeeae055b954fd9910f9bed36212450d46e045.jpg,吟诵者wittig,1564050451
BV1Bek4YXE9S,https://i2.hdslb.com/bfs/archive/2eb2d20176991a82a860cc9fdf18a6e93bf97401.jpg,羡临渊zzZ,472407628
BV1BerKBUENt,https://i0.hdslb.com/bfs/archive/476309ff7f0fb724363e7577e8b5fe9ca4fd4942.jpg,文歆P,3546719115545453
BV1Bg411e7tF,https://i1.hdslb.com/bfs/archive/bcb3aeb7847fc1b19bf13b6a61d1d7247a0f0971.jpg,小茗呼噜噜,34053160
BV1Bg411s73u,https://i2.hdslb.com/bfs/archive/798efac87cebfe7e095cadd2bcb66a8f08043144.jpg,冉小白Zomire,86198070
BV1Bg4y1f7wU,https://i1.hdslb.com/bfs/archive/bd06b8b3807054cded3b0240c48e0bb05def4286.jpg,风湮Official,8151904
BV1Bh4y177yT,https://i2.hdslb.com/bfs/archive/bebfc1f302f0a30a3984cfdab6bb77c1c1694bfe.jpg,神意工作室,390526947
BV1BhFwe8EQ8,https://i2.hdslb.com/bfs/archive/da36860b17bbd2c33b612f632170a1df0fe3d826.jpg,神鳴沢世界,114419306
BV1BkxZeDEMJ,https://i2.hdslb.com/bfs/archive/778aff57d1d168dec0b9e95f68f96ae6a505dc47.jpg,正十字p,286716744
BV1Bm4y1j7k7,https://i2.hdslb.com/bfs/archive/066552067ea35d63c8cd611efccab2fbcce1ccf4.jpg,Dagazs,88726438
BV1Bm4y1s77Z,https://i0.hdslb.com/bfs/archive/3a4f2664c8e6018e3b097e018f6fa64ebb64f910.jpg,言午午午午言,289883230
BV1BmbwzFEaU,https://i0.hdslb.com/bfs/archive/7ccf190929f2c20dfea7269aa80ff7b22dc3b656.jpg,Starly斯塔里,3546899718080929
BV1Bp421Z7HY,https://i1.hdslb.com/bfs/archive/cbbda1928b80e0e58d4ee4467481722799cbde9d.jpg,璘月亚灺Xie,412412152
BV1Bp4y1P7Rx,https://i1.hdslb.com/bfs/archive/b880c3e81df147e41ad35111d6d13d8c931a48bf.jpg,爱喝啤酒的烧烤P,327601393
BV1Bp4y1g7VH,https://i2.hdslb.com/bfs/archive/84376410f3af8bd5da159ceaf943e545e51c5c1f.jpg,ttbj_yuri,388224746
BV1BrSkYUEmc,https://i2.hdslb.com/bfs/archive/f50914ef365b6e768ce9236980e4b9fd441050ae.jpg,猫小喵57,407432101
BV1BsfAY8Emm,https://i1.hdslb.com/bfs/archive/17b28c8cc60fe11352af6c26e3f0e259382b0d2a.jpg,神鳴沢世界,114419306
BV1Bt421872V,https://i1.hdslb.com/bfs/archive/e97c250c84f958941fcd4d97c004b34e503a43cf.png,Starst星尘子,399170457
BV1Bt4y1x7mS,https://i2.hdslb.com/bfs/archive/e3194dfa31c6c0baecbfcddaf66688b164998e3a.jpg,ventusism,631023950
BV1BttSzsE8b,https://i2.hdslb.com/bfs/archive/8b182f8198b7e99260acf1befc8881d5487ed884.jpg,洛叶p,381865582
BV1BvHtzUEUo,https://i0.hdslb.com/bfs/archive/03870d6f3cfd7b728ea1e66a228d7c7fccc66a8d.jpg,风湮Official,8151904
BV1Bx41127Nr,https://i0.hdslb.com/bfs/archive/a39a0d39e399a0211fb86154bb15cd3af16f7194.jpg,LukeeeeeeeP,6890507
BV1Bx411q7fE,https://i2.hdslb.com/bfs/archive/f5ffab69cde58ac09b0efcb0ffdb5a03baec2a95.jpg,从来没有中过奖的Sheep,8851565
BV1By4JzMEx8,https://i0.hdslb.com/bfs/archive/406f1c7c64f2e016c47900d701e2c2e6302def91.jpg,白霜渡鸦_Corvus,470563327
BV1C1421U7bC,https://i1.hdslb.com/bfs/archive/b085ec093f3fbe6148c4cec8b3dbac0c4097f1a8.png,Starst星尘子,399170457
BV1C14y1E7pP,https://i1.hdslb.com/bfs/archive/16993a8f2be8174d275b7140dbcae17e8d433704.jpg,四季_ナツメ_,35554162
BV1C14y1o7d4,https://i2.hdslb.com/bfs/archive/b38bf704a04c9ff5ac89f9665e6c99f4f14c34f7.jpg,不纯净明矾混合物,434036807
BV1C1ejzxERZ,https://i1.hdslb.com/bfs/archive/d572c85aa9d8d65b97e962e1fdca9bd4c16cc68c.jpg,时友Alicia,1027154558
BV1C2s5eNEGR,https://i2.hdslb.com/bfs/archive/d1bf6bb6840fbafd51306f36d2b74cd2d18c7efc.jpg,心魔才不是女孩子呢,359100532
BV1C4421w7GN,https://i2.hdslb.com/bfs/archive/085043ef260aa960dfd36d55a2c8fcb539197dc3.jpg,MegrayChan,291318088
BV1C588zJEqA,https://i1.hdslb.com/bfs/archive/719ed04c171df22b59a9226a21a2eb353ad578f7.jpg,北境秋风,483626433
BV1C5C5BHEdZ,https://i1.hdslb.com/bfs/archive/0d16d9d3b4fe1c5acf88a4b522c128dbfbcb161a.jpg,遥之穹,406295982
BV1C64y1E73p,https://i2.hdslb.com/bfs/archive/49e87469432fff9bb26596721f8ae465f7b94ce9.jpg,Yirry壹繠,3494349604129291
BV1C6LbzkETu,https://i2.hdslb.com/bfs/archive/0f492eb0390b6231fe7de1848ea05a6434087e47.jpg,雨鸦YY,333513591
BV1C7421N78r,https://i2.hdslb.com/bfs/archive/6407e76c5ae0a846e3ba64842e7ede66127923a9.jpg,漠心初Iris,408019876
BV1C7tSzwETJ,https://i0.hdslb.com/bfs/archive/44cd70a0cd71492e61a2ba229ca3f2f9ebb9882e.jpg,R小绵羊233,102544559
BV1C84y167Ae,https://i2.hdslb.com/bfs/archive/061906825907d89232a4d373f41de3ca2031e4bc.jpg,四季_ナツメ_,35554162
BV1C8s7eCE8J,https://i0.hdslb.com/bfs/archive/3d07add475f06e702acd4ec654a88cff6e4b6196.jpg,雨零零零霝,1599998174
BV1C9EdzbEPP,https://i2.hdslb.com/bfs/archive/31eadef34207c52d1aebacdc94345dbd2b35d923.jpg,派派鵝,84259009
BV1C9YGz6EwJ,https://i1.hdslb.com/bfs/archive/a8113480b6d534817563e162d9b66317aa08a49b.jpg,蓝鹰QAQ,493851957
BV1CBFHe4Ekm,https://i2.hdslb.com/bfs/archive/a54dc1fae444f0db77acca3d6837a7c0eab7f31c.jpg,海辰家的猫,11015034
BV1CC4y1E7vC,https://i2.hdslb.com/bfs/archive/a032840fc6f21e5e1eb26644b4f423f72a888b38.jpg,野子音声,290492989
BV1CC4y1T7Dz,https://i1.hdslb.com/bfs/archive/4c1bd343a8dfcf354c9080420db1842b797dd448.jpg,盐水是言和水,285926728
BV1CC4y1Z7uk,https://i1.hdslb.com/bfs/archive/ec54137498b05fcc540250f623023f484e16e514.jpg,抹茶味的梦洛星尘,23652046
BV1CC4y1i7zo,https://i0.hdslb.com/bfs/archive/10315259865e481cfdf162e718309c5046dc3d3f.jpg,不好吃的SrDt,391558321
BV1CC4y1j7kR,https://i1.hdslb.com/bfs/archive/060f0b9e3b0f46b52fe3fc8531c10707739a31b3.jpg,北极圈ArcticLab,286334754
BV1CD23YhEbv,https://i2.hdslb.com/bfs/archive/d2df6fad9ad7015352a37b949e8b1479a6050e6b.jpg,与莱尼的布拉格之恋,32367130
BV1CDWCzrEfL,https://i1.hdslb.com/bfs/archive/12f0d8e4c3a655b165b662c5f1dedc0f49899a56.jpg,鹿眠的音乐食堂,7394330
BV1CDeXzZEWq,https://i2.hdslb.com/bfs/archive/cf8d722d9e5078f692b56fac53a7f80024acd28a.jpg,椰汁杨桃西米露,229546714
BV1CEdjYcEjP,https://i0.hdslb.com/bfs/archive/e95416a505bb9cf9a17a16193feac0e37c352dbf.jpg,安拓莉Antari,3494378056190586
BV1CF411C7gx,https://i2.hdslb.com/bfs/archive/531b97e8016016f7f852c1744bfc37f6176e6c02.jpg,自由飞翔zz,312300395
BV1CG411t7wi,https://i0.hdslb.com/bfs/archive/62b5484b243c580b3a7aad59fe33cea19484c505.jpg,赤染镜华,218755564
BV1CG4y1x76Y,https://i0.hdslb.com/bfs/archive/208b83dbe1b9fa6251d5dbbeaf967c196e3c2759.jpg,Osakihan_JPN,1142898222
BV1CGcPe5EqQ,https://i2.hdslb.com/bfs/archive/7381142fbea189f175cbf9eac53e10870a897972.jpg,双辞冫,423886341
BV1CGfFBnEhq,https://i1.hdslb.com/bfs/archive/3d4288d4879d623f918f7dba36c6224993aee70d.jpg,雨山Rainmountain,3546717932751588
BV1CGhVz6E2Z,https://i0.hdslb.com/bfs/archive/614f6b9d0ec0e87ef10f55202f16424054803332.jpg,账号已注销,1468668149
BV1CJUKBCEVH,https://i1.hdslb.com/bfs/archive/f1c2c3eca308dcc9c4d5f910f268a3eb279c759d.jpg,沢空,1597107
BV1CK421y7aN,https://i0.hdslb.com/bfs/archive/33304b2c338f85fad0d2c43beb51c9af203ea036.jpg,风湮Official,8151904
BV1CK4y1D7yJ,https://i0.hdslb.com/bfs/archive/5f2d096da6586066cf9ec2268a661592bf4412c2.jpg,信子nobuko,382150029
BV1CN73z8EaG,https://i0.hdslb.com/bfs/archive/05f8f2c134c78c475e97335528fb145cad2d7913.jpg,碎-纸屑,3546681664604457
BV1CNpweoEcY,https://i1.hdslb.com/bfs/archive/ee39e9eadf7b19bd19177b39dba6960dd5c9dd68.jpg,章鱼外星人,454524809
BV1CNpweoEu7,https://i0.hdslb.com/bfs/archive/ab38c52558fdd5dae024c3964645cd7ff31d9c83.jpg,小狗钱钱-,471243997
BV1CP4y197QK,https://i2.hdslb.com/bfs/archive/9227d9dc6fe181166671828ec990250aaba39f3b.jpg,零宇Lyu,277347455
BV1CPM9zZEjt,https://i1.hdslb.com/bfs/archive/da3f0f4d8febdd0930ce549f0df48bb1244cc0c5.jpg,笋箨_P,694741696
BV1CQ4y1j75F,https://i0.hdslb.com/bfs/archive/301a3c9e9e058ec358c046c8b2a5d90c16d16088.jpg,不觉醒的双簧管,66768894
BV1CQT6zsE8P,https://i2.hdslb.com/bfs/archive/42927d8d3e8782777bc0e1654e0cdab1a24f9e51.jpg,卓盈之,38028309
BV1CQfCBCEou,https://i0.hdslb.com/bfs/archive/fd5b6f989ac8d36ef94bd8023b2a05c2b4e19c44.jpg,阿耗TCM_P,526990987
BV1CR4y1f76i,https://i1.hdslb.com/bfs/archive/5a700bb334dbfbe3bf825da4c46112ed78476376.jpg,QutaiBai柒白,107609416
BV1CSZWBJEPf,https://i1.hdslb.com/bfs/archive/4f1c64bfb111be5a9240af4a92bcbf2d058bc5f0.jpg,黄昏幽灵_official,3690977254443474
BV1CSsfznEcs,https://i2.hdslb.com/bfs/archive/0b55d15c02ef499d937df705409dfe6423708bcb.jpg,中野然子,1476027
BV1CT421S7qR,https://i2.hdslb.com/bfs/archive/19f1f32b3a6884bca946f1f7239d1a4eabf557e3.jpg,风湮Official,8151904
BV1CVPoeNEq4,https://i1.hdslb.com/bfs/archive/21f605ad8763ef8226a5eb50e9ab59cc06c32f02.jpg,Utopia_乌托邦P,1858510441
BV1CW4y1w7im,https://i0.hdslb.com/bfs/archive/b0887addb184efce5e259f14de62283e19bab24a.jpg,不好吃的SrDt,391558321
BV1CX2yBmEn2,https://i2.hdslb.com/bfs/archive/77a63b0881253098853f23b25eff81410d62e2f1.jpg,女娲是男孩,19404630
BV1CX4y1p7NX,https://i2.hdslb.com/bfs/archive/e9240a9551271b3d61f21bbbe3fd76f00df3f3aa.jpg,灯火烛天Lusky,27694266
BV1Ca5TzyEgs,https://i0.hdslb.com/bfs/archive/ba408e84d17a5fef2d8291748b52e36853ce9dbd.jpg,神经衰弱，意识模糊,32721589
BV1Cb421J7Fn,https://i2.hdslb.com/bfs/archive/2d1786abed85725a77e57b480fd848a774672c7c.jpg,风湮Official,8151904
BV1Cb4y1M7Po,https://i0.hdslb.com/bfs/archive/1ddf4aa7578aa81b625f5557d45e322772410486.jpg,妖潜忆境,14979516
BV1Ccspz7Ebg,https://i1.hdslb.com/bfs/archive/fa85a8f0c8b0bb871673fba230b254df2b42af47.jpg,派派鵝,84259009
BV1Cd4y1m7wE,https://i2.hdslb.com/bfs/archive/89ab2ed324ec5e07db6426ed5306c31f92f25b0e.jpg,铃蓝SuzuSnow,24428012
BV1Ce4y1f72C,https://i1.hdslb.com/bfs/archive/24d3aefbc711ad14af87d957eb7848539374d47b.jpg,R小绵羊233,102544559
BV1CeWYzkEPo,https://i2.hdslb.com/bfs/archive/0ba98dfedc1b2e3f5e500415aab715a5b1d5863c.jpg,Mr兔_P,4399111
BV1CejHz4EjH,https://i0.hdslb.com/bfs/archive/3c24585b2825a08f9b0ddab49058f080bd7d6e3b.jpg,Frosty虚霜,517737512
BV1CfwceuEps,https://i0.hdslb.com/bfs/archive/4a1c30d6fc214a664ef13a501613ab3aec8ba093.jpg,温水煮团子,63553115
BV1Cg4y1D78K,https://i2.hdslb.com/bfs/archive/a94d2c8cef1548d8535d21abf176e4711702f953.jpg,不好吃的SrDt,391558321
BV1Cgt1znEFv,https://i2.hdslb.com/bfs/archive/9e72c5e1980bcc0b1e769f6979d914900cbdad07.jpg,繁尘亦安,1140820296
BV1CgtVzcEwD,https://i1.hdslb.com/bfs/archive/66c6a4b7e1c3771c34ca76227122ef8d66d73498.jpg,Wavesparody,454198225
BV1Ci4y1a7HR,https://i2.hdslb.com/bfs/archive/2a2089fd1f592d4c65334d71b1d49c94a8e3e6be.jpg,千岛铃音Official,25838417
BV1CiFXzBEth,https://i2.hdslb.com/bfs/archive/ad416422127e8f3f1b601b3f53d5e5ccaaf4ad07.jpg,不朽之言,94765413
BV1Cib3zbExf,https://i2.hdslb.com/bfs/archive/7ac0e7f78c988dde8eb1525935e186916dab0f27.jpg,咚咚咚呛咚呛,38294579
BV1CivNzdEHT,https://i2.hdslb.com/bfs/archive/be32d13ed423080645f2807ec1c4a5250b89cfe4.jpg,千春MultiChun,3546764573411472
BV1Cj411972A,https://i2.hdslb.com/bfs/archive/4c4a1e63908c3561dc41fd7d87d46800456b367c.jpg,团子_P,162667579
BV1Cj411J7zP,https://i2.hdslb.com/bfs/archive/48a16f6322bd4ec5a0656360bb30f0161f0db298.jpg,猫大可,139905
BV1CkL9z7EH7,https://i0.hdslb.com/bfs/archive/c1ec31f5739e9fa57ef5a8275ea8a816c81ec415.jpg,风湮Official,8151904
BV1Cm4y177kJ,https://i0.hdslb.com/bfs/archive/c68327f772f0bc91d665335684de0b7ec51667f5.jpg,純白,123372
BV1CoFXeyEnk,https://i0.hdslb.com/bfs/archive/abd6379154042ad1a6a61e8e2f3629259ace8018.jpg,灯火烛天Lusky,27694266
BV1Cp421d7KG,https://i2.hdslb.com/bfs/archive/00b17b58b83894eaf4eb5fbeb592329f83b3d988.jpg,Renton_T,7030451
BV1Cp421o7MK,https://i0.hdslb.com/bfs/archive/1fc63eb50cefac155b01a1f92aad17f9a1b3677c.jpg,余若_,150467539
BV1Cp4y1E7UT,https://i0.hdslb.com/bfs/archive/31cf26f4c2897d8e27ec145e5927fad91ee220d8.jpg,禾芷溪溪溪溪溪溪,186907588
BV1Cp4y1o7Wn,https://i0.hdslb.com/bfs/archive/ea56ef0aec2ac8ccd993cc71aefb343658c4e275.jpg,村村饮壶茶,59640262
BV1CpDHYNE4x,https://i1.hdslb.com/bfs/archive/d253a86b532de84fe8120dcfe6beccaf0a4bf8a7.jpg,Tremely,13431502
BV1CpyNYBEWT,https://i2.hdslb.com/bfs/archive/6a8e8ea14e728fb880ed8130eb7a2fd3d24e3616.jpg,ANY_OFFICIAL,3546754521762726
BV1CqJgziEBz,https://i1.hdslb.com/bfs/archive/b9edf5b3bee53a019d3bb271e3a18c68cba7e9c8.jpg,卓盈之,38028309
BV1Cqh5zGE17,https://i0.hdslb.com/bfs/archive/d731829c68ffbfe7a9c45e7298d5f8e7eaa54af7.jpg,劳尔Blawn,432148245
BV1CqxLzYEfh,https://i1.hdslb.com/bfs/archive/e2d023abcb0ce26ef2772c0c57498b34f353193d.jpg,璐花灯,604887864
BV1CsQEYFEER,https://i1.hdslb.com/bfs/archive/0aabfd302358874c055ebc802eccaddc396d5daa.jpg,赤凌p,382441421
BV1Cu4m1M7zA,https://i0.hdslb.com/bfs/archive/c95dc9976a1bff7d283e66b6bd6e48dcae9d057a.jpg,中野然子,1476027
BV1Cw411c7Ek,https://i1.hdslb.com/bfs/archive/87d279d5b206baff5f6291e6c6980dc5c0ffa714.jpg,衣物鱼Yiuv,697934264
BV1CxYRzfE4Q,https://i2.hdslb.com/bfs/archive/3757768696b58a098d479eec22fadaeb7c0a948a.jpg,超高校级的人機,179393300
BV1Cye2zBEAN,https://i0.hdslb.com/bfs/archive/cb74cc516aeba018ba5de065e4876d87289202a1.jpg,奏-Kanade-,3546867184962157
BV1CyzEYAEhn,https://i1.hdslb.com/bfs/archive/2e7e5af69633540755946e7d22499b5c985dd626.jpg,懒某安,2127802
BV1Cz421d7pG,https://i1.hdslb.com/bfs/archive/f14128886de7418782b9dd658fcd177fad6d3fde.jpg,超级大菜猫,3494358737225862
BV1Cz4y1H79e,https://i0.hdslb.com/bfs/archive/b8969755caae9fc9852bf9418d162c39b2837965.jpg,飞不快的灰鸟,24443249
BV1Cz4y1g7gZ,https://i0.hdslb.com/bfs/archive/567b96db87bcf6353c71dc1ca98db3022b05ec69.jpg,捡来的牌子,85944461
BV1Cz4y1u79T,https://i0.hdslb.com/bfs/archive/987342a304feffae4a8356813e50ba8cc5479880.jpg,-络霏-,15331235
BV1CzM6z4E4d,https://i2.hdslb.com/bfs/archive/b5ce56ae2fec008f5fcf0427b08650522ae5876e.jpg,白霜渡鸦_Corvus,470563327
BV1CzxLzwEph,https://i1.hdslb.com/bfs/archive/0d50d5dbe7d83a5f7f15b1effdf7754c45d0269d.jpg,在下重生qwq,1976588293
BV1D3411K7AV,https://i1.hdslb.com/bfs/archive/9b85bba6d8b5ba09b9d2b63b981f3641dc3045df.jpg,雪白的啾子,486396421
BV1D3411p7CG,https://i2.hdslb.com/bfs/archive/75badeece8dc26ca7972e2913be3dfe8a50773ef.jpg,瑞安Ryan不跑调,108845996
BV1D3vqBVEtW,https://i0.hdslb.com/bfs/archive/3c6c9ef9536d816d25decae1227ae7720242cd9a.jpg,风暴降生男菩萨,110902829
BV1D4421c73n,https://i2.hdslb.com/bfs/archive/8bdc3903dd342c467ca34430777b07d6a9b2716c.jpg,旋律侠,3493132907842395
BV1D4CCYxEkU,https://i2.hdslb.com/bfs/archive/9bab6641cb0bdccf46a00635323d4d7722542822.jpg,电池子_Denchiko,3211305
BV1D6AzefEJA,https://i1.hdslb.com/bfs/archive/764b0702f37f2669dfa065d2738cd17b09f51ffa.jpg,凱攀俊凱,295384947
BV1D7421P7EB,https://i1.hdslb.com/bfs/archive/4b401b02426369e7db55bf6c2c6712bb0c11b5cf.jpg,vcfish_p,238117369
BV1D7HyeRE26,https://i2.hdslb.com/bfs/archive/91d9f009e0ebd5f487373db7f91c831808ca9f3f.jpg,账号已注销,223928340
BV1D8411R79e,https://i2.hdslb.com/bfs/archive/2c3a590deb04f6641cad9512b1a220fd26ad7e93.jpg,你看这个脸它大又圆-,399929945
BV1D8DRYBEC2,https://i2.hdslb.com/bfs/archive/eaf65e82155f8bffc6eb0d8b095f9e8ed0e84f54.jpg,云晦,1986561987
BV1D8UkYAEgk,https://i1.hdslb.com/bfs/archive/f45ef3fcfffeb086b4bea80d2f93c55cb904d356.jpg,AuCl_氯化亚金,3493081974311347
BV1D94y1A7HH,https://i2.hdslb.com/bfs/archive/c17fa45f219345bd86e382550f8cdd61ec087c26.jpg,某只泽,1323266
BV1D9fRYhEU5,https://i2.hdslb.com/bfs/archive/fcdb5a9f575ebab091b1755c607a8ce008476a91.jpg,澈零喵,252680534
BV1D9ubz3Ep8,https://i1.hdslb.com/bfs/archive/df1e112ca713a464ec80ca5098b3f2dc1fd6e50f.jpg,以羽毛为笔,2076226137
BV1DAUPB2EcV,https://i1.hdslb.com/bfs/archive/533948a488035148218500a4183bfa0e2945d659.jpg,ConradSong,482754690
BV1DB421k7BX,https://i1.hdslb.com/bfs/archive/ea4401edc133bea0f6c38881b941d9383d64b1ab.jpg,_OREOREO_,19483168
BV1DC4y127Bj,https://i0.hdslb.com/bfs/archive/6b7810d6fdb4636e4293bf80bbca81f02772384a.jpg,自由飞翔zz,312300395
BV1DCCQY2EjZ,https://i2.hdslb.com/bfs/archive/bff67b51e3bcf470e3dc74ac479471f6818b6460.jpg,神鳴沢世界,114419306
BV1DDVQzjEZY,https://i1.hdslb.com/bfs/archive/3fd89775ce85e313e3ca85bdf0191a919b4ef45c.jpg,Lgxtodgd,164884883
BV1DDmeBAEnQ,https://i2.hdslb.com/bfs/archive/978adfee6cfc273499024046d98d0763885f8100.jpg,星川__HzY,1783946889
BV1DF411G7VX,https://i2.hdslb.com/bfs/archive/eef3aeadb789a8192eb0b485ed1d79fa9f2efb7e.jpg,糯米吐司糍,87692148
BV1DF411y7Xq,https://i2.hdslb.com/bfs/archive/1a393a85ef87b404d2cd95bbe85ca43ef8f06f4c.jpg,蚀月流萤,102649050
BV1DFUtY4Evw,https://i0.hdslb.com/bfs/archive/c5c715175ac78f713aaaecbee3f0cc514b2abea8.jpg,神鳴沢世界,114419306
BV1DG3Xz5Ea5,https://i0.hdslb.com/bfs/archive/b60d54206e28817bb7818cbcbcd62033a7039157.jpg,青杉折扇,183675426
BV1DG411S7UY,https://i2.hdslb.com/bfs/archive/fdfa9018fe408883cdb1ec9a85695d4d8e2fc44a.jpg,风湮Official,8151904
BV1DGwjedEc5,https://i2.hdslb.com/bfs/archive/e58e640dde51f0f7c6f764c223a33d4063d6aab1.jpg,硫叶立德_NA,35676272
BV1DH4y1D76y,https://i0.hdslb.com/bfs/archive/d97be0b5c96909952f6237f3e638ca2b1e2fca54.jpg,NeoAsp,6476892
BV1DH4y1a7zu,https://i0.hdslb.com/bfs/archive/a6f2e74d5c63d68ee196b0151ff07271cc787ed7.jpg,栖鸢_d,447409538
BV1DH4y1d7m1,https://i1.hdslb.com/bfs/archive/beb32d0a4e5cec8b9a87d23393d97fac6fca5628.jpg,詟殇,88249879
BV1DHPceHEKY,https://i1.hdslb.com/bfs/archive/a81ad9a80833fff526edc5bc33d94f0708f1e823.jpg,云晦,1986561987
BV1DJ4m1s7Ki,https://i1.hdslb.com/bfs/archive/e23003c0af6ecd8559a80d150bf19b0a3dabd194.jpg,橘蛋等光来,1926110864
BV1DK41187JA,https://i0.hdslb.com/bfs/archive/ecbc206cb9115466cbe853e982e2916f5fbf98c7.jpg,风湮Official,8151904
BV1DK411d78x,https://i1.hdslb.com/bfs/archive/3070f264056487be9cd4754c53e2c0636c6dd4e2.jpg,QutaiBai柒白,107609416
BV1DK4y1F72Z,https://i0.hdslb.com/bfs/archive/8f1b3112a68ebbd260ca0cf097d7bd7b7318a1b8.jpg,爱喝啤酒的烧烤P,327601393
BV1DL411i7yA,https://i2.hdslb.com/bfs/archive/271f441a05fc6fb8f9bf1055fa3199611d839c47.jpg,禾芷溪溪溪溪溪溪,186907588
BV1DLfMBnEGd,https://i1.hdslb.com/bfs/archive/44ee4cfc836f373adc1d862254b19d508b409729.jpg,一只路过的史莱姆z,474601742
BV1DLpwz8EHq,https://i2.hdslb.com/bfs/archive/56b16db0a16b99fe7c473e2bf2270fada5bbb8fb.jpg,酸酸青柠p,22068193
BV1DM41197je,https://i0.hdslb.com/bfs/archive/f8297ae3a444d7b5af191c26731941b0fd1d2f0b.jpg,灯火烛天Lusky,27694266
BV1DM4y1E7zM,https://i2.hdslb.com/bfs/archive/f984e072beb0d51f3e6536c842017b89edbdf773.jpg,Guxuer,60237943
BV1DMqZYVENy,https://i2.hdslb.com/bfs/archive/b91414ebdd3909e30c43d1c7358282f9d4eaa590.jpg,宝发胡P,351393899
BV1DNTWzQEp3,https://i2.hdslb.com/bfs/archive/616ba3123aac5724db73c9ea094a8ff21a3d1828.jpg,溢墨OwO,2128135636
BV1DP411t7cV,https://i2.hdslb.com/bfs/archive/bdfa1abd2939c5a04c01717a05d1dbe1f1faafb4.jpg,风湮Official,8151904
BV1DP6yYJEbw,https://i2.hdslb.com/bfs/archive/b512801f4ae75c8baff78c3580778f5256d05778.jpg,1mol梨花茶,353784518
BV1DPH5zaESH,https://i1.hdslb.com/bfs/archive/57d3c776cc473ec3ba95155ce502a63c77c601b6.jpg,半笺绘梦,491378910
BV1DQ2MYAE8s,https://i2.hdslb.com/bfs/archive/b671151033092ef875f78fe30460ec05b7d3bca6.jpg,泠珞-星夜,400604752
BV1DQ4y157go,https://i0.hdslb.com/bfs/archive/16b80e35615342506f13d0e50fd3044e4dc28f00.jpg,不好吃的SrDt,391558321
BV1DQ5xzCE54,https://i0.hdslb.com/bfs/archive/a246a0cc3f8b2b9dd4db349624713fe98de6385c.jpg,秋沼AkiNuma-P,3546755475966065
BV1DQApe7ESa,https://i0.hdslb.com/bfs/archive/1900478f4eb19a92760f11bd12a690623b4c4377.jpg,璘月亚灺Xie,412412152
BV1DR4y1b7bA,https://i0.hdslb.com/bfs/archive/b97d62f7f1164a51da71a49747c24704de794298.jpg,苍梧_abilrue,4933186
BV1DRHMe9Ejg,https://i0.hdslb.com/bfs/archive/076bb0b75c25b5555946e3ce33593fdf83360034.jpg,rusing00,476812212
BV1DS421X7Cg,https://i0.hdslb.com/bfs/archive/383befebc8f7939fab86f635dabec3d93bc0be3c.jpg,司凤落我肩,136983575
BV1DS4y1A7a4,https://i0.hdslb.com/bfs/archive/f9415a5487684f65efd9b3375d5a27b4d2f277f5.jpg,idealclover,5044093
BV1DSApeUEH2,https://i0.hdslb.com/bfs/archive/324324939c3754f3e3ae060067fbd9ff1794278d.jpg,风湮Official,8151904
BV1DT421S7q2,https://i2.hdslb.com/bfs/archive/69e22d0a3d555f024924ab1f7c5db78a81be8024.jpg,BoringCoumselor,44898131
BV1DV4y1p73H,https://i2.hdslb.com/bfs/archive/ac4323aaeaa088046aa8f5e7df3cc2711df43daa.jpg,唐水离,37437299
BV1DV4y1s7N1,https://i0.hdslb.com/bfs/archive/8b465dbe1338ada202fbc1fccbe782b78c60a318.jpg,Nebula_涅不拉几的,4128331
BV1DVC1BpEco,https://i2.hdslb.com/bfs/archive/6b65e692be1c83654a88277221f079f4347efa58.jpg,霧谷久城,5617810
BV1DW4y1a72n,https://i1.hdslb.com/bfs/archive/7a4011401db5d98b66acf49ad3f6e0fef5bc067a.jpg,ventusism,631023950
BV1DWd7Y1EM9,https://i1.hdslb.com/bfs/archive/fa49703b7e73a83d932088a40c615037ea302a7e.jpg,califair,111583553
BV1DWdQYCEM9,https://i1.hdslb.com/bfs/archive/21f57a8bbe4cc4c568add8fa03d2e9fba069d2dc.jpg,鱼鱼酋长,399950312
BV1DXuKzCEtn,https://i1.hdslb.com/bfs/archive/42dcf1f3a4bf8e9960531d03083dd1205ca9881b.jpg,星尘Official,15817819
BV1DYZGBhE9g,https://i0.hdslb.com/bfs/archive/325fc846386ba239654b6f03b6cbd936e8c2a1fa.jpg,等赤羽ai,95977284
BV1DZHnzSEe2,https://i0.hdslb.com/bfs/archive/f3cfcc1e8bd8694289958f0fe9574cf41bdfdf1a.jpg,旧制度与三色旗,3546778286689116
BV1DaHDezEP7,https://i2.hdslb.com/bfs/archive/7268d1d7f03c4c9d7f1facc0ce245cc6904da93c.jpg,零天羽,36395571
BV1Db411u77w,https://i0.hdslb.com/bfs/archive/45b55ad3302a2f8637078c93395374c9c4a7e113.jpg,JazMaybe,3025110
BV1DbBRBvE46,https://i1.hdslb.com/bfs/archive/72253f9ebce1e8afa98577141e3230932e078887.jpg,RS型某鱼,19927114
BV1DbqLYfENW,https://i0.hdslb.com/bfs/archive/34d4d657f060e41425cc0a4e46dd5cc1eeae3b54.jpg,辰楹--漂泊终点版,281109345
BV1DdnoeWEPw,https://i1.hdslb.com/bfs/archive/b248f268e0b08d3a7ef8424317bd016eedadcb04.jpg,栖语星,2069111127
BV1De411c7jJ,https://i1.hdslb.com/bfs/archive/cef41742c1c44096ff38ad9f6d6122e6cd5ff389.jpg,Ark不是P,390183124
BV1DeCpYcEQj,https://i2.hdslb.com/bfs/archive/efd2199cb83da77286d158d38ae45f7e96d98668.jpg,天音浮梦_Official,3546566780521374
BV1DeGNzmEgL,https://i2.hdslb.com/bfs/archive/f178efd6635774809a2822203a571c81a3c1883d.jpg,澈零喵,252680534
BV1DeUnB8ErT,https://i0.hdslb.com/bfs/archive/f51334f90e24bae0f7f120fa18256fbfb0b5f9a9.jpg,落桜飘雪,151165899
BV1Dg4y1r77q,https://i1.hdslb.com/bfs/archive/0c19130dc3a54756d947af925fc19465d5f49470.jpg,星海化相思,548530704
BV1DhtyeBEBa,https://i0.hdslb.com/bfs/archive/6481af54b62ec806feb30e9f833d18ebf5a8f120.jpg,risure,3493265716284183
BV1DiYyzGEd8,https://i0.hdslb.com/bfs/archive/b2607196abd1a14748e63a0f62fcb457d5e0f787.jpg,星莳star,142379467
BV1DjnfefEdU,https://i0.hdslb.com/bfs/archive/0fed6f3508cbac648201b7f3142c69724c28fe0e.jpg,雪人Snowman_,15607580
BV1DkZ6YUEs5,https://i2.hdslb.com/bfs/archive/174c097bfc3d0347fe5f27136fa22e1042e588ac.jpg,以太之海的航行者,512294267
BV1Dm411D7kv,https://i2.hdslb.com/bfs/archive/0eba8a2217460ed621cd71fbd03bbe5bd3fb7f88.jpg,度娘你要闹哪样,15665591
BV1Dm411Z7TG,https://i2.hdslb.com/bfs/archive/67d333c1710a1e53ad374cd9168e039b96b9d69f.jpg,顾夷舟,8053974
BV1Dm4y127E8,https://i2.hdslb.com/bfs/archive/3370626607ea079a9fdf2c0f3492dbc8e04b615e.jpg,Osakihan_JPN,1142898222
BV1Dn6EYkEm3,https://i1.hdslb.com/bfs/archive/bc2ea0676de6c98c26044cc7ed7d442c006ba494.jpg,Lagrange_P,314077076
BV1DouMzUEd5,https://i0.hdslb.com/bfs/archive/46878b0c9718557466e26c05580cc8a402e738a3.jpg,幻灯花_AuroraCries,3493259101866355
BV1Dp4y1u7Ea,https://i2.hdslb.com/bfs/archive/b626093b4691a4d0bd8a3e71bf050f8c57a0d133.jpg,烟鲤_,13307408
BV1DpdSYiEEU,https://i0.hdslb.com/bfs/archive/246094bdff06ae7d48f5bd005cc28ab07d9d9ec6.jpg,枫绘p,195113361
BV1DpvaB8Ehf,https://i0.hdslb.com/bfs/archive/c0da77c02c9922696425d3689ca0aa519b177df1.jpg,绯雾Fitwar,2021631527
BV1Dr421K7s4,https://i1.hdslb.com/bfs/archive/731cf045aa37ff73f2f8150703109366025e6c58.jpg,い爱花丶,26069934
BV1Dr4y157uC,https://i0.hdslb.com/bfs/archive/49ae296b1bdfe8da0f421e6ac8252aa68c7afa9d.jpg,板烧鹅尼子,676462
BV1DrZDBzEW3,https://i2.hdslb.com/bfs/archive/329d401b2770d6a5153e297647d0e522cff082f0.jpg,白施不是白痴,435458326
BV1DrnBzhEqf,https://i1.hdslb.com/bfs/archive/7c838cad9c6d100801082c3adc3ca705b35c1a52.jpg,是白菜君呢,524148806
BV1Ds411w7vo,https://i0.hdslb.com/bfs/archive/966e0b8091148a9b6c5496d593404ccad6b2e44b.png,坐标P,9416977
BV1Dt411z7pL,https://i0.hdslb.com/bfs/archive/28a23e26f3d4a1e700a7a41ee1a18bef46a51f0b.jpg,北云-BeYonme,14726588
BV1Du411z7gk,https://i0.hdslb.com/bfs/archive/4e2cb4a09e55c3b5c5bcb4685196e8eaacbe7370.jpg,苏打是药,15357612
BV1Du4y1i7eB,https://i2.hdslb.com/bfs/archive/fae64044301f4e04a4f759bdde13046f4ed8c62e.jpg,莫米兔,8047166
BV1DupFzdE9b,https://i1.hdslb.com/bfs/archive/4defb2472819e1d8d6adad12401cb78b56382237.jpg,衣物鱼Yiuv,697934264
BV1Dv4tzjE6R,https://i2.hdslb.com/bfs/archive/384fe9dd3fec7ccdd510350d1e48d287cf2bdcac.jpg,_Hikaru_,8050657
BV1DvbMzaESm,https://i0.hdslb.com/bfs/archive/e163074f8cbf67b6fe9f7120254da9e1dc7d9e81.jpg,瑞安Ryan不跑调,108845996
BV1Dw411Q7Dp,https://i2.hdslb.com/bfs/archive/61585e873d97fd9863132c4e028395986b04f7d9.jpg,Naomi-P,3546376552057488
BV1Dx42127Xc,https://i2.hdslb.com/bfs/archive/0c7288f32fb232deeeb07a3b04fefa078e34eee7.jpg,花绮凛奈Rinna,482592218
BV1DxoZY8Ek6,https://i1.hdslb.com/bfs/archive/23e154fd59ef0de8351222dcf6719f460ecc6ff0.jpg,温芙家的创造者更新,494413490
BV1DxvTz3EPY,https://i1.hdslb.com/bfs/archive/0225c3f3fbd6a7b0a9eae301540b36b6d0c8e50a.jpg,月升er,293959666
BV1E122YQEaq,https://i0.hdslb.com/bfs/archive/8321d9e61be1e027bf62aaa3924ecbead74baa4d.jpg,克劳德Channel,593843788
BV1E1iqYeEJL,https://i2.hdslb.com/bfs/archive/c002513da2913c2287a92ce121dc2f9d69d2c737.jpg,夜炎沧烁_,649041685
BV1E2rvBPEGV,https://i1.hdslb.com/bfs/archive/59d9ace394381f55a1eddb20d50b6d1cedb3d177.jpg,鈴木へて,2131408051
BV1E3411M7Jb,https://i1.hdslb.com/bfs/archive/e81a21af5638dd4383f62a7bab786017e5109117.jpg,肺肺每天都很困,12181417
BV1E5cHzjEfW,https://i1.hdslb.com/bfs/archive/8599e89ba17fcaf5ff62cd95963ba674317e1fa8.jpg,望月正心Bhx,524459213
BV1E6F7ezEvL,https://i2.hdslb.com/bfs/archive/601623930f7f7b7751ff8cb92f7747085b446e4f.jpg,泠云P,527514927
BV1E7pWzBEQS,https://i0.hdslb.com/bfs/archive/4ae3929474ba44a17a444b452f1878793ef53d0c.jpg,莉莉恩MM,131402988
BV1E84y1i7Z2,https://i2.hdslb.com/bfs/archive/15da77ac4df2008a64709ec3738a3361cecd24e7.jpg,上古复读机,350978889
BV1EAYLzGE4f,https://i2.hdslb.com/bfs/archive/b46015e6d9b95a100bd32ad07acbf7e8315a0654.jpg,無理_MuRi,44573011
BV1EAedztEXS,https://i0.hdslb.com/bfs/archive/6423f886965fe86d2b2f26fffe34c4a813d0b8e5.jpg,L则鸣,442791639
BV1EAk9YfEw1,https://i2.hdslb.com/bfs/archive/72c930f488ec475d2c498fa0ac1b98f92ab75d1f.jpg,墨素Mohius,36112611
BV1EAnqzBEAH,https://i0.hdslb.com/bfs/archive/9a0de16b788056b35ecf038c99d9df303395d46f.jpg,kurumi94,272438
BV1EBkKY8E54,https://i1.hdslb.com/bfs/archive/16b5aa3fa9e36f8628a714c6233a47ea4db32e66.jpg,风湮Official,8151904
BV1ECZzYFEBp,https://i1.hdslb.com/bfs/archive/6060a2dc9f891ab0b0234b9b27d69fedc33caedc.jpg,萤与花_hth,355904832
BV1EF41157mW,https://i2.hdslb.com/bfs/archive/0f11b6b5557fc3e041d78c68757bf357f29a9195.jpg,Dou鸽_Pigeon,394695868
BV1EFpmzMECk,https://i0.hdslb.com/bfs/archive/445b7c1d12e849c5e2ad9402ca7bd08cdc0cbb31.jpg,Haru.jpg,181085
BV1EGZkBtE3m,https://i2.hdslb.com/bfs/archive/7f75463614673d2336c5725bdca082f4b55f8c9a.jpg,Leafred_,1993463283
BV1EGkZYuEi3,https://i2.hdslb.com/bfs/archive/38f4d591fa94d216a9a3764e8c9668a2e0dcd53f.jpg,灭了那个神话,3461562694110068
BV1EGpHzPEyo,https://i2.hdslb.com/bfs/archive/e8df3ad72e410da800b7eb253008a6463bdf6818.jpg,双辞冫,423886341
BV1EH4y1a7CM,https://i2.hdslb.com/bfs/archive/18f44eb3cf1b26b5961d87f7ff83fcbd62ab7bdc.jpg,伊恩一,3546623177132121
BV1EHjRzyEPn,https://i0.hdslb.com/bfs/archive/d4272f7cc2d47ee838fe338ad1d9e4fc209b1346.jpg,影歌P_Kageuta,356160341
BV1EHtUecEZC,https://i2.hdslb.com/bfs/archive/353be21bf90fe0de772091b7b934ad49c3ec808f.jpg,阮阮阮阮阮隋珠,1836444878
BV1EJ4m1t7wJ,https://i1.hdslb.com/bfs/archive/d4e19cffb36b71de572c467fed7334579e2810b6.jpg,不好吃的SrDt,391558321
BV1EJEkzLEpi,https://i0.hdslb.com/bfs/archive/95c4d435cc241d4eb635c62d6d4a8b38ef86ffd3.jpg,直到凌晨也无法安眠o,631536855
BV1EJFTeVEUj,https://i1.hdslb.com/bfs/archive/15e7046359ac4c31b8a756f716617d16dd273835.jpg,独望青山忆华年,67983813
BV1EK4y1r7Sz,https://i0.hdslb.com/bfs/archive/db7290d6c35370646abb36fdb06b5393a474ed94.jpg,zhao55052,9148369
BV1EKbsz4Etq,https://i1.hdslb.com/bfs/archive/974d4e81b0ec77070b7c148119e5e9b47c478831.jpg,ALTAR及帝,1396301644
BV1EKqcBZEUQ,https://i0.hdslb.com/bfs/archive/0a22ba5df5999636168f79a1b7f8f355e9a1e8f4.jpg,归尘回梦,671367010
BV1EL6mYzEco,https://i0.hdslb.com/bfs/archive/850f7563a927a83b2588f2875d78f0f75d5c2506.jpg,雨天rainywhale,86661122
BV1EM411R7t6,https://i0.hdslb.com/bfs/archive/d14357ae7318245aa50faa2ed4ca8240bf2462ab.jpg,爱喝啤酒的烧烤P,327601393
BV1EM411x7h3,https://i0.hdslb.com/bfs/archive/e756f05f45a3b9116514b25b2075bd3b3b53b8ee.jpg,海蓝色SapphireSea,3493084138572675
BV1EN411Y7Wr,https://i1.hdslb.com/bfs/archive/5ff515f2f5e8615185840ffd22ed0b3ec5e61d7b.jpg,谢梓华鞋子滑,21505150
BV1EN4y147Ds,https://i2.hdslb.com/bfs/archive/4a87a43eb595c7dea081693f8123738106b03ddd.jpg,Seasonの虹-退,289867235
BV1EN6QBGEXC,https://i1.hdslb.com/bfs/archive/ff937ba1b169f68f819e0c34c529af2a9b782b58.jpg,HawhaIe,1820599050
BV1ENmpYREoN,https://i0.hdslb.com/bfs/archive/ca06b427a1dabaf1537b75f3614f3d651584ca26.jpg,璘月亚灺Xie,412412152
BV1EP411x7cA,https://i0.hdslb.com/bfs/archive/7f557d8608cd7913bb663bf7052d95834da8d6ed.jpg,碳酸钠Carbonate,3493084019035098
BV1EPXJY4ENE,https://i2.hdslb.com/bfs/archive/410fe69b085af06b9dbe9b5b29d9307dc3501f8f.jpg,Astralfuchs_M5,1744488910
BV1EQ4y1n7XB,https://i1.hdslb.com/bfs/archive/caafc783b58aa725b561b3102eb9168edd8c05cf.jpg,锦衣小盆友,2444942
BV1ERmLYMECV,https://i1.hdslb.com/bfs/archive/403d065de1d5c10bc7e3b09d493aa61097ec38d5.jpg,不好吃的SrDt,391558321
BV1ES4y1v7AB,https://i0.hdslb.com/bfs/archive/a1cfd57def2c1025a8d5bca4ebad5929f9355299.jpg,Arcadiac,5774684
BV1EWNSeuENJ,https://i0.hdslb.com/bfs/archive/7c325785dbc59023e97cd82ef75df992fd86f081.jpg,肥宅夏也想做音乐,94602498
BV1EYSqBFE1T,https://i0.hdslb.com/bfs/archive/73c98cd49be799a6f98a65261fe143560a9fb6ff.jpg,北境秋风,483626433
BV1EZ421b73V,https://i2.hdslb.com/bfs/archive/2d3d134681dc22e5c70dd8164cb937ca5aba178c.jpg,橙味比巴卜,11116918
BV1EZ4y1k7FA,https://i2.hdslb.com/bfs/archive/b9add6d8f5a1b564d6a46240b09c0838560a23f4.jpg,流绪绪绪,8226658
BV1Ea411a7rp,https://i2.hdslb.com/bfs/archive/b833a6b05c3a1b410267489ef54f8fc8008adecb.jpg,某三省,4772751
BV1Ea4y1z72c,https://i0.hdslb.com/bfs/archive/edf3aab9fc7282e82f0a75266e1e77ffbac29db8.jpg,Dagazs,88726438
BV1EaFWzUEg9,https://i2.hdslb.com/bfs/archive/4b9ba9a730f83c3b8a7878936dee04529365e2d2.jpg,Ryammmer,474687634
BV1EaePz2EbL,https://i0.hdslb.com/bfs/archive/1ff22d2ca575e3a872430b3f0511867b79506db6.jpg,疯串莫提斯,108141544
BV1EanhzsE1c,https://i1.hdslb.com/bfs/archive/24a25acffa00b5cdcdc55f1d02b3a36a70643d69.jpg,锌轲,481226116
BV1Ed3MzTE6B,https://i0.hdslb.com/bfs/archive/09903ed3952a1163dc8d91c46b0fc380f8d320ec.jpg,Dagazs,88726438
BV1Ed4y1m7s9,https://i2.hdslb.com/bfs/archive/f4e745fb9182526960923b31c2d8302915720de8.jpg,予禾Yriv,35000888
BV1Ed4y1w7eN,https://i0.hdslb.com/bfs/archive/ad65c59f5639f82cbfa0dd6054a4114044ec3e9b.jpg,兮儿-WOWO,355612934
BV1Ed71zWEiR,https://i0.hdslb.com/bfs/archive/3429b2b68113243f6548db57d4f531c51ad3132c.jpg,句点P,2115614168
BV1EdmLYqEYL,https://i2.hdslb.com/bfs/archive/fbdec3bd86f6ce55d76760d44981c5844c026e2f.jpg,不會做音樂的狼夏karami,613784642
BV1EdqSYuEnn,https://i2.hdslb.com/bfs/archive/de73ddf96ac52a265e61fd2fdb66fa08add1dad2.jpg,黑石礁的一块礁石,647679203
BV1Edz8YsErv,https://i0.hdslb.com/bfs/archive/2c389a84d04ad025862988c34e58aaeed448db05.jpg,ko-轻辞,431296269
BV1EgtXzeE4k,https://i1.hdslb.com/bfs/archive/ce5b50744a4e8dd7071b49d7be20504b98c51aa4.jpg,北山Pesaka,19500824
BV1Eh4y1B7Lu,https://i0.hdslb.com/bfs/archive/df0d914c750ca6f8237d589685c5a9748a0a5b91.jpg,风湮Official,8151904
BV1EhhSzPEVy,https://i0.hdslb.com/bfs/archive/91474c702fb02d5cbba0aec2368d9a0df76639cf.jpg,戬希Haleksius,1806620142
BV1Ei421k7XD,https://i2.hdslb.com/bfs/archive/3be12709019e95961817b570c8ac73e40dd52fcb.jpg,心魔才不是女孩子呢,359100532
BV1EiGizmEt2,https://i0.hdslb.com/bfs/archive/c3886986f9fd1df78a099ecffa1793ee151dafb0.jpg,直到凌晨也无法安眠o,631536855
BV1Ej41197EG,https://i0.hdslb.com/bfs/archive/10b23161983c77faa5f01c8984493f43b96078a6.jpg,谙哥有力气,277434169
BV1Ej421X7cw,https://i1.hdslb.com/bfs/archive/f61dedcc5ac65c520d9f18e73dffe039e893c1b7.jpg,风物幺,539959067
BV1Ej7fztEvc,https://i1.hdslb.com/bfs/archive/cf2e1e7013f991e1278aa090d42cecce17b3db17.jpg,燁殇芜Riya,398246201
BV1EjvfBJEN9,https://i0.hdslb.com/bfs/archive/4f1b2dd21e9c3deb8f29c7e9c82bf6f17bce555d.jpg,尘萤宇P,382492832
BV1Ekt4eTEqD,https://i2.hdslb.com/bfs/archive/136f4d87fd47ebd87eac00841fcf733de9255677.jpg,Wavesparody,454198225
BV1EmK2zbEF9,https://i0.hdslb.com/bfs/archive/efba7625cbc7e8d1c2e6623f1a3581e2f2ece1c1.jpg,不觉醒的双簧管,66768894
BV1EoF5ewEGi,https://i2.hdslb.com/bfs/archive/8c38a84045f043b3b27216340b353332ee703814.jpg,eRii39と白鴉,23451009
BV1Ep421y7sK,https://i1.hdslb.com/bfs/archive/58c3a093ef161c105e53544ee0e0958c254ebe79.jpg,六等星の距离,6355527
BV1EpH3eVE1r,https://i1.hdslb.com/bfs/archive/9634b249d7e5457b08d565d3d581568c41f5ed7c.jpg,VC绫绫乐,355156672
BV1EqgWzrECV,https://i0.hdslb.com/bfs/archive/98a0458b44b47445024bd823af2fa0176e54c0f8.jpg,术力口之淦,37998073
BV1ErMwzkEpq,https://i0.hdslb.com/bfs/archive/99484527ec5e5379c5b6c577523159ad66c47f98.jpg,劳尔Blawn,432148245
BV1ErXKY9EmK,https://i2.hdslb.com/bfs/archive/040752d382234d6bc0d13abc0945b7ee4542a5e5.jpg,林小四4040,13367155
BV1Es4y1W7hr,https://i1.hdslb.com/bfs/archive/7329985936333cff71e1c3ab4c9395a40c7a9268.jpg,墨梓_Mozes,239794323
BV1Es4y1q7Nw,https://i0.hdslb.com/bfs/archive/053a7ca004c82ed337ab521d948ccce61acd7b0b.jpg,陈年咸菜Jun,281048001
BV1EsbYzjEb2,https://i1.hdslb.com/bfs/archive/88168e2cb11abfb2209e3358b3e5cdd3b2b7d372.jpg,铁氰化钾p,504551651
BV1EskaYNEFQ,https://i1.hdslb.com/bfs/archive/c037056dc52dcdc5c9add0281efe1298bb976ff8.jpg,宅小晨,1893410
BV1EsxxzpEe4,https://i2.hdslb.com/bfs/archive/57077809800f120f6d9ca3387b8830abce4c2070.jpg,永远的上海节拍,1872680122
BV1Et411r7uF,https://i1.hdslb.com/bfs/archive/47b89341426499f37c7ea0296a271b1a51048b55.jpg,CUBE_3,3624871
BV1Eu4y1377t,https://i0.hdslb.com/bfs/archive/d3dd9c6160942ab0e668d19130044671a54591a1.jpg,蔚蓝彼方_P,16546166
BV1Eu4y197zk,https://i2.hdslb.com/bfs/archive/8721950825a495e9494d040557ced16358ac8756.jpg,燈侑Yuu,43977445
BV1Ev4y1c7jg,https://i0.hdslb.com/bfs/archive/602e702e0037a0af232767346bfc216e6e22a86b.jpg,血焰玖蝶,1751300
BV1EvJVzvEDd,https://i0.hdslb.com/bfs/archive/74953eb73b320ae5aacee894ae495d8a5c09b4df.jpg,idealclover,5044093
BV1EwfeY2EEP,https://i0.hdslb.com/bfs/archive/b4633fcfd3c87c684ed3e44873913e35f17f237c.jpg,Sirius天狼c,157428556
BV1F1mRYmESu,https://i2.hdslb.com/bfs/archive/c0dd29f53ea4415cf5e24a57408463eca6bbd131.jpg,遠野志貴_Official,440867090
BV1F2421A7Hv,https://i1.hdslb.com/bfs/archive/c84e473a5e27aaf53ea5fafcf8da02dd71eae91e.jpg,无烬星-P,456063175
BV1F2421A7se,https://i1.hdslb.com/bfs/archive/77f18544858f7e541c2fc6c6238ca4b21bf5eced.jpg,熊青嵐,31159764
BV1F2E4zrEHn,https://i2.hdslb.com/bfs/archive/e4c3fe6cfae586f46982fdcb7b4c0b6391ecaeac.jpg,陌繁funny,1659918942
BV1F2a3zYECH,https://i1.hdslb.com/bfs/archive/264a9503ee27b36ee005a2a760f6df5e929b5b59.jpg,蛞蝓猫_藤沼sama,3546588066614244
BV1F2yiYWEhG,https://i1.hdslb.com/bfs/archive/ddcc73924b742791b3e16a316b47c4e3d8b1764b.jpg,AuCl_氯化亚金,3493081974311347
BV1F34y1t7Jz,https://i1.hdslb.com/bfs/archive/2a1b99f3c52058245d6d93a4f1946225e7c4a6c1.jpg,鬼面P,12355462
BV1F4HvzMEqR,https://i2.hdslb.com/bfs/archive/ca60d3453e2a5e50df7feeb29018a441173a12ec.jpg,岚峦,610147352
BV1F6LPziEg9,https://i2.hdslb.com/bfs/archive/880be3113a4afbfb70e7ab6bd0de41ad23ff6143.jpg,七韵_Convallaria,180490131
BV1F6NTetEpq,https://i1.hdslb.com/bfs/archive/3278980a6b84da98c944ab24c0910a21f9fa88f8.jpg,晴海再不画画就剁手,3092339
BV1F72yBkEar,https://i0.hdslb.com/bfs/archive/b55df3ad8511a35e98cf0f479c97b97995bd2838.jpg,风湮Official,8151904
BV1F8411R7j4,https://i0.hdslb.com/bfs/archive/479ee50cfe1e60dcb97277b51174bafc516f13ff.jpg,爱喝啤酒的烧烤P,327601393
BV1F94y1w73G,https://i1.hdslb.com/bfs/archive/baf50f16c5f751445d7d37afe89faee6ca587a73.jpg,风杯_,437167862
BV1FA411H7a8,https://i1.hdslb.com/bfs/archive/a590061f50d39a590f9f66848ea94cf2eac647ba.jpg,瑞安Ryan不跑调,108845996
BV1FAZKBZEtk,https://i1.hdslb.com/bfs/archive/dfa4e6bb13e2dfebb7fe5df3b26a62896c8b043c.jpg,渺日,661304956
BV1FBxZeWEE2,https://i1.hdslb.com/bfs/archive/3b99f44fa591605220d17a34141a7035a5e571d7.jpg,Tremely,13431502
BV1FC411s7s4,https://i1.hdslb.com/bfs/archive/f42788420e53489e6e2481b86b8c013cc237eaa4.jpg,昨夜的尘,1346679891
BV1FC4y1T7Fh,https://i1.hdslb.com/bfs/archive/ba733004578b588388916708dc7e4337912ee6ef.jpg,Sucial丶,445022409
BV1FCgzzXEaQ,https://i2.hdslb.com/bfs/archive/e14761b50260972cc33f120b54c34e304cc443ee.jpg,电浆水星,434276864
BV1FCyeYmE38,https://i1.hdslb.com/bfs/archive/19f58c4dbcea1f9127c0675796e360cc87951323.jpg,卍风儿,273078984
BV1FDbKzyE96,https://i0.hdslb.com/bfs/archive/73415675fdce98ecaba2c0d8882d7e2a85176f68.jpg,遙枝harue,295514534
BV1FDnnzaEod,https://i2.hdslb.com/bfs/archive/29ab2b3d06f421c4aa745b0ed038dfb74ed5f22f.jpg,泽萤现在没事做,3493116659108714
BV1FEtmz9Ek5,https://i0.hdslb.com/bfs/archive/589eaa2c832ab600939562b505cf5a20bf927f37.jpg,只想划水摸鱼的调调,73650751
BV1FFUiY8EbS,https://i2.hdslb.com/bfs/archive/3ddf5e72cc9cd955dc616dc6bd50a05516e09904.jpg,茉茶P,400188894
BV1FG26B8EC7,https://i0.hdslb.com/bfs/archive/2de6a067a34e7bcc26719c1420d16490abb1ac1b.jpg,月熠日炘,505183434
BV1FG4y1e7xi,https://i2.hdslb.com/bfs/archive/9085acb6725f5e3e54a8d135d95bc4b884e1fbcc.jpg,-Kevinz-,3334365
BV1FG8WztELD,https://i0.hdslb.com/bfs/archive/6fc578d3f96f557d5d2797cfe7553e18cbfb473e.jpg,O_Oyster,18911238
BV1FGCnYBEKm,https://i2.hdslb.com/bfs/archive/4f5a5a8a92bc516f884aa3437ae7f467a186c788.jpg,xy寻找存在意义ing,93639091
BV1FGHDeWEjC,https://i1.hdslb.com/bfs/archive/1e62f08467f7867d0ad69c06e061677d441e25c8.jpg,天音浮梦_Official,3546566780521374
BV1FGi9BrE3P,https://i2.hdslb.com/bfs/archive/5fa288b64d7d01fb6c4452054c98fead7e5c0b3f.jpg,MaxXSoft,295902
BV1FGpczCEGB,https://i2.hdslb.com/bfs/archive/0375597ebd1c703a1d411597f084d84b053b1b2b.jpg,星尘OfflciaI,3546968420780211
BV1FGxJzTEBr,https://i0.hdslb.com/bfs/archive/18a005d05e1dcfc776d5d5b0d6f17805bda67352.jpg,SiYeCa0_,263213056
BV1FGxaejEGo,https://i2.hdslb.com/bfs/archive/f06d3c97212fe3d2f0823944a0842c6d4fa477c6.jpg,Helius-p,261681328
BV1FJCSYxE2K,https://i2.hdslb.com/bfs/archive/c654c2a7d4d00d69fc06770921764a039a74222f.jpg,浅缥,13708534
BV1FJoFYJEM4,https://i2.hdslb.com/bfs/archive/5ba305317a3f0d989481968c56fe001cc19c7b57.jpg,Chaos清流,7226948
BV1FJqkYDEDZ,https://i2.hdslb.com/bfs/archive/e1a40dc6304beba166d03a8fadcc0f17070b48b5.jpg,NeoAsp,6476892
BV1FM411M7GJ,https://i1.hdslb.com/bfs/archive/e08ecda6efca5feb71add613a654338ec300a04c.jpg,安逸笙笙,392005624
BV1FN4y187N6,https://i2.hdslb.com/bfs/archive/56a9bf8c582a42e279bfa398fdd64a72b8a39b38.jpg,沫雪明月,27081552
BV1FPqGBfEE6,https://i0.hdslb.com/bfs/archive/9f4e6218279df335cae2fcf44e4bf5bbb81cbab4.jpg,不會做音樂的狼夏karami,613784642
BV1FPskeBEev,https://i0.hdslb.com/bfs/archive/a6602c3d17a2270bc50ca8cc8aebd01d794570c5.jpg,Mi-u_,398660064
BV1FRZvB1EtR,https://i1.hdslb.com/bfs/archive/08c4706603bd6df6f124be51b22b7ff9a8334156.jpg,派派鵝,84259009
BV1FRwSeTENZ,https://i0.hdslb.com/bfs/archive/13aa1af183e7cb6805f1a4447c8b0075ab2feaaf.jpg,不觉醒的双簧管,66768894
BV1FSNFeMERU,https://i0.hdslb.com/bfs/archive/11dd2d0e8dcf009730f3cdf99d600ce3c5b22616.jpg,一只路过的史莱姆z,474601742
BV1FScEejEsV,https://i0.hdslb.com/bfs/archive/163a1d811f0e53ba27d651d9a0450e02aa865918.jpg,ko-轻辞,431296269
BV1FSmcBRE6d,https://i1.hdslb.com/bfs/archive/61f75aba5e1f24a237fb5fd8d6918971403296fd.jpg,洛小mua,3537125622417583
BV1FT4y1H752,https://i0.hdslb.com/bfs/archive/f304d78097d285f095ecc557411ae1df4df55497.jpg,AsterZC19,11332568
BV1FT9rYZE84,https://i1.hdslb.com/bfs/archive/9950a880a33ab8d3bfe2a03a82613b356be38436.jpg,不善言辞的磷,187408618
BV1FTuUzLED8,https://i2.hdslb.com/bfs/archive/ba1d134651babf81d54e4b4976faa375ca6a80d5.jpg,阿特Mosphere,280116203
BV1FUfqBHEd8,https://i1.hdslb.com/bfs/archive/16fa4b7bc4601d033e144e9c5e2d060a1f381fdf.jpg,岭天,693950124
BV1FUyxBQEXU,https://i0.hdslb.com/bfs/archive/a3a1fffcc9ccca6b480772cd3a551efa42b5ca49.jpg,Ark不是P,390183124
BV1FW4y1F7qS,https://i2.hdslb.com/bfs/archive/8a85c3156d4886ddfbbf8e9d5783a3208e951c70.jpg,另一只大水母p,110926375
BV1FW4y1f7u1,https://i0.hdslb.com/bfs/archive/8862707664ea805cf97df717cad7714f92f5bcd8.jpg,雪人Snowman_,15607580
BV1FX4y1U7zA,https://i1.hdslb.com/bfs/archive/c27b77215ddf5bbf18989af482f64bc69aaa60b8.jpg,心脏扭蛋_rabbitrite,28536033
BV1FY4y1i7JF,https://i2.hdslb.com/bfs/archive/159251962099d027fe639ab78d3f3ce11e2324bd.jpg,冰山_hyozan,367321
BV1FZ421x79c,https://i2.hdslb.com/bfs/archive/fa1a2f511b653fd47c8db07d77e5e02217741bd8.jpg,风湮Official,8151904
BV1FZiYBJEGK,https://i0.hdslb.com/bfs/archive/f20c5de67a4146a24412b9be5382c96ebd2615d1.jpg,ddrddt,1823421074
BV1FbYTzpEGq,https://i2.hdslb.com/bfs/archive/dff5105e6f231082e19fcc79f70dc26e9c9ab30c.jpg,人偶江散羽,398628895
BV1FcRuYiEMf,https://i2.hdslb.com/bfs/archive/61826e447e32b3eea013c15e1fea5305ce24183b.jpg,一只路过的史莱姆z,474601742
BV1FcRuYiEzo,https://i1.hdslb.com/bfs/archive/6a2a506fe24ec90fc76c6c2aec410ef82f022a0d.jpg,califair,111583553
BV1FccizpEDp,https://i2.hdslb.com/bfs/archive/671a349954ba37b6c1bfaad6d5f2594f1823b2a7.jpg,ATReve,504345393
BV1FcdSYQETU,https://i0.hdslb.com/bfs/archive/2dbe40a8e48f09e52b1de3a03e93cf9e52c2be55.jpg,帳户己注销,1272409308
BV1Fdn3zTEpu,https://i2.hdslb.com/bfs/archive/270af8f6ce7f6968e2413fce42687f5d0778b369.jpg,序M幕_,259462809
BV1FdqDBBEpA,https://i0.hdslb.com/bfs/archive/e25d335e50595a1741197146bfdcd66961a7c09c.jpg,蔗蓝,473780327
BV1FdwQe5Efn,https://i0.hdslb.com/bfs/archive/6e99a1ce565b3e658b9608541ffa04803e7da135.jpg,Frosty虚霜,517737512
BV1Fe411C7T9,https://i0.hdslb.com/bfs/archive/65cfe2cd69ad19d8c24b0c5d4e8b1c93cbac9a3d.jpg,橙味比巴卜,11116918
BV1Fe411i7g2,https://i0.hdslb.com/bfs/archive/db04050445cd32ca61f161a2062e513129304056.jpg,Danny随便发点啥,477226354
BV1Fh4y1d7Ge,https://i1.hdslb.com/bfs/archive/1690e082b676c93c570980ad4c26732c229cfc40.jpg,R小绵羊233,102544559
BV1FhA1ecEYB,https://i0.hdslb.com/bfs/archive/7787062ef407952221fd03aad9e64defd73bfbbd.jpg,披萨很好,497435007
BV1FhGmzDESi,https://i2.hdslb.com/bfs/archive/2f74d2ee339bb26213365d12bf18bf3f16941d79.jpg,帳户己注销,1272409308
BV1Fi421d7j9,https://i2.hdslb.com/bfs/archive/2cd10e68d7ea3ef26959ef342f7673485409964f.jpg,账号已注销,1455339950
BV1Fj411a7WZ,https://i0.hdslb.com/bfs/archive/97e0c7b2d8bb9c128eb8448b4d980bc4c4b5f571.jpg,四季_ナツメ_,35554162
BV1Fj411h7Ub,https://i2.hdslb.com/bfs/archive/6162b7e58514f9d085634bc7bb4dab7154bb3853.jpg,墨素Mohius,36112611
BV1FkHGeJER6,https://i2.hdslb.com/bfs/archive/7109453a26c22547ce298e3ade9638528ebdf45a.jpg,快乐派对火车,138057
BV1FkvDB8EN5,https://i1.hdslb.com/bfs/archive/72d92b9f6f1201f441808103d7d8feee0556edbe.jpg,MixNight慕奈,3493078383986861
BV1Fm421W7La,https://i1.hdslb.com/bfs/archive/e180154605554fbf6f786e9b2f2c1f95ec032b5a.jpg,琲鸢Sayaka,58534834
BV1Fm421W7vG,https://i0.hdslb.com/bfs/archive/6f84f09d0ba54288fe3a982a20a1f469bd76f012.jpg,零宇Lyu,277347455
BV1Fm4y1A77h,https://i0.hdslb.com/bfs/archive/f859bbdf45b118b0a67fcb4cda084b6621a8f005.jpg,一个myU,49742502
BV1Fnb9z6EyM,https://i2.hdslb.com/bfs/archive/7e030494d2320623a9cd3c3f4d4d5b029a96bd01.jpg,暮华语春official,1976728897
BV1Fo1vYQENB,https://i1.hdslb.com/bfs/archive/49b4b305f8336e103d296eef6a225bf621ac5213.jpg,追逐黑夜的白貓,1801845862
BV1Fp421S7yr,https://i2.hdslb.com/bfs/archive/475249304a10a579013c06986061c9c3cbd127ad.jpg,不會做音樂的狼夏karami,613784642
BV1Fp4y1g74A,https://i0.hdslb.com/bfs/archive/f9b95753d7dd842e069f0b33e4c28a25adf88377.jpg,布可里昱,32857144
BV1Fp4y1g7HE,https://i0.hdslb.com/bfs/archive/3602fa3dd82414aa6446978e3b6b97db820cf7e2.jpg,未善澪,73391786
BV1FrYmziEKV,https://i0.hdslb.com/bfs/archive/68b78e63976cab8e53add6af2b5b10b40e00014b.jpg,苏婵一yi,1981271144
BV1Fsb5zeEmq,https://i1.hdslb.com/bfs/archive/b4676896c54a404125ad390fc03fe537845e99e7.jpg,钴蓝配黄的吸尘器,322285529
BV1Ft421G7gs,https://i0.hdslb.com/bfs/archive/a58006a1fdb32882d134c05cd27581bfbf7c1797.jpg,昨夜的尘,1346679891
BV1Ft4y1s77z,https://i0.hdslb.com/bfs/archive/a08e888ec51f763a135b106dad3bc32a651dee0b.jpg,FrostOrange_D冰橙汁,353257597
BV1Fu411E7Xt,https://i0.hdslb.com/bfs/archive/9d50452591bbf93d4a67c032c1241c721364343b.jpg,Mikoto铭,1189226417
BV1Fu4m1K7ih,https://i2.hdslb.com/bfs/archive/4e34e75fbd5c57223ad86a01949b4ee5d4fa6150.jpg,KunKi114514,163104011
BV1Fu4y1A7wp,https://i2.hdslb.com/bfs/archive/2caa2160c43c479fadc6c89295b06a5fae7b211d.jpg,吴铭释哦,413198821
BV1FuVrzvEc2,https://i0.hdslb.com/bfs/archive/065658d18139a81ebf078a10910a71fa9b0fee67.jpg,卓盈之,38028309
BV1FvcpzQEWe,https://i2.hdslb.com/bfs/archive/cbb3ede76e59f9ac144ad24d9bc692296ac2dc38.jpg,神经罐头,443969017
BV1FxvkBuEGD,https://i0.hdslb.com/bfs/archive/cab643e12ded1585f3abbd8707c3906a4c670054.jpg,呵呵哒的小米,33301398
BV1Fy2UYcEPc,https://i1.hdslb.com/bfs/archive/c12054f19a64030865f703d7e4417f2bf5694db8.jpg,ATEP_P,280595818
BV1Fy421677R,https://i0.hdslb.com/bfs/archive/55518f868649b84aff136746445ec98167c2be87.jpg,奶阿栗,11038022
BV1Fy421h7j6,https://i1.hdslb.com/bfs/archive/d2888e272b90689725969cb47ce0e10befb1ccbb.jpg,柳九秋,345807248
BV1Fz7jzkEXF,https://i1.hdslb.com/bfs/archive/9c91a13afca259ab60e09589de99407bde4e65ac.jpg,依路向北z,1254460250
BV1FzJ6zmE3A,https://i0.hdslb.com/bfs/archive/a7714465290327598aa6022ccf14ce685913cc1d.jpg,_在原七海,544552229
BV1G14y1n7x8,https://i0.hdslb.com/bfs/archive/eebeda56c28e88c47cffccd7072e2442540d6ba4.jpg,disischai,1970176153
BV1G1FVeSE17,https://i2.hdslb.com/bfs/archive/c0d0bee8f7b36bdecce8776525a8e7ec905150b8.jpg,番番番番番茄鱼,81698687
BV1G24y1k76J,https://i2.hdslb.com/bfs/archive/32f2ffaa5998cf9e0a5710301ff2f866e86d485e.jpg,啾啾FairyEast,1755119343
BV1G2kwYBEPD,https://i0.hdslb.com/bfs/archive/92826df223021001811777278e6f9dc0bdd3a86e.jpg,松原小磊,10876159
BV1G2nReXEmV,https://i0.hdslb.com/bfs/archive/ddd943a2842b0d275a0129a127c5fe5711b0ebf8.jpg,R小绵羊233,102544559
BV1G34y1K7Le,https://i1.hdslb.com/bfs/archive/8c88a97db83c7d2ef41b908ab0809987eaa533b6.jpg,洛泣21,4678668
BV1G44y1A7yz,https://i0.hdslb.com/bfs/archive/20d400c0c687851933035ef32395cef0d1e51f02.jpg,盐咸梅醋,5973026
BV1G4AWeWErY,https://i1.hdslb.com/bfs/archive/689df78bc7ecee8e95f11ab58d60df58da094edf.jpg,Aya-啊呀呀,2577707
BV1G4JAzcEqB,https://i1.hdslb.com/bfs/archive/0bb57ebe4449f1292cf300880df5b2f66c1e33f9.jpg,有谈不吐,1757705220
BV1G6J3zWEky,https://i2.hdslb.com/bfs/archive/17271f0fd151fafc3d9a281d39abb3b8ca2df620.jpg,PLAN_鞍山II,507580240
BV1G7421T7GN,https://i1.hdslb.com/bfs/archive/63447c73ac3015dd267539e829d354bd0a0c7c4d.jpg,群青Music,521623822
BV1G7PdeCETU,https://i0.hdslb.com/bfs/archive/687af6d97d2050797c9e40842182ded03abe3012.jpg,林小四4040,13367155
BV1G841157ZB,https://i0.hdslb.com/bfs/archive/358f805fdba7d3061e9b9c1bf3d7de6a2da205b2.jpg,-络霏-,15331235
BV1G8iRYBEw5,https://i0.hdslb.com/bfs/archive/5df85ec6e0db829df8e0b416333b0de7c1a384e8.jpg,Phoenix绯红,29420967
BV1G94y1Y7hK,https://i1.hdslb.com/bfs/archive/ec03309bc9ae485e6cb99e82de90ea1761ab0082.jpg,锦衣卫-66ccff,1722932622
BV1GAG1zwEqP,https://i0.hdslb.com/bfs/archive/31c1ee84e02acec1b898c4ccf264e00bba71a7f6.jpg,汐悦诚xyc,680578643
BV1GAZuBxEqo,https://i1.hdslb.com/bfs/archive/c60bf25f693023c2909b00c367a37b262fc01e05.jpg,tinkle_铃,3494350298286778
BV1GB4y1B7g2,https://i2.hdslb.com/bfs/archive/eb24b9e9c43624af4d87b652748914ec1254fca8.jpg,瑞安Ryan不跑调,108845996
BV1GBPietEqe,https://i2.hdslb.com/bfs/archive/f3245db0ac34b3f6de17c0276db45d6828c9f442.jpg,账号已注销,35975009
BV1GBUNYAE2v,https://i1.hdslb.com/bfs/archive/19cce0cf694807fcf63b1c7fdc7830ecdeffce5d.jpg,polastation,317854153
BV1GC411J7HC,https://i1.hdslb.com/bfs/archive/985ba93b660dc41d5c67bc08b0c6414b21f44bd7.png,术力口之淦,37998073
BV1GF4m157Gu,https://i2.hdslb.com/bfs/archive/a439bc0fcc09a968663f49baeee6e4a99229b934.jpg,宵夜Mpa,16988069
BV1GG411k7AA,https://i0.hdslb.com/bfs/archive/1c6e97999d06183e032e1261b3f924e75ef89041.jpg,影歌P_Kageuta,356160341
BV1GG4y1t76Y,https://i2.hdslb.com/bfs/archive/7590900d264f6e012dbdfe94d05abff303b3c156.jpg,VC绫绫乐,355156672
BV1GGX4YNEHE,https://i2.hdslb.com/bfs/archive/f9d475004d2a86381478e418489124d9464a5c40.jpg,蓝鹰QAQ,493851957
BV1GH4y1V7b7,https://i1.hdslb.com/bfs/archive/89646409bf4bd4e7fa14627853d7dfc85ea5ff05.png,影歌P_Kageuta,356160341
BV1GH4y1Y7uX,https://i0.hdslb.com/bfs/archive/2e1a2392c4881d721d46b8607dd2e84e1d9d5630.jpg,ZClear_P,448813977
BV1GH4y1z7CZ,https://i1.hdslb.com/bfs/archive/3ad44d4fe48b051820ec80dbd4cafb5e466bf5ff.jpg,雨燕_Apodidiae,383313704
BV1GHjGzyEGc,https://i1.hdslb.com/bfs/archive/3a0cced16d2119dd20997834a7e331cc427fa3c7.jpg,ddrddt,1823421074
BV1GJH3zREmt,https://i2.hdslb.com/bfs/archive/ed8768b4fee011e9d47b74efee525e4861c0904f.jpg,岚峦,610147352
BV1GJqsYoEQS,https://i1.hdslb.com/bfs/archive/8b421383360223d7a399b6c88e7f510042f56cf4.jpg,nagoyarollingCAT,266082101
BV1GKq4B9ELq,https://i0.hdslb.com/bfs/archive/14abc49199810e3b88cbe0902c22ec660831fc24.jpg,琲鸢Sayaka,58534834
BV1GLZEYZEsL,https://i0.hdslb.com/bfs/archive/32ba6a89a8060c55841b948080f9c90a98209f1b.jpg,清澪_7mio,195369600
BV1GM4m1y7Jk,https://i0.hdslb.com/bfs/archive/e6eb2c088a163e2648e97d03b7bb1570fbee5c22.jpg,暮华语春official,1976728897
BV1GMGmziESH,https://i1.hdslb.com/bfs/archive/d16489a33a385613d40216b76bdc57909d4687c8.jpg,Faint曦音,489510667
BV1GMxaztEHn,https://i1.hdslb.com/bfs/archive/7e08a99552aaadec37686cd7156d7572ddec9643.jpg,铁证如山_Offical,3546659560622542
BV1GN4y1m7VG,https://i0.hdslb.com/bfs/archive/55d9753009a682a93f1fd8c03ee20e0efcc0cb55.jpg,伤口SchazkeLF_p,630082679
BV1GP411h7ZS,https://i2.hdslb.com/bfs/archive/fb7b70aad7cf488852af569497524e2098fbb0ca.jpg,月言誩,3493090832681616
BV1GQ4y137dC,https://i0.hdslb.com/bfs/archive/d8f0253843d0fae519410b8edeac7916f2767163.jpg,星海化相思,548530704
BV1GQh9zKEm1,https://i2.hdslb.com/bfs/archive/a5dfa4d49060172df9a7360e12e2153f0f3c6ffe.jpg,蓝鹰QAQ,493851957
BV1GS421w7AU,https://i1.hdslb.com/bfs/archive/ccf3da1c4093931df8ae15806ac034699bc4ded9.jpg,Sucial丶,445022409
BV1GT4y1z76g,https://i1.hdslb.com/bfs/archive/fc089561e957320991b2517d6971a5ae6cbf0fb1.jpg,禾刀不是Sickle,233976755
BV1GTe4zAEut,https://i2.hdslb.com/bfs/archive/740c13dfb84f11e8b62159a8dd2f69921d7bbd20.jpg,明日海リカ,2273102
BV1GU4y1S7YP,https://i0.hdslb.com/bfs/archive/ce1e1df3d89142c5e0ff0f3b76dd11fd6570e294.jpg,_OREOREO_,19483168
BV1GVB4YYEst,https://i1.hdslb.com/bfs/archive/c231291de5bc9874030c31635b34cf32c389358c.jpg,执言c,3493121105070913
BV1GVfYBfEMT,https://i2.hdslb.com/bfs/archive/689edf4314aefee4e71de54f881ef09957d988dc.jpg,栖鸢_d,447409538
BV1GVwnekEdE,https://i1.hdslb.com/bfs/archive/c591249625f9658c875b0351fd3f0ae57dc9463d.jpg,Utopia_乌托邦P,1858510441
BV1GW4y1K7FS,https://i1.hdslb.com/bfs/archive/e211c67ce91b3ae511e21efe3bcf6803ce130296.jpg,Sakumi_P,143677836
BV1GW4y1d7tk,https://i2.hdslb.com/bfs/archive/68e02dd23e186d2ff62719522cb6006c39f6ba46.jpg,陈空楼kkkl,1144263726
BV1GWmcBkE9F,https://i1.hdslb.com/bfs/archive/7d25cacae81e288757203ec2ba585f138900b71a.jpg,JoeBidendoge,433394272
BV1GWzLB8EGn,https://i0.hdslb.com/bfs/archive/caf3d1b7399a4adace372dd0bdd203278797c942.jpg,风暴降生男菩萨,110902829
BV1GXsBeEEMe,https://i0.hdslb.com/bfs/archive/0357825c92a7610f1efc31042111cd78fe7ca21b.jpg,紫荆7x,30976371
BV1GYHueZEJ8,https://i2.hdslb.com/bfs/archive/610865a0c169dd9436efff15f6d535b2c81a4b10.jpg,连殇殇,573429
BV1GYZqBBEb1,https://i2.hdslb.com/bfs/archive/f9efe63c53c2e88e5f5e41ec47fd05a8e8bf34b7.jpg,Astralfuchs_M5,1744488910
BV1GYcczCEUE,https://i1.hdslb.com/bfs/archive/d2be94b45838623160d153b6e8ba9b3e063a06a5.jpg,羊駝奶茶,367395778
BV1Gaxyz8EzZ,https://i1.hdslb.com/bfs/archive/366996a077635c177e453db46a062090b7679f92.jpg,繁尘亦安,1140820296
BV1Gc411v7Bd,https://i0.hdslb.com/bfs/archive/7f45dd98ea9a0dbb0ced2bfa6832bff76503581a.jpg,MegrayChan,291318088
BV1Gc411w7tg,https://i0.hdslb.com/bfs/archive/370a0507e4671d649e6e9e6eb30eb9c1c719b609.jpg,流線型,291786665
BV1GcUKBoEAL,https://i1.hdslb.com/bfs/archive/896cf19a955990aa90ef2ce3f2760133e8d7ff7b.jpg,x核桃糕x,272449723
BV1Gci6YwEuL,https://i1.hdslb.com/bfs/archive/6d44a47f8164152c446dc914839d5b7995ffd325.jpg,神鳴沢世界,114419306
BV1GctbzWEqt,https://i1.hdslb.com/bfs/archive/5e77ba361ad15788f29081603bd3b4b8e614d9d6.jpg,霄林_official,391605366
BV1Gd4y1r7pd,https://i0.hdslb.com/bfs/archive/0c3d4d0352465d9273b853ea74766802d0003aaf.jpg,_立木_,291889283
BV1GdTTzCEdZ,https://i1.hdslb.com/bfs/archive/e9afba109be88bcb9711ae09f7afe53abd2b653e.jpg,黎明前的零明,578509572
BV1Gfm9BbERE,https://i1.hdslb.com/bfs/archive/ddbefb7e88f0822a2593f22f6da90fdc6e57b001.jpg,栖语星,2069111127
BV1GfrVYKEc2,https://i2.hdslb.com/bfs/archive/dcedc400e13be37f919c0cca16bb940c426a5bf9.jpg,请你吃核弹P,5846566
BV1Gg4y127tK,https://i0.hdslb.com/bfs/archive/84e40dca9a251bd2e844c5d3d1da81538b879e0a.jpg,MixNight慕奈,3493078383986861
BV1GhFmzqE7M,https://i0.hdslb.com/bfs/archive/0602304f04bf517773747e95dbbd9204b2cce08a.jpg,-xiao_-x,3546631188253582
BV1GhbMzKEYV,https://i2.hdslb.com/bfs/archive/4d5e0cb027f96b64675ef4141543bd0a17fda5ee.jpg,李随歌,22136641
BV1GhbhzeELZ,https://i0.hdslb.com/bfs/archive/b6416586dba1de4b82c954d4ec966c2e0641c3aa.jpg,MaxXSoft,295902
BV1Gj411X7hb,https://i0.hdslb.com/bfs/archive/a6b9a9016086c665b4b52c6e6bb37aac80a41fd5.jpg,王牌p,5343158
BV1Gk3NzJEDy,https://i0.hdslb.com/bfs/archive/1930a69e3b2cc680337edc57573a1dcc2eaa0ffe.jpg,Starly斯塔里,3546899718080929
BV1GkMTzjEur,https://i1.hdslb.com/bfs/archive/48bc4c22899afe31c4d2c33026f4f6e35227023a.jpg,Helius-p,261681328
BV1GkfBBLEXc,https://i1.hdslb.com/bfs/archive/39104442269c17c8a96abe347ac96f6e6bba3c78.jpg,玖言今天吃饱了吗,28054422
BV1GktbzsEhs,https://i0.hdslb.com/bfs/archive/8d6ed39102dcc7ecfc681d13c2995f0c041b00bd.jpg,P7iu5taR,3546753594820775
BV1Gm4y177t7,https://i2.hdslb.com/bfs/archive/2b6d70d01b5febe5729d9b2845a9f102cfbaaab2.jpg,__aureliano__,436578044
BV1Gm4y1t7gV,https://i2.hdslb.com/bfs/archive/4d4560f9f61cbc05c0475595d9fa7f5140b4bce5.jpg,明澜_,299857125
BV1GoX6YrE5p,https://i2.hdslb.com/bfs/archive/c504205ac42db4090e1dc981febcfc6444eac1d3.jpg,忘川风华录,326258472
BV1Gp4y1g7Gq,https://i1.hdslb.com/bfs/archive/e4e9d59ae89bbfd035bb7903b8a3805a093a528d.jpg,莉莉安诺拉,299879421
BV1GpFCztEMM,https://i0.hdslb.com/bfs/archive/6c2c6d3791a9bfee354d67076f240f8bea4ad945.jpg,青梅巫TsingMei,360298445
BV1GpHVzhECQ,https://i2.hdslb.com/bfs/archive/f1c3c9df3378acbd48058af3b0ca19376b06ab42.jpg,奈清枫,474104783
BV1GpTVeVEW2,https://i1.hdslb.com/bfs/archive/c950373cd8768501e132108bec868243caf02934.jpg,五等分的普篓丢撒,382414065
BV1Gpg8zjEoZ,https://i0.hdslb.com/bfs/archive/c7a560495836b4ecbbb3f7aa5f43750d1841fdca.jpg,王牌p,5343158
BV1GpnTzVEM2,https://i1.hdslb.com/bfs/archive/52417af3fa441c6d327ebe270474d968ef60f3e4.jpg,SE淡淡,400895121
BV1GpqfYXEUH,https://i0.hdslb.com/bfs/archive/035711f84dcc3d05af8b4745de90ccb476e41ac3.jpg,魚魚っ,313497676
BV1GqWwzuECE,https://i0.hdslb.com/bfs/archive/80fff99621d7530bc5d4646cea2e47e8bbedc903.jpg,闲工夫2333,34035023
BV1GrWwziEpY,https://i2.hdslb.com/bfs/archive/703a695d68286c41cc114a8801bd6e4abfd513d3.jpg,赖氨酸栗子,1036534493
BV1GruwziErn,https://i0.hdslb.com/bfs/archive/fc9028b07c14fd2e54b3dc23f5ae8d52ecf9a00a.jpg,ANY_OFFICIAL,3546754521762726
BV1Gs41157VV,https://i2.hdslb.com/bfs/archive/c3292a494117d9ea4bcc0feacb140d95840e5c2c.jpg,冰山_hyozan,367321
BV1Gs411T7sa,https://i1.hdslb.com/bfs/archive/32afd95a82f143536e2fcea280794f49c040043e.jpg,咬流心蛋,3193224
BV1GsPteNE4U,https://i0.hdslb.com/bfs/archive/3fd13b1cbaedf1b16cacfa6bacc8124e3a2a689c.jpg,Ark不是P,390183124
BV1GsZpYuEoK,https://i1.hdslb.com/bfs/archive/951f953d85a6f916178a122c956c643b9e33fd44.jpg,Dagazs,88726438
BV1GtB1BLEdz,https://i2.hdslb.com/bfs/archive/e81633d5720cf3463e454069d36f1d3a5f12f7a8.jpg,风暴降生男菩萨,110902829
BV1GtqjBfEV1,https://i0.hdslb.com/bfs/archive/8b6122592e08d5482ebd6702e8dd6856ba5a5147.jpg,Y0sann,383904115
BV1Gu411676k,https://i0.hdslb.com/bfs/archive/b4c0f7712d502f0f4da870ec4a5ba8bd9709ac29.jpg,初凝云風,21341759
BV1Gu4y1A7Ms,https://i2.hdslb.com/bfs/archive/bed1f98bab862cee5e1dd11e7ac54ef8f43a4403.jpg,琲鸢Sayaka,58534834
BV1Gu4y1r7YC,https://i0.hdslb.com/bfs/archive/e385705d73325fc1309e11eca9998910bcb52cae.jpg,旋律侠,3493132907842395
BV1GuxFzqEZE,https://i2.hdslb.com/bfs/archive/ce98eeba78283575b6ebdfc7efdad491fed80ad9.jpg,账号已注销,3632305484597338
BV1Gw411a7vt,https://i1.hdslb.com/bfs/archive/c878fd37826fdeab3a23c40d2b43325e6fff878a.jpg,紫荆7x,30976371
BV1GwYXzBERT,https://i0.hdslb.com/bfs/archive/dd4f4e98278d057f9c69c2d5140be1fd0cbd16eb.jpg,Wreath_p,1402084014
BV1Gy2bYbE8u,https://i0.hdslb.com/bfs/archive/91b17134cf2c5e839bcf33f311bb74874ca2b362.jpg,Un_dolce,3512622
BV1GycTz8Eka,https://i2.hdslb.com/bfs/archive/4ed0773ee7d9111807ffe0dde1e7ead8bff624cc.jpg,light闪电ing,3546570760915314
BV1GydaYbEUZ,https://i0.hdslb.com/bfs/archive/401b5c0b94fc22c2772fc2a1809291aeff588a6d.jpg,雨天rainywhale,86661122
BV1H15fzoEQE,https://i0.hdslb.com/bfs/archive/e6547d6321a13a3b3d1269e39c95509fc33087c0.jpg,栖语星,2069111127
BV1H2421N7oL,https://i1.hdslb.com/bfs/archive/3b7b1e6aa34310499fa95ff3c795a701c95ac43d.jpg,酒徵酩,67654111
BV1H34y1E7PH,https://i0.hdslb.com/bfs/archive/8582486e7adf54708115582376432c6943b9e610.jpg,夜屠灵,333083467
BV1H4421w7dc,https://i2.hdslb.com/bfs/archive/96cbde7a88707e32e082682c063c2c5c79a8e25b.jpg,花钿小呆,14839682
BV1H4s2zmEKJ,https://i1.hdslb.com/bfs/archive/3dad242893dd7460065d922a53f26c3841be4154.jpg,Creenson晴沙,5810629
BV1H54y1v76G,https://i2.hdslb.com/bfs/archive/fba4a1c87c52b25f9b957969c9c045eb17eec090.jpg,瑞安Ryan不跑调,108845996
BV1H5gLzsEJq,https://i1.hdslb.com/bfs/archive/69dca6cba8dbf4eaeaa745a41085f415af9274c2.jpg,再往南走点_,3546822863752000
BV1H5sKzeEyo,https://i2.hdslb.com/bfs/archive/ee79cddf5970e64037515b3c376c3a72355dae9d.jpg,津羽井忠吾,91108419
BV1H6421M7vE,https://i2.hdslb.com/bfs/archive/90c47f9b8a027c3abac75c38183de3b880fdfabe.jpg,不好吃的SrDt,391558321
BV1H67zzgE8A,https://i0.hdslb.com/bfs/archive/c0767ed45a7a37d144202bb1a5935c65fd5a1906.jpg,燧石_P,55770896
BV1H7KkeKEd3,https://i2.hdslb.com/bfs/archive/adecdbdbb2fbce6a0f12593c85d066acb985f9b5.jpg,Kikuta吃西瓜,362543111
BV1H7VwzdE21,https://i1.hdslb.com/bfs/archive/d52c9d40ddb6a8cc7e04045cee3e0183c84f7bfc.jpg,幻灯花_AuroraCries,3493259101866355
BV1H7VwzdE7H,https://i1.hdslb.com/bfs/archive/35b98783e1fcf35e7280bf53a1a88f63a0a5d040.jpg,繧後s縺交洫ア,3546842482608273
BV1H8411J7m8,https://i2.hdslb.com/bfs/archive/1d641d425c02e25f4a5555a7ada0768911b8a6f7.jpg,团酱喜欢抹茶,433294023
BV1H8411r74n,https://i0.hdslb.com/bfs/archive/c7e74ddc720f266d798916571b9de69df677371c.jpg,KBShinya,423442
BV1H872zcEXE,https://i0.hdslb.com/bfs/archive/4837690fea8058e17bd1b1b86885ca7ff63a7525.jpg,卓盈之,38028309
BV1H8xnzCE4L,https://i1.hdslb.com/bfs/archive/3c0992049c02ecdcf05dd8b12508ef2fd53e87b1.jpg,卓盈之,38028309
BV1H9ktYfEhi,https://i2.hdslb.com/bfs/archive/0ed21d488048ad144e2e9986ec1ba791bedd2e50.jpg,禾芷溪溪溪溪溪溪,186907588
BV1HA4m1V7mc,https://i0.hdslb.com/bfs/archive/7ff70f294638b2da16fd3df260811df982c79c67.jpg,账号已注销,35975009
BV1HATRzsEsU,https://i1.hdslb.com/bfs/archive/9238176ad110087c0d6cc6bd2ad95274cb47542e.jpg,南瓜条子z,3546657509607861
BV1HAYSzgEbT,https://i0.hdslb.com/bfs/archive/9b9ad13ad275de5fe309f116d080e4bfeadfe714.jpg,鈴木へて,2131408051
BV1HAkdYqELH,https://i2.hdslb.com/bfs/archive/071350cfaf04911e17608849d7105ae3a2dc87cd.jpg,被遗忘者的哀伤,12836485
BV1HB4y1G7gS,https://i2.hdslb.com/bfs/archive/ddfda78ea0b9bb3cdcbaf257f43982e3a9c2885a.jpg,奶油味儿的蘑菇w,570208
BV1HBbazUEBy,https://i1.hdslb.com/bfs/archive/401bd774956cdc310bb65b0bf7ff92ad5c174aaa.jpg,星萤火Starfirefly,287397164
BV1HDorYuECE,https://i1.hdslb.com/bfs/archive/9e5cb53ecc632aaeeb8e5f10b206502d284c9a15.jpg,深沉DIIPSILENCE,8964237
BV1HF41147hY,https://i0.hdslb.com/bfs/archive/01347043131007a0fe46ba8e97d09c707294cae6.jpg,kttts,10618733
BV1HG41117jH,https://i2.hdslb.com/bfs/archive/ab7c2b2a18a9f3553d5d2c5d0cf39b62d3da1236.jpg,泠珞-星夜,400604752
BV1HG411Z7KR,https://i2.hdslb.com/bfs/archive/131abd24-18a26b07437.jpeg,SteggOo,320519460
BV1HG411f7VK,https://i2.hdslb.com/bfs/archive/ef42ccb5ea1b3406af39efb5857bfd0d40d04641.jpg,超级大菜猫,3494358737225862
BV1HGfuBGEEc,https://i1.hdslb.com/bfs/archive/74eec895fdfc9c68ac8e1c7c8c75cc04cbcdecc2.jpg,冬临青,3632308844235305
BV1HH4y1q7fi,https://i2.hdslb.com/bfs/archive/cd1beacce7c92a33bd8413813cc0d0d5144af264.jpg,Mikoto铭,1189226417
BV1HHFCemECP,https://i2.hdslb.com/bfs/archive/660b7150320ca532e98566815afc059e5304fe23.jpg,秋风刮遍高卢地,443340569
BV1HJKmzqENB,https://i1.hdslb.com/bfs/archive/e924d62ceecd274833dfcb6dbcae43637000c8bb.jpg,星尘Official,15817819
BV1HJrxYnE6f,https://i1.hdslb.com/bfs/archive/06c84f1580bd33658c23dcafa3966d01f174b038.jpg,-右可-,1647229858
BV1HK41147rN,https://i1.hdslb.com/bfs/archive/e1bcebe908441dc181201be3de56324f152b01d6.jpg,青烛绣夜,1718962762
BV1HK411d7cG,https://i0.hdslb.com/bfs/archive/886886c67270227d0a3ac6f77f1cef7ffc960cd3.jpg,瑞安Ryan不跑调,108845996
BV1HK411v7qE,https://i0.hdslb.com/bfs/archive/d0b99cfc896b0c3e345d043ed32de5cd9e670f6e.jpg,不好吃的SrDt,391558321
BV1HKAHeFEK4,https://i1.hdslb.com/bfs/archive/743448a4b4fd332b05a84cbbf7ce9ca115837072.jpg,kurumi94,272438
BV1HKCaY3EgK,https://i0.hdslb.com/bfs/archive/105a55a93c594647721dc46c1436c8925c3c35ab.jpg,中野然子,1476027
BV1HM1yYLEjY,https://i0.hdslb.com/bfs/archive/7fedff48a5dbbf553d3093f9e74524dcabafc642.jpg,士织吖,88914391
BV1HM411r7MZ,https://i2.hdslb.com/bfs/archive/4a80a53ea565925acdbae05779edce178c7b774b.jpg,VC绫绫乐,355156672
BV1HN411D7bp,https://i1.hdslb.com/bfs/archive/2eb4c35346f878e27933628a277792fd50834e53.jpg,冬翔苍火冲鸭,357785756
BV1HN411V7et,https://i1.hdslb.com/bfs/archive/4ac67817a647fc3fa6303eb4c3707680e1038f6d.jpg,爱喝啤酒的烧烤P,327601393
BV1HN4y1q7n5,https://i2.hdslb.com/bfs/archive/869218b3141edfcd069c7c793e0b80a372b8e194.jpg,不好吃的SrDt,391558321
BV1HP9tYpEzF,https://i0.hdslb.com/bfs/archive/dafc5323b3bf5ff0ea3e0414aede14612db9d1cf.jpg,千芷梦璃_Official,3546661995416476
BV1HRjuzsEkc,https://i0.hdslb.com/bfs/archive/abe549ebd960e97c5a26f20b78d6c2eb28e47334.jpg,心魔才不是女孩子呢,359100532
BV1HT411A7qx,https://i2.hdslb.com/bfs/archive/de6d7c229337641f6284811fd621a5f5152233c3.jpg,予禾Yriv,35000888
BV1HT4y1H7oB,https://i0.hdslb.com/bfs/archive/097636c270db7ea1c8ca800fe7af591fed77aae6.jpg,小不同学_,9797712
BV1HT4y1s7aE,https://i2.hdslb.com/bfs/archive/f353550072460994408f5ae1a18e5432de4ef028.jpg,夕颜颜颜颜颜-,3392539
BV1HUq7Y9Erj,https://i1.hdslb.com/bfs/archive/4c981070d57af2bb72fa699ba33a58b042b8701e.jpg,星空之上有一条痕,349527013
BV1HVZqBHE1a,https://i2.hdslb.com/bfs/archive/b2e08ad2fda9d8de5be50a8a1caf03330414601d.jpg,哲学系的白墨_badmo,3546921983543714
BV1HVhCzHEbu,https://i1.hdslb.com/bfs/archive/b5bc52944e1d53714b0312a4748af7d9c2f06b80.jpg,宝发胡P,351393899
BV1HWUTYnELp,https://i0.hdslb.com/bfs/archive/2ed2898ff41b9bb5156361c291f0335fc78f4812.jpg,天鹅绒蝴蝶,2396927
BV1HXZZBLE8r,https://i2.hdslb.com/bfs/archive/8e1544745c611ae7e48901a293806b64af256887.jpg,猫咪魈,1059931339
BV1HY38zaEJz,https://i2.hdslb.com/bfs/archive/6e62ea141ec0e719ae86711c9c6a29a0db0287f5.jpg,阮阮阮阮阮隋珠,1836444878
BV1HYcezQEQx,https://i2.hdslb.com/bfs/archive/5d5e09dda3cf9f6bcbd4caeccfe9be01b8899af9.jpg,Chaos清流,7226948
BV1HZ421z76W,https://i1.hdslb.com/bfs/archive/34ef0b5312e91331905ef8003297445afa4973ea.jpg,日御炽蝶ヘリン,1338375556
BV1Ha4y1m7S1,https://i1.hdslb.com/bfs/archive/a6bd37f811c172b48171dd58a4da598cf9b5cf0e.jpg,影歌P_Kageuta,356160341
BV1HaC5Y8Eof,https://i1.hdslb.com/bfs/archive/b7ef763497b8c82aa2d0d0280329c9bbfa330e54.jpg,温水煮团子,63553115
BV1Hb4y1P7fC,https://i2.hdslb.com/bfs/archive/68bc630e7541cb8b355517761efd213ea0438636.jpg,衣物鱼Yiuv,697934264
BV1Hb4y1s7AX,https://i0.hdslb.com/bfs/archive/7d45f3fd391ced7e7f9d824fcdb687c0f74911d5.jpg,伊野奏,74550390
BV1HbnJzoEFN,https://i0.hdslb.com/bfs/archive/fc664d98a80b089fc4fec6474b7867bb04550a3a.jpg,尘星八等,1754472259
BV1HbpcepETH,https://i2.hdslb.com/bfs/archive/1e5156058a7d5581a32993a3bfa10edbba38f3fa.jpg,小梁是只鸽子,615265163
BV1Hc411971U,https://i2.hdslb.com/bfs/archive/b24db91501cd202e20c8584bd38358ab180f6baa.jpg,朝菌P,67990677
BV1Hc411x7Uv,https://i1.hdslb.com/bfs/archive/213836db7e3827a011a871de856465f25b997dec.jpg,TOPKINGCREAM,3493081292737020
BV1HcR1YGEUQ,https://i1.hdslb.com/bfs/archive/3631a8f6733d76e6b7c92f750bfdc42aff7f58a9.jpg,Half_cadence,545542801
BV1Hdk8YKEbj,https://i1.hdslb.com/bfs/archive/ea6a218d55abbdf40f51ddc8b9fccff11999c784.jpg,小小的手心_-_,519038717
BV1He411C7BN,https://i1.hdslb.com/bfs/archive/4987fafac7998886e3cde3c5a728a84eff708931.jpg,-凛武-,129368153
BV1HeyhBiEB8,https://i1.hdslb.com/bfs/archive/4aa18911e0500ded96e235dd7cda60401fb56e42.jpg,在逃施耐庵,348009803
BV1Hg41197Ty,https://i2.hdslb.com/bfs/archive/bca06860283b01a865cc164b6220c01867af2633.jpg,YuRokL,299414561
BV1Hg411k71v,https://i0.hdslb.com/bfs/archive/b25451960136db4c8ad7c10e6437e3e26baaba09.jpg,暮色-Infi,272904686
BV1Hg411p7Hs,https://i1.hdslb.com/bfs/archive/d347385b5d07a1b6191d06950fed40569392fe90.jpg,Dagazs,88726438
BV1Hg4y1K7qU,https://i0.hdslb.com/bfs/archive/44b975288e51568477ef1347dee600f5554d5ae4.jpg,oignonstalgie,3493090853653116
BV1Hh2gYxE2o,https://i1.hdslb.com/bfs/archive/909cf2fe9426c3d415109808e9ad165f19e2dedb.jpg,米饭producer,1979365849
BV1Hh4y1y7He,https://i0.hdslb.com/bfs/archive/680c9d02ded1ac9ef0d23773f37d2fcdd0970f02.jpg,1mol梨花茶,353784518
BV1HhDZYvEGw,https://i1.hdslb.com/bfs/archive/ffd7bc52fefa5b9349052a239a2e1f63c7e95510.jpg,明日海リカ,2273102
BV1HhraYTEHV,https://i0.hdslb.com/bfs/archive/3e26c5c6603eb7d81661f04fa27e2c0d5b76a8a8.jpg,术力口之淦,37998073
BV1Hi4y1i7jv,https://i2.hdslb.com/bfs/archive/b38a973698bde40611dbea645633bbab45260372.jpg,泠珞-星夜,400604752
BV1Hib3zbEkY,https://i0.hdslb.com/bfs/archive/a402d578774049d88e574c2c80be9d5ed770e166.jpg,戬希Haleksius,1806620142
BV1Hj411b7Qw,https://i0.hdslb.com/bfs/archive/34e8171b8f4b1e2cf7ddb43ad6746ec3749fd9a6.jpg,久弥紀伊,15378481
BV1Hj421X7L7,https://i2.hdslb.com/bfs/archive/17a4267b13718dfb7e7233820401ffb2be47e870.jpg,永夜Minus相关推广站,1663342220
BV1Hk2NYkEBi,https://i0.hdslb.com/bfs/archive/602734e6eb952ce72e94c17ea0d0421885362896.jpg,不朽之言,94765413
BV1HkqVYGEK2,https://i0.hdslb.com/bfs/archive/bc655ba9f6a70ea07d95b196b394553cf1089cf1.jpg,Aya-啊呀呀,2577707
BV1HmuxzUEw2,https://i0.hdslb.com/bfs/archive/e1fd0c1e0a9dcd01fc277696bafd805bcec20232.jpg,赋水仙术,31861557
BV1Hn8uzREUH,https://i0.hdslb.com/bfs/archive/bbd7016b4fc4ff38cda0a8ccf0e86f6d2406e03f.jpg,1mol梨花茶,353784518
BV1HnABzPEjM,https://i2.hdslb.com/bfs/archive/0377c682005cebe8b0d3c07d072c32e7567fbbde.jpg,泛术力口重型音乐,3546887896434953
BV1HnzWBeE62,https://i2.hdslb.com/bfs/archive/47b0c874489c72b22fcd10d459e56661ef7bee72.jpg,Skylineddy,399606378
BV1HoAjeSEdz,https://i2.hdslb.com/bfs/archive/6cb901dfb66f86fc6c89f2ea0cfd0b512dbd66bf.jpg,Hue_,13401024
BV1HoRhYqEV2,https://i2.hdslb.com/bfs/archive/0f3a411c193db5631015c85b7a38e3b2f7e31ae9.jpg,风湮Official,8151904
BV1HobYzsEkZ,https://i2.hdslb.com/bfs/archive/b5f521f96b7a81049a034b2431f836a3b4398ffb.jpg,萧煜明,16620133
BV1Hom8BkErG,https://i2.hdslb.com/bfs/archive/ada84effe5a550ec51cf2953d5d2af872ca27056.jpg,Calia_林焰,3546804614335126
BV1Hp421Z7BL,https://i1.hdslb.com/bfs/archive/53878000f12d67d0a3f5528eb76deb3bec979b75.jpg,灯休,668847531
BV1Hq421F79e,https://i0.hdslb.com/bfs/archive/a605ba2105659020fec00d3289ee20bc457c46ed.jpg,北境秋风,483626433
BV1HqBLY7EUs,https://i0.hdslb.com/bfs/archive/d1e6dc4bc6fb32ca4ff76688e76fbadc07685392.jpg,真极I巴多轼,353680168
BV1HqHderE68,https://i1.hdslb.com/bfs/archive/246ee7db58f3f44bb435e0aa848c9f872acd8d97.jpg,暗色调的梧桐叶,629874452
BV1HqzdYYEax,https://i2.hdslb.com/bfs/archive/a2127eab33e9f66feb8495ddd5cac23aff46966c.jpg,冷淡的风-_-,2019984076
BV1HrsnzGEAg,https://i0.hdslb.com/bfs/archive/8ef5b2b31d9cf2929b0287a34492d82a29f39493.jpg,い爱花丶,26069934
BV1Hs4y167qu,https://i2.hdslb.com/bfs/archive/6d9db72cd1b9e2afed3f34898f7d4cb36c5cdaf9.jpg,新一威尔特,27252179
BV1HscbeVEXx,https://i2.hdslb.com/bfs/archive/a71f5e18a5f38f74fe6ff75f5bd542e590b51583.jpg,sophia_wei,379814175
BV1Hsq5YCEEE,https://i0.hdslb.com/bfs/archive/968e105dc0b4403aba81ce80ebf60a6d060fc242.jpg,Eid_Shacklebolt,291340927
BV1Ht4y1F7YQ,https://i1.hdslb.com/bfs/archive/0b797a06eba062878f9dbe4979bef9ce5fe7c146.jpg,ATMaki提款姬,19043209
BV1HtpezrEre,https://i2.hdslb.com/bfs/archive/c5f33f18146dcea5e0927ea94e14f29549ca1db5.jpg,不凋花project,296959010
BV1Hu4y1d7K2,https://i1.hdslb.com/bfs/archive/1502c942e305cf2251a096c370a6f07cb0a98f62.jpg,Mi-u_,398660064
BV1HvyRYCEhW,https://i2.hdslb.com/bfs/archive/ff541619a1234e92d40954bb837ba06e7ae02766.jpg,Rean__,6531436
BV1Hw4m117Qo,https://i0.hdslb.com/bfs/archive/bb8a084f0f484f37f1fe287f2808c3c48600bbaf.jpg,海棠之湖,22472219
BV1Hx411s7dX,https://i2.hdslb.com/bfs/archive/6d1ca514ea72cff47c616e63b80887386d6db76d.png,Kide_Lam,34634
BV1Hy42187Yd,https://i2.hdslb.com/bfs/archive/99ab1a0238dd564c7892f6181a323fec07a2f09c.jpg,ZClear_P,448813977
BV1HyeWzgEMe,https://i2.hdslb.com/bfs/archive/58b62fc326c194e7a247e5f8b213a363a3e6e02a.jpg,孜然一身苍茫天地兮,3546794988407602
BV1HzzeBwEXJ,https://i2.hdslb.com/bfs/archive/089385737e65cec9e0be5feaeff2f9e00b4ae86c.jpg,暮色-Infi,272904686
BV1J2WxznEea,https://i2.hdslb.com/bfs/archive/acf81aa92627d87795d6fd3a4029db2b653a873b.jpg,鸩羽Official,523560808
BV1J3gCzcEeg,https://i0.hdslb.com/bfs/archive/7f1bbcde3a57622aa04e585e54eddec9334ae2f6.jpg,百合子堂堂登场,3546742303755181
BV1J4b5zAEhk,https://i0.hdslb.com/bfs/archive/5de655d2516c5b8f1fcbce92358a939a816ec999.jpg,Eipi溟溯,650493940
BV1J64y1W7kv,https://i2.hdslb.com/bfs/archive/a728016cb83c25800fd7153aba505a959f3ad565.jpg,纸鸢EAbird,82632219
BV1J6ASe6E3h,https://i2.hdslb.com/bfs/archive/d852a54d8a9bcb224e5175cb6e147f22e9c46665.jpg,numapea,498352940
BV1J6hHzWEE1,https://i1.hdslb.com/bfs/archive/9a3b6bd0255056bce527f232b05f4c9919f87b43.jpg,寂灵後,3493124687006642
BV1J7KGerESK,https://i2.hdslb.com/bfs/archive/2fa463ab1b6dc4913c0a25604dee40de04188554.jpg,艾乐唯Elwe,1611079545
BV1J8411v7uP,https://i2.hdslb.com/bfs/archive/74739e53b6cb2e1cf154aa19ec55d7be5ccd9b91.jpg,爱喝啤酒的烧烤P,327601393
BV1J84y1q7zT,https://i1.hdslb.com/bfs/archive/2c80caede435b3e955227a24364e72fd506ad9f4.jpg,晴Haruko,7885629
BV1J84y1x7oo,https://i0.hdslb.com/bfs/archive/4a7a0af350026ad6555e065277294aca20c1610b.jpg,禾芷溪溪溪溪溪溪,186907588
BV1J9C1Y2EaR,https://i0.hdslb.com/bfs/archive/ffe91b47cb3b22107bf6b22cbdba88e6869c9090.jpg,Osakihan_JPN,1142898222
BV1JDTVz3EPx,https://i1.hdslb.com/bfs/archive/1f956e321ff860389168d9b87b9448d01674092e.jpg,独见黎明,398603344
BV1JEKQeWEtx,https://i0.hdslb.com/bfs/archive/7fc271bb4f6aaa23604ad7a7cda621a5c03afccb.jpg,雨天rainywhale,86661122
BV1JEpLexEP6,https://i1.hdslb.com/bfs/archive/ec969b76dba05890b1fc9a9e8e0ca8b7016cdc58.jpg,重生之冰,183240100
BV1JEtozyEFF,https://i2.hdslb.com/bfs/archive/ed57a414742bc8accfdbe8730a485131b8b067da.jpg,无所事事随某人,561567999
BV1JF41167Zu,https://i0.hdslb.com/bfs/archive/153283a47e348e8f0fbc916b76d0b8e34fea0960.jpg,爱喝啤酒的烧烤P,327601393
BV1JF4m1u7NG,https://i2.hdslb.com/bfs/archive/6f4da8d12170d6907a3b34b6abcb6edb7fd27a3f.jpg,ぐ华彩ミ,30649025
BV1JG4y1G7pL,https://i0.hdslb.com/bfs/archive/7915bf8f6c97fcd82455eb9393ecdef06d3588f9.jpg,星海化相思,548530704
BV1JG4y1J7vB,https://i0.hdslb.com/bfs/archive/a961cae8fc43ab1552b880455137ddf87a450c45.jpg,明澜_,299857125
BV1JG4y1m76j,https://i0.hdslb.com/bfs/archive/34d1203e6f629ed5909f3f7b5ca8f3f55e985a92.jpg,盐水是言和水,285926728
BV1JGMgzeEqT,https://i2.hdslb.com/bfs/archive/a404fa099e764ec71254448f6909adc44b82b216.jpg,S_D_Poisson,560617233
BV1JGtyeDEEy,https://i0.hdslb.com/bfs/archive/b80e9f2f9ee2a4446a83566bff7fa662696b0c6f.jpg,从来没有好名字,365865598
BV1JHH9zWEUC,https://i0.hdslb.com/bfs/archive/c56181c99edff7db40039601392c836ee2cb6966.jpg,lM_P已存在,3859963
BV1JHYAzrEiy,https://i0.hdslb.com/bfs/archive/006b5ff58d56bf8c1ac913cb66555aa3179f4e0e.jpg,江迣,406266280
BV1JJFre3EaR,https://i0.hdslb.com/bfs/archive/2f7d880b59bc1a6908e6f0a112484d99a1055d6d.jpg,Tiisanakama_,400633928
BV1JJmzBfEUY,https://i0.hdslb.com/bfs/archive/ee8e653aa74d99b612ea46eb76cceccca0dd381c.jpg,棠兔spring摆大烂,3493115335805077
BV1JJwuzEEiV,https://i0.hdslb.com/bfs/archive/609c58ffbe6a5fcfd83db4f00729b653a7beb3e1.jpg,ON_SELLING,37663643
BV1JK411d7NE,https://i2.hdslb.com/bfs/archive/264ca017b9ebd92ad2d2ed8006db8151760caf39.png,星馨Starsweet,277753615
BV1JK42117R5,https://i2.hdslb.com/bfs/archive/c1bc6fa6a3400011941090aab0bb2db136de2aa5.jpg,不好吃的SrDt,391558321
BV1JKA8zrEfC,https://i2.hdslb.com/bfs/archive/4799cbb4350cb930b0665828d9631a5747f2e49d.jpg,克劳德Channel,593843788
BV1JKkdYvE1e,https://i0.hdslb.com/bfs/archive/ece7ff879c9c21410700655f9fbbfce9374cd969.jpg,R小绵羊233,102544559
BV1JLJNzjE6U,https://i1.hdslb.com/bfs/archive/47a27ffab9c03add160bf986972e22cacc1da5cf.jpg,Akutini,499253829
BV1JM411F7LK,https://i2.hdslb.com/bfs/archive/30527b4b101f3d6aa972a7e7796aee7a3f79b9da.jpg,心脏扭蛋_rabbitrite,28536033
BV1JMtgexEqf,https://i1.hdslb.com/bfs/archive/710db365889ece491dd52ec063cbedc07af82452.jpg,EstelleVaeloria,486240776
BV1JP41187Eo,https://i1.hdslb.com/bfs/archive/ae67df7c61a8c2418bfd28df61b2d4e4cef56988.jpg,张知贝Space,17480437
BV1JP411G76s,https://i2.hdslb.com/bfs/archive/91e12f8a595662ef520065b80530bca44eb027b4.jpg,ACK★,3975121
BV1JP411y7Zc,https://i1.hdslb.com/bfs/archive/fadfb3d7a733f50b60de1cdd2c78cfc5912e112e.jpg,ZClear_P,448813977
BV1JPFEzYELd,https://i0.hdslb.com/bfs/archive/39fe2b7537ce2b4fab972711494d8a1bf178bd55.jpg,Aria_凛酱门,369280472
BV1JPFherEnF,https://i1.hdslb.com/bfs/archive/298343906572a3b9921efb42243d7d07203f5e06.jpg,拾光与小狐狸,179469844
BV1JPqcBFE2B,https://i1.hdslb.com/bfs/archive/e70b8e0d0bbd320cfa1bd87de54471467e26c4ae.jpg,非云云云,487306847
BV1JQ4y1E7tB,https://i0.hdslb.com/bfs/archive/a7f69cec28dfd1b543eebf413df49041e234bb23.jpg,语老二,1190588000
BV1JQMJzZEvV,https://i0.hdslb.com/bfs/archive/195a3687e900338f92ac4a8f663acc8f35b68379.jpg,伤口SchazkeLF_p,630082679
BV1JQcMzCEhb,https://i0.hdslb.com/bfs/archive/7519f44fb29cddcbd53e80920104090725d2e692.jpg,凌逸千言,3546918173018445
BV1JR4y1w7zR,https://i1.hdslb.com/bfs/archive/4f6cfecc13fc91bcf71bd825c096577a27d2099d.jpg,账号已注销,500729337
BV1JS4y1t77W,https://i2.hdslb.com/bfs/archive/77f016e64ee7202d4c5f753bb72a687b84c2ba60.jpg,歌行者原创音乐社团,57100103
BV1JT41167Sc,https://i0.hdslb.com/bfs/archive/908ec92d2468a4df67e7636d1fd7e7ae849ce333.jpg,飞不快的灰鸟,24443249
BV1JT411Z7Mu,https://i2.hdslb.com/bfs/archive/1ed757afb6b5a1b21b24f56c3d5c159a4f78d83e.jpg,卧烟远山,24525809
BV1JT42167Si,https://i2.hdslb.com/bfs/archive/9a873517577c70623673a8aa28d470ca08b0d0cf.jpg,风湮Official,8151904
BV1JTnTzWEPc,https://i0.hdslb.com/bfs/archive/c4a158d94b918c12154cc8961fb07fcdaf6dbb90.jpg,P不月水蒼Q,365743248
BV1JV4y1g7Vy,https://i0.hdslb.com/bfs/archive/0216cd8e5c356187b364092481c5b65a9f9e86ac.jpg,叶青-夜末央樱,36578368
BV1JV7fz8EdG,https://i2.hdslb.com/bfs/archive/272ac626852af9a5516d027031f1eaf1ceadbe8c.jpg,墨娅_Chose,277619733
BV1JVhuzWEer,https://i1.hdslb.com/bfs/archive/8ddc9054268b76bf6344081a0095e9b1bb8f4786.jpg,ALTAR及帝,1396301644
BV1JY1sY4EVj,https://i0.hdslb.com/bfs/archive/0e8a23f4b9212eec43ffe0168348acc01a2692bc.jpg,稳定点p,357512039
BV1JZ421U7YJ,https://i1.hdslb.com/bfs/archive/eb5036a706a16b2f9420149a2b29c98a870b8df1.jpg,Darxark_CM,382935678
BV1JZ421e7EG,https://i2.hdslb.com/bfs/archive/482ecd1f07c861c2f72d9f896742ae09c87143b0.jpg,酒徵酩,67654111
BV1JZ4y1E7rp,https://i1.hdslb.com/bfs/archive/1ba4b1417d07b3ed345a1332278e5578718e0409.jpg,莫临Moris_Official,37735163
BV1JZvfBHEqt,https://i1.hdslb.com/bfs/archive/98202b50a15fea377dc137872be5bb89ceaccf62.jpg,阿耗TCM_P,526990987
BV1Ja411n7ao,https://i0.hdslb.com/bfs/archive/aafaf5862d463103669307a181bd4da378703c46.jpg,北辰社,174062144
BV1Ja4y1C7kv,https://i1.hdslb.com/bfs/archive/6f6a74416467f4f3a4ed0f77e1a57956e264d754.jpg,若雪瑞音,3494367868225898
BV1Ja4y1g7WK,https://i2.hdslb.com/bfs/archive/130c31cd2a93b3a5ac5a5beb0616486557d22fd5.jpg,墨素Mohius,36112611
BV1JaGiznEZ2,https://i2.hdslb.com/bfs/archive/46c8c38df06da5fdb95860237c71d5937cf9965a.jpg,ZkPotato,32812544
BV1JaH7ehEsP,https://i1.hdslb.com/bfs/archive/270a078bbb110111209b1ee7803ed847bb39329a.jpg,Lagrange_P,314077076
BV1JaemziEiK,https://i2.hdslb.com/bfs/archive/ad0927f2bec9dccbbb7676017e2dff06c698e53a.jpg,予花同名,2037893494
BV1JatpetEnp,https://i1.hdslb.com/bfs/archive/e2d78da2410981bbafd6d5e9ff2328f6eb6246cc.jpg,酒徵酩,67654111
BV1Jb1RYrEg6,https://i0.hdslb.com/bfs/archive/ca4f82e8677f0acca26e137cb7d8fce936bc3519.jpg,Seasonの虹-退,289867235
BV1Jc411B7XX,https://i0.hdslb.com/bfs/archive/afb5d9efa9303926a503939708cda99032e7fb07.jpg,斯塔尼亚-,269905
BV1Je411Q7M5,https://i2.hdslb.com/bfs/archive/f4313625f3243d41bca5eefde8c49f6ffc78b511.jpg,KunKi114514,163104011
BV1JfE9z7ECC,https://i0.hdslb.com/bfs/archive/585ec9ddfd3b48f9c9ee5c39987a3fd7edf7a02c.jpg,林小四4040,13367155
BV1Jg411B7Bh,https://i2.hdslb.com/bfs/archive/7bd33ea903f7034805929ae804955931cb1d030b.jpg,四季_ナツメ_,35554162
BV1Jg411Y79G,https://i0.hdslb.com/bfs/archive/1f0da298b75a3f382ef7a1d03c50111f96ecdb70.jpg,瑞安Ryan不跑调,108845996
BV1Jg4y197U1,https://i1.hdslb.com/bfs/archive/5d622d0a36c8f699761292e70a62419d219e8ddc.jpg,琲鸢Sayaka,58534834
BV1Jh6FBYEfo,https://i1.hdslb.com/bfs/archive/37b8f379f400e184184c3c2f33eb745782dad8d7.jpg,芸星Laurent,383399795
BV1JhnMzoES7,https://i0.hdslb.com/bfs/archive/b9eb2bdb34c3e6c85b6a2004735563c30921f20b.jpg,鈴木へて,2131408051
BV1Ji2YYnEDQ,https://i1.hdslb.com/bfs/archive/4f2b86f44de0d51bd9ad0882808cb6ec746ee044.jpg,Tremely,13431502
BV1Ji4y1Q77q,https://i1.hdslb.com/bfs/archive/a8e5eb4693c503c9d514cdf1d5a1337b91fe353c.jpg,吃瓜面包酱,473198094
BV1Jj421d7F9,https://i1.hdslb.com/bfs/archive/be6038a905ce4a888e87b228813a5a3ee782753f.jpg,AnnyJuly,333835
BV1JjsteAE2u,https://i1.hdslb.com/bfs/archive/b1d8d5c22b262328fc43823946c61386d4597e2f.jpg,VC绫绫乐,355156672
BV1Jk4y1K7L7,https://i1.hdslb.com/bfs/archive/e672bfe4adea33bbc3b433112dc3fa6f3dc6327d.jpg,旦旦小宝,183288189
BV1JmrKY8E3Y,https://i1.hdslb.com/bfs/archive/458155243e5eae747f702323a9b8eaea23baf29c.jpg,Helius-p,261681328
BV1JnifYcEYz,https://i1.hdslb.com/bfs/archive/8ce00bd68c39408191afa6bb136d49cf4c92d23c.jpg,双辞冫,423886341
BV1JoZZBkE9N,https://i2.hdslb.com/bfs/archive/6360effb18ff2fb04e50e0042f139aa2da6799d1.jpg,ZClear_P,448813977
BV1Jp4y1J7Zn,https://i0.hdslb.com/bfs/archive/649e639f01e99289a5dcd9ad6ce77152a1b2c2e4.jpg,燈侑Yuu,43977445
BV1JpLUzdE2b,https://i1.hdslb.com/bfs/archive/5e2fc9feee9a0443a7ff7fbb796aab1db64bf77f.jpg,仲瑾特雷森帝吓室,484003657
BV1JrZ4BpE5W,https://i2.hdslb.com/bfs/archive/209423fb671ba4f05f9192235959b6e9e7f201f8.jpg,零道清隆,413060336
BV1Js3WzCE43,https://i0.hdslb.com/bfs/archive/4f2fdc820d987aefde8cab1625caae4933dfb255.jpg,蓝鹰QAQ,493851957
BV1JsULBAED5,https://i1.hdslb.com/bfs/archive/d1f226f5da0712faad753f37559849a8f215a584.jpg,CROOOAK,282117733
BV1JtUTYmEhj,https://i1.hdslb.com/bfs/archive/40222c04cc05e36ddb728c52fbb4030f4b4a018c.jpg,唐水离,37437299
BV1Ju411C7ry,https://i1.hdslb.com/bfs/archive/8cf14a940734a956944667cf807e2febbc6e0dc7.jpg,予花同名,2037893494
BV1Ju4m137Dx,https://i2.hdslb.com/bfs/archive/dd8ee7d7890cf0a51e4e35397c3a03f306a5ab99.jpg,天冬氨酸丛彩,177318028
BV1JusWeHExp,https://i0.hdslb.com/bfs/archive/fadb7754b34affa38a6ae9d37f41e6c897aa74a2.jpg,温水煮团子,63553115
BV1JvHtzUE5A,https://i0.hdslb.com/bfs/archive/781f365b0c58200a92edfcdcd8b0648e5d6f62ac.jpg,王牌p,5343158
BV1Jw411X7As,https://i1.hdslb.com/bfs/archive/ed95afe3caa35ff071b2ae455618775744a97202.jpg,白开水保守派,341072755
BV1Jw411c7zb,https://i0.hdslb.com/bfs/archive/5b98b37a03d8578cdaa1255f51606a031188668d.jpg,千岛铃音Official,25838417
BV1Jx421k7AD,https://i0.hdslb.com/bfs/archive/9e9c242ac9564ac308e9c71795f195b5314c5d5f.png,不好吃的SrDt,391558321
BV1Jx4y1D791,https://i1.hdslb.com/bfs/archive/cb8dfd0edc97ac769928edd4016e6cf237fbf2f6.png,三辰p,3546609807788329
BV1Jx4y1Z7R9,https://i1.hdslb.com/bfs/archive/315e12e012d355c29b76c71e5a77875a65460db7.jpg,Byzantophile,11171351
BV1Jz421d7bj,https://i2.hdslb.com/bfs/archive/d168b5dc2e2e5492c8dbf190b47a3f3c0854d452.jpg,Raindo0511,130159972
BV1Jz4y1w7k7,https://i0.hdslb.com/bfs/archive/80a7aefcddc12fff4c3bb12cdf86fa5fd5e030cd.jpg,千岛铃音Official,25838417
BV1Jzg5zJE6u,https://i0.hdslb.com/bfs/archive/f76d80d2d0fdf0f69402f7876c7adba9efc86516.jpg,Catho168,477110799
BV1K1421B7P1,https://i1.hdslb.com/bfs/archive/f1fea5004e29466f6cdf6ec9b32315d9b7fe9ce8.jpg,我是LittleLiu,442624526
BV1K2FLzTE5M,https://i1.hdslb.com/bfs/archive/b6ce5c549fdcf9e0a0f50edaa8f15a8e00557beb.jpg,旋惊散San,39397092
BV1K2wke8EKg,https://i1.hdslb.com/bfs/archive/4b8e8292a7d63e083e67179fd7454f5d4bd0646b.jpg,Dagazs,88726438
BV1K3ADeJEPu,https://i1.hdslb.com/bfs/archive/bb513ecefd2b35ea719ad1579c909521a59a06bc.jpg,Mi-u_,398660064
BV1K5411S7GR,https://i1.hdslb.com/bfs/archive/239bf8bbda4f9f1c963f194d52e5656d2cfe28d4.jpg,Ray君w,2472583
BV1K55WzwEpF,https://i2.hdslb.com/bfs/archive/a82eff1ae3668a981e6f4aba1fae6b51cf461e19.jpg,CategoryP,8037517
BV1K5eqeZEWP,https://i0.hdslb.com/bfs/archive/d1513bce56918bfe1d3601cb5a365a5d6bafb5e4.jpg,不觉醒的双簧管,66768894
BV1K5puzLEQs,https://i0.hdslb.com/bfs/archive/cfb23a3639b4adf17aebd991d0c8ce63a53751c0.jpg,V依会,2020470914
BV1K6421u7pK,https://i2.hdslb.com/bfs/archive/f1c4e3f215e2289f554c6cbdb237ba11e02c6c1b.jpg,P不月水蒼Q,365743248
BV1K6CRY7EaW,https://i0.hdslb.com/bfs/archive/8a9069f5606c5bc5dd9911e5ec61a4f128c78a05.jpg,lgswdn-SA,519194998
BV1K6mLYUEri,https://i0.hdslb.com/bfs/archive/61007338aa745ccce73bac33f1add7307bc958f4.jpg,冷淡的风-_-,2019984076
BV1K6tpzaEdj,https://i1.hdslb.com/bfs/archive/9b3fcf53e4220a5df557ab7b586e23eda87eedc9.jpg,Utopia_乌托邦P,1858510441
BV1K8411X7BL,https://i1.hdslb.com/bfs/archive/24bd634390e719d613005925d39649ead707a0ac.jpg,颛澄镜,353219424
BV1K8411i7CJ,https://i1.hdslb.com/bfs/archive/2979882f8ea0af32b030ccd7df8bbdb5b96fffe0.jpg,柳九秋,345807248
BV1K94y1P7VP,https://i0.hdslb.com/bfs/archive/e62911b54d1545eabae84200a6180532fd0f3e45.jpg,肥皮,3160615
BV1K94y1q7Pg,https://i2.hdslb.com/bfs/archive/3edcbf957fefa174addbe79137b9440ba79ebf40.jpg,风湮Official,8151904
BV1K9UrYZERo,https://i1.hdslb.com/bfs/archive/0f8eaa88c45bf305621a1930e7194338422fbd26.jpg,羡临渊zzZ,472407628
BV1K9ypBDEp3,https://i1.hdslb.com/bfs/archive/a2c9055704b39915d4d26e29b39c13fe839daf5f.jpg,califair,111583553
BV1KB4y1Z7Uc,https://i2.hdslb.com/bfs/archive/1355894d030f3fac9e04a0fdfb6d9f4573b66410.jpg,Littlell10434,7914278
BV1KBtXzLEtp,https://i0.hdslb.com/bfs/archive/e5358ee9c5c04f8e8006f7057ccad0b5313028dc.jpg,和弦进行不能V-IV,13703656
BV1KC4y1M7zd,https://i0.hdslb.com/bfs/archive/5216dba1ab665cc28ba86a1b1e455dac2bbdcdba.jpg,沫雪明月,27081552
BV1KD4y1A7cX,https://i2.hdslb.com/bfs/archive/37290c082881d8e7d990a34a44a2d1c973dde4b0.jpg,钴蓝配黄的吸尘器,322285529
BV1KD4y1V7nX,https://i0.hdslb.com/bfs/archive/c4fcd0735af434706c42ed965cab37402742fdc6.jpg,一个myU,49742502
BV1KE1eYZEhQ,https://i2.hdslb.com/bfs/archive/e1ca5fe0b72ddd91d8dae6a738e3257dbb1009b2.jpg,EveKraHill,1648731978
BV1KEdaYjEtH,https://i0.hdslb.com/bfs/archive/e15bd9dab308be5f73cbd50aeaa06a24f061ad66.jpg,蓝鹰QAQ,493851957
BV1KErrYTExB,https://i0.hdslb.com/bfs/archive/769b5ac1a580ec428c3435724ac743cda9220a1a.jpg,肥宅夏也想做音乐,94602498
BV1KF411T7BX,https://i1.hdslb.com/bfs/archive/4f611145363be555cf1dfe8af1369a15658f4859.jpg,_-MOI-_,847608
BV1KGCSYcEFH,https://i2.hdslb.com/bfs/archive/1ee317267e66e8aa58940a11a656c501ff905636.jpg,EveKraHill,1648731978
BV1KGUDYmE5W,https://i1.hdslb.com/bfs/archive/19d462f91208f5fe233cc07e9371b2e0dc0c0ef2.jpg,言爷,359806
BV1KH4y1X7wZ,https://i2.hdslb.com/bfs/archive/c31b2df8498f955ac2373fcb5c0bad6a080b902c.jpg,拾光与小狐狸,179469844
BV1KHBcBrEwn,https://i0.hdslb.com/bfs/archive/bc9f1935b28e297501e27726ddd4bade085b84bd.jpg,风暴降生男菩萨,110902829
BV1KJ4m1T7Vg,https://i0.hdslb.com/bfs/archive/e24069f06e932a61e94c8628ba22419ded64a6f2.jpg,某只泽,1323266
BV1KJUaYcEBe,https://i2.hdslb.com/bfs/archive/da3539633c7d4b5f7134adf7ddd81c1e6cbc78ae.jpg,风湮Official,8151904
BV1KJveeQEgf,https://i0.hdslb.com/bfs/archive/68d1dcb135c8f1e1a5a8ce6b5a71dc6493b460bc.jpg,零天羽,36395571
BV1KK411b7Lf,https://i2.hdslb.com/bfs/archive/40716cf153cb3743e2a0ef52be1276b23047c9f4.jpg,不好吃的SrDt,391558321
BV1KK4y1q7MJ,https://i0.hdslb.com/bfs/archive/dbd8f2dde86cbc7d9de2a765f12103bce417006a.jpg,璘月亚灺Xie,412412152
BV1KKtNepEXH,https://i2.hdslb.com/bfs/archive/1c99754a30f7470d9e9f7f1f031dbf9cf7171fae.jpg,AuCl_氯化亚金,3493081974311347
BV1KLAXesEpD,https://i0.hdslb.com/bfs/archive/412919b02c31510c8b6f928c29d7d48c995d86e1.jpg,夜炎沧烁_,649041685
BV1KLL8zUEhS,https://i2.hdslb.com/bfs/archive/d09d53b4713fc509234eae24d868a5d60148bbce.jpg,精神安定剤,4676168
BV1KLS4YHE9v,https://i0.hdslb.com/bfs/archive/d2aa0a577249c1216254a6021e7d2c20bb6feedb.jpg,蔗蓝,473780327
BV1KLq5YSEVy,https://i0.hdslb.com/bfs/archive/41202f87e5d34fc905be8f4485d2862566956681.jpg,风湮Official,8151904
BV1KN411p7Qs,https://i2.hdslb.com/bfs/archive/ba718f7edca08c075f7c839ca13bd703657109a8.jpg,ZClear_P,448813977
BV1KN4y1i7bD,https://i2.hdslb.com/bfs/archive/ebcad036b7308193cfb043a01a78aa8e13235aeb.jpg,wukino,81484009
BV1KN4y1p7rG,https://i2.hdslb.com/bfs/archive/b00828a85763cc6d554d5789f76eb69cf45659a1.jpg,栖鸢_d,447409538
BV1KNuazkEva,https://i2.hdslb.com/bfs/archive/05831ebab7a42d68d2af3cac529f53c07ec97359.jpg,丰川寄寄子,636823222
BV1KQMUzHEBF,https://i1.hdslb.com/bfs/archive/f6f99633c74db7aaeb5f16ce58081c1cc1b1178e.jpg,易改改,501808642
BV1KRyUYiEX2,https://i2.hdslb.com/bfs/archive/579a784a83966fe5fc2559cd7c9a4f026e5f5118.jpg,Aya-啊呀呀,2577707
BV1KS4y1m7bZ,https://i0.hdslb.com/bfs/archive/5bc3740d5cf84acbd9235ebaeb43b62ca4fc59ee.jpg,莫米兔,8047166
BV1KT8Dz1E7n,https://i0.hdslb.com/bfs/archive/80caa745fff1213245ad4cebfacb0ad36a1da244.jpg,Wreath_p,1402084014
BV1KTcczhE4y,https://i2.hdslb.com/bfs/archive/480c6933092f0058caa2214d833dc6d55a480e17.jpg,羊駝奶茶,367395778
BV1KUN6ecEvP,https://i0.hdslb.com/bfs/archive/3536d257117dd1d30adfe8ca6bf315e4bd059c48.jpg,栖语星,2069111127
BV1KYfABeE8D,https://i0.hdslb.com/bfs/archive/1f774cc4366cfa74a658f97ce8e4f5acb542c6f2.jpg,Leafred_,1993463283
BV1KZ4y1i7rW,https://i0.hdslb.com/bfs/archive/7bdcd90b5ef1d04f6d1270889908125f59d3ed20.jpg,Arcadiac,5774684
BV1KZHAzoEWg,https://i1.hdslb.com/bfs/archive/80f7f9e975b0111b35880cf06ab9e1d0baf5ad91.jpg,蓝鹰QAQ,493851957
BV1KZLEznE3G,https://i0.hdslb.com/bfs/archive/784ccd90bd3b2c0c47624659ad23b23017c3f650.jpg,十尾瞳兽QAQ,9639364
BV1Ka411o75u,https://i0.hdslb.com/bfs/archive/bcf87f141a85e4e1e12343985333353cd0ec73e0.jpg,正十字p,286716744
BV1KawWziEUT,https://i1.hdslb.com/bfs/archive/361f76f681f29efc23201b9308a786a2625322d4.jpg,双辞冫,423886341
BV1KaypY4Er1,https://i0.hdslb.com/bfs/archive/24641a385e1649f6288ba38b58db6f406fa6a19c.jpg,睡前记得补水,44929966
BV1Kb4y1V7FA,https://i1.hdslb.com/bfs/archive/09728db13fb750f6a8f52d9ef9c0ed5f3088dfd6.jpg,沫雪明月,27081552
BV1Kb84zVEKh,https://i0.hdslb.com/bfs/archive/1d39eb35007bde43310b328b70fbfee072ef0cc3.jpg,P7iu5taR,3546753594820775
BV1KcnpzCEro,https://i2.hdslb.com/bfs/archive/44ee244635a2961107ea13c527f451869a249a0a.jpg,白敬西Official,628305642
BV1Kd4y1o7nB,https://i1.hdslb.com/bfs/archive/c065e62f4a39e699543ffc1cdf6cc6e9810cd7e8.jpg,Aluminum_阿铝,4784568
BV1KdqAYXEoY,https://i2.hdslb.com/bfs/archive/bdbd4a4bec2faf4729fc89f15cbdef48f19ab43f.jpg,璘月亚灺Xie,412412152
BV1KhVZzsEWw,https://i2.hdslb.com/bfs/archive/832f454f8e1670dbb5f85c05a78dc6a5954d36bc.jpg,Starst星尘子,399170457
BV1Ki2fBdEF1,https://i1.hdslb.com/bfs/archive/80522c380242c80da727ae93dd0c3f28c272ab10.jpg,灯火渐熄,1525466474
BV1KjoKY1Eyo,https://i2.hdslb.com/bfs/archive/9865e41f41d59650f1fad228a3182e0adb21649e.jpg,Helius-p,261681328
BV1KkhuzeEBf,https://i1.hdslb.com/bfs/archive/18b79073823b02ffdaf1772d5a510829811f3942.jpg,快晴After_P,1553977707
BV1KnNWeLEpv,https://i2.hdslb.com/bfs/archive/4e931b425fe2f493a366b9aa2554266399f9f9b5.jpg,不觉醒的双簧管,66768894
BV1KoR5YYEWn,https://i2.hdslb.com/bfs/archive/e6c4fe55b74219928164f9356fae2116b4647570.jpg,萤与花_hth,355904832
BV1KoWzerEGh,https://i2.hdslb.com/bfs/archive/a02afaaa0fa7046dc5b9e500d2a256660230ba9a.jpg,4The-Answer,3493106924128835
BV1KozxBmE9G,https://i1.hdslb.com/bfs/archive/d5ce4f41de807b12f4f0adca7bad0b0c0dc97959.jpg,洛神天依睡不醒p,2074814063
BV1Kp4y1j7By,https://i0.hdslb.com/bfs/archive/64ed57c6d003f5eba3945a867f338ff93417bd9a.jpg,账号已注销,473617631
BV1Kq7pzME9F,https://i2.hdslb.com/bfs/archive/92adf7f3b7988c30d3c57004bfb394da5463d4aa.jpg,ALTAR及帝,1396301644
BV1KqVrzjEeG,https://i0.hdslb.com/bfs/archive/d90b09646af52ff87721479cf32c524a2627e671.jpg,H.K.君,18232
BV1Kqu5zoEAv,https://i2.hdslb.com/bfs/archive/4d02ab349ebb6a891aef2f6df954769fa89038cb.jpg,ON_SELLING,37663643
BV1Kr4y1j7ai,https://i0.hdslb.com/bfs/archive/9bf05b00d2448a5d82e92fdd3688b6dd72b88ae1.jpg,凌叶叶w,383271597
BV1KrKnzqEUN,https://i2.hdslb.com/bfs/archive/73ced1e61dfa49369a5f6a4e7961ac7e050f91a8.jpg,维克兰特_Vikrant,386731500
BV1Kt4y1F7i2,https://i2.hdslb.com/bfs/archive/3a7a73276ac3c2ef05d83ce244f99ccd332a61bd.jpg,_天云雨_,247112755
BV1Ku411X7je,https://i0.hdslb.com/bfs/archive/cd8ca3a1064e47a1a11b421050ea1a4e8838353e.jpg,猫大可,139905
BV1Ku4m1K7Hs,https://i0.hdslb.com/bfs/archive/05b5f428813f23784aaf69a487fd7c4b5eb09eec.jpg,士织吖,88914391
BV1Ku4y1d7Xy,https://i1.hdslb.com/bfs/archive/949ba3f2715830f1ab154faa752d0047aed34db2.jpg,账号已注销,178849577
BV1KuzVYXEg6,https://i2.hdslb.com/bfs/archive/62cd8ef4f5732150cd9239d8799d71f5ac5f8b4a.jpg,青叶摩卡不如美竹拿铁,550564545
BV1KvAJeaEG7,https://i0.hdslb.com/bfs/archive/8a21f60605615b4c50c7b5ba2ab0bf62428ca6cb.jpg,--WHIVE--,13671781
BV1Kw411B7SP,https://i1.hdslb.com/bfs/archive/e8219f987c173444e2831bb96b8acd4813bf6fda.jpg,风湮Official,8151904
BV1Kw411z7Fi,https://i0.hdslb.com/bfs/archive/e8b14efa12cc2eddf7e5bc953346263797ea34a1.jpg,rotinP,522084781
BV1Kx411L7Ha,https://i2.hdslb.com/bfs/archive/1387cd90e19bb045649baba2f41c3fdd67f50e27.jpg,水螅-Hydra,9531894
BV1Kx4y1R74m,https://i2.hdslb.com/bfs/archive/3613e055a6c046bf12bf34ebea2b6f59df53b6c5.jpg,影歌P_Kageuta,356160341
BV1Kx9WYQEG2,https://i0.hdslb.com/bfs/archive/fda1a8d364e254d2d992b1b022f63eb69972b120.jpg,神鳴沢世界,114419306
BV1KxEFz3Exz,https://i1.hdslb.com/bfs/archive/25f6384db1d07a14b4c077f03fc7f3ddc4e197c7.jpg,言爷,359806
BV1KxMizDEmK,https://i2.hdslb.com/bfs/archive/753e1d0f35094b6523dbaf93543eeaf65303135d.jpg,呜呜呜呜呜尔班,325440843
BV1Ky41187fj,https://i1.hdslb.com/bfs/archive/ee75291a855d080de46ff8c6b0d8f4aae913dc7b.jpg,北境秋风,483626433
BV1Ky5KzmEr4,https://i2.hdslb.com/bfs/archive/f3a4e16f9f817cd25d1405b443d8a9f1a9a86eb7.jpg,zhao55052,9148369
BV1KzLkzDEuM,https://i0.hdslb.com/bfs/archive/057add5274a8543485183bbf0005e3a3e0f2969d.jpg,仲瑾特雷森帝吓室,484003657
BV1KzmcBaEqu,https://i2.hdslb.com/bfs/archive/a80e9e90342a1a609ce8ff4623b6ea935a303024.jpg,糖妤萱,248886354
BV1L17AzcEeq,https://i0.hdslb.com/bfs/archive/5788efbf2eaf5b5d7f9bf0dd80857619b2f8893c.jpg,零天羽,36395571
BV1L2421A7MN,https://i0.hdslb.com/bfs/archive/3a2fc889c2235ce2b06394ea32e9402fbc6dc1f5.jpg,Flickerflame,287090483
BV1L24y1D77J,https://i1.hdslb.com/bfs/archive/ebbf89c250e32bdc11a79e8a85e8f9d88a9a90ba.jpg,心尘star,98621683
BV1L4421c7AR,https://i1.hdslb.com/bfs/archive/07fd65ecf8573f88cc5a482070d87bfa841ee609.jpg,不好吃的SrDt,391558321
BV1L4f3B6E46,https://i1.hdslb.com/bfs/archive/b978063795e150ecd158bc6514a6c3ab893b36ca.jpg,归尘回梦,671367010
BV1L5411i716,https://i2.hdslb.com/bfs/archive/3d7f2f1feb064908f4372ca29ab47c04ad0d5076.jpg,秒临夏,248841146
BV1L66ZYAE8k,https://i0.hdslb.com/bfs/archive/06e074a88285ad2417b6ba91339aed35eccde78c.jpg,白糖の正义铃,180668218
BV1L7YJzEEuz,https://i0.hdslb.com/bfs/archive/cb68387bf9a523b68e579f019ecd727200193921.jpg,神鳴沢世界,114419306
BV1L841127r7,https://i0.hdslb.com/bfs/archive/34c6d4573198a3f00e43b5e9d03bf4b5be837a5b.jpg,9ma_P,1011163079
BV1L841167sj,https://i0.hdslb.com/bfs/archive/6ad88107a95b04ca495b65f92a4090bc08282875.jpg,明澜_,299857125
BV1L8h1zEEbQ,https://i0.hdslb.com/bfs/archive/8a0b569b957f0e0fdfc943e87611445d30b199df.jpg,默夏-official,3546867061230085
BV1LBP5ztEAP,https://i2.hdslb.com/bfs/archive/e6d8bdb716451b0bd4f4c1c516e215f517cc57fe.jpg,CancerCendil,40101180
BV1LC4y1c7WN,https://i0.hdslb.com/bfs/archive/3f7313fabd5f38401f39d75062a050b58889ae69.jpg,星尘Official,15817819
BV1LCh9zrE5b,https://i2.hdslb.com/bfs/archive/7594906361c75360fc96a09686878b4a1c179c5f.jpg,x核桃糕x,272449723
BV1LCpizuEoP,https://i2.hdslb.com/bfs/archive/98b0a9c85df1b162abdc7dcc8944e8168d6825a7.jpg,P不月水蒼Q,365743248
BV1LDuHzcEni,https://i2.hdslb.com/bfs/archive/42837cce6201dbe026cc5c108a6ef34bc0b54756.jpg,不好吃的SrDt,391558321
BV1LEfTB8EmQ,https://i0.hdslb.com/bfs/archive/1fc7cc48da1a199796fc415cb2272fdac9ada12c.jpg,咕-小白-咕,1345662615
BV1LEqABtE7E,https://i0.hdslb.com/bfs/archive/c24ee16fa5b05b4ed33f3c29a1ef4edcbdc5199a.jpg,Un_dolce,3512622
BV1LEwAzREk3,https://i1.hdslb.com/bfs/archive/4d6f9d13a4af3960c5730854d08fb346683362df.jpg,Dr_Dinosaur,484653082
BV1LExMzYEpr,https://i2.hdslb.com/bfs/archive/903b8c018a4f5b847bb68c2a782a0791f68eb6c4.jpg,Dagazs,88726438
BV1LG411A7Pj,https://i1.hdslb.com/bfs/archive/65217b71ccce31169a642a3cfb2d7546daffeb87.jpg,R小绵羊233,102544559
BV1LG411N7RB,https://i1.hdslb.com/bfs/archive/d94c58656e11dea04c567148147697f690450233.jpg,QutaiBai柒白,107609416
BV1LHmGBCEAw,https://i0.hdslb.com/bfs/archive/64451a12deff76f9385270fa1a835f69d37fb589.jpg,云晦,1986561987
BV1LJ4m1u7jN,https://i0.hdslb.com/bfs/archive/7bbf7a75f0177f0a4c42bae279787e7e85f0a8e6.jpg,账号已注销,223928340
BV1LJC9BHEbr,https://i0.hdslb.com/bfs/archive/de28091d18e7e40a0a98c896e3d9ad5c1f6e7150.jpg,妍Yuna,626643626
BV1LJqfYRELH,https://i2.hdslb.com/bfs/archive/bf78141d3d75e3a2ce9b0f5a3ce16f4d49dada24.jpg,rotinP,522084781
BV1LK411o7zA,https://i2.hdslb.com/bfs/archive/0802a1890c0584d51d9877ecd3496257acd108f9.jpg,浓缩排骨CowGroup,110090
BV1LK4y1q75Q,https://i1.hdslb.com/bfs/archive/f57c4e1a7377782dc562f20a52fb53e03d8a805a.jpg,风湮Official,8151904
BV1LM4CerEbU,https://i2.hdslb.com/bfs/archive/fc853be297e694597b39c1d011663a1a8e286501.jpg,Mi-u_,398660064
BV1LNHTzUE3U,https://i1.hdslb.com/bfs/archive/9861073acb7b666895b149628b24aef02e96a10c.jpg,从来没有好名字,365865598
BV1LNk7YQES5,https://i2.hdslb.com/bfs/archive/31ceeba6aae9383fb26b3e30838c0a898f994cac.jpg,一只路过的史莱姆z,474601742
BV1LP411T7i6,https://i2.hdslb.com/bfs/archive/bbc7ac989739640ae5d4d7666b1993a7cf35e463.jpg,不学无术鲈鱼酱,87649739
BV1LP411b7bu,https://i0.hdslb.com/bfs/archive/66c77b7a37166f405e85235aa6fe6494694b2dff.jpg,_立木_,291889283
BV1LPzrBuESQ,https://i2.hdslb.com/bfs/archive/c768f7fa8f3ae4564d18c13f8b3effcb67b492ab.jpg,匹垂客Petrichor,1283732492
BV1LQ4y1J7FA,https://i0.hdslb.com/bfs/archive/ef258df00aa53f9783a5ef42dee26e2f857c5c33.jpg,Finally302,393436498
BV1LQNEeUE9D,https://i2.hdslb.com/bfs/archive/0c7aa6d71f56a44a77cf3a625e3250d9e19de12f.jpg,遠野志貴_Official,440867090
BV1LQudztE1E,https://i1.hdslb.com/bfs/archive/de030c5a5b0d8a9c3ad2caf5b81498c09bcdb188.jpg,ALTAR及帝,1396301644
BV1LQudztEEM,https://i2.hdslb.com/bfs/archive/8527e49514193a529fc72819107f0705793bc8ed.jpg,卡莱米诺,351755715
BV1LR4y1w7Hk,https://i0.hdslb.com/bfs/archive/9dcb69a8d1faa8364dee58f641164dfb5371afd2.png,徽梦OvO,693869112
BV1LRW2zvE5j,https://i1.hdslb.com/bfs/archive/30dd0ed7d09f8f2bd904972fd0fbfb10ed79dbda.jpg,寂灵後,3493124687006642
BV1LRvkefE2A,https://i0.hdslb.com/bfs/archive/70963f519866527e116e6a3a2b3757d8c3c8e16a.jpg,晓梦时光,382839354
BV1LTcAefEkp,https://i0.hdslb.com/bfs/archive/f2a31fd3a2b920d476acac4ffcb530e65c0b04a0.jpg,蓝鹰QAQ,493851957
BV1LTn2zoEqW,https://i2.hdslb.com/bfs/archive/4a848af1d4562b253e3e1160bcdc0b991b2b206b.jpg,秋山殿_yuiner,547485855
BV1LU2GYQEtp,https://i2.hdslb.com/bfs/archive/3e9d34f807394b031d65a3aacf568c985c714fa6.jpg,赤凌p,382441421
BV1LU421Z7Gc,https://i2.hdslb.com/bfs/archive/d6c8a35e5e82d72f646fad5020277b988d804018.jpg,来者可是旺旺碎冰冰,118908316
BV1LU4y1B7Rg,https://i0.hdslb.com/bfs/archive/3d3b2393adc315056156b2197b2ae7e941ea0bea.jpg,心脏扭蛋_rabbitrite,28536033
BV1LUu9zQERH,https://i2.hdslb.com/bfs/archive/7dbd5369f1b0f156df9e15cc2cb2efaeadde0c34.jpg,茉_浮沉MuV,3461570847837154
BV1LV411c7sn,https://i1.hdslb.com/bfs/archive/6943ba76063c3a518625be42f76403822052b7f2.jpg,星海化相思,548530704
BV1LV4y1Y711,https://i0.hdslb.com/bfs/archive/5ce19165c21de731183d6035b2b674196b45fa11.jpg,AsterZC19,11332568
BV1LV4y1Y7sK,https://i0.hdslb.com/bfs/archive/2bec2980db6df848567d23bea7e7832f3a999278.jpg,晏清Aurora,3493281197459892
BV1LVKUz8EGa,https://i2.hdslb.com/bfs/archive/88165cb2e021099ab1f08b86debe4eb66f803476.jpg,KunKi114514,163104011
BV1LXudzoEd4,https://i0.hdslb.com/bfs/archive/49148c7e2e39bcae2aab7161c1a363c4ea3bffd8.jpg,TR_QC,492256580
BV1La4y1Z771,https://i0.hdslb.com/bfs/archive/c7a3464d362900d322e01de00b0191dc0da67f1a.jpg,琲鸢Sayaka,58534834
BV1La9iYKEQn,https://i0.hdslb.com/bfs/archive/7e2b068c31c3d604a0307e6fc1eecbca4c60ea1d.jpg,爱喝啤酒的烧烤P,327601393
BV1LaNkeSExC,https://i2.hdslb.com/bfs/archive/3ec960fee45dace314ceb7e3073f6b12dd2be468.jpg,墨素Mohius,36112611
BV1LaahzyExi,https://i2.hdslb.com/bfs/archive/7f819685f14726c7f2776ddacec3fa48c2ebcb26.jpg,电光-,266573890
BV1LawdejE7e,https://i0.hdslb.com/bfs/archive/c013c6b7c4e2ac598b483e6ef5b717ace43f92a4.jpg,李随歌,22136641
BV1LbC2BwE1E,https://i1.hdslb.com/bfs/archive/ca2f443ff52f0a38e8e2ef4b380d67d0e949179b.jpg,wuli-桶,481936080
BV1Lc411K7Fr,https://i1.hdslb.com/bfs/archive/6198398ef3902aa5e0a19d6de74400c336607a64.jpg,鱼鱼酋长,399950312
BV1Lc411t7aS,https://i0.hdslb.com/bfs/archive/5016c91a36334a2f8e6275b6721205f6a613dbec.jpg,重水_P,267054692
BV1Lco6Y9EQL,https://i2.hdslb.com/bfs/archive/651476d7f28ce0aa6d3a827d25ac2a6e099d51d0.jpg,倾璃Kiyori,206122078
BV1Le4y1x7qT,https://i0.hdslb.com/bfs/archive/a392c066dfd161b1d402035502217d33a784deca.jpg,Kirakey怎么又困了,2131695650
BV1LetBzQE3a,https://i1.hdslb.com/bfs/archive/95b822a597f29267ef62bd83697dec48fdc7ac04.jpg,从来没有好名字,365865598
BV1Lf42127TE,https://i1.hdslb.com/bfs/archive/5293955b243d538ee618b6844532750796076a01.jpg,夜屠灵,333083467
BV1Lg4y1y7Sn,https://i0.hdslb.com/bfs/archive/e145171e1906ce3ba1d0177f21e60477a20bb528.jpg,不好吃的SrDt,391558321
BV1LhFueCEY2,https://i0.hdslb.com/bfs/archive/c7ac769eea304ad2c439587e05bf18fe673a2ba1.jpg,1mol梨花茶,353784518
BV1LithzTEUB,https://i0.hdslb.com/bfs/archive/5da61c276dc60159e1ee604055c1f9f2359daea3.jpg,劣人_弗洛,130932533
BV1Lj421U7DW,https://i1.hdslb.com/bfs/archive/bd1ea2241b982cd2589b44e097c02d7768a9fbd2.jpg,伊恩一,3546623177132121
BV1LjdkYtEh6,https://i1.hdslb.com/bfs/archive/020af6119c2985303d7115de934b7ad1338fde48.jpg,阿凛子君,311901
BV1Lk4y1Q7cW,https://i2.hdslb.com/bfs/archive/087914e222828beb8f37f82c1ec5a3289e80b442.jpg,风湮Official,8151904
BV1LkAczsEb1,https://i0.hdslb.com/bfs/archive/86e9e9ab13999ab980723fa5e2ce2ba8bf60f477.jpg,ctce31522,1669218148
BV1LkFxzSEk5,https://i0.hdslb.com/bfs/archive/2a5ba494c5a3e2e3d63565db112b3f4815fef27d.jpg,鲨潜,3632316347845409
BV1LkH7e9EKE,https://i0.hdslb.com/bfs/archive/a2d2368917f31d1f2abe48c67b33f9ba5ef27685.jpg,绯雾Fitwar,2021631527
BV1LkNGehEct,https://i2.hdslb.com/bfs/archive/ef3c5e407fa8ebf235656430287fe42ce9b8e6f7.jpg,SteggOo,320519460
BV1Lm4y1P7xe,https://i0.hdslb.com/bfs/archive/4ad66b3fa7b9127374a46e940c753c1a5902ce91.jpg,Dagazs,88726438
BV1Lm4y1T7gn,https://i2.hdslb.com/bfs/archive/7f761a836c139ec6e4230dfbacca264ba45bb168.jpg,萌布朗moeblanc,263070436
BV1LobVzXEhy,https://i2.hdslb.com/bfs/archive/6e2009178a653e2dcc520e6f359233fd3679a630.jpg,忍者开天地人放不了lb,12565885
BV1Ls411s7hE,https://i1.hdslb.com/bfs/archive/e2ce0d5c9aa4874d5a3a57a785e80078ca3cbfcf.jpg,战场原妖精,109564
BV1Lu411J7dU,https://i2.hdslb.com/bfs/archive/7c1ac15fa5b8fe814d9f3058e81fbcd9dc88469d.jpg,人油蜡烛九毛一根,321136799
BV1Lu411j7gB,https://i1.hdslb.com/bfs/archive/8e784599e581c2193f334d6f97d841d14e0bba42.jpg,诡异娃娃MK2,642953656
BV1Lu4y1M7qH,https://i0.hdslb.com/bfs/archive/ff246deb8bd10cbd43e5f63361ae691b3ca05acf.jpg,Dagazs,88726438
BV1LucAetETn,https://i2.hdslb.com/bfs/archive/192ea0ff9c67a5008a6bc6fcceb935284a6521e3.jpg,晓梦时光,382839354
BV1LusMeTE5p,https://i0.hdslb.com/bfs/archive/b732c0356084f87ae6a885dab6d433726d832e5c.jpg,Redi归_热地,177783703
BV1Lv4RzwE4D,https://i0.hdslb.com/bfs/archive/ae41eb713c9584d33f7669c74760124d35f9877c.jpg,Lagrange_P,314077076
BV1Lvxjz9EFP,https://i2.hdslb.com/bfs/archive/8cf5d0c09492def6b34d8c74da09553cf6d39b89.jpg,Wavesparody,454198225
BV1Lws4eXEKz,https://i2.hdslb.com/bfs/archive/869834f500b402c9014eefc38af2f54ab13bab85.jpg,Airam_歌,4694556
BV1LxsTeiE6r,https://i1.hdslb.com/bfs/archive/09705efdf184488dc7ae5a584f9054c6b9aedfca.jpg,Star__P,3546736305900006
BV1LxtwzHEey,https://i2.hdslb.com/bfs/archive/e4c51ed106051629ab4052a1aa7aa315115a60a6.jpg,Yukikaze雪风1453,88985936
BV1Ly421h7bM,https://i2.hdslb.com/bfs/archive/b5447160b86c016e4b2707b2aec70c59f643063c.jpg,Zero_零式,356129654
BV1Ly421h7nv,https://i1.hdslb.com/bfs/archive/117df0fb73413c01d5b87e2552baf9840410da39.jpg,衣物鱼Yiuv,697934264
BV1LyynYzED6,https://i2.hdslb.com/bfs/archive/a0fb3d6a6b813d460d789903906312bc6245a0b2.jpg,时光代我如旅人,64964948
BV1LzxXzoEpu,https://i1.hdslb.com/bfs/archive/597c4da387f227011c937c266e9b5764b85fdd29.jpg,吃吃安息香爻爻爻,651643146
BV1M14y1r7PF,https://i0.hdslb.com/bfs/archive/c09163c6561923c8d91014bb997a18a095d9fc19.jpg,洛泣21,4678668
BV1M1h1zMEWc,https://i0.hdslb.com/bfs/archive/d16133c7a42fde82048a4280751c55abf5f317a5.jpg,霄林_official,391605366
BV1M1kaYDE7D,https://i1.hdslb.com/bfs/archive/166f8479aa2bc4fee6d77dd58d0e02f5d8bf6649.jpg,total_loss,10541140
BV1M2yGYKEYN,https://i0.hdslb.com/bfs/archive/7637d7b36ac6a1bf46dbef7a264c2798a20e419e.jpg,AAA笑颜妄语,354807368
BV1M4HveZE2j,https://i0.hdslb.com/bfs/archive/c765704aa10cd17e7cd366f12e98732fb4313262.jpg,风岭岭,390275623
BV1M6JNzFEFR,https://i1.hdslb.com/bfs/archive/dd1977921497f869768e638342280b9083abe940.jpg,墨素Mohius,36112611
BV1M84y1B7eq,https://i0.hdslb.com/bfs/archive/22a4418e655765a67cd6b6ce15528845fefdb5c3.jpg,墨素Mohius,36112611
BV1M84y1f7L1,https://i0.hdslb.com/bfs/archive/6fc5d58ee4ccdd829320526565fb5ca41f2b7b87.jpg,墨寰辰,230243329
BV1M84y1y7ed,https://i0.hdslb.com/bfs/archive/bafa2ed095b3d27d1f9314d2317714b525042915.jpg,很薄のA4纸,26547025
BV1M8ZhBjEmF,https://i1.hdslb.com/bfs/archive/814c697db7249174336cab5a75dd999dbca21af0.jpg,y的相反数,1091476731
BV1M8dkYUEUS,https://i0.hdslb.com/bfs/archive/ada8b322c8dd663a9f12895df92fbf3057ca7929.jpg,魚栞奈,2093956209
BV1M9MXziEQz,https://i1.hdslb.com/bfs/archive/db80e270cbcf193eae0ea810ca2f44f90182b081.jpg,P7iu5taR,3546753594820775
BV1M9bNzXEc6,https://i0.hdslb.com/bfs/archive/0b65d9a7ea984e6a6c289449ce228421852f1cb9.jpg,言爷,359806
BV1M9ePzaEwW,https://i0.hdslb.com/bfs/archive/782b2be48e5bfdb6fcf4b99a14dd71b6e7da73ab.jpg,国民爱抖露IsuChan,3546603843487946
BV1M9nJz6Ec6,https://i0.hdslb.com/bfs/archive/1e472893c6ab470533c8d723f50c6252088e2a87.jpg,江书绎_Moka,225038622
BV1MA4y1S7Mo,https://i0.hdslb.com/bfs/archive/a288ee0f9c8725b19cd153df450a395890763615.jpg,MaxXSoft,295902
BV1MABzYfEFS,https://i2.hdslb.com/bfs/archive/1bac7998e571eb6c237abaa95090c544c49b0979.jpg,Mr兔_P,4399111
BV1MB421z7HQ,https://i2.hdslb.com/bfs/archive/4e43cac78f9b4fbd333548180fe214d3d15b0cb7.jpg,零天羽,36395571
BV1MBKRzqE1B,https://i1.hdslb.com/bfs/archive/43d62aa7f94a64f501e8d1250c9d883c721b32e1.jpg,Dragon不吃汉堡包,358196342
BV1MC4y1C7VC,https://i2.hdslb.com/bfs/archive/b00cf48924225f906b7b73000b2ac7c7058ddd56.jpg,Danny随便发点啥,477226354
BV1MCFreREBJ,https://i0.hdslb.com/bfs/archive/fcbafa2b1e93bf6f3489ca4f281d15948a093c22.jpg,风雪之屋,422075006
BV1MDrPBFEnB,https://i0.hdslb.com/bfs/archive/88fc21045e7c63b6f443739fdd68bae99145e09a.jpg,酒味熏香,85591476
BV1MEjMzcEmx,https://i1.hdslb.com/bfs/archive/4f2cc8542157c521dc3d7f58a5a360fc1f096100.jpg,Thynephis_小赵,511206731
BV1MFZPYkEqD,https://i0.hdslb.com/bfs/archive/a2c9a1270716a32acb07727e3e9fb6d5889e8b30.jpg,真极I巴多轼,353680168
BV1MFdWY4Eyx,https://i1.hdslb.com/bfs/archive/6687373d93a6aee355c6f82ffcea7ac65f568128.jpg,唐水离,37437299
BV1MHASeXERV,https://i2.hdslb.com/bfs/archive/bdd58d81a6c2b0d0048771e472a397c7403fa88f.jpg,不好吃的SrDt,391558321
BV1MHyQBKE1Y,https://i2.hdslb.com/bfs/archive/215e2e951038721407a0e501ac1a8c73d1b37beb.jpg,千春MultiChun,3546764573411472
BV1MJMpz7Ek8,https://i1.hdslb.com/bfs/archive/93b363bc87ac99effb10e9d4fa8f282fce166cfa.jpg,云梦魂灵,356092974
BV1MK421178B,https://i1.hdslb.com/bfs/archive/202781fe4e14f99905455a6f43ee5b0231793d18.jpg,MegrayChan,291318088
BV1MKRYYnExh,https://i1.hdslb.com/bfs/archive/01eace3ae7496bebf3c1013e18b77f414318b5e9.jpg,白糖の正义铃,180668218
BV1MKsJz7EEP,https://i2.hdslb.com/bfs/archive/0ce74e3b7ee88c1a485682ab810c264c3040ba8a.jpg,MiKi_努力学习wwise,20700948
BV1MN4y1C7oB,https://i2.hdslb.com/bfs/archive/9798e6d7f4da05a1c2b988afbd4e87c5c32adf79.jpg,风湮Official,8151904
BV1MN4y1N7TW,https://i0.hdslb.com/bfs/archive/5066dca5923e6a962f6c09d3cc7ba6ebecbe98e6.jpg,正十字p,286716744
BV1MN4y1m7gP,https://i1.hdslb.com/bfs/archive/499c0f93f74da4dd721e7170dee9e9abc7d31f9f.jpg,星语落枫,52699238
BV1MNmMYbEYQ,https://i2.hdslb.com/bfs/archive/8d282669a69742ec424cc04c7103d1c69358900c.jpg,-凛武-,129368153
BV1MP411s7WN,https://i1.hdslb.com/bfs/archive/0e6d59006645c42acf11093da1d1add997143eb0.jpg,TeddyAster,53599821
BV1MP411y7Me,https://i0.hdslb.com/bfs/archive/9ad9a350d8354d11d66ae0a4628ab4555126b1c0.jpg,Zill温记,475358698
BV1MQ4y1A779,https://i2.hdslb.com/bfs/archive/7b4e53fb1823f0490a4c8249f612ba071473a67f.jpg,宅在家的白菜,12096392
BV1MQAaeuE2B,https://i0.hdslb.com/bfs/archive/f410d1881a5bd5d5b1cf2aa302d22b52495602fb.jpg,城市框架,23363304
BV1MRTqzdEUs,https://i2.hdslb.com/bfs/archive/b1d4cd20a6939c7e37e045db243edbc223f622a6.jpg,一个myU,49742502
BV1MSb5z7EDv,https://i1.hdslb.com/bfs/archive/76f8830437dff5f99ffcaa77a3ae7a2d96531b18.jpg,双辞冫,423886341
BV1MT4y187Xh,https://i1.hdslb.com/bfs/archive/09f4246d0077e31b5856d4865b01a40695cb9fb5.jpg,衣物鱼Yiuv,697934264
BV1MT4y1u7PY,https://i0.hdslb.com/bfs/archive/2d51f11189a980f3b14325af1d3bc9b08615a3aa.jpg,瑞安Ryan不跑调,108845996
BV1MTqGY7EGP,https://i2.hdslb.com/bfs/archive/9f434d9ca0f02c827c2e203e28f57f4ff4a5a183.jpg,羡临渊zzZ,472407628
BV1MU1MBQEWJ,https://i2.hdslb.com/bfs/archive/a6a3a072c113c225d955db3a5d054272e07a6121.jpg,い爱花丶,26069934
BV1MVyPBKEgF,https://i0.hdslb.com/bfs/archive/120ec6a3b099f8813cbfe6ed24b8ea76581ef1a2.jpg,归尘回梦,671367010
BV1MW4y177Vi,https://i1.hdslb.com/bfs/archive/f683db7204cdcaecadf253f2f600a188ca8eebef.jpg,账号已注销,31562644
BV1MW4y1R7tY,https://i1.hdslb.com/bfs/archive/7d1d43e4362dffd7feafaa5b6e225fdd974126fb.jpg,晴海再不画画就剁手,3092339
BV1MWtUzuEkJ,https://i2.hdslb.com/bfs/archive/e1949c6fc02974f560519dda5d83445f1346989a.jpg,白雪優月,12901600
BV1MX4y1e7wK,https://i2.hdslb.com/bfs/archive/9de2cde57f921ac2d72077ae0e8533721902fd54.jpg,星海化相思,548530704
BV1MXctzyE3n,https://i2.hdslb.com/bfs/archive/0dbd944f2e8cf343e43d613681cfd36631dc122f.jpg,松原小磊,10876159
BV1MXeizpEpp,https://i0.hdslb.com/bfs/archive/6fbad85993219206323e7aa41c40461cc2f7fe85.jpg,国民爱抖露IsuChan,3546603843487946
BV1MYCaYXEQ1,https://i1.hdslb.com/bfs/archive/0360bcbeae38642364693e0dfe38cbb456c5827a.jpg,_天云雨_,247112755
BV1MamYB4Etp,https://i2.hdslb.com/bfs/archive/a4a8d22e484746190516254da4444d8813c0926f.jpg,ConradSong,482754690
BV1MatXzJEJa,https://i0.hdslb.com/bfs/archive/fc19e1e3af572ae88d449b0a30bc10b16c2719c8.jpg,Yiiddaa,470235833
BV1MbPPz9ERz,https://i1.hdslb.com/bfs/archive/34e7d4e268644d1085cf82ff23b0504ba63d703d.jpg,洛天依の舔狗,499247026
BV1MczFYDEYs,https://i1.hdslb.com/bfs/archive/0dd4ed696e0344a050e108f7162c4b5b63d940a9.png,言洛p,234390330
BV1Me411U77L,https://i0.hdslb.com/bfs/archive/a84c69231c7c4ecbad8b021086930ec5ee7aa383.jpg,琲鸢Sayaka,58534834
BV1Mf4y1J7TQ,https://i0.hdslb.com/bfs/archive/9592579a10c043d6cb6ade5acfa6abe6b1b3d42e.jpg,1mol梨花茶,353784518
BV1MfBWByEj8,https://i0.hdslb.com/bfs/archive/a8b77aefa106c6b49f2bc7ce178cb3257b7bfc1a.jpg,Menci,8205900
BV1MffCYbEkw,https://i2.hdslb.com/bfs/archive/f71ce2dc53bf51d5439ecddd7b3ca038a01dc577.jpg,赤凌p,382441421
BV1MhvpBPEi6,https://i2.hdslb.com/bfs/archive/932f1b371e4bfe8b8ccd99dbb48e63cc52bd803e.jpg,神鳴沢世界,114419306
BV1MhzfByEiw,https://i0.hdslb.com/bfs/archive/9fb081f3f441f83f3e33c702d5b5ac393f5413d5.jpg,羊風青,493797889
BV1MiZHBHE2j,https://i1.hdslb.com/bfs/archive/88baf97f4ec75e60b328ef1e545f3958331b09e6.jpg,幽天歌,592784581
BV1Mj1eYFE8T,https://i2.hdslb.com/bfs/archive/915eb5ea0c18454f4ea37fa13aa566e99236fefd.jpg,Carno卡尔诺,22661384
BV1Mj411r7c3,https://i1.hdslb.com/bfs/archive/f6d17f7906570b3c8b7698151103427a8404e25c.jpg,宅在家的白菜,12096392
BV1Mk4y1N7t1,https://i0.hdslb.com/bfs/archive/0efab7bc1a406416b2f3e65efaa1fc2f130f65e5.jpg,麒炩Kindling,3332130
BV1MmfoB9EQv,https://i1.hdslb.com/bfs/archive/eba6c664a7dcaad97c964d188d02dee8707f3939.jpg,星繁乱入眼,1726243795
BV1MphyzNEKz,https://i0.hdslb.com/bfs/archive/baac10a148b3f3196edbcbf8e376a12a0f171597.jpg,L则鸣,442791639
BV1MrHuepEEr,https://i2.hdslb.com/bfs/archive/7b4282b9160b9d787c3ef9cfbeda4035c5bc70cb.jpg,零天羽,36395571
BV1MsLmziEKk,https://i2.hdslb.com/bfs/archive/548440d4ebc3bd53bcade43a7fcedf30f0041bd7.jpg,萌之上乃荡漾,314521153
BV1MshdzYEg4,https://i1.hdslb.com/bfs/archive/80879059b14a46eaec48cf90fb02369cfca3c869.jpg,星期日不上网,3546883270118058
BV1Msz3BVEDx,https://i1.hdslb.com/bfs/archive/500d0a96c6b8e5f5119bee0ed6819f316fd0b054.jpg,熊青嵐,31159764
BV1MuUEY8EPW,https://i0.hdslb.com/bfs/archive/014b483c1e247188d9d1f7769a0723fa44ff10e1.jpg,一只路过的史莱姆z,474601742
BV1Muq5Y9E3r,https://i0.hdslb.com/bfs/archive/6e9d74450a1888dcb4f41bb3d0710da6fc3b1e29.jpg,章鱼外星人,454524809
BV1Mv411w7SZ,https://i2.hdslb.com/bfs/archive/f0d0aa21f901579c9e50074b9581e60c9464ef21.jpg,yoboby,254054345
BV1MvNieWEYq,https://i2.hdslb.com/bfs/archive/fdebc729d32043f176fb663f709a20ff4fee71ef.jpg,Dragon不吃汉堡包,358196342
BV1MvyjBzEFz,https://i1.hdslb.com/bfs/archive/fcdf915e179e3d7aa35087a3174abd747fbcd3fd.jpg,不會做音樂的狼夏karami,613784642
BV1Mw411t77k,https://i0.hdslb.com/bfs/archive/319d75e3c68c0abb81655d8516ea4030535fc6e7.jpg,-Ha哈Rl雷eY-,3461565890169309
BV1MwYAzsETg,https://i0.hdslb.com/bfs/archive/27190e9c0cdedfaf089200469808620db66ce024.jpg,账号已注销,3546968768908049
BV1Mx411g76K,https://i2.hdslb.com/bfs/archive/b69dd787b5a2d07ece51f8db2f481cd5720e81ce.jpg,DSP_8192,14596815
BV1MxYSzsE4U,https://i2.hdslb.com/bfs/archive/89439c3794d1a95a48b73d0c9788a8e9c88164ca.jpg,国民爱抖露IsuChan,3546603843487946
BV1My411a7wC,https://i1.hdslb.com/bfs/archive/a5a430415494bb8b4d038b5df4f9fdaae68a28a7.jpg,SteggOo,320519460
BV1My421a7ZB,https://i1.hdslb.com/bfs/archive/e61dfabd205b44043b250a5d2f65f286d26773b8.jpg,MegrayChan,291318088
BV1MyCBYzEzJ,https://i1.hdslb.com/bfs/archive/bf0ac5805435c7d875a326d9376d917f291bc7ca.jpg,萤与花_hth,355904832
BV1Mz4y147bS,https://i0.hdslb.com/bfs/archive/47a4a0a195050dc511c4f22cfefd629308bf3bbd.jpg,你看这个脸它大又圆-,399929945
BV1N24y1B7ZG,https://i0.hdslb.com/bfs/archive/2d79aa63d8b828e89e328f4b5f6f192b9566eca1.jpg,燈侑Yuu,43977445
BV1N3PHzFE38,https://i0.hdslb.com/bfs/archive/0f16bd720979bcc9c5dc8a89986ef038a1d74116.jpg,猫师傅_CatMaster,8110054
BV1N3cqzeEzr,https://i2.hdslb.com/bfs/archive/c73d5bb1e383b3addd9b640d671437862a40422c.jpg,妍Yuna,626643626
BV1N4411j7sk,https://i2.hdslb.com/bfs/archive/8dc96cbd492825084c96f45cf97186651ef27407.jpg,战场原妖精,109564
BV1N5YDzQEs9,https://i1.hdslb.com/bfs/archive/7487377ce5dd35b240ab99ed3c57d541106613ff.jpg,L则鸣,442791639
BV1N5x4ezEmF,https://i2.hdslb.com/bfs/archive/b8f3dbce57e0407db2a08eac1dcc2553edfde3d5.jpg,禾芷溪溪溪溪溪溪,186907588
BV1N642137TW,https://i0.hdslb.com/bfs/archive/0f9a230f69990a74e54b5ab06aa673b54062ead5.jpg,不會做音樂的狼夏karami,613784642
BV1N6421g7AM,https://i1.hdslb.com/bfs/archive/138474b83ce477b1e02135112c81639f9cd430a1.jpg,是小度呀丶,409858003
BV1N6kqY8ETM,https://i0.hdslb.com/bfs/archive/3716e52f2ec388b649a370fbac4467a4e79d91f1.jpg,盐水是言和水,285926728
BV1N7411n7fF,https://i0.hdslb.com/bfs/archive/a75a2a6eaa2ca0bd62076ccc84ec4772317416a4.jpg,yoboby,254054345
BV1N79JYrE2U,https://i2.hdslb.com/bfs/archive/8a4d32e8bd3f128dc72db1483c9a12ef70d7ac9e.jpg,零时梦呓,3546591008918330
BV1N8411y7SR,https://i0.hdslb.com/bfs/archive/751420dd3c855d4f8b4ae8bbaeb8af4ef1639d17.jpg,皠魇,8943384
BV1N84y1f7gS,https://i1.hdslb.com/bfs/archive/ad302bd3d1adb4ea56d3a11783d0f8de98247b46.jpg,星海化相思,548530704
BV1N8jyzbEDt,https://i1.hdslb.com/bfs/archive/161ad5e00959bbe9cbffa1a73d9db2f2f55486f7.jpg,白磷かりん,496931039
BV1N8xZefEp6,https://i0.hdslb.com/bfs/archive/1ec3a9a9a7149e43c5a39bebdd1f8207e6f52e76.jpg,夏日溦虹,3344681
BV1N94y1Q7kS,https://i1.hdslb.com/bfs/archive/ffa91e280b8e7dd82fb77fd72ea64b3121fd0e11.jpg,XrayStudio,441691453
BV1N9K5eREDo,https://i1.hdslb.com/bfs/archive/bfaaa2d2ac1f92650abc9465bec82e1d8ae15c2c.jpg,星莳star,142379467
BV1NAezzWEDX,https://i2.hdslb.com/bfs/archive/eb924fc6b70e448faab566762b16f48e6c728b84.jpg,岚峦,610147352
BV1NB42167U7,https://i0.hdslb.com/bfs/archive/992aebdb50261402d5306b20dbc2323593915ab1.jpg,雪人Snowman_,15607580
BV1NBfbY2ED2,https://i0.hdslb.com/bfs/archive/a721e055d6a74f1bf8e0f6f9a75246a7fbe28998.jpg,星尘Official,15817819
BV1NC411Y7PE,https://i2.hdslb.com/bfs/archive/687a2b2348296998e8cad19117ae446aa77d3834.jpg,零天羽,36395571
BV1NC4y1M7ew,https://i2.hdslb.com/bfs/archive/f2243283228b68670529a3532912185c18108457.jpg,墨素Mohius,36112611
BV1NC4y1n78p,https://i2.hdslb.com/bfs/archive/2084f95850bc7a1bc99dcda35a991b666fe625d5.jpg,影歌P_Kageuta,356160341
BV1NCtRzSEKa,https://i1.hdslb.com/bfs/archive/e72b1b7ca3029d3d663862fdac5678d0f2b70035.jpg,是封测高,513237161
BV1NE42157kP,https://i1.hdslb.com/bfs/archive/8a5a3d471db1b59f04f0ba058bdc6b8c6ec3cd37.jpg,账号已注销,488262252
BV1NEeVz7EdE,https://i0.hdslb.com/bfs/archive/3aa33ebbac9caeee6b83c85b249c5c565f72b203.jpg,鼠和弦_,364244868
BV1NFMgzkEpc,https://i2.hdslb.com/bfs/archive/8a13d92bb8c28ed8b6eec20b1fc65b4d7b84d599.jpg,Aya-啊呀呀,2577707
BV1NG41127je,https://i0.hdslb.com/bfs/archive/6f1e01c200f300ed1396f35ff89b6678ea2155d7.jpg,爱喝啤酒的烧烤P,327601393
BV1NG411F7Mu,https://i1.hdslb.com/bfs/archive/2c15209ef937427304ed9dbe2b350aaa691cb687.jpg,轻井泽けい,227598390
BV1NH4y12732,https://i1.hdslb.com/bfs/archive/f0b5e7ac2ef2f8d2ebfe7b4582ebd30adad53561.jpg,醉美夜空,429776817
BV1NH4y1a7dz,https://i2.hdslb.com/bfs/archive/97250f9b1e36d143eee0f80313bc45102b4c3764.jpg,风湮Official,8151904
BV1NHKkeCEz3,https://i2.hdslb.com/bfs/archive/c46f85f852410a907744e0d406baa4a1e27ecf4b.jpg,Kikuta吃西瓜,362543111
BV1NKNLeXEBQ,https://i0.hdslb.com/bfs/archive/0864b6ce258464346a650b3b63f8e5388513d2f4.jpg,度娘你要闹哪样,15665591
BV1NKrWYpEhB,https://i1.hdslb.com/bfs/archive/9720bb6a3a2478e71b70d001fe05b545c7020758.jpg,派派鵝,84259009
BV1NL4y1c7Tg,https://i1.hdslb.com/bfs/archive/8aaee74c1fcc72c67daae93b555ddf138fff7c3c.jpg,良良子p,2000704
BV1NLmRBmE39,https://i1.hdslb.com/bfs/archive/0b7fa03e9c37876b2f19493d9bad93b6023831a9.jpg,-寒冰之龙-,399982045
BV1NMHQzxEE2,https://i2.hdslb.com/bfs/archive/cef5563325b74a7443f8f611d5e75ff26852e041.jpg,Quartz_Melodies,11796494
BV1NMUvYKE2Q,https://i2.hdslb.com/bfs/archive/8b22b2ca19bdf33e427bde9193f8e7af6eb2f8ad.jpg,真极I巴多轼,353680168
BV1NN4y1w7i5,https://i1.hdslb.com/bfs/archive/7cd9a0087e62f537037ad8a62c233fbcb94e867b.png,Y_吐舌_Y,2447345
BV1NNCdBzEM8,https://i0.hdslb.com/bfs/archive/a4c552326168eeb5d53e5f8bde657ee183d4270c.jpg,星川__HzY,1783946889
BV1NNgfznEti,https://i2.hdslb.com/bfs/archive/be734e094a593b532441bf4a7ab52001c0bc2133.jpg,阿泉君LIN,14934648
BV1NP411e79s,https://i0.hdslb.com/bfs/archive/801912dc8dc9b15a60976fdc753d4a833f3990e0.jpg,星语落枫,52699238
BV1NP4y1R7AM,https://i2.hdslb.com/bfs/archive/1f27d29b7b8add2a7577b24339ef5d34a99a01e4.jpg,北山Pesaka,19500824
BV1NPXNYcEtK,https://i2.hdslb.com/bfs/archive/c1bb7453816369315da8fe2815698558e184b7fd.jpg,捏捏如月,454465417
BV1NQ4y137U6,https://i2.hdslb.com/bfs/archive/dad7dfceedaff073de58e9067b6d1a9e58fc1283.jpg,沫雪明月,27081552
BV1NQ4y187NK,https://i1.hdslb.com/bfs/archive/53a97edbde110b893edbb67c96156aa7e480a814.jpg,Raindo0511,130159972
BV1NQaJzwEf3,https://i2.hdslb.com/bfs/archive/fe637d2718ec3ace4b60284479950b1b714dde57.jpg,哆啦慢,3493257147321138
BV1NQxLeyE1Z,https://i0.hdslb.com/bfs/archive/c5bf7b871cb12fd396829fd04db5ff73e24fb99b.jpg,ToucherW世界触摸_P,89000929
BV1NT411N7kr,https://i0.hdslb.com/bfs/archive/6ab145a3bb3d67751e58c79b37f9f78e7bed89f0.jpg,亏月迟,309584414
BV1NT7Kz9Eb4,https://i0.hdslb.com/bfs/archive/0f694f6abadfe07aff6916aeecd96f3e149a0ada.jpg,帳户己注销,1272409308
BV1NV411X7uC,https://i2.hdslb.com/bfs/archive/2615934217413c0c46ad4fefe62159835a4d1526.jpg,千草幻星,14425668
BV1NV411j76S,https://i2.hdslb.com/bfs/archive/b572b4a72e63671b70354fb31601fa92fccf97ac.jpg,爱喝啤酒的烧烤P,327601393
BV1NW42197aj,https://i0.hdslb.com/bfs/archive/cb91e95ac862dd116373faf6f1020c391e6d1bce.jpg,度娘你要闹哪样,15665591
BV1NW4y1F7bh,https://i2.hdslb.com/bfs/archive/e86f76d14b9453cc7fc4f683266e27bf105691b9.jpg,无声的狂笑,35313734
BV1NX4y1E7vE,https://i1.hdslb.com/bfs/archive/56210a9d395755974813f79e8cb270f50ebb9512.jpg,捏捏太一タク,2653408
BV1NX8EzREuk,https://i2.hdslb.com/bfs/archive/3a07139c9121ab5e525caef19cc9de8f5dbcf7b7.jpg,奶油霂斯,38458221
BV1NXX8YeEQN,https://i2.hdslb.com/bfs/archive/7a0e93541ac70f8acb18c81bcf563b4e26988e79.jpg,Arione_,672009886
BV1NXa9zbETB,https://i0.hdslb.com/bfs/archive/edcd91142f2044783b4c4eb71b65fa41d6ff51f1.jpg,飒法尔,453637239
BV1NXqFBBEfH,https://i1.hdslb.com/bfs/archive/d7a6bafde15ea2b0c9b4ed5e1e0f09c172fac0ba.jpg,双辞冫,423886341
BV1NY411A7uu,https://i2.hdslb.com/bfs/archive/4545f39e2a79063dc492b9a8d8c3332e6cb5096a.jpg,白烽_,34471175
BV1NY411n7gw,https://i1.hdslb.com/bfs/archive/c2c7f8d14bca8723504ac58fa3e61818fce66ee7.jpg,冰山_hyozan,367321
BV1NYCPBbEUe,https://i0.hdslb.com/bfs/archive/a2f78e227943c84a5cb178b61795fabb72b8b978.jpg,califair,111583553
BV1NYEszkEF5,https://i0.hdslb.com/bfs/archive/c31a7d9d744f1cb4f9a6be2bd0f1d2b328e4c090.jpg,卓盈之,38028309
BV1NYfsYeEqw,https://i2.hdslb.com/bfs/archive/0687955838a1bcefe5f9c772e5636c49d63ae524.jpg,洛泣21,4678668
BV1NZyZYxEqh,https://i2.hdslb.com/bfs/archive/d167c4af0e5a12fd282ca2c6ee63a1f7f515f7d1.jpg,咚咚咚呛咚呛,38294579
BV1Na4y1w7nY,https://i2.hdslb.com/bfs/archive/c8f821eedec995a4e92422a7e1c008faedfd9544.jpg,紫陽花RainDrops,440421599
BV1NaK5zJEyu,https://i0.hdslb.com/bfs/archive/8f6c994b2ad54ee92507bc96a927b337ccf02155.jpg,夏天結束我變成了毒蟲,3537105665919916
BV1Nb1KY7Er7,https://i2.hdslb.com/bfs/archive/38de5f098f3956253693a9cf80c1a8fd97ac5985.jpg,Frosty虚霜,517737512
BV1NbC1BVEnS,https://i1.hdslb.com/bfs/archive/2e36fe113f55f9ae99cc90ecdbf589dd0d0198c5.jpg,日敦吞,4225055
BV1Nd4y1X76N,https://i2.hdslb.com/bfs/archive/bcc10465cb95b6dafc9124a401ba40c12f687675.jpg,文Arya,38816559
BV1NfNGeSEML,https://i2.hdslb.com/bfs/archive/b5ed8e82d728ef7d1d4780a8c5424dbabc1181b8.jpg,有时p,1469303929
BV1NfQtYZEpX,https://i2.hdslb.com/bfs/archive/9b17de36207fd7c05e2ebb6694e242dbacc54b48.jpg,雨泠有祭,39699929
BV1NhP3ziE8K,https://i0.hdslb.com/bfs/archive/5f41e7c156faef713dc98c8314f25164d303ae58.jpg,春光p,651798004
BV1Ni421f7dB,https://i2.hdslb.com/bfs/archive/f8a0f09e099dbff43b4e82d0512b7b2ab776d0d7.jpg,蔗蓝,473780327
BV1Ni4y1X7pt,https://i1.hdslb.com/bfs/archive/a41a5a83de58d5c9e895bf00da1bef6cb65c50a8.jpg,-络霏-,15331235
BV1Nj411B7sD,https://i0.hdslb.com/bfs/archive/a0cb6b82c1f0d033c19f24a6019731f0450bbcce.jpg,明澜_,299857125
BV1Nj411y7SJ,https://i2.hdslb.com/bfs/archive/fefb89c09dab1515bb5b115a0389f05380ed4b74.jpg,A186p,22965342
BV1NjBEYbEP6,https://i1.hdslb.com/bfs/archive/fa7d957551cda9266b95671a1b2ec6f5892795c1.jpg,硫酸铜_CuP,686189058
BV1NkNweDESd,https://i2.hdslb.com/bfs/archive/d9de669750aada9ec5ce43fb471281d4bf9271a9.jpg,苏渊-夙愿,36802383
BV1NnNZeVE4H,https://i2.hdslb.com/bfs/archive/f776ca8b9d804ce1c7d62aba6b4b842429972037.jpg,S_D_Poisson,560617233
BV1Np421o7hJ,https://i1.hdslb.com/bfs/archive/555163bf4ab7a657555916e716a7af5b13f46cc0.jpg,北山Pesaka,19500824
BV1Np8ozfE92,https://i0.hdslb.com/bfs/archive/a3ceaf3a579862de88445ed80074844a3034505e.jpg,柯立可,238662476
BV1NqU7YpEC1,https://i0.hdslb.com/bfs/archive/d91386ea11bbdb0f402e091b8679a89f4d0f9688.jpg,R小绵羊233,102544559
BV1Ns411p7As,https://i1.hdslb.com/bfs/archive/e8237fe9b0b0bea7d3a2ffc84ca599ccea8377fc.jpg,不鱼_P,7146922
BV1Nt411W7tR,https://i2.hdslb.com/bfs/archive/7824723f7b010d4de633db8725304ef66c7cc8fe.jpg,Vic-studio,30248998
BV1Nt421L7mX,https://i2.hdslb.com/bfs/archive/75358e261ebc7374a93d80037a0c49d7f84115bd.jpg,淘气少年小影子_茹颖p,285359693
BV1NtfnYHEFx,https://i0.hdslb.com/bfs/archive/3092ef1e2ec9fbfc72436ad807aeb81e2e0c1d4d.jpg,蓝鹰QAQ,493851957
BV1Nu4y1J7KX,https://i1.hdslb.com/bfs/archive/cfaf83dd56d61b55d95329d4ed909c0191313cbf.jpg,煤与石油重要的烃,20635235
BV1NuzgBvEWJ,https://i1.hdslb.com/bfs/archive/62e2c01a328ba99dd48eecbe25226f58f1137a7b.jpg,栗七浔kkkri,21802487
BV1Nv4y1m7og,https://i2.hdslb.com/bfs/archive/d26891d7f1cf701efd3869e99d7b683d07878e86.jpg,非空谈,27524089
BV1Nw411J74V,https://i1.hdslb.com/bfs/archive/32495cf33f9e4b672c9ad167b407e9d053c408c9.jpg,莫米兔,8047166
BV1Nw411Y7BL,https://i1.hdslb.com/bfs/archive/8dd09fa6e54a0d1a6795c00a1ec8248677dfcb88.jpg,爱喝啤酒的烧烤P,327601393
BV1Nw4m1y7eX,https://i0.hdslb.com/bfs/archive/2ce49dbde7905d13792aa259494e6f569852fef6.jpg,RyoRight,142476049
BV1Nx3CzyEJH,https://i1.hdslb.com/bfs/archive/5358bea4b9403dbe64096eda84e1fcd07648cc5f.jpg,透明樹,3546558115088506
BV1Nx421Q7LG,https://i2.hdslb.com/bfs/archive/0a47aee70576ee03906025bd86d78f457cd59646.jpg,一只路过的史莱姆z,474601742
BV1Nx4y1q7NW,https://i0.hdslb.com/bfs/archive/88097c509673a8e506bbfddb2675d53b1671bfa4.jpg,Mi-u_,398660064
BV1Nx4y1y7T9,https://i0.hdslb.com/bfs/archive/15658205aa63e8a7848a2f09b362d929ff6b2737.jpg,苍梧_abilrue,4933186
BV1NykSBREhX,https://i1.hdslb.com/bfs/archive/e66413f0f0f7e09cdc6bede003adf4c723908774.jpg,江寒夜-0-南プッシュ,89679810
BV1Nz421Z7V2,https://i2.hdslb.com/bfs/archive/2e9fc6780f102a33585706a70e8c1fb1f7d289ae.jpg,无零因子_Zero,474118296
BV1P1xFeYEmQ,https://i0.hdslb.com/bfs/archive/f6b7fc3f0168653e6a2e7f31fa3be0e454ab0828.jpg,神鳴沢世界,114419306
BV1P3NTzoECG,https://i2.hdslb.com/bfs/archive/76750802dd681f47a3a3faf4bf7a0fe85af5e7ea.jpg,凌逸千言,3546918173018445
BV1P3T6zXEdP,https://i1.hdslb.com/bfs/archive/9eecddef80f7654b645b4f1baf72745c29106104.jpg,北极星Polaris_D,11529553
BV1P3VmztE65,https://i2.hdslb.com/bfs/archive/ae40512711b4d3e29bf8fa0b476c076e9bda247b.jpg,酸口气泡水,85271334
BV1P3gfzjEwJ,https://i1.hdslb.com/bfs/archive/b935161ab053386d57edf7c06f64e538d7e2eddc.jpg,白昼的金色之琴,1749793063
BV1P3s7zKEXJ,https://i0.hdslb.com/bfs/archive/85baa3b49b9dcc54249532aa0738ee57aa76e469.jpg,ZClear_P,448813977
BV1P4NfzBEM9,https://i1.hdslb.com/bfs/archive/4501f65329924699c29979396c79b1ab3da8c2ec.jpg,片刻_P,3546840125410115
BV1P7b5zuEjC,https://i2.hdslb.com/bfs/archive/0aa2714a1541ed5a91cdcc6baef1b9b8ab802dbc.jpg,七瀬みきや,13992132
BV1P8411o7WZ,https://i2.hdslb.com/bfs/archive/572f7e0746e42ad299acb3819ec4aaed7fceafa3.jpg,洛雨辰P,402274020
BV1PA4SeuEnY,https://i0.hdslb.com/bfs/archive/155c6bf8c18d9cf8a350784828f8f207de05b9a0.jpg,澈零喵,252680534
BV1PA4m1j7Vu,https://i1.hdslb.com/bfs/archive/1278b633b13c41ee2de7a6c8278f865b8591ee25.jpg,星暗雪,237640904
BV1PCaVzVETV,https://i0.hdslb.com/bfs/archive/5c6a997964886b486437d8e7b992fe16afb8abe2.jpg,墨素Mohius,36112611
BV1PD421T7oS,https://i1.hdslb.com/bfs/archive/c972e0ed7e8e1659a7ed4a24b958251d584354ee.jpg,不會做音樂的狼夏karami,613784642
BV1PD4y1s7vV,https://i2.hdslb.com/bfs/archive/a7c337e3cd9b3c46c12933b9b08e8aa8fd097dbd.jpg,翼ある闇,161813534
BV1PDHCe5EZU,https://i2.hdslb.com/bfs/archive/9e9d454f1c3c8c43c3a9d5ba54b429caf61f38e6.jpg,章鱼外星人,454524809
BV1PDYGzCEf6,https://i1.hdslb.com/bfs/archive/d5cdbd034c4b70246b54b5b2df1e930322dee43a.jpg,天音浮梦_Official,3546566780521374
BV1PDn1zBEcu,https://i0.hdslb.com/bfs/archive/c84fafea08e360256f2ec744c654262c22dbd78d.jpg,lM_P已存在,3859963
BV1PDtizAEYR,https://i1.hdslb.com/bfs/archive/0646f5e6c434cbcd38edbfe1112b28844253d19d.jpg,EosinY,604219429
BV1PE421N7qq,https://i0.hdslb.com/bfs/archive/402450da38ea3b85f44fbf5699791a4c7a65b133.jpg,_OREOREO_,19483168
BV1PEAreXEr5,https://i0.hdslb.com/bfs/archive/32f1c9985109fa0d2217d070c680a046acc243e5.jpg,临风没有酒,1561097785
BV1PEp8zAEhe,https://i1.hdslb.com/bfs/archive/7700098a6606d1f390c3a0ec95cf753958041933.jpg,紫陽花RainDrops,440421599
BV1PFEBzkEi7,https://i0.hdslb.com/bfs/archive/511ffd8b59f5e0d674b2405e69159cb3412c7f6d.jpg,_黎玖笙_,1707636284
BV1PFN1euEEx,https://i2.hdslb.com/bfs/archive/cbdfbbb18a188728825d023f5454bb3f35fbc16d.jpg,Nilpotent_,188659509
BV1PH4y1a7GP,https://i1.hdslb.com/bfs/archive/943a5ab92955e108d1b00fac60c5423a28477a52.jpg,SLight_V,243132654
BV1PJH4ehEjn,https://i0.hdslb.com/bfs/archive/60d0fe16af0de7d96f60eec2c8ab5f843ba19c45.jpg,黑岩塔茶BRTocha,401407188
BV1PLcBe3E7B,https://i1.hdslb.com/bfs/archive/d247c6861f40a32d8aa16e993c20f7c1c19b1b0d.jpg,艺慧_Hyacinth,504019213
BV1PLmkYSE44,https://i2.hdslb.com/bfs/archive/f5fbeefa6f24e08d27bd35d1a374a97e653253a7.jpg,茉茶P,400188894
BV1PN411Y7up,https://i2.hdslb.com/bfs/archive/8b85b6c3e8a0e5cbc438d83a4e77172f1495db3e.jpg,泠珞-星夜,400604752
BV1PN411h7MH,https://i1.hdslb.com/bfs/archive/8fa1846cdbca2928bffea8d0a23ef4fdb3ecd8dc.jpg,爱喝啤酒的烧烤P,327601393
BV1PN4y1h7pC,https://i0.hdslb.com/bfs/archive/fa3d54850819ce4a31f0096d8c2b50673a9aaf6a.jpg,明澜_,299857125
BV1PNfkY2E56,https://i2.hdslb.com/bfs/archive/c02de4f64f328ba03e5f1ce465e98a55b171a2e1.jpg,Frosty虚霜,517737512
BV1PPbBzKELz,https://i1.hdslb.com/bfs/archive/6010cb88b5c0277c8d037060d226d3d58c87cc1c.jpg,被遗忘者的哀伤,12836485
BV1PQ4y1E7Cm,https://i0.hdslb.com/bfs/archive/efadea84c087d7eba3617893c22bb2796a3bfe5a.jpg,风湮Official,8151904
BV1PQ8Dz1Ea1,https://i2.hdslb.com/bfs/archive/21102e4ead6abb3c0eae25c8e375cbda2f1f6b61.jpg,Chaos清流,7226948
BV1PR4y1Z7vX,https://i0.hdslb.com/bfs/archive/559d7b5e8a87b37beed362bb8147e9b7f3b84e7b.jpg,拾光与小狐狸,179469844
BV1PRf5YzEav,https://i1.hdslb.com/bfs/archive/32210813b6f66d5163f583b26d96a657abd7e216.jpg,世羽纤莫,290042121
BV1PRivBFEwh,https://i1.hdslb.com/bfs/archive/b3d4c724c00615b5bcb36a3093b6c857b990aafc.jpg,洛神天依睡不醒p,2074814063
BV1PS4y1n7fA,https://i2.hdslb.com/bfs/archive/52f968004ff4810ac8820e9c99b7eaa17cdabd81.jpg,Expelliar,6026824
BV1PTbMzQE2s,https://i2.hdslb.com/bfs/archive/67ea24ff01577ecd9e8b52f6063a85b58b2d817d.jpg,江千狐,21081368
BV1PTcoebEUU,https://i0.hdslb.com/bfs/archive/48fd3557d82d0776c0675c463d21b826ab480563.jpg,辞Jinse,382505004
BV1PV4y1B7RE,https://i2.hdslb.com/bfs/archive/5a0519f18d83a13546fb1829776d9817124d7378.jpg,iiicE_CreAm,13395164
BV1PVzYBcE3a,https://i1.hdslb.com/bfs/archive/0abab7f64a49909fb692a080317e52d9fca7cdb3.jpg,黄昏幽灵_official,3690977254443474
BV1PW421K7SR,https://i0.hdslb.com/bfs/archive/331004dff521c39f65a972d5611d1e3c183bf9d8.jpg,账号已注销,178849577
BV1PW4y1G7nk,https://i0.hdslb.com/bfs/archive/220b164385ad6d8051b7f23aac4090f674471548.jpg,千草幻星,14425668
BV1PW4y1o7ku,https://i0.hdslb.com/bfs/archive/8931f536b8a160ae10806fe3d2eb114f401ce87e.jpg,沫雪明月,27081552
BV1PWFseeEJg,https://i1.hdslb.com/bfs/archive/2024022fa9d7fb5fa9dc5343ad7a2c331a1b6252.jpg,璘月亚灺Xie,412412152
BV1PY4y1b7kW,https://i2.hdslb.com/bfs/archive/b13164705164a908d3bc0da87e880f259aa635a1.jpg,水螅-Hydra,9531894
BV1PYeJzwE76,https://i1.hdslb.com/bfs/archive/36ea3d1777005413d6f251c5ee2028ae8931fbd1.jpg,冷淡的风-_-,2019984076
BV1PZ421S76G,https://i2.hdslb.com/bfs/archive/99db21b63f2d395e1d30b0ddb3e7e039e2bcff1f.jpg,吃吃安息香爻爻爻,651643146
BV1PZ4y1k71z,https://i1.hdslb.com/bfs/archive/c21c0db8167dcb48001274b6d7b9d6260fe3e007.jpg,墨梓_Mozes,239794323
BV1PZpMe2ENo,https://i2.hdslb.com/bfs/archive/4e3ef211e663eb01a4e5d34c26a106c2f8293837.jpg,SteggOo,320519460
BV1PaRaYCEGC,https://i2.hdslb.com/bfs/archive/d275c4c11ba7b09d9e202cbb5234356254a91888.jpg,逸雲龙_EyunLoong,526771303
BV1Pb6zYZE8r,https://i0.hdslb.com/bfs/archive/06e074a88285ad2417b6ba91339aed35eccde78c.jpg,白糖の正义铃,180668218
BV1Pc411c7i1,https://i2.hdslb.com/bfs/archive/dcfc29185f4cb4e06e12939d9496736298a3fccb.jpg,汐就是ミク,34967681
BV1Pc411f7rF,https://i0.hdslb.com/bfs/archive/9cafe9a286ad398e46bf128001c5b387d6889ea9.jpg,沐凌envoy,158106693
BV1Pd2fYYE6G,https://i0.hdslb.com/bfs/archive/e628f58ec85884478d5f9b5a65b73472713fd385.jpg,4The-Answer,3493106924128835
BV1Pd2vBREWh,https://i1.hdslb.com/bfs/archive/3e348233aa00c8d27962bdd39db635672483d47b.jpg,遥之穹,406295982
BV1Pd4y147Gq,https://i2.hdslb.com/bfs/archive/bc4fad5dd9b36d474754aed367fc6b9a6756d326.jpg,王牌p,5343158
BV1Pe4y1t7ux,https://i0.hdslb.com/bfs/archive/716694a2c8c06392ce57727fecdc9acbacbb08fb.jpg,Osakihan_JPN,1142898222
BV1PhhGzzExU,https://i0.hdslb.com/bfs/archive/ccf4b7e21fcdbf3f073afb090279ce7c29391357.jpg,Hozuki_あやめ,548080703
BV1Pi4y1h7bs,https://i0.hdslb.com/bfs/archive/ee1d704e8fe21220faf81c95445a84ef9fd3c59e.jpg,拾光与小狐狸,179469844
BV1PjDbYpEsM,https://i2.hdslb.com/bfs/archive/34c7f96e626e3b055f00b30885822e6e961abd21.jpg,紫陽花RainDrops,440421599
BV1PjgbzhEo5,https://i2.hdslb.com/bfs/archive/157101185aef38de987d2479e92a32f745a283b3.jpg,江一朝,1246158991
BV1PkkmBEEJM,https://i0.hdslb.com/bfs/archive/bf07c0f55f9b5ed46415b1f9ed15ef921fec0997.jpg,Es1ony,383175225
BV1PktXzkEVQ,https://i0.hdslb.com/bfs/archive/03edf1eabaaf3dd2f7f6d33500dd50a58d0e904f.jpg,璘月亚灺Xie,412412152
BV1PmaLzEEeN,https://i2.hdslb.com/bfs/archive/3d29d6126a8d84e6e6cf6903c4c5250a0497d849.jpg,califair,111583553
BV1PmszerEeL,https://i0.hdslb.com/bfs/archive/de064bf505fef5de3fd059a63f420a470e3dfb67.jpg,椰汁杨桃西米露,229546714
BV1Pmvxe8Ejs,https://i2.hdslb.com/bfs/archive/4a501a780e72b1f57c493dac604b8fc5d28d0156.jpg,隐于世_QWQ,32812001
BV1Po8ge6E1K,https://i0.hdslb.com/bfs/archive/593e076588cde7c319aa66d7df34341665f51d29.jpg,iiicE_CreAm,13395164
BV1PpeBzQEdY,https://i0.hdslb.com/bfs/archive/dd865b25f62c5c5a313424b7ca7d241b0203004d.jpg,双辞冫,423886341
BV1Pq421F7q2,https://i2.hdslb.com/bfs/archive/e7a1a3c27acf764c5136fcc7460715b9b5eb9435.png,三辰p,3546609807788329
BV1Pq4y1q7A3,https://i1.hdslb.com/bfs/archive/1f5d29e8cfddaf106fd470dac44243798f967193.jpg,窝在家里的小钱,297469854
BV1Pr4y177dT,https://i1.hdslb.com/bfs/archive/92b13f900fdbf2b232b9f5a9d2b561543bd5c2ea.jpg,世蒂,2008310827
BV1Pr4y1Z7Hy,https://i0.hdslb.com/bfs/archive/5077f6b3c2238353e3c66fb82939c8af1a1b2847.jpg,-络霏-,15331235
BV1Pr7nzoE3e,https://i2.hdslb.com/bfs/archive/9debc22b37ef5f8fc9f5fb9f32e685a069ab84c6.jpg,VD不溶也不燃,1476454
BV1PrBnB8EEq,https://i0.hdslb.com/bfs/archive/51fee086cbba339fce17286cd52984bd045602ce.jpg,风暴降生男菩萨,110902829
BV1Pt48enEpr,https://i2.hdslb.com/bfs/archive/f6459503bba1c1898c92c13f44b27c40fff07228.jpg,风湮Official,8151904
BV1Pu4y1b7mg,https://i1.hdslb.com/bfs/archive/e6b2515a4b299d0bd04497dc45c88c6937d69575.jpg,琲鸢Sayaka,58534834
BV1PuhRz9EpC,https://i2.hdslb.com/bfs/archive/064cb80bae3e76db0175fd82b61026560477f544.jpg,灰木GreyMu,1436517756
BV1Pv2fBxER5,https://i0.hdslb.com/bfs/archive/88270b67182d524ddabc0b93e7167adfd6f85031.jpg,Chaos清流,7226948
BV1Pv421y76Z,https://i0.hdslb.com/bfs/archive/b84c2baf9ea621657a6162a4b7ccd9386b5a7346.jpg,你看这个脸它大又圆-,399929945
BV1Pw411g7jX,https://i1.hdslb.com/bfs/archive/aeba084cc2cf30981d8874ad9b8f4663cf596385.jpg,透明指針,1601640
BV1Pw411y7iT,https://i0.hdslb.com/bfs/archive/dd061d1a5d701117ec8bc01460c76826e3d73827.jpg,澤村ルイ,11225708
BV1PwHjeAEJF,https://i0.hdslb.com/bfs/archive/b45d948d36d60f4fc3dee8136922c907262c4b15.jpg,木坂板版粄,150263332
BV1PwHjeAEza,https://i2.hdslb.com/bfs/archive/cc01770b0e086603a68ed33773b338cc071f8f7c.jpg,Anory_o-o,391593266
BV1PwLHzxELA,https://i2.hdslb.com/bfs/archive/db5c9ae67481f53ea1ff92cd030a0ea04ab991e2.jpg,南詩月Claes,494906802
BV1PxH7eiENf,https://i1.hdslb.com/bfs/archive/88393acdcff5253c939b033772ec94c3a6029787.jpg,影歌P_Kageuta,356160341
BV1PxpozGEsZ,https://i2.hdslb.com/bfs/archive/159f8f1ae477cbab389782a3c83268887683458a.jpg,永祎xC,442285139
BV1PzvoBdEmL,https://i0.hdslb.com/bfs/archive/7a3a1abbe74607c96f3adf960ad37593181f32cf.jpg,风暴降生男菩萨,110902829
BV1Q1mdYiEpx,https://i1.hdslb.com/bfs/archive/357cac153c28693de1672427a6de38f10565ccd2.jpg,豆奶-SoybeanZ,198554
BV1Q2yBB6EE5,https://i0.hdslb.com/bfs/archive/b4a3059abf2832b744507a6c48396ae4bfe65611.jpg,神鳴沢世界,114419306
BV1Q3rYBEEr7,https://i1.hdslb.com/bfs/archive/dcfc490cf860db00e1a00e3f836ec4bf95cff378.jpg,__树树树树树,3546981339236903
BV1Q3sZztEeU,https://i0.hdslb.com/bfs/archive/44bdbacbbdf0f1fdc5426fca42bd0a0ff7a39cf3.jpg,秋沼AkiNuma-P,3546755475966065
BV1Q4421f7oB,https://i1.hdslb.com/bfs/archive/bc7a3aa5dc0ca013353299b2151128bff320506c.jpg,Arantir_,127207268
BV1Q4SUYpENQ,https://i1.hdslb.com/bfs/archive/62979462a69da9252a591d2a2345bfa533014ea7.jpg,星语落枫,52699238
BV1Q4ftByEsG,https://i0.hdslb.com/bfs/archive/390a44a134c0bad5f57bfb2cd183fa789d1fc82e.jpg,和弦进行不能V-IV,13703656
BV1Q5411C73X,https://i2.hdslb.com/bfs/archive/e46ba7744c93b4cd9c28591d59e2775fa903e6da.jpg,Jioconda2012,382071803
BV1Q7HyeREjw,https://i0.hdslb.com/bfs/archive/6256aa5370017c8c348f8d623a21a0179d4afe8b.jpg,账号已注销,223928340
BV1Q7qaY3EVD,https://i2.hdslb.com/bfs/archive/55566e8ad960f74cefd1c5cb24d98f6eae2e714d.jpg,紫荆7x,30976371
BV1Q8411D7AL,https://i2.hdslb.com/bfs/archive/7335ffeff132d9c28a22882651cd08567f827ec9.jpg,王牌p,5343158
BV1Q8411G7Nk,https://i0.hdslb.com/bfs/archive/a54caa2dff2cdeb2bef5e1157871f0bef33a6b55.jpg,昨夜暮雪Muxue,647120064
BV1Q8C1YwEAg,https://i0.hdslb.com/bfs/archive/05c68e5d461a9c93f7c833c5c83df049c8453b30.jpg,在与生俱来的不平衡里,3546384215050709
BV1QA6RBgE5g,https://i0.hdslb.com/bfs/archive/5b7123a1e5cd77d52c93dcdd675ffee19b3bc722.jpg,风暴降生男菩萨,110902829
BV1QAWPzgEA3,https://i1.hdslb.com/bfs/archive/0e268dfe0e30bd07a147b4ef2d1426d039ebbab9.jpg,い爱花丶,26069934
BV1QBtSzmEHp,https://i1.hdslb.com/bfs/archive/d13e448ffa622ef4c272d5697af3f873b6ec3af6.jpg,Perseus14,379409137
BV1QBvkBFEfe,https://i0.hdslb.com/bfs/archive/0c245d923592cc981c634a10237e438bedd40684.jpg,快晴After_P,1553977707
BV1QC4y1A7y6,https://i2.hdslb.com/bfs/archive/64064eff28deb50acc082e07b53c819bd7d98295.jpg,Kou_Hiroshi,98331116
BV1QCArevEkv,https://i0.hdslb.com/bfs/archive/1758c8c21a2f7cf447386662fb6e56e27398a64a.jpg,账号已注销,178849577
BV1QCkYBnEsM,https://i1.hdslb.com/bfs/archive/8f0d3d55200dd2fe50d22f30a7b5d6639b0ed0d4.jpg,匹垂客Petrichor,1283732492
BV1QDa5z4Ecb,https://i2.hdslb.com/bfs/archive/ec3126c5d597df30882d72b3447733857d8378cc.jpg,栗喻YULIAR,694303534
BV1QEZ8YsEtp,https://i1.hdslb.com/bfs/archive/5d3f1d5410311e7623cd40a264af4f15168968a3.jpg,TOPKINGCREAM,3493081292737020
BV1QF6HY9EBR,https://i0.hdslb.com/bfs/archive/64c928241a37dff12f793bc3d764ddf69eb0448e.jpg,Ryammmer,474687634
BV1QG4y127jK,https://i2.hdslb.com/bfs/archive/0d496c45876d83688a799366fcb4f913910aa50f.jpg,Mi-u_,398660064
BV1QGPMerE4c,https://i0.hdslb.com/bfs/archive/f5f35c46c106edc648f478a9fc2177f88666020e.jpg,五等分的普篓丢撒,382414065
BV1QHNue7EP1,https://i2.hdslb.com/bfs/archive/7c544df4948f9842d56f71871284476b39a9e5f6.jpg,阿毛塔,1102274730
BV1QHtQeoEop,https://i1.hdslb.com/bfs/archive/3445c27d8b723262bbe65777c95303ed4ad3ff44.jpg,超级大菜猫,3494358737225862
BV1QJAzzXEup,https://i2.hdslb.com/bfs/archive/d4444a48e8a43dc1a8e0b12598c9e81d17da8b96.jpg,有时p,1469303929
BV1QJfGBPEDp,https://i0.hdslb.com/bfs/archive/4ae0ea4207dd6987d1e2f631e87983f2b45aa1a4.jpg,璘月亚灺Xie,412412152
BV1QKqPBsEes,https://i1.hdslb.com/bfs/archive/1603cc708991ffcde8531b91a5b363dd63eb8c11.jpg,风暴降生男菩萨,110902829
BV1QLJ6zAE4Y,https://i1.hdslb.com/bfs/archive/dd740c0d97c7f5ef5bf03ca1ee3332044cf537cb.jpg,北境秋风,483626433
BV1QM411o7YH,https://i0.hdslb.com/bfs/archive/9f09c4c1e09df625b269d2f5ce43e3ba35ce741b.jpg,橙味比巴卜,11116918
BV1QM4y1H7Zh,https://i1.hdslb.com/bfs/archive/f6d49487440a79fa8c45cab36368da9ff6c948e5.jpg,账号已注销,769761
BV1QM81zzE15,https://i1.hdslb.com/bfs/archive/6312007576efdf33e202f7ff72e1835299905c95.jpg,蓝冰瓜,40001793
BV1QN4y1b7Xy,https://i0.hdslb.com/bfs/archive/7d1112e214238629a555f068ca5b5a1f41c968f9.jpg,沫雪明月,27081552
BV1QNFGzqEVN,https://i0.hdslb.com/bfs/archive/ef5e5225f2f0a2b726f3af9195aab8d922bb79e1.jpg,忘道P,3690989006883502
BV1QNHxzhEJt,https://i1.hdslb.com/bfs/archive/b1291e995ffc93f531c7fa45083751ce23bdf554.jpg,FortySeven-,497458238
BV1QPeoz1Ear,https://i0.hdslb.com/bfs/archive/596c9ef5624bf4fa6c2eb5b7790e1fb6da5f6153.jpg,晓梦时光,382839354
BV1QQ4y1s7tH,https://i0.hdslb.com/bfs/archive/16b134e765efea3892e2440b15800fb5399caac5.jpg,东风塔兔,409607125
BV1QQQuYSEbo,https://i1.hdslb.com/bfs/archive/cb7562c2caf265c69691185e703088d0cc1f8a11.jpg,_米度MasterD,396982733
BV1QQmzYtE2W,https://i0.hdslb.com/bfs/archive/093b103fa82f95db209bf785e6f50769e4f010f2.jpg,双辞冫,423886341
BV1QS4y1s7mH,https://i2.hdslb.com/bfs/archive/d703dd6bdf5c422f0ff0f6a7eef73aada5fb5d0e.jpg,杨桃座,434565426
BV1QS5ZzNEFQ,https://i1.hdslb.com/bfs/archive/be115f6d0f2bb4124f73411fd5c7158c06cc5163.jpg,ayyay_,49797455
BV1QSaAztEwP,https://i1.hdslb.com/bfs/archive/cda485fa693b178f2d3ed4b48e40ae9048dc5155.jpg,尘萤宇P,382492832
BV1QT2bY9EN8,https://i1.hdslb.com/bfs/archive/aaea5e637062bf96197331b69b05c1e4544150d4.jpg,雪螢SiqYin,88266659
BV1QT411j72P,https://i0.hdslb.com/bfs/archive/2c24f45f2ced36419f63ed81206227ce8caf0954.jpg,星のカケラ,2513031
BV1QTvWBBEqU,https://i0.hdslb.com/bfs/archive/6b0b292c69c8a6b4e86bd7b07474156ed248c218.jpg,萧于Risho,183586082
BV1QUBYBGEN8,https://i2.hdslb.com/bfs/archive/30d527b3ebad21a25b84e77a53c47040ea5d4ae2.jpg,dosmemz,178856226
BV1QUvWB6Ery,https://i2.hdslb.com/bfs/archive/93f0e08a70cb05a63aca8eed2548ee8321965187.jpg,银羽Ag,174319951
BV1QVD2Y7EHo,https://i2.hdslb.com/bfs/archive/f47243be3d7535cd53a8ca3c03a8d0aaf2a6d206.jpg,雪人Snowman_,15607580
BV1QVfkBSEYP,https://i2.hdslb.com/bfs/archive/7e23d293b8bba6abc320500c333a55f6863dfbef.jpg,califair,111583553
BV1QW5Vz5EWX,https://i2.hdslb.com/bfs/archive/cb30b6ac075e533a356b72c3a64f0a67dce0435c.jpg,Chaos清流,7226948
BV1QXKkzBEhr,https://i2.hdslb.com/bfs/archive/ccb8f53378d5250ac755791eb76557e7acc2b597.jpg,真极I巴多轼,353680168
BV1QXZsBKESy,https://i1.hdslb.com/bfs/archive/dab998fb350c8487aa8c4d56cbdddeed10583420.jpg,望月正心Bhx,524459213
BV1QYigBTEtk,https://i2.hdslb.com/bfs/archive/fd07c502c3c326e43774c3b0f451f0b1f0e5ec74.jpg,一只路过的史莱姆z,474601742
BV1QYtizCEeZ,https://i1.hdslb.com/bfs/archive/06a7af5c6c257482bc3fc0b5a397b8e8a0b79ccb.jpg,swiss126,7493323
BV1QZ421j7sA,https://i2.hdslb.com/bfs/archive/0ef9d645db74bdd8c5b33bb7defaef9cb2af00b5.jpg,边界定义,55019697
BV1Qa4y1F7rG,https://i1.hdslb.com/bfs/archive/1a5fd33be5de18b78e6cdffe00424dfa674d9958.jpg,月白睡不醒,38864712
BV1QaHXe7ERX,https://i0.hdslb.com/bfs/archive/f4330d0e36b49918910deb998e05eaa6b5135a43.jpg,独望青山忆华年,67983813
BV1Qb4y1G7G8,https://i2.hdslb.com/bfs/archive/4e41717a0cc2e194eb6eb6bdfa8f0c46832254c9.jpg,莫米兔,8047166
BV1Qe4y1f73B,https://i1.hdslb.com/bfs/archive/396776c138d790cd42888d013ef49532ac18a96c.jpg,洛丝萝琳_P,24227399
BV1QeZ2BZEcx,https://i1.hdslb.com/bfs/archive/6ef81c5a6fe1ea1e8e28326f9e753d8f2daec15b.jpg,此岸霜滢EIiro,1995115488
BV1QexdzoEQS,https://i0.hdslb.com/bfs/archive/494f569ac1908999330e1df9e14fd6c2fc36d637.jpg,夜逃_P,3546919611664385
BV1QfNreGE7V,https://i2.hdslb.com/bfs/archive/a69ebe8484a889e674fad983bd55e08514a4f633.jpg,Lilia_Lim,8561549
BV1Qg4y1C7Cz,https://i2.hdslb.com/bfs/archive/b203dd478d1735849769108953e58ba0949dd1c8.jpg,AsterZC19,11332568
BV1QgZiBeEen,https://i0.hdslb.com/bfs/archive/8a004a20dbf7787fa540cfe3f3a45b6478b26d44.jpg,Osinica,3546711838427209
BV1QgnGzdERh,https://i0.hdslb.com/bfs/archive/2dbbd9eec1a2e3acb49f8dd360339a7e15cd0bca.jpg,星尘OfflciaI,3546968420780211
BV1QgoMYtESV,https://i2.hdslb.com/bfs/archive/8025558f0af9de76083502498c6492f5dbf942a0.jpg,bili_54122967936,3546862288111746
BV1Qh7wzDEQ7,https://i0.hdslb.com/bfs/archive/a0f0752ae9d37a3265e6e141c46b38fc25673c0c.jpg,仲瑾特雷森帝吓室,484003657
BV1QhFszMEkZ,https://i0.hdslb.com/bfs/archive/ecf285d8120ccb5a75a2593f14e0bd01c667f56e.jpg,FakeEnding_,514810209
BV1QiNxzHEL2,https://i0.hdslb.com/bfs/archive/fd6f39a1a2b003f9b5b96b92008396a2492c3342.jpg,紫陽花RainDrops,440421599
BV1Qm4y1j764,https://i1.hdslb.com/bfs/archive/76ab9fccde5e149569ddc3b500135d11c86dc522.jpg,R小绵羊233,102544559
BV1QocqepEzF,https://i1.hdslb.com/bfs/archive/2db0513c7c59cb08ed105de1a0777ab03444f358.jpg,盛夏透明色,1198273645
BV1Qp4y177tP,https://i1.hdslb.com/bfs/archive/3426c7bd649d5850ae99d51e04fae42a08a36fc8.png,玄羽遥,88973192
BV1Qp4y1o7hp,https://i1.hdslb.com/bfs/archive/21624f9f956dd86106bd8a93762f57107d4232b5.jpg,夕颜颜颜颜颜-,3392539
BV1Qqf2YgEui,https://i2.hdslb.com/bfs/archive/b341929208538166c472184fe8759d593e9d3c59.jpg,責嫌Sekira,645473928
BV1QqpbeSEoc,https://i0.hdslb.com/bfs/archive/0e87e3e7f2053c3660d1af63e844ee211e818ebf.jpg,Z-e-r-oP,441065733
BV1QrnbzzEoF,https://i2.hdslb.com/bfs/archive/f1584eb8cf6c97cbb191a36952585837abf35e82.jpg,い爱花丶,26069934
BV1Qt6vBHEb4,https://i1.hdslb.com/bfs/archive/19dbcae3499651799085431d3ea3e5f03885adca.jpg,v_vv_vvv_vvvv,363726013
BV1QtJGznE5u,https://i0.hdslb.com/bfs/archive/77d0b49ea0d6e798c7153e1838afbb970e5cb0f3.jpg,仲瑾特雷森帝吓室,484003657
BV1Qu4y1D7TT,https://i2.hdslb.com/bfs/archive/25d43ec2-18a402cfc5b.jpeg,辰杉_Channel,634666690
BV1Qu4y1s7vY,https://i1.hdslb.com/bfs/archive/57c6b1a40bd9a865bc0604bcdc0a86789a95f8fc.jpg,自由飞翔zz,312300395
BV1QuUHBiE1E,https://i2.hdslb.com/bfs/archive/bd148e136b9ad8013ca21cfc1b96e9350cb17260.jpg,账号已注销,3493266186046091
BV1QwsRe4ELZ,https://i2.hdslb.com/bfs/archive/544e980b33c05b13ec24a2b6f5c611f95286da54.jpg,Seasonの虹-退,289867235
BV1QxNdz6EnY,https://i0.hdslb.com/bfs/archive/9fad17577ee907785fb960104852dcdc3ee3a804.jpg,Aboatsurd_荒誕舟P,1925495326
BV1QxPLzsEeX,https://i1.hdslb.com/bfs/archive/57e8487897eb60bc3d9fbf36ab4e3945bd23c0a1.jpg,匹垂客Petrichor,1283732492
BV1QxiMBPExM,https://i0.hdslb.com/bfs/archive/05737ea557579c55320f4f6da69b881fca363e8a.jpg,风暴降生男菩萨,110902829
BV1Qy421a7jh,https://i1.hdslb.com/bfs/archive/0a9cb5ea4061dc58be22ae275ef6086bbbcb1861.jpg,翼と実TsubasatMi,9588466
BV1QzsCeaEso,https://i2.hdslb.com/bfs/archive/f93462bf29b6bf5d42beac236b8e7d2d8a0dd19c.jpg,1mol梨花茶,353784518
BV1R1AczHEwL,https://i2.hdslb.com/bfs/archive/2b48351f1838f42b84f5cb13baad08ef13cd207e.jpg,狐奔,340432308
BV1R3BLYNEEb,https://i0.hdslb.com/bfs/archive/09f295d9cf2aa2d3a51f1482a0b6c1a0be703103.jpg,-冰镇豆腐脑-,39197387
BV1R3KLeGEor,https://i1.hdslb.com/bfs/archive/b2d1f0835cd4135ec7731430e280853ad235aedc.jpg,城市框架,23363304
BV1R3TazSEWM,https://i1.hdslb.com/bfs/archive/13046d8838a06a3369b3788828a5fa60cb0bfdca.jpg,卓盈之,38028309
BV1R3b1zCEm5,https://i2.hdslb.com/bfs/archive/4d2df34a723c9635f4f60e5bf73375cee19a0ee1.jpg,_柠乐园,403239212
BV1R44y1c7BU,https://i2.hdslb.com/bfs/archive/84368954ee6e94e2e807a3a38d6aab30b9b8d562.jpg,燈侑Yuu,43977445
BV1R5411q7JG,https://i1.hdslb.com/bfs/archive/7194146ac4fb59622473a4f81ccaa3a8821236a3.jpg,夕颜颜颜颜颜-,3392539
BV1R64y1J7wJ,https://i0.hdslb.com/bfs/archive/dc1f861b992477f7b13923183fa49ab6b4b453fe.jpg,樟子君santal,391281625
BV1R6pGeCEiV,https://i0.hdslb.com/bfs/archive/f2bd1454081a854e650138dc16944e5a43059b57.jpg,不好吃的SrDt,391558321
BV1R8411b7v1,https://i0.hdslb.com/bfs/archive/df56e89b936ddd109e2bb85a4896ec99586ddd4a.jpg,邪云P,302276883
BV1R8cczyEzy,https://i2.hdslb.com/bfs/archive/68394fea8686231cfad5e0ab5dc7d6dbb0bdd263.jpg,和弦进行不能V-IV,13703656
BV1R94y1c7XH,https://i0.hdslb.com/bfs/archive/f14806b98cb4eecb03ec38d5ccd3f98a2e287db6.jpg,飞不快的灰鸟,24443249
BV1RAMCzUEzW,https://i0.hdslb.com/bfs/archive/c53482d87f363e23533c1f395abd956ef1ed3276.jpg,贤师鱼_sakayo,404248894
BV1RB421B7Ya,https://i2.hdslb.com/bfs/archive/6de075e7c852106645a19c400f04ad83132f677b.jpg,冰淇淋拌饭Rice-cream,287974636
BV1RB4ZejEpZ,https://i1.hdslb.com/bfs/archive/2bd972cfe957021bc5eb33448839b06efead5454.jpg,不善言辞的磷,187408618
BV1RBUXYqEVr,https://i0.hdslb.com/bfs/archive/17c45cc77f4a425cff165e7c2dab5acffccc9782.jpg,青叶摩卡不如美竹拿铁,550564545
BV1RC4y1S77G,https://i2.hdslb.com/bfs/archive/cc29d2bbba0496b774d77f966970779a73b9b3c7.jpg,SteggOo,320519460
BV1RCD2YoEXS,https://i1.hdslb.com/bfs/archive/669b5985b75754070751e6ead241cc438a31e278.jpg,执言c,3493121105070913
BV1RCF4etEnV,https://i2.hdslb.com/bfs/archive/5c1db262db9baa55ad5eddae0c8f6e8d77f4ec0f.jpg,琲鸢Sayaka,58534834
BV1REcbzdEcf,https://i0.hdslb.com/bfs/archive/b80f1267bf46ab75e13aa1393472a4b5ae10687f.jpg,始源苹果,548031319
BV1REeqzeEha,https://i2.hdslb.com/bfs/archive/f4934c37480f836da33e1a2344c4fcc8d452ac8b.jpg,Osinica,3546711838427209
BV1RGZQBEEtf,https://i1.hdslb.com/bfs/archive/348827ea4cc07288dcee26477427cd714c0345a7.jpg,Wreath_p,1402084014
BV1RH28YAEwu,https://i1.hdslb.com/bfs/archive/b9cac6b91ccb12d1c24fd77617e6b01ba335cbfe.jpg,旧制度与三色旗,3546778286689116
BV1RJHjeSEiY,https://i1.hdslb.com/bfs/archive/b5015754e0ae4199a1652cd141fa7220320ac819.jpg,TOPKINGCREAM,3493081292737020
BV1RJSsBJEA4,https://i2.hdslb.com/bfs/archive/5a874f42dd18a49daf1ee506de450588616f1cce.jpg,戬希Haleksius,1806620142
BV1RK6UYeE5z,https://i2.hdslb.com/bfs/archive/624890d668f006c5c3874ad19eaf75140d3d0f97.jpg,空想水晶诅咒绯红锁链,3546739686508856
BV1RKNAePEKD,https://i1.hdslb.com/bfs/archive/93546789b21c80a1a69d8b2f8d05b56eef94db63.jpg,Cryolitia,3493074850285686
BV1RKc2eEEvm,https://i0.hdslb.com/bfs/archive/fc0ef8ddecc0379d29cc377670d4844a89ca449a.jpg,泠欣LingX,32200642
BV1RKiZYDEX3,https://i2.hdslb.com/bfs/archive/3ff97597eb0dad1890b64c00ca5c0ad8ee048193.jpg,不好吃的SrDt,391558321
BV1RN411z7Qy,https://i0.hdslb.com/bfs/archive/c8d608982f75d8339f5a32d906a3d4c3d8027919.jpg,ArtanisLucien3,3494358949038171
BV1RN4y127rt,https://i0.hdslb.com/bfs/archive/e2e011f7d959587e30e9037df451f97a53e2063b.jpg,南极老飞禽,14710405
BV1RN4y1573Z,https://i1.hdslb.com/bfs/archive/b765f99b837f18439f94e95450a022a571e8bac8.jpg,翆璃塔,486175897
BV1RNYRzVEBN,https://i1.hdslb.com/bfs/archive/3ad1d8400caca5502354df25faac35185a1b3946.jpg,百合咲奈奈,488817090
BV1RNtdzeE9E,https://i0.hdslb.com/bfs/archive/5f75af4897b7873d644e0a9a600861dc36952d30.jpg,尘星八等,1754472259
BV1RP41127Q6,https://i1.hdslb.com/bfs/archive/19f537691ece832eb030488e9b4c17a14270a841.jpg,Mi-u_,398660064
BV1RP4y127Wa,https://i1.hdslb.com/bfs/archive/0001a462e04f475c256a07c5b2d11bb51492c92b.jpg,奏鸣旋律,53280376
BV1RP4y1m7oa,https://i2.hdslb.com/bfs/archive/629219055e820004baa75f6d6761609012d822ce.jpg,星海化相思,548530704
BV1RPD2YWEWX,https://i1.hdslb.com/bfs/archive/dad42352dab793e5eea3635b1df12f5ee44bfff1.jpg,ano0w0,1012978814
BV1RPmwB5Ejg,https://i2.hdslb.com/bfs/archive/0776caa04f43104ea5934ed4ad01d6bd3b872fda.jpg,草履虫饱和溶液,1782420262
BV1RQt6eqEdb,https://i1.hdslb.com/bfs/archive/b06797c0c536739115deb355b9f0badf317f6e01.jpg,沙华芜钥,538916032
BV1RRd6YXEx6,https://i0.hdslb.com/bfs/archive/783ffcef1601d874cbc70cf8b17e2014bc0503fd.jpg,答脸P,3494374728010705
BV1RS4y1P7ST,https://i0.hdslb.com/bfs/archive/3bdbdfbcb577a775557e897c2c4a050ca4499895.jpg,Mr兔_P,4399111
BV1RS6NYLEtc,https://i0.hdslb.com/bfs/archive/3856e7e1abc61efdaa3a6c7a046ac725d793677a.jpg,请你吃核弹P,5846566
BV1RT2YYgEof,https://i0.hdslb.com/bfs/archive/5746360802933f54b7ac6fc224289f14021b6cf3.jpg,千芷梦璃_Official,3546661995416476
BV1RT4y1r7kD,https://i2.hdslb.com/bfs/archive/2eeb719b268b7accdae5d6663e67ac618dd3538d.jpg,冰山_hyozan,367321
BV1RT9yYsE1E,https://i2.hdslb.com/bfs/archive/05fcce40cfcf67bec569b9b336b345a4406c7d0b.jpg,陌辞寒,22728974
BV1RU6DYCErD,https://i1.hdslb.com/bfs/archive/22470d83c3a3c2615f605002ca4a457f331b0345.jpg,Anseria,59405432
BV1RUyuYTE9C,https://i1.hdslb.com/bfs/archive/f257e5751c28700953b97dee01778892f6235e1d.jpg,超级大菜猫,3494358737225862
BV1RV41137aR,https://i0.hdslb.com/bfs/archive/2214444e137510ffc13d87e39ddafe07d35feadb.jpg,不是魔法少女是魔女,293975202
BV1RVFhevEeF,https://i2.hdslb.com/bfs/archive/5c1db262db9baa55ad5eddae0c8f6e8d77f4ec0f.jpg,磷元素P,273891297
BV1RWpiekEkU,https://i1.hdslb.com/bfs/archive/11165a9ff16c73e5dbbe7764bed9ef0613c85aee.jpg,暗色调的梧桐叶,629874452
BV1RXRRYtERY,https://i1.hdslb.com/bfs/archive/6ccfaae55e75f71d86c180df679dfbd2bc798e42.jpg,Yukikaze雪风1453,88985936
BV1RXZEYaEoT,https://i0.hdslb.com/bfs/archive/5551beba0117190961cca59900a8fb6cfff56529.jpg,白霜渡鸦_Corvus,470563327
BV1RZ4y147nc,https://i1.hdslb.com/bfs/archive/51db4998c35b8d3b52e027aa9fa09936fc0fe85f.jpg,五月云in水面下,18794996
BV1RZtXzhE8D,https://i0.hdslb.com/bfs/archive/79eec1f39406b67826c8ba8c8e79694daac67048.jpg,-雷龍,347367741
BV1RZuAzkE3w,https://i2.hdslb.com/bfs/archive/e2d74aa520baddb808c9e9020b63bfd8ad27cdaf.jpg,星语落枫,52699238
BV1Ra4y1r7SX,https://i2.hdslb.com/bfs/archive/efdb78b76445e741cb52f702630bc4e939a512a2.jpg,尊贵的阿昆达,12131593
BV1RaPkzKEcu,https://i1.hdslb.com/bfs/archive/8085e8930c509ded42a8f60a5edd93699f36ebbd.jpg,叩风寻铃,3546915081816292
BV1RbY5zvE28,https://i0.hdslb.com/bfs/archive/cecd0b4ca120396b3d34a9467b8c36146dc42054.jpg,TOPKINGCREAM,3493081292737020
BV1RbYGzoEBk,https://i1.hdslb.com/bfs/archive/689653f4c738a285fb297f9e13bba6af16d8e45d.jpg,蔄新枔-阿枔,482384387
BV1RcEtzcEwA,https://i1.hdslb.com/bfs/archive/4ef8f2fa32fde4234bd0af02fe303bb837ba8aed.jpg,星莳star,142379467
BV1RcHxzPEuA,https://i1.hdslb.com/bfs/archive/8c25a8686d7e9ca75ecdee98d5bed8cf4618f273.jpg,北极星Polaris_D,11529553
BV1RczjBPE4W,https://i0.hdslb.com/bfs/archive/446d055b302be3d397d6ee9a053417b4f982d97a.jpg,匹垂客Petrichor,1283732492
BV1RfsdeTE6L,https://i2.hdslb.com/bfs/archive/d3a2a29b7ed7cc9965a5b6befe034a8516c25aee.jpg,雪人Snowman_,15607580
BV1Rg411s7jC,https://i2.hdslb.com/bfs/archive/5812ab864562f592b20e1f2233aaf753c5217bca.jpg,被遗忘者的哀伤,12836485
BV1Rg4y167Lq,https://i2.hdslb.com/bfs/archive/2e75f7080f405f5336ce8e5224ba5b60f5a309a0.jpg,Mrwhite0093,5283053
BV1RhW3zPEJ9,https://i0.hdslb.com/bfs/archive/c39647b6469ef68b69566212de8f750bcac6d672.jpg,wukino,81484009
BV1RhxvzuEWG,https://i2.hdslb.com/bfs/archive/5aeafdb53f7b969d58e453b7a6a489b779324632.jpg,锌轲,481226116
BV1Rj411a7uQ,https://i1.hdslb.com/bfs/archive/40a1bf281476ebbe6072ce538756cf0093cccf69.jpg,花绮凛奈Rinna,482592218
BV1RjFHerEin,https://i1.hdslb.com/bfs/archive/7b726b2ef6877245dfee5aea637e0557e0465301.jpg,sin秦苑夕,582847880
BV1Rjx7zREqF,https://i2.hdslb.com/bfs/archive/debac111e14628fb98c8951bf674173647def2ec.jpg,L则鸣,442791639
BV1RktdzuE9s,https://i0.hdslb.com/bfs/archive/18e3d41868bbfd518f024068e7a2d184ea20d3a3.jpg,Seasonの虹-退,289867235
BV1Rm4y1j7EU,https://i2.hdslb.com/bfs/archive/35a5775f15cca02a2d99f34c49b3ad8cbb009dcf.jpg,星语落枫,52699238
BV1Rm6NY2EiW,https://i2.hdslb.com/bfs/archive/78b2ab1d1135548022b1348b968d7b66acacaea6.jpg,EveKraHill,1648731978
BV1Ro41e1EpW,https://i0.hdslb.com/bfs/archive/317921cc73454d009ec9d3e8361b2eb52da4237b.jpg,零天羽,36395571
BV1RoScY4E6s,https://i0.hdslb.com/bfs/archive/dc5f7c1cae3b0e5ebe916b0908f49c8de63a0b06.jpg,账号已注销,384824064
BV1RozfBdExN,https://i1.hdslb.com/bfs/archive/2c7842e079cdc3ba8e4c3cbdb00db1e945b914f1.jpg,戬希Haleksius,1806620142
BV1Rp421R7Xz,https://i0.hdslb.com/bfs/archive/644756e1dae7e40e8794dad48885d0db69f21d56.jpg,迷行雾渚,526121942
BV1Rp421d7zt,https://i2.hdslb.com/bfs/archive/184a88b07d47b542d3c4cb3d47cb9d5b1ef40884.jpg,Darxark_CM,382935678
BV1Rp4y1u7S3,https://i1.hdslb.com/bfs/archive/90f3618ec5689a481c449a0353ce3009f8edd425.jpg,日御炽蝶ヘリン,1338375556
BV1RpFfzrE5k,https://i0.hdslb.com/bfs/archive/aa0064faa6a1a9fe5a23b2437f9ce6bcb89b4fb3.jpg,屑南无三,1098229102
BV1RpcreAEud,https://i0.hdslb.com/bfs/archive/c65a54d66df59adfc05e312e5fec9a82c6d0458a.jpg,一只路过的史莱姆z,474601742
BV1RpftB7Eba,https://i2.hdslb.com/bfs/archive/756f0ca559cee0cfe443e3063e184230f9a01394.jpg,XQ-V,3546740590381155
BV1Rr421j7Yh,https://i1.hdslb.com/bfs/archive/9577a51844cfdee876c96734a51c3603aa911ef7.jpg,KalonTonics,153327351
BV1RrkxBBEYc,https://i2.hdslb.com/bfs/archive/cb9abe08c97ee755ef0a17d1eaabe8c74ef7eda4.jpg,玄云__,620883622
BV1RsTBzNEqG,https://i1.hdslb.com/bfs/archive/344db3a6b32252e873d34435496a6f2288eb3101.jpg,NyaovO_,1982820505
BV1Rt421n7Du,https://i2.hdslb.com/bfs/archive/1287ec41b580b1956eeb67d5ef25c5c93188859c.jpg,此号停用_,1524963883
BV1Rtj8zYExE,https://i1.hdslb.com/bfs/archive/53f22266d956205da777368eac2282764071c0af.jpg,Ende_,38528469
BV1Ru411F73a,https://i0.hdslb.com/bfs/archive/a9e730ef06945f1d917be85d639d2404e3c59874.jpg,MaxXSoft,295902
BV1Ru4m1g7pW,https://i2.hdslb.com/bfs/archive/3c00b2d8eb7b9db030d08d343d07068fc726cdc4.jpg,吟诵者wittig,1564050451
BV1Ru4y1b7Gq,https://i2.hdslb.com/bfs/archive/d4a398877b90857664bb78b5d622a619de9b4e8e.jpg,东风塔兔,409607125
BV1Ru4y1u73X,https://i2.hdslb.com/bfs/archive/be3f1d1283532edddbf8388affe7220fafb9f278.jpg,Dagazs,88726438
BV1Ru4y1v7a4,https://i0.hdslb.com/bfs/archive/0030ddd04e3878b241b379e88758826b1004cbc8.jpg,Ark不是P,390183124
BV1Rv4y1X7ov,https://i0.hdslb.com/bfs/archive/f849dfa200c68e89bef9a18921380790249b0f31.jpg,Arcadiac,5774684
BV1Rw4m1r7DB,https://i1.hdslb.com/bfs/archive/a63db4ffccabd9634a23d0f801c30e8785a3b6ee.jpg,Eipi溟溯,650493940
BV1Rx411H7wb,https://i0.hdslb.com/bfs/archive/c4cc7c3a007b019383829af009abf7c8998c5f24.jpg,星尘Official,15817819
BV1Rx4y1C7NA,https://i2.hdslb.com/bfs/archive/fda027a4e3d5827e62934d836a1de304ed8a62da.jpg,异世界の小白,54789216
BV1Ry411B7Yd,https://i0.hdslb.com/bfs/archive/8a0469075d5af097c80b93d4258c3499a3dd3ee5.jpg,不好吃的SrDt,391558321
BV1Rz4y1c7dA,https://i0.hdslb.com/bfs/archive/e6c5c08c140d1d214893de77fcc700c580afa449.jpg,会咬人的白海豹,52575440
BV1RzxbeFEyE,https://i0.hdslb.com/bfs/archive/a7feb472c01a9aecb244394c930cdf2ab9ba7ff2.jpg,VD不溶也不燃,1476454
BV1S1xLemEvY,https://i1.hdslb.com/bfs/archive/5c5d4c0589a796cf031ad6a01a70a7d5cffa477e.jpg,熊青嵐,31159764
BV1S24y1Q75M,https://i1.hdslb.com/bfs/archive/ee4158f9917ad5b163792baeba77501a75e52abc.jpg,墨素Mohius,36112611
BV1S3BgBuEX3,https://i0.hdslb.com/bfs/archive/1c1e9d6a580466dfa91fd96345a724c5b41376a3.jpg,Cryincatttt,178778573
BV1S3j7zdEUR,https://i1.hdslb.com/bfs/archive/75c59291e8c19b2f1982dd6c31321f746b02c583.jpg,锌轲,481226116
BV1S44y1c7TB,https://i2.hdslb.com/bfs/archive/779cdb1c7de6d0e1f2dca7521abc88d9e1132f30.jpg,樟子君santal,391281625
BV1S46RY5EAN,https://i1.hdslb.com/bfs/archive/9a13aef1684c6cdea522c838e4c4d5a2cd5c48bd.jpg,一叶洄,2683528
BV1S4LJz8EQn,https://i0.hdslb.com/bfs/archive/3a4276bc65ccd0d4bd777bb5d8354c560898737b.jpg,念北风_,432072948
BV1S5aAzpEAy,https://i1.hdslb.com/bfs/archive/0bb8b51d5b3be5102b40180c444d8018966685c4.jpg,蓝鹰QAQ,493851957
BV1S5iFBzE6f,https://i1.hdslb.com/bfs/archive/e887fd662ea92435ecec4589893d7932fea4bf87.jpg,上帝不是醫笙,1468853803
BV1S5mPBLEkX,https://i1.hdslb.com/bfs/archive/6ddb7ec2ae5ef551354eeff8d4b0700cbae6a756.jpg,Aya-啊呀呀,2577707
BV1S67KzcEsU,https://i0.hdslb.com/bfs/archive/1ef26ac1404b22caff4596f66eb0652610c650ac.jpg,环指零度鸟,432637013
BV1S7AseEEcH,https://i2.hdslb.com/bfs/archive/8f7afc604d2ea74dc9d75be56eabd6d12ce6767c.jpg,Ajisa2,1621069269
BV1S7SEB4EkA,https://i2.hdslb.com/bfs/archive/dfad44475d5e3e28ee5822f60ffe3ce799d39508.jpg,反方向的燕砸,2020045616
BV1S84y1Z7FV,https://i1.hdslb.com/bfs/archive/c05a01558ec5c3da8feedf7a7e7cc3a78a697625.jpg,豌豆哒哒哒哒,38403158
BV1S84y1x7EJ,https://i1.hdslb.com/bfs/archive/98a1682b2329f0ceab2c2ce2804f2d77520fea7f.jpg,秋の墨_,144734091
BV1S94y1v7WS,https://i0.hdslb.com/bfs/archive/42239ad61585b1bf0192d8699a2c9dcc0d8a0e74.jpg,雷欧拾玖,509965607
BV1SA4m1V7oZ,https://i0.hdslb.com/bfs/archive/92fe0dc4505f5f41a513674ef11b0156af680194.jpg,一Na2S2O3一,329347512
BV1SACbY1Eah,https://i1.hdslb.com/bfs/archive/2622f90c59eb9cc2151f43a21cbb469ac96c6b86.jpg,O_Oyster,18911238
BV1SALzzmEwL,https://i2.hdslb.com/bfs/archive/39d741c12e1d66a674dfc4f9b0b027ab9c7d7fba.jpg,阿雷雷阿雷格,1774600907
BV1SB7BzQE3t,https://i0.hdslb.com/bfs/archive/09befffcdbcddd1f5d76cc10975e7be2447a2eab.jpg,香香芋p,15494726
BV1SCPvzyE1V,https://i2.hdslb.com/bfs/archive/838dcc9ca8d49683eaaaab912968b7681bba40f2.jpg,ANY_OFFICIAL,3546754521762726
BV1SE5zzCEEF,https://i2.hdslb.com/bfs/archive/4f689fedf0a949bd6eb5b4361cb0f03262f53fbd.jpg,璘月亚灺Xie,412412152
BV1SG4y187Lg,https://i2.hdslb.com/bfs/archive/e498a4a94a778a13f71e349389433758e17d8e21.jpg,北山Pesaka,19500824
BV1SGnJzBE2Q,https://i2.hdslb.com/bfs/archive/2e5f0faf691edf4b0ee217ba026837704cf38e5b.jpg,日敦吞,4225055
BV1SHFDzgE4D,https://i0.hdslb.com/bfs/archive/032b1d1d691aa1e86ee35f398b043b7b24733950.jpg,云晦,1986561987
BV1SJ4m1j7qe,https://i0.hdslb.com/bfs/archive/a771bb1a25db60755d1233272e1805ab0d18d7ff.jpg,风湮Official,8151904
BV1SJ6BBsEet,https://i0.hdslb.com/bfs/archive/2641a6f4bf8110d408190ab4dfbb85b04e356926.jpg,老凯不会弹琴,379922553
BV1SJmzYJE4f,https://i2.hdslb.com/bfs/archive/a0827ad99bd4eda56a1cc0f2f977694ce54e8b08.jpg,混元2333,244105553
BV1SK88zREu2,https://i0.hdslb.com/bfs/archive/e64bb5e86e57bee6611befbd8226c244804632fc.jpg,非鱼_Fy,693867292
BV1SKFkzEEzp,https://i0.hdslb.com/bfs/archive/8ab817e6a60557add64ac065a2b8fbd50e97e8b4.jpg,ARCADIA-瑶光,34829288
BV1SL4y1w7Rh,https://i2.hdslb.com/bfs/archive/e7d11f065f0d13b1df2d24c0d94462313ed0a434.jpg,Arcadiac,5774684
BV1SNMtzwEPJ,https://i2.hdslb.com/bfs/archive/cba6d928a7535f4b1a7399503d55caee3919c2ba.jpg,B站晓瑞,470766432
BV1SNn7zvEmA,https://i2.hdslb.com/bfs/archive/0f68fd7fa7597c5f2130c6faebe60e2cf62f13a4.jpg,xlly11,3546923352983819
BV1SP4geNEv1,https://i2.hdslb.com/bfs/archive/21d77d81f3d20147bf57cd6a3632ba15a272106f.jpg,禾芷溪溪溪溪溪溪,186907588
BV1SPNheuEzJ,https://i2.hdslb.com/bfs/archive/5c1db262db9baa55ad5eddae0c8f6e8d77f4ec0f.jpg,旋惊散San,39397092
BV1SPeoz1EiS,https://i0.hdslb.com/bfs/archive/76bc0c26632363852de501760ede04fc2baa14c0.jpg,戬希Haleksius,1806620142
BV1SRFAzGET4,https://i0.hdslb.com/bfs/archive/29df68904f4aba83a9a5c475942b718c6d0416be.jpg,予梦_StarryNight,288592339
BV1SRmwBgEJE,https://i0.hdslb.com/bfs/archive/7b976aea77f3b0e55ab5d5e4a96eea6e6d896b44.jpg,璘月亚灺Xie,412412152
BV1SSEDzdELy,https://i1.hdslb.com/bfs/archive/408d7945ed91a75f5256c0aa61b026d200559a2f.jpg,环指零度鸟,432637013
BV1SSHPerEPg,https://i1.hdslb.com/bfs/archive/651f73ef190dfa34e0481f922c22f94a373f9acf.jpg,花绮凛奈Rinna,482592218
BV1ST4m1S7Gv,https://i1.hdslb.com/bfs/archive/918bbec725abd7c08fc2640800012ef74952831b.jpg,肺肺每天都很困,12181417
BV1STtueTE2L,https://i0.hdslb.com/bfs/archive/2cdc6aaf865b7adb4c25c1af580f32bf878cbb81.jpg,Star__P,3546736305900006
BV1SUP5zDEMP,https://i0.hdslb.com/bfs/archive/154a9b85666ac7cdfb1bd402449fda9651ad6a3a.jpg,白霜渡鸦_Corvus,470563327
BV1SV411S7qG,https://i1.hdslb.com/bfs/archive/3a1a0d4662e8572ecf6fbbb95d783fc3ef1db17b.jpg,轻尘P,1526407297
BV1SVHQerEz9,https://i2.hdslb.com/bfs/archive/f0c1a4719c1ffca2ea991c81407d956b39664294.jpg,天音浮梦_Official,3546566780521374
BV1SVtVeUE9X,https://i1.hdslb.com/bfs/archive/e94d461257b403e29193a3950766bbea2944f5ea.jpg,会咬人的白海豹,52575440
BV1SW4y1w7zQ,https://i2.hdslb.com/bfs/archive/72cb26cc16eaf5ad0797095e94a950076696fa15.jpg,Emakoto,3546373544740923
BV1SWc4zyEdq,https://i1.hdslb.com/bfs/archive/cb2a9a692c92a556a8f648a5ce8d00a0982d0c75.jpg,黎可Lico,21613021
BV1SWh2z3EHt,https://i1.hdslb.com/bfs/archive/e2b1c82965e638ca375d9d263dec05ecef4f697b.jpg,赦令喜欢此方哟,3546577020913978
BV1SWmMBREu5,https://i1.hdslb.com/bfs/archive/c030afd49e1e6f3ca074361d9152da9bcf0c2f46.jpg,P7iu5taR,3546753594820775
BV1SX4y1J7Uu,https://i2.hdslb.com/bfs/archive/e7c8a27e96c25085b42770fe24fc0676c78d5d98.jpg,ThEtherea1_,3493283047148394
BV1SY4y1V72E,https://i2.hdslb.com/bfs/archive/d36e9aa3cb0caf9607f11a63faa1bcbd36e3ef62.jpg,予花同名,2037893494
BV1SY4y1w7Gb,https://i2.hdslb.com/bfs/archive/a3a394ea246cba95bb0b3dbb06cc657694af27f8.jpg,纸鸢EAbird,82632219
BV1SZ421x7c4,https://i0.hdslb.com/bfs/archive/b97ef6a64a6f6b1fd8d4d9b63c51b21a411ae75d.jpg,Sucial丶,445022409
BV1SZUcBGEDs,https://i1.hdslb.com/bfs/archive/9bc46b494e9192467d4d2a8ece8d8d736d65ff43.jpg,バックアップP_Official,1226073828
BV1SZzYYSEXZ,https://i0.hdslb.com/bfs/archive/c2ec059de8c6046a56b3d481818dc37480f8fdbf.jpg,栖语星,2069111127
BV1Sa4y1C7E1,https://i1.hdslb.com/bfs/archive/e663429bf64c7d27e1c8d26b7142b97bb2008435.jpg,MegrayChan,291318088
BV1Sa4y1q758,https://i0.hdslb.com/bfs/archive/8874279e1a1d480deeaa35caa17c87d2ae1705e4.jpg,说真的取名好难,18162875
BV1SaEMzME6B,https://i1.hdslb.com/bfs/archive/1477ef2a4f080a8995902f93d8cc57a8967347ac.jpg,瓜汤参茶_Kabuicha,287300139
BV1Sb421b7u8,https://i2.hdslb.com/bfs/archive/1d13856c45315c0aecc3eefc0c1d04296e00c9b4.jpg,KunKi114514,163104011
BV1SbZJB7EQg,https://i0.hdslb.com/bfs/archive/03173586e82cda47de290bf18ac1b29596a66d02.jpg,木槿风Breeze,27536652
BV1Sbu3eUE5o,https://i2.hdslb.com/bfs/archive/e7fd784797382038f338ac7148a9379065a9e128.jpg,ING丶邦邦,29665019
BV1Sc32ztEQp,https://i2.hdslb.com/bfs/archive/aaa4f1a63f88168e020c2415c3cd85c285d743e0.jpg,RRin_p,476403716
BV1Sc411F7uB,https://i1.hdslb.com/bfs/archive/2408639b890809885c796b56fd38cb1e7ce80f5d.jpg,风杯_,437167862
BV1SchizjEZi,https://i0.hdslb.com/bfs/archive/94b9d9e2c007968dad0567887fcc514a34c1357e.jpg,kurumi94,272438
BV1SdUoYrEC3,https://i1.hdslb.com/bfs/archive/fae827709d18ad0ec1ec39e306ac51e50aa2a689.jpg,风湮Official,8151904
BV1SdZGYKEMz,https://i1.hdslb.com/bfs/archive/2031a423cbedef0ab87471acfe0fb09f6570ff16.jpg,罗门圣徒,1834783488
BV1Se411i7VW,https://i0.hdslb.com/bfs/archive/0abcebab3f83d6a4eea26d150e984fb644d6d7ed.png,予花同名,2037893494
BV1Se411z7HZ,https://i2.hdslb.com/bfs/archive/a517a6df4bff4bcbbfcc620092f8db4cebf48aa6.jpg,ZrO2p,3537109990246808
BV1Se411z7tD,https://i0.hdslb.com/bfs/archive/cc58165ca20fe52d8c8115c105aa96e9ff3b79d6.jpg,超级大菜猫,3494358737225862
BV1Sg1pYeEEb,https://i2.hdslb.com/bfs/archive/8a65bda3ae52825e59f20f98f5979e8282b37845.jpg,澈零喵,252680534
BV1Sg4y1N7D1,https://i2.hdslb.com/bfs/archive/a266d0d9edace8ece85ad2772840b4f8bc41a0b4.jpg,旋律侠,3493132907842395
BV1Sg4y1f7b8,https://i1.hdslb.com/bfs/archive/34469968d94be03e8558d03e8a9c9a131324af42.jpg,VC绫绫乐,355156672
BV1Sgm3BwEh5,https://i1.hdslb.com/bfs/archive/d69467d256aa6ba7203d91cf3b92311a1ae25859.jpg,星川__HzY,1783946889
BV1Sh411A7Z5,https://i2.hdslb.com/bfs/archive/87dcfca65f806980ff4ed787db59740cb2c9cdeb.jpg,牧儿P,355179246
BV1Sh4y197Vw,https://i2.hdslb.com/bfs/archive/88e915aa5056bf8d5736547a90956ce994c31e9f.jpg,千草幻星,14425668
BV1Si2aYhEm2,https://i1.hdslb.com/bfs/archive/73cf8124b67661868318c3527fb6cb34e6df79e8.jpg,落桜飘雪,151165899
BV1SicgzaEzL,https://i0.hdslb.com/bfs/archive/15004aa2ef37cd89e3b0687e89f15dda5f2cdb49.jpg,Korlar柯拉,364826977
BV1SisteJEfd,https://i2.hdslb.com/bfs/archive/518184b79bd91b750c1d4d0502ab7665f073efa5.jpg,遙枝harue,295514534
BV1SitZerE97,https://i1.hdslb.com/bfs/archive/db7302efadbfbcb194da85f6c7f48ba49002a8e0.jpg,苍梧_abilrue,4933186
BV1Sj411P7w5,https://i0.hdslb.com/bfs/archive/eada8206d3f54a5e816160ca65a0550222cd0ea7.jpg,吃吃安息香爻爻爻,651643146
BV1Sj411t7yR,https://i0.hdslb.com/bfs/archive/5b7d2842a4b6b11bac45d89588e6210c8ccd4adc.jpg,拾光与小狐狸,179469844
BV1Sk1PBuEgk,https://i0.hdslb.com/bfs/archive/b3af0e189eb071621fee605ca782157187c0f83c.jpg,剑雨_sr,285261350
BV1Sm421W74R,https://i2.hdslb.com/bfs/archive/c1823521c4f2000ac0399c76a4265dc71acf1df1.jpg,eshtero,1895976916
BV1Sm6hYkEF1,https://i0.hdslb.com/bfs/archive/a71988504620fe7eb5296a446e12b6c14f67820a.jpg,空想水晶诅咒绯红锁链,3546739686508856
BV1SmEjzFEUq,https://i2.hdslb.com/bfs/archive/d0e4b94b776d2fc33f364dea33b9c9a0753e3dd2.jpg,小培lovely,333658302
BV1SmHvzXEYT,https://i0.hdslb.com/bfs/archive/1a2a3dfb20e88652da5fcbc9840e103ef5818474.jpg,萧于Risho,183586082
BV1SntqzrEF2,https://i0.hdslb.com/bfs/archive/27c58fa2c471aff813ea0c6101f0663108b724f7.jpg,尘萤宇P,382492832
BV1Sp8MzeEqa,https://i1.hdslb.com/bfs/archive/3c95a99b76ae892dfd9f25c9f257a57c38f93020.jpg,指针鱼,3546706163534820
BV1SpfGBwEtc,https://i0.hdslb.com/bfs/archive/6ed6976fc5bb414355bccb6956447301ee0c29bd.jpg,一盒肥皂泡_,3546676618856801
BV1SptjzSEwB,https://i1.hdslb.com/bfs/archive/66d356a8a4404331e326e8df7746ec3a467c5701.jpg,君莫笑常笑,329292918
BV1Sqo8YEEEP,https://i2.hdslb.com/bfs/archive/27a84fcff7a9e2737b557a93c98ba9edcec8fcd9.jpg,爱音西娅p,3546857886189670
BV1Sr4y197ju,https://i1.hdslb.com/bfs/archive/f336124033b858b90ca55ef559a7c07634e91a31.jpg,影歌P_Kageuta,356160341
BV1SrAfzgEMs,https://i0.hdslb.com/bfs/archive/df2bbbcded118973842204a986b257fd901c3bdb.jpg,sk洵,519806018
BV1SrZ6YJEYQ,https://i0.hdslb.com/bfs/archive/aa0f2677fe3252d45692239e9a27c525b794eee7.jpg,中子P,3493280457165617
BV1SrfoBoEAT,https://i0.hdslb.com/bfs/archive/6453c09ba71b6220072f3eb3bf3e4963be59af9d.jpg,小野道ono,276908
BV1SsZ7BGEEs,https://i0.hdslb.com/bfs/archive/8c61ebb5c8fd51e971aacb13c0712bae500f9d98.jpg,雨子酱P,3546759288589173
BV1St42187J4,https://i0.hdslb.com/bfs/archive/3a11f6ee5355cdb259eb3347c22311bf29545dc9.jpg,辰楹--漂泊终点版,281109345
BV1Su411E7ec,https://i1.hdslb.com/bfs/archive/8a029acaaf39189f5105b2e8e523b561fe74c7b6.jpg,讲义P,1119720444
BV1SuZHYbEmV,https://i2.hdslb.com/bfs/archive/71baa2372f23a5d0b20cded49abb19395e31bfd9.jpg,月熠日炘,505183434
BV1Sw411g7kw,https://i0.hdslb.com/bfs/archive/5b081c61067821680f109abb869d921d40104366.jpg,不朽之言,94765413
BV1SwbYzwE1x,https://i0.hdslb.com/bfs/archive/16726047df954c114be3ea2a67a52f7580457307.jpg,风传烟磬远,1185927569
BV1Swo1YtEAm,https://i0.hdslb.com/bfs/archive/c7727fae6ecddb2039d9b1e3156ad1ef98c2a070.jpg,Enusen,252516634
BV1Sx41117dD,https://i2.hdslb.com/bfs/archive/6c7b33dcbf64f423294c63c7acd2bcb92c1b4e8f.jpg,写歌的海鲜面,935899
BV1Sx4y1C7AM,https://i0.hdslb.com/bfs/archive/38139f623c2c18d89eaca762597a3752251882a3.jpg,不好吃的SrDt,391558321
BV1SxfGBFEMh,https://i0.hdslb.com/bfs/archive/1b855a06e6d97c092a5106e8b6db106d4829cb6d.jpg,灺_琳,1791537472
BV1Sy1MBWEiG,https://i0.hdslb.com/bfs/archive/32278223477aa46bc0a771869dbad39a8fc9bcea.jpg,CROOOAK,282117733
BV1Sy421a7Eb,https://i0.hdslb.com/bfs/archive/1635c33962593d24f53011d7859795f0a0cf900c.jpg,奈清枫,474104783
BV1SyjezMEuu,https://i2.hdslb.com/bfs/archive/e8baeeda005bd6d15ad3d62c659a94eb9cb28c19.jpg,鸩羽Official,523560808
BV1SyyWYKEHu,https://i1.hdslb.com/bfs/archive/24597dd0f942006dc76eeed4f3fbbc192b2a9a2a.jpg,时光代我如旅人,64964948
BV1T3KNeYEYq,https://i1.hdslb.com/bfs/archive/363ad34afa0306141e364a52e64892226cbc8df5.jpg,LM-冷木,301454593
BV1T3QNYaE8Q,https://i2.hdslb.com/bfs/archive/025fcc29016c86fff9f1c420cfc2b2377ce84f40.jpg,影歌P_Kageuta,356160341
BV1T4421A7n3,https://i2.hdslb.com/bfs/archive/7c3fd34ac19aa0ab416df87b8899bb98158aa193.jpg,言爷,359806
BV1T46zYFEHx,https://i0.hdslb.com/bfs/archive/c0a05e7658fd38f10804e38628ad0ffef23325d9.jpg,o0杳0o,5866984
BV1T4ZKBGEZx,https://i1.hdslb.com/bfs/archive/d84b74bd441a8fec18697fb4f7e26700366c2560.jpg,FakeEnding_,514810209
BV1T5411i7r5,https://i2.hdslb.com/bfs/archive/3ea00a5e3ff2f56b7cbc8caac0f904021441739a.jpg,群青Music,521623822
BV1T54mzYEuK,https://i2.hdslb.com/bfs/archive/613218b0ca752b56cda6ff64fc99f3a01481d7c7.jpg,い爱花丶,26069934
BV1T64y1L7RN,https://i0.hdslb.com/bfs/archive/20fb746760b31af5c907c94f3e9ed3e12a8b8f1b.jpg,盐水是言和水,285926728
BV1T6fJYsE1Y,https://i2.hdslb.com/bfs/archive/4adb6f98066fba62ddf226186ed911b2ecf919b1.jpg,灯火烛天Lusky,27694266
BV1T6n3z7EYq,https://i2.hdslb.com/bfs/archive/f0a10b741105372add770fdbb4732d8eb7f07d28.jpg,星尘OfflciaI,3546968420780211
BV1T8411K7TX,https://i1.hdslb.com/bfs/archive/bf8b8521c7f283968936b3734a3575b552ec1f2c.jpg,灭了那个神话,3461562694110068
BV1T84y1g7hD,https://i1.hdslb.com/bfs/archive/c246175bc1602ec2aa37b64a1dd4b16a2dce194d.jpg,嗷嗷夜,121965159
BV1T8h2zMEwQ,https://i1.hdslb.com/bfs/archive/41341968fcb59f2808a03f5fa27c7dcbd5a97ed3.jpg,阮阮阮阮阮隋珠,1836444878
BV1T94y1v77p,https://i0.hdslb.com/bfs/archive/1b90be74d49534dc954312c5a0937140888a5dca.jpg,晓梦时光,382839354
BV1TAUpBhENx,https://i0.hdslb.com/bfs/archive/c6d04ad7a9d452f2d9d4b5fd2db91fe35f27953a.jpg,似檵,675144902
BV1TAY2zCE8E,https://i2.hdslb.com/bfs/archive/cdff43caa067239af6f91a72b71cc0e0ca6c3490.jpg,微笑铁假面,580423030
BV1TAbMzsENN,https://i1.hdslb.com/bfs/archive/6df72c93391ce1057954663c80e7a2cd764941a7.jpg,Starst星尘子,399170457
BV1TAcczPEL6,https://i1.hdslb.com/bfs/archive/f1d7c644d956c5febe31b6b2a389e7d2a96600ce.jpg,凌逸千言,3546918173018445
BV1TB4y1j72p,https://i2.hdslb.com/bfs/archive/db74a6e485da5968cc5307cd7ee0282853badc41.jpg,熊青嵐,31159764
BV1TBNweWE6D,https://i0.hdslb.com/bfs/archive/fda160a43077c245c53a56423f60c156f465c49c.jpg,TwoASeven,543709767
BV1TCAZe6Eqc,https://i0.hdslb.com/bfs/archive/1f61d0bb53bf0a024509ee0d6c9ab933a5223e1b.jpg,零天羽,36395571
BV1TE421V7TY,https://i0.hdslb.com/bfs/archive/d71b45f30aad01436091f4dbd1f6bf690f4dbf28.png,BCmilk,269391445
BV1TENizyEQa,https://i0.hdslb.com/bfs/archive/0035929c4f4476ef6c3475e4165e6f64b7b325db.jpg,以羽毛为笔,2076226137
BV1TEVHzoEJm,https://i2.hdslb.com/bfs/archive/ba43a85cbf22668d7c13763c1addd60e0fb4fefd.jpg,派派鵝,84259009
BV1TFWnz7EdV,https://i0.hdslb.com/bfs/archive/00301005e7d4c41b7f309da930876d57d4cfbf21.jpg,缄口p,3546701795166639
BV1TH9HY2EEa,https://i0.hdslb.com/bfs/archive/e622828b7d28c69788d4f85142b57c2a9390acce.jpg,暮色-Infi,272904686
BV1TJ4m1b7Kx,https://i2.hdslb.com/bfs/archive/58c95ab22756e4f82703821cdf8e8c435195e0b3.jpg,Z-e-r-oP,441065733
BV1TMahzcEAP,https://i1.hdslb.com/bfs/archive/c9e730674a10a87dd7c726ebfa2b410948c9002e.jpg,墨梓_Mozes,239794323
BV1TN411z7ag,https://i0.hdslb.com/bfs/archive/af693c4ea621e1a15efea0c20d5c7a9f49df8708.jpg,冈崎奈理Channel,18705667
BV1TN4y1Y7EC,https://i2.hdslb.com/bfs/archive/35854ec725aa4c5688f07352577b3c52a3b97b00.jpg,吟诵者wittig,1564050451
BV1TN4y1a7xP,https://i2.hdslb.com/bfs/archive/5a02cd9e2739ae1ccf86b33f8b7af840cc7cad42.jpg,R小绵羊233,102544559
BV1TN4y1n7bU,https://i1.hdslb.com/bfs/archive/4d425a6023560fcf716be875381298b4163dd913.jpg,翼と実TsubasatMi,9588466
BV1TNYvzkEh1,https://i1.hdslb.com/bfs/archive/68d12f70e3a87b4d33bea7f096501f1fe26ceda1.jpg,P7iu5taR,3546753594820775
BV1TQPieUEa1,https://i0.hdslb.com/bfs/archive/c05b4e740bd0db19ea2b2ef6c1c8b8e36b8a2dd6.jpg,中颖微华P_玖音曦灿,442585387
BV1TQctzLE3r,https://i1.hdslb.com/bfs/archive/7fe298b67ad57d09499e42064006ca5f7c645d66.jpg,双辞冫,423886341
BV1TRpTzuENC,https://i0.hdslb.com/bfs/archive/4e8ed4c78d7c863d787787445c227df7012cec4a.jpg,Lagrange_P,314077076
BV1TRwAeDEyQ,https://i0.hdslb.com/bfs/archive/c4629f8bfcd848511c7502c32fd5dfba84997b41.jpg,中颖微华P_玖音曦灿,442585387
BV1TS5yzZEnZ,https://i2.hdslb.com/bfs/archive/a0ab2e8bc2053744417f10f57f8668915c730e9e.jpg,神鳴沢世界,114419306
BV1TTJazqEYn,https://i0.hdslb.com/bfs/archive/11140ac73fe3b33561be5aad24971b819474977c.jpg,赤凌p,382441421
BV1TV4y1Q7u6,https://i2.hdslb.com/bfs/archive/f6eca2390a584a9512a9988093de792064cfabe0.jpg,花饽饽与过去拯救计划,30976526
BV1TWUYBdEwA,https://i2.hdslb.com/bfs/archive/4aab6c2892b263a3f9872ce36641ac27c5a577f9.jpg,ConradSong,482754690
BV1TXUTYhEMY,https://i0.hdslb.com/bfs/archive/ffeae58bfb9b646f89c61f1b90f9d066db84b323.jpg,拾光与小狐狸,179469844
BV1TYf5BPEX2,https://i2.hdslb.com/bfs/archive/e88b2851286602f6abe1b0c29428d2a1f5ac9c76.jpg,Starst星尘子,399170457
BV1TZ421a74J,https://i0.hdslb.com/bfs/archive/6492ca249e93c8e0757249d430330e8ef98a03cc.jpg,John_Em,471195247
BV1Ta411U7Qu,https://i1.hdslb.com/bfs/archive/20398dcc84c6421da280112d88ddb1cc3a2365ed.jpg,星语落枫,52699238
BV1Ta4y1F7Q1,https://i2.hdslb.com/bfs/archive/7f0f8f4ad4889784d299e5cb75d3582d08e038bd.jpg,盐水是言和水,285926728
BV1Ta4y1z72p,https://i2.hdslb.com/bfs/archive/64405e1f558da04d597e0f7f45c49e638c74e7b7.jpg,Danny随便发点啥,477226354
BV1TbL6zSE15,https://i2.hdslb.com/bfs/archive/79daddd759c31240c09a6ed937a6b462620f93d0.jpg,溢墨OwO,2128135636
BV1TbPxe9EBa,https://i0.hdslb.com/bfs/archive/d18ad2f20ae815f2b7b05fa54d2ab8c6a2751ea0.jpg,星语落枫,52699238
BV1TcqzB2Eqf,https://i0.hdslb.com/bfs/archive/78049c7e937a44bf68eb2af52793357c19f8b0a0.jpg,呆呆的土豆大哥哥,285631852
BV1TdAaeiEEU,https://i0.hdslb.com/bfs/archive/278341082420dd3bd7ac6454db63d6ccd543e7de.jpg,熊青嵐,31159764
BV1TdWzeGEbT,https://i1.hdslb.com/bfs/archive/2ab25ec816181b99f83ea381a57c1d7f4a9c8cc5.jpg,风湮Official,8151904
BV1Te4y1E7Dv,https://i1.hdslb.com/bfs/archive/d8a598526a397a764efa809473df0061d4bbfe0a.jpg,晓梦时光,382839354
BV1TepQzaEWt,https://i2.hdslb.com/bfs/archive/7258358e43f6059512e7337a2ee17af2d97d3d3c.jpg,现充爆炸乐队,440694851
BV1Tg4y1C7iw,https://i0.hdslb.com/bfs/archive/9576cb5fa6abc76e455e968bcd5bad5610b7caeb.jpg,鲨茶一号调音机,225541180
BV1Th411N7mw,https://i2.hdslb.com/bfs/archive/8e304b0aab23a1c75fcd8251c9c86c4c4d244cda.jpg,苏渊-夙愿,36802383
BV1Th4y1B7pN,https://i2.hdslb.com/bfs/archive/67acd9184ee56a9646478c05b0492da8127eed62.jpg,海辰家的猫,11015034
BV1ThFazpEq9,https://i1.hdslb.com/bfs/archive/8e1dff37e411b4bc82ec1a28a0af22ba1f48f03a.jpg,哆啦慢,3493257147321138
BV1TiUTBQEqy,https://i1.hdslb.com/bfs/archive/1fc9f7fada49e88425296fd93d2ad895b2a9bcd6.jpg,一荡山河鸿门红,489969595
BV1Tj411B7xQ,https://i2.hdslb.com/bfs/archive/169967e3eaea3565810b0d7b974a421a41ca3f48.jpg,被遗忘者的哀伤,12836485
BV1TjfDY3EJ4,https://i2.hdslb.com/bfs/archive/b2ade2dc962cb938f82f5c60f4dde58748c32fd6.jpg,蓝鹰QAQ,493851957
BV1TjqDYREo1,https://i2.hdslb.com/bfs/archive/0eaeb66f7443fb6b879de1b8c39189e6030f323c.jpg,徘徊萤火,3546580988725435
BV1Tk4y1E7NH,https://i1.hdslb.com/bfs/archive/5ef6200c44cc8b0dfba4da3193a5c2d3c03be8c9.jpg,花饽饽与过去拯救计划,30976526
BV1Tk4y1L7HA,https://i2.hdslb.com/bfs/archive/e3f98f3327bf68df15c95d14d2341ed42bef1bc7.jpg,墨素Mohius,36112611
BV1Tk4y1N71V,https://i1.hdslb.com/bfs/archive/bcd4d13722fb5a04aa46708f4979e024b4d7527d.jpg,-络霏-,15331235
BV1Tk5MzoEdi,https://i1.hdslb.com/bfs/archive/4b5ac2e36c70d91cfae62bcaa1f10f3c030fab0c.jpg,反方向的燕砸,2020045616
BV1TkraBuEhS,https://i0.hdslb.com/bfs/archive/badbdd810f7bbe7ad7579829e93c19b743ac7d9e.jpg,匹垂客Petrichor,1283732492
BV1TkznYVEZS,https://i0.hdslb.com/bfs/archive/d880711a8a1de4884d031ce516cf146a4e2db056.jpg,Mi-u_,398660064
BV1To4y1J74j,https://i2.hdslb.com/bfs/archive/50fe93b61706b7d5e1fa2adfbffa54822478ab00.jpg,底层群众喻白,298537931
BV1ToHSeeEtH,https://i0.hdslb.com/bfs/archive/444c5291129966b4b8d3c6730faef44ef0394c85.jpg,O_Oyster,18911238
BV1ToQtYFEsV,https://i2.hdslb.com/bfs/archive/049fe2ca0a55486dd3226c24cc0b6dd83a94d01e.jpg,云晦,1986561987
BV1TrgfzdE6V,https://i2.hdslb.com/bfs/archive/623aa35e78514988b349dd0e9d27b636279c3a84.jpg,CoderCharlie,2004885911
BV1Ts4y1c7sE,https://i2.hdslb.com/bfs/archive/cd628d0ebac03647c4043767761599008e6b385d.jpg,温水煮团子,63553115
BV1TsnAzxETo,https://i1.hdslb.com/bfs/archive/bb99a8286256de9df9b9ae0c9c0e9b2bd1f515aa.jpg,春光p,651798004
BV1TsnfeWE3Z,https://i1.hdslb.com/bfs/archive/70467b1732407325b7abe850a18a70942cc87467.jpg,雨天rainywhale,86661122
BV1Tt411G7Tz,https://i0.hdslb.com/bfs/archive/7f518a0ec7c20c2a7543e4a81202d9b17e9d0692.jpg,不鱼_P,7146922
BV1Tt4y1d7Uh,https://i2.hdslb.com/bfs/archive/50308c52e87c7a12220966174c60d9215d44d37a.jpg,星尘code,131326105
BV1TtFDzTEVi,https://i2.hdslb.com/bfs/archive/30a31060462c87a1005e26aca76629033f4fd073.jpg,星念_i,527614173
BV1Tu41177Bs,https://i2.hdslb.com/bfs/archive/51ab9b261dbe9375cb117f8e3a2d2793ffb9ee60.jpg,鱼鱼酋长,399950312
BV1Tu4y167G7,https://i1.hdslb.com/bfs/archive/84e219be363392c8d6b32e3ed53774d8901680a6.jpg,雪域小汪,35252650
BV1TuKmz5ESC,https://i0.hdslb.com/bfs/archive/5af1fe8672f99bbd6027dab58f02f5740ebacfec.jpg,尘尘伊,474140599
BV1TvjUzrEim,https://i1.hdslb.com/bfs/archive/0d2a5e6360ecd95bddaefb115ad48577f6c73fef.jpg,rotinP,522084781
BV1Tw411H7pH,https://i2.hdslb.com/bfs/archive/1d9cef8d6b4041caf54313e191bbcd1ca5d3a435.jpg,Sucial丶,445022409
BV1Tw411T7op,https://i1.hdslb.com/bfs/archive/1aee65c216abc46ae32faa687f2618732674196b.jpg,拾光与小狐狸,179469844
BV1TwJEzYEym,https://i0.hdslb.com/bfs/archive/071429ef331102a9ce3683464e0862bf0f28d8db.jpg,SevenSt七步尘笙,37457113
BV1Ty4y1N7cz,https://i1.hdslb.com/bfs/archive/bba5bf238c5701457b0df9c7eda052584b76b956.jpg,Akoga_憬,442116702
BV1Ty6tBtEDe,https://i0.hdslb.com/bfs/archive/516e174b71d92b47e0f78cfc0c9fca7c74d2af22.jpg,绮雾Aneitre,1368472411
BV1TyN5z7EA3,https://i1.hdslb.com/bfs/archive/1cde9c8a604d946b3213f17e2fc058746ffc93db.jpg,lgswdn-SA,519194998
BV1Tz42187Mv,https://i0.hdslb.com/bfs/archive/958bbd14688b320044ae864f60dbc4971311b5d9.jpg,离鸢_,172468624
BV1TzZoYdEju,https://i2.hdslb.com/bfs/archive/90435140b960d9a801d65b360cc92652dec69eaa.jpg,-右可-,1647229858
BV1U2x7eRERp,https://i1.hdslb.com/bfs/archive/0eb26ddca6cef25499a992509bccf8ed27f55f57.jpg,独望青山忆华年,67983813
BV1U3411p74N,https://i0.hdslb.com/bfs/archive/15a95ac95edefc7dd4d9fb6a7e860310917ebb7c.jpg,苍梧_abilrue,4933186
BV1U3411p7ga,https://i1.hdslb.com/bfs/archive/29ed23cf5418f700b6c9d95cc47c191b905f5721.jpg,和泉冬月Offical,630899670
BV1U487zXEpF,https://i0.hdslb.com/bfs/archive/6e8bf7173dca984c17f48bd76b108ad932bb0ad7.jpg,衣物鱼Yiuv,697934264
BV1U5411R7kX,https://i0.hdslb.com/bfs/archive/8b79a7a35ae20e8496ab939df10defa13b25380e.jpg,Flantori,10552803
BV1U5mmBNEfW,https://i0.hdslb.com/bfs/archive/a6394222a773e8967ae056b7530c4b1840104862.jpg,eValorr海豚,1653502001
BV1U5sGzZEVa,https://i2.hdslb.com/bfs/archive/be7c64d36028dec3be860195a53dea57f21caf4d.jpg,一只路过的史莱姆z,474601742
BV1U74redE68,https://i1.hdslb.com/bfs/archive/195b145b4196ec5860c6db3c704cd4bc9cfd883b.jpg,独望青山忆华年,67983813
BV1U94y1G7fP,https://i0.hdslb.com/bfs/archive/9ee357e924cb45dba43e868a5bfa766de093209e.jpg,暮色-Infi,272904686
BV1UAtfzYEmP,https://i1.hdslb.com/bfs/archive/926cc486c984339e780f43b3b5c2e80af35186bd.jpg,等赤羽ai,95977284
BV1UBUyYvEXr,https://i1.hdslb.com/bfs/archive/1d3d252d127ed071fcb987813433f87de16bfdfe.jpg,星川__HzY,1783946889
BV1UC41147Sw,https://i0.hdslb.com/bfs/archive/529f51f213f6850269155481a6e3366525689029.jpg,NineChitose_悔木难缘,333402647
BV1UC4y1M7LA,https://i1.hdslb.com/bfs/archive/c1265503e9412c1739b9fa1ec02999742bb57bd1.jpg,ZClear_P,448813977
BV1UDACeBEZ5,https://i0.hdslb.com/bfs/archive/604a12813e0cf432e671810e7413e14bc504d32b.jpg,神鳴沢世界,114419306
BV1UEHMeEEGh,https://i2.hdslb.com/bfs/archive/45e801e2d087c0b159bc7dfb3f0c465d5ae7ef41.jpg,庭芸少年,313339337
BV1UEUeYBERN,https://i0.hdslb.com/bfs/archive/a4358f54b64c2dfe2678c892b61cf8d5bcec730b.jpg,EveKraHill,1648731978
BV1UF411d7Qh,https://i2.hdslb.com/bfs/archive/9cfb6bf52edcb2eef38b19bbbcdbf2d77534585f.jpg,雷欧拾玖,509965607
BV1UG4y1o7f6,https://i2.hdslb.com/bfs/archive/74924337340d2280311e9009d868a8b6aa6b9ce7.jpg,四季_ナツメ_,35554162
BV1UGaGzyEum,https://i0.hdslb.com/bfs/archive/f858c24f40a3d473951726823424595dc6913b13.jpg,百合咲奈奈,488817090
BV1UH4y157gD,https://i1.hdslb.com/bfs/archive/a40b6e6e788edb3e223276a1529fcf0a56b44d7f.jpg,紫陽花RainDrops,440421599
BV1UH4y1D7Yx,https://i0.hdslb.com/bfs/archive/e610eca83c3749a6f8acc817d76d7bc2d480d383.jpg,cat-fish鲶鱼,440348680
BV1UHnfexEkX,https://i2.hdslb.com/bfs/archive/b921668e7ba9add1e1106dc8a455c538b4eb9cb6.jpg,Star__P,3546736305900006
BV1UHvAztELq,https://i0.hdslb.com/bfs/archive/136e43f7d7cd90c15e57f99f54d6c339c5fbc53f.jpg,灰月牙p,1552441661
BV1UHyHBXEQ1,https://i0.hdslb.com/bfs/archive/00b2581eba14e1338fc388226271cde58f8559f3.jpg,Menci,8205900
BV1UJ2HYaEMV,https://i2.hdslb.com/bfs/archive/3b3fef3e78b04ba6d5b341c58475211fa44d96e2.jpg,独望青山忆华年,67983813
BV1UK421y7Li,https://i0.hdslb.com/bfs/archive/5992f44ed12babe313643ba1c5743c68440d1666.jpg,夕颜颜颜颜颜-,3392539
BV1UL4NeHEKw,https://i1.hdslb.com/bfs/archive/b2ab7a1df6d98bbc476002b5339d02a4f346f44e.jpg,一只路过的史莱姆z,474601742
BV1ULKJzvEu2,https://i1.hdslb.com/bfs/archive/695778c1c67c3827d235f8519f93f286fb659e0e.jpg,卓盈之,38028309
BV1UM1CYxE3q,https://i0.hdslb.com/bfs/archive/fc47273a3e727b6b53eea9e01f07e58eec9b2d8c.jpg,月熠日炘,505183434
BV1UP411L7Pr,https://i1.hdslb.com/bfs/archive/a8bd75e613c4bbde690cda685a96832766164eae.jpg,玖栀笛子,315658601
BV1UP411Y7BH,https://i1.hdslb.com/bfs/archive/2f99a17c1f609980c20e2d369958612ab6c6860a.jpg,大可不露-深蓝,66711381
BV1UP411e7Pk,https://i1.hdslb.com/bfs/archive/8c8082c448d37c1deb222e5f3d35a41d49b2a686.jpg,瑞安Ryan不跑调,108845996
BV1UPF8eQEGn,https://i0.hdslb.com/bfs/archive/297d46d4fa5390540af753e023bff7264bd20e84.jpg,等赤羽ai,95977284
BV1URHNziEhn,https://i1.hdslb.com/bfs/archive/97c167fe7a9f2bc21d1398a8810dd6934e642b5e.jpg,似檵,675144902
BV1US5WzTEvm,https://i1.hdslb.com/bfs/archive/8fe0d9b0fc887e820ace5d0ef03e8488679bf616.jpg,南极老飞禽,14710405
BV1USq5YxEY4,https://i1.hdslb.com/bfs/archive/af0e67219b3cbb2d51f343f8e0441f90e1c7a7c3.jpg,永夜Minus相关推广站,1663342220
BV1UTmFBeEXn,https://i0.hdslb.com/bfs/archive/d5d531107ded1acc24029a0ec7829bbfc0c9bfa0.jpg,泠云P,527514927
BV1UUE5zDETG,https://i2.hdslb.com/bfs/archive/aee3394db7bb335745ecc60530ee69438f656c36.jpg,晓梦时光,382839354
BV1UV4wziEjD,https://i1.hdslb.com/bfs/archive/e13799033077ba480009fa828965c453fec1c9f4.jpg,零天羽,36395571
BV1UVXsYREWE,https://i2.hdslb.com/bfs/archive/7d795640a434649be0451270a5692ac539b6c8a4.jpg,夏天結束我變成了毒蟲,3537105665919916
BV1UW411g7dc,https://i0.hdslb.com/bfs/archive/1da1a22fa3e696ba9a4fe0fb15d61337ad95ff0d.jpg,yoboby,254054345
BV1UWUxBkEW5,https://i0.hdslb.com/bfs/archive/1643e62e6a54fbe3fc625211bab84adc0d3ed7a1.jpg,温水煮团子,63553115
BV1UX4y1b7et,https://i2.hdslb.com/bfs/archive/d718623c415734e2cd909b5c283e4435a616a899.jpg,墨素Mohius,36112611
BV1UX4y1s7bY,https://i1.hdslb.com/bfs/archive/d350e9a6c124ab950edd07db78a5e5168c01a365.jpg,信子nobuko,382150029
BV1Ua1dYtE2Y,https://i2.hdslb.com/bfs/archive/5faac1c9fa7268014144d9e576a8408ddf9022c6.jpg,非-绝对零度,385362684
BV1Ua4me6EJd,https://i2.hdslb.com/bfs/archive/375dd17b398279ea777f70e69c74db86ccbb5782.jpg,沈宣词总是想睡觉,337949081
BV1Ua4y1U7pt,https://i1.hdslb.com/bfs/archive/0f5fda18ce30491ba36ab4556a5101bb5e5e3f21.jpg,随性不逾,82384516
BV1UaWNzuEd7,https://i1.hdslb.com/bfs/archive/450a106896e24c346ec02c4afa61bc59394e1086.jpg,Dansg,518526051
BV1Uc411y7HP,https://i0.hdslb.com/bfs/archive/0d9b8d17dbdbaafa7b799df351d58861477c2571.jpg,沫雪明月,27081552
BV1UcpBeKEK8,https://i1.hdslb.com/bfs/archive/ec953b8404554de4c679cf9c24aa0480c52d25bc.jpg,一只活蹦乱跳的咖啡,4312619
BV1Ud4y1t7FD,https://i2.hdslb.com/bfs/archive/9f8295c33a4e23f11358ae4348b1ed7d58e35d98.jpg,Saint_Ey,2364311
BV1Ud4y1w7x5,https://i2.hdslb.com/bfs/archive/37397ff30eda9a9512eade4685beeaa557b78869.jpg,翆璃塔,486175897
BV1UdJwzHESg,https://i2.hdslb.com/bfs/archive/42cfae36716c027584bb0ceca1c2e4fc4db1e347.jpg,いんろな,1351131966
BV1UdbtzSEwq,https://i0.hdslb.com/bfs/archive/e9762ef9d528109717a2814e15b220377f2799f6.jpg,流绚_P,30990138
BV1Ue411h7oE,https://i0.hdslb.com/bfs/archive/533c7f9a0b64daa9c0e526a441b8dd9d24965f43.jpg,某只泽,1323266
BV1UfxazpEby,https://i0.hdslb.com/bfs/archive/ca9e80695a55a767f5c3814886eeba7bc07a2b4a.jpg,天夏なつ,456654582
BV1Ug4y1Z7MR,https://i0.hdslb.com/bfs/archive/424fb7452578bc3576bf9e217def7d8a57da266a.jpg,SteggOo,320519460
BV1UgBCYzE4T,https://i2.hdslb.com/bfs/archive/efc896dfa45e6a72e417f88bb86ab222a73612c9.jpg,澈零喵,252680534
BV1UgEzz9E6u,https://i1.hdslb.com/bfs/archive/a5c8cd55b53566734d2a8a7490ba723e5ab36d19.jpg,神鳴沢世界,114419306
BV1UgxNz3EN3,https://i2.hdslb.com/bfs/archive/a4075c9b9a5f93d7884335bb50dbe906ad95707c.jpg,蓝鹰QAQ,493851957
BV1Uh4y1a7sy,https://i2.hdslb.com/bfs/archive/2b7005259eb76a9db8ab98a6fcdc8e25e2bf1144.jpg,MixNight慕奈,3493078383986861
BV1Uh5VzzEDe,https://i0.hdslb.com/bfs/archive/00dd68d1964ad53b832979d70baba4de808c1f92.jpg,Mrwhite0093,5283053
BV1UkANe8EZL,https://i1.hdslb.com/bfs/archive/8f5d1b29c45c22d4fbf9de672ebd32b1371b0591.jpg,Star__P,3546736305900006
BV1UkwheaE5k,https://i0.hdslb.com/bfs/archive/3e5dd4c3e1c9d9154f89c76532f20ea167877eac.jpg,Devil陆玖玥,287916581
BV1Um411k758,https://i2.hdslb.com/bfs/archive/9f63cf80c1b4b42edf86bb0fc6ca7e086ce94d31.jpg,Darxark_CM,382935678
BV1UmrzYBEaM,https://i1.hdslb.com/bfs/archive/8695bd7027b6687c5892297bcf7901d1289de443.jpg,很薄のA4纸,26547025
BV1UnHgeREh9,https://i0.hdslb.com/bfs/archive/9dfb1d2e377a23b6733e4f9a953aa80929fda16f.jpg,账号已注销,223928340
BV1UojBz1EM9,https://i0.hdslb.com/bfs/archive/99df0cc66f4c49a3df34f6a79a96b7f947d78d93.jpg,霧雨ResonantPsyche,205919268
BV1Up421U7zH,https://i1.hdslb.com/bfs/archive/4b27d79f640b3c4c699304dee15142ff0fb40697.jpg,秒临夏,248841146
BV1UqxdzREd1,https://i2.hdslb.com/bfs/archive/3b681ace4ddcd474fb946382634d183e15e68f7a.jpg,dt_loser大饼儿,252936711
BV1UrabzfEU7,https://i0.hdslb.com/bfs/archive/503951be951c6d1ac74b2103ccad3ec40e9468d1.jpg,茉茶P,400188894
BV1UskuBLEeS,https://i2.hdslb.com/bfs/archive/c1858bdaca285bb6bd2ef71417c92195a35ce37b.jpg,y的相反数,1091476731
BV1Ut411d7Wj,https://i1.hdslb.com/bfs/archive/03a430e3f46d3f7dec3e5c49dfc9f562a243beed.jpg,yoboby,254054345
BV1Uu411E7oT,https://i2.hdslb.com/bfs/archive/6566815f5569a97fe2751851ae6dfe912c835b2f.jpg,回归星空Official,107481685
BV1Uu411N7DK,https://i2.hdslb.com/bfs/archive/d475aa9cafa61eae7e93e5d915fd24081531ff2f.jpg,fufufu纯,1328163108
BV1Uu4m1K7SP,https://i2.hdslb.com/bfs/archive/46f5baec304a4af5d00953796787d8e718cb9fb4.jpg,晓梦时光,382839354
BV1Uu4y1q7rG,https://i0.hdslb.com/bfs/archive/649e639f01e99289a5dcd9ad6ce77152a1b2c2e4.jpg,燈侑Yuu,43977445
BV1UuAneMEmx,https://i1.hdslb.com/bfs/archive/aca3b71faef3b44ef2b03e47586c5d08d91d22b8.jpg,Frosty虚霜,517737512
BV1Uv4y1S7za,https://i0.hdslb.com/bfs/archive/b4b678ab6009da4fef5a2418f15b51b756cd8ef3.jpg,星海化相思,548530704
BV1Uw411u74C,https://i0.hdslb.com/bfs/archive/46fe01756099ff99a2ab60695e49bdc4aa8a16de.jpg,另一只大水母p,110926375
BV1UwPgziEAT,https://i2.hdslb.com/bfs/archive/b540b94473748e619ef788c61fd794e92c0eb330.jpg,Enusen,252516634
BV1UwuFzWEkS,https://i2.hdslb.com/bfs/archive/131175ed2a057db554a77e7b8811ce1b42a559ce.jpg,戬希Haleksius,1806620142
BV1Ux421r7Cq,https://i2.hdslb.com/bfs/archive/5f0d27b077be59f7b265cc49d4f7f2cc97850aa1.png,夜屠灵,333083467
BV1Ux4y1Z7hn,https://i1.hdslb.com/bfs/archive/b959fe806ed0630e3e390162e4d8d12baa47265d.jpg,透明指針,1601640
BV1UyhozqECb,https://i0.hdslb.com/bfs/archive/5c924a3cecb953560e8dc327a9a5b23e7080a410.jpg,Distantal,482555496
BV1Uz421R7aN,https://i1.hdslb.com/bfs/archive/2918f9240910fd44443bbf4cf91d262d0d1794fd.jpg,快乐严东楼,446257319
BV1Uz421d72F,https://i1.hdslb.com/bfs/archive/0d797e9e8828138ebd4f193493d5cc249c3706b4.jpg,SteggOo,320519460
BV1Uz4y1g761,https://i2.hdslb.com/bfs/archive/312ead9066042d07e534a1e8936c9caa3c237c7c.jpg,说真的取名好难,18162875
BV1V1421673e,https://i1.hdslb.com/bfs/archive/0320ac9f0b69fd1fa3575fe4c9a1f530585becb4.jpg,零天羽,36395571
BV1V1cHe1Ej6,https://i2.hdslb.com/bfs/archive/d934c0d20c00781ca1994a91842448fd3c2d5703.jpg,漓洺今天吃几桶麦旋风,3461563153386138
BV1V1sGzqEHk,https://i2.hdslb.com/bfs/archive/6cbacf4f0e5217bd53212fca9e0b244ecb52a2ca.jpg,Lagrange_P,314077076
BV1V1vvBGEDW,https://i2.hdslb.com/bfs/archive/6f9bf614691a7cae0666cc2da24330ab17a69cea.jpg,星川__HzY,1783946889
BV1V2hbzYEFA,https://i2.hdslb.com/bfs/archive/6f80ae45ebe8e3c26c2307ca189bbd93e9a9d985.jpg,SiYeCa0_,263213056
BV1V4ZfYkEkX,https://i1.hdslb.com/bfs/archive/9c292c09f51ed6c53cb15ebdfdbae3014f5f460d.jpg,中子P,3493280457165617
BV1V4y6YXE18,https://i2.hdslb.com/bfs/archive/f298f83272d0a64cb8853f5442b419c3a6b5be5d.jpg,夜易晓,492224161
BV1V5gTzpERs,https://i0.hdslb.com/bfs/archive/d107455ed3ea94d515691c3ea661857be37428e1.jpg,EosinY,604219429
BV1V64y1j7Vx,https://i2.hdslb.com/bfs/archive/60fceafdb812dad351025892a900953603239864.jpg,琲鸢Sayaka,58534834
BV1V6W4z5ERV,https://i2.hdslb.com/bfs/archive/5a8bd8325d8072a7baf7757093fafe206053ae65.jpg,萤与花_hth,355904832
BV1V74HzvEE2,https://i2.hdslb.com/bfs/archive/9dd4871dfa63f025b9bc31d1b8f7d098ad919c4a.jpg,Starst星尘子,399170457
BV1V94y1c7zy,https://i2.hdslb.com/bfs/archive/f07da903b21b192cb4c2f81c7c5a16ae54638430.jpg,StevenTham,68408839
BV1VB4y197Qz,https://i0.hdslb.com/bfs/archive/6a826b00ae5f975ad2d3b96c61f5a945e9055587.jpg,抹茶味的梦洛星尘,23652046
BV1VBb5zRERb,https://i2.hdslb.com/bfs/archive/657eed379096a4ee6c1df19f3a747a4a77a3d55b.jpg,栗喻YULIAR,694303534
BV1VDC5Y7E6K,https://i0.hdslb.com/bfs/archive/002a333d676afb25907c6f6fb4632b10044bb4f4.jpg,AuCl_氯化亚金,3493081974311347
BV1VDJLzAE45,https://i0.hdslb.com/bfs/archive/aa9702f0b2766eedf9c73fef7aca799b74bb732c.jpg,晓梦时光,382839354
BV1VDPgeWENc,https://i0.hdslb.com/bfs/archive/63c70be7bb8e1bba87f56f8cc5c0ddcc27206122.jpg,神鳴沢世界,114419306
BV1VEXYYsE9s,https://i0.hdslb.com/bfs/archive/88af006ea810ec2a45f2e237d03d45c8011bf5e7.jpg,影歌P_Kageuta,356160341
BV1VEvkesEaZ,https://i2.hdslb.com/bfs/archive/fb140ad481890c2465fc0fce9954ac24f739ae53.jpg,账号已注销,3546734152124731
BV1VFYTzGETg,https://i2.hdslb.com/bfs/archive/e8de6014ca9f1447035ba159b478110db7f0c0d2.jpg,Sakumi_P,143677836
BV1VG411P7iY,https://i1.hdslb.com/bfs/archive/07e1a2ede153a1ef39310ba2914f5e3327e85a9b.jpg,D4ydr3ame7,243643733
BV1VG4y1W7H8,https://i2.hdslb.com/bfs/archive/5baff5462aa0463361a01a4323affdc6046da82c.jpg,Sakumi_P,143677836
BV1VG9cYAEMJ,https://i1.hdslb.com/bfs/archive/72d3f840070b1ef658ee9972bd9a2974409c2836.jpg,Mylech,79488060
BV1VH2sBuEcG,https://i0.hdslb.com/bfs/archive/20a771078327d00302dd0a309ef4e67af0c86798.jpg,ice_纸鹤p,3546872956324651
BV1VH4y1J7AR,https://i0.hdslb.com/bfs/archive/fa8d07eda79582596c5b3f1674367e91475be8d1.jpg,Aya-啊呀呀,2577707
BV1VH4y1p7Wm,https://i1.hdslb.com/bfs/archive/c3f612b85ac558b0c476c575992f26af5b75fa14.jpg,昨夜的尘,1346679891
BV1VHjZzGEA3,https://i2.hdslb.com/bfs/archive/ea40a0a6c130e5f70ae6f92c8b4baa87623c9938.jpg,瑞安Ryan不跑调,108845996
BV1VK4y1r73v,https://i0.hdslb.com/bfs/archive/81ae5493b4e643e81a47ef695436bbc40854ccf7.jpg,朝菌P,67990677
BV1VK4y1z7y2,https://i2.hdslb.com/bfs/archive/b17f70fad713e2bc7d68b4128a9cf68549444992.jpg,Star_苍梦祈羽鸢,285817566
BV1VKMnzEEHT,https://i0.hdslb.com/bfs/archive/284325bbe50570f0f69030b0b6fa25c1bb036765.jpg,易改改,501808642
BV1VKSbYKEEQ,https://i0.hdslb.com/bfs/archive/aac419a634230a822b65120dbe1de99bc84077d9.jpg,Osakihan_JPN,1142898222
BV1VLbazeEV3,https://i0.hdslb.com/bfs/archive/92de9cf0e25956a9cfb57f64e2bd23bb7ee4c557.jpg,泽-伽马-芙恰,397159568
BV1VLcqeHENd,https://i1.hdslb.com/bfs/archive/b5d872c5e02cd5789b2e88c665cc889c9981cc2d.jpg,雪人Snowman_,15607580
BV1VN411h7dY,https://i0.hdslb.com/bfs/archive/89e5687998707c9df00e421b8b0f171bd4542e78.jpg,雪人Snowman_,15607580
BV1VNCdYFEYm,https://i1.hdslb.com/bfs/archive/bbd1aa22a87a27b0537162946dfeeb505bf2c75f.jpg,栖语星,2069111127
BV1VNt9zoEAQ,https://i1.hdslb.com/bfs/archive/d1f0d5bfe6efac15114baef5376665d21bd9f65e.jpg,68945Hz的拓月里,275607756
BV1VPf8YfEab,https://i0.hdslb.com/bfs/archive/fb4b0e8c2999ebc4e7c158bc69eb109e173f36c5.jpg,快乐派对火车,138057
BV1VQtqznE99,https://i1.hdslb.com/bfs/archive/294e2c6cfe7a3b8a6e3409e372517768ef6baf8c.jpg,神鳴沢世界,114419306
BV1VRudzxESE,https://i1.hdslb.com/bfs/archive/164a92970d7ac5a86b54df4b0cfd109099456c15.jpg,中子P,3493280457165617
BV1VS4y1e7No,https://i1.hdslb.com/bfs/archive/ea9f3f7e4e2e5909e4358933da3ad502f9ab8af2.jpg,10minStudio,229690533
BV1VSfCYvEjo,https://i1.hdslb.com/bfs/archive/8f95e64f4be7880b986c261d7f3e179beecda6a5.jpg,红豆红风,297606138
BV1VTqEYrEA9,https://i2.hdslb.com/bfs/archive/e2e586c2eb2cfa699e51fce2d10e731edb1af1d8.jpg,Seasonの虹-退,289867235
BV1VU4bz4EB5,https://i1.hdslb.com/bfs/archive/c39cca7eba685eb6b2e084acb532e05fc4cdbab0.jpg,潇渝l,366258614
BV1VV9AYgESB,https://i2.hdslb.com/bfs/archive/8caaf4cc90a71bd1bd2fb9e529c28a712f2b0ec0.jpg,Aya-啊呀呀,2577707
BV1VVW1eNE5U,https://i0.hdslb.com/bfs/archive/c004b9ef858e7c37d88c4621f5b6228d9b6c66e4.jpg,账号已注销,223928340
BV1VVarzqEso,https://i1.hdslb.com/bfs/archive/fd1b1cc638c37c8e02bfaaf4ed8cc7a7f0e664b9.jpg,劳尔Blawn,432148245
BV1VW411i71N,https://i2.hdslb.com/bfs/archive/04f7f726d6dbbe8677a15b39cc343cc485eac01e.jpg,JazMaybe,3025110
BV1VWmcBkENX,https://i2.hdslb.com/bfs/archive/279c70a40b7ac28d31fde352f916b5b463dd39e9.jpg,零天羽,36395571
BV1VWtRzYEeJ,https://i2.hdslb.com/bfs/archive/66c57e7e55217035fd22e17af91d396a66daa787.jpg,会咬人的白海豹,52575440
BV1VWwSetEb2,https://i2.hdslb.com/bfs/archive/7e977010432ac08025d00053241ed3dc39cb63cc.jpg,赤凌p,382441421
BV1VY411J7b9,https://i2.hdslb.com/bfs/archive/5218fe6b7cec54a8c3adf3772f29c29f099e5286.jpg,钴蓝配黄的吸尘器,322285529
BV1VZ4y1U7DM,https://i2.hdslb.com/bfs/archive/d27bbdd40c6b736a3350bea3944aec998c9f824d.jpg,冰山_hyozan,367321
BV1VaPuemEJi,https://i0.hdslb.com/bfs/archive/58c798307480b0d80c2404b6ad906e149331fc1e.jpg,蓝鹰QAQ,493851957
BV1VbBVBsETY,https://i0.hdslb.com/bfs/archive/5826431514c46aa8bdd1dd2a0f01abf5bd3d921e.jpg,予梦_StarryNight,288592339
BV1VbykYFEEd,https://i2.hdslb.com/bfs/archive/1b30e1671d47a28d6ded34fd760d2bdab2a011c9.jpg,洪声越Jeff,3546708940163512
BV1Vc411v73S,https://i0.hdslb.com/bfs/archive/306ac4f08d60ba5c599b1dc69c94454b3f9e7f4a.jpg,千草幻星,14425668
BV1Vc411x7gU,https://i0.hdslb.com/bfs/archive/e7a226f581d65b17232d2da27fcdd223f3688270.jpg,不觉醒的双簧管,66768894
BV1VeMqzPE2m,https://i0.hdslb.com/bfs/archive/42d16393a1da62aa986c5cc1cb1a4683fa7a11bd.jpg,卓盈之,38028309
BV1VezpY4Eiu,https://i1.hdslb.com/bfs/archive/205681ad18216e97fad52dc5a91baf38e129619c.jpg,账号已注销,384824064
BV1VfWZzaEnc,https://i0.hdslb.com/bfs/archive/70642145a92f74879a71181a095bfa9ea875c94d.jpg,四套三点水,1269073406
BV1VfwyzBEFL,https://i1.hdslb.com/bfs/archive/be9165afa95ff3ad02dcadf28f482539fcbd0188.jpg,尘萤宇P,382492832
BV1VgH9epEP1,https://i1.hdslb.com/bfs/archive/9e0032343c4fa3207539a1adf295c3550c754979.png,云晦,1986561987
BV1Vgb8zFEqV,https://i1.hdslb.com/bfs/archive/0eea05a39ca9612bd4d03c82cb6d1bb8cd67e54a.jpg,熊青嵐,31159764
BV1Vgr3YcEn2,https://i0.hdslb.com/bfs/archive/0d9bf26a1ea4c9e18d18b174fec49f0623cac62a.jpg,EveKraHill,1648731978
BV1Vgs7e4EAV,https://i0.hdslb.com/bfs/archive/4bc3b1aac119129f680dc3dbad0f6e395d40a488.jpg,Wavesparody,454198225
BV1Vh1PBmEfZ,https://i0.hdslb.com/bfs/archive/48adcdeadde70d3f99426c66c68cca51c0fe0301.jpg,蓝鹰QAQ,493851957
BV1Vh411q7Qa,https://i1.hdslb.com/bfs/archive/8031c116ce64e8457a20ffbfe0300371a7be6bd2.jpg,北山薇,33014488
BV1Vi421C77i,https://i1.hdslb.com/bfs/archive/19c3921dd7e6d9725b63139bef6ced2efd53aa8d.png,eshtero,1895976916
BV1Vi421Q7L9,https://i2.hdslb.com/bfs/archive/5c32e762cd53c48618ddf86665a906b6a1567ed9.jpg,BabyBenzene,433537409
BV1Vi4y1i7mW,https://i1.hdslb.com/bfs/archive/fd9731596aea74e6d75999280cb51bafdc5d459c.jpg,不觉醒的双簧管,66768894
BV1Vj411b7XE,https://i1.hdslb.com/bfs/archive/2b94f41ba52719cd06484aadadcee465509e137f.jpg,泠珞-星夜,400604752
BV1VjHRz2EBT,https://i2.hdslb.com/bfs/archive/65ce7cba539168179c880765a163fa8427b5d213.jpg,lM_P已存在,3859963
BV1VjeHzDEdS,https://i1.hdslb.com/bfs/archive/aebddeabca127c5935437f08e2e38667bf48dded.jpg,落橘生秋,46207951
BV1Vkz5BbEgz,https://i0.hdslb.com/bfs/archive/59ded8084adb23a341de7d0e00531b13f6c2a164.jpg,岁華空山_Korrey,2065146563
BV1Vm411k7No,https://i1.hdslb.com/bfs/archive/9a6b7d15d6ca503606148fb8b278ccb71b02c25b.png,五等分的普篓丢撒,382414065
BV1Vm421j7Ev,https://i1.hdslb.com/bfs/archive/98e2957f5356ecba8db80d17745cda061084b585.jpg,纸鸢EAbird,82632219
BV1VnmcByE4F,https://i2.hdslb.com/bfs/archive/305050a73eb93b17c7346bf83b75e8d356896700.jpg,黯淡时空,194444639
BV1VoF8zdE61,https://i2.hdslb.com/bfs/archive/bc7851451fe75455b5a12f1cafcf6139f441e69e.jpg,匹垂客Petrichor,1283732492
BV1VorBYCEQJ,https://i1.hdslb.com/bfs/archive/8036400bccd137a46806b3de33d51d6d35ded8c0.jpg,泓mizuhiro,534811
BV1VoweeSEgZ,https://i2.hdslb.com/bfs/archive/dd49c3050529e05f32eefaa2bea170e166037d36.jpg,Rean__,6531436
BV1Vp421Q7rd,https://i0.hdslb.com/bfs/archive/5814615f546e76e85fb3e49bbfd6423a041e7c50.jpg,超级大菜猫,3494358737225862
BV1Vp4y1P7ee,https://i0.hdslb.com/bfs/archive/25c5ad085d16f9c4b57f271c1d3acc60a3e8ae63.jpg,四季_ナツメ_,35554162
BV1VqbGzmEXA,https://i2.hdslb.com/bfs/archive/3ddd3f39d8d064292cabf5dc17bd78a03e6b7acf.jpg,紫陽花RainDrops,440421599
BV1Vr421g7Ag,https://i0.hdslb.com/bfs/archive/b2aaa894c017e2dd65f5ff92fb50ea5790d74f5b.jpg,eshtero,1895976916
BV1VrJ1zDE5b,https://i0.hdslb.com/bfs/archive/abc01bcbbdcf4f4b69a4c0df740b73d585ed93d0.jpg,い爱花丶,26069934
BV1Vsq4YwEPa,https://i1.hdslb.com/bfs/archive/4417a94e8b587070b429cde16c6ba9a9cc5f1ed3.jpg,一只路过的史莱姆z,474601742
BV1VtxgzNEpv,https://i1.hdslb.com/bfs/archive/fa7ed146d793893c50b84cf17839b15a149c1ff9.jpg,萤与花_hth,355904832
BV1Vu411X7EW,https://i2.hdslb.com/bfs/archive/f2b623f3beacf5cbd0cd24f4b6e12ddadf9c9ed0.jpg,不是魔法少女是魔女,293975202
BV1Vu411x7cz,https://i1.hdslb.com/bfs/archive/c0f9ad8ac18afe9e06eed959949d6d0e0ba322b5.jpg,千岛铃音Official,25838417
BV1Vu4m1T7dh,https://i1.hdslb.com/bfs/archive/686fc95035fa1c4514bf50cf0fb910ed993bb058.jpg,纸鸢EAbird,82632219
BV1Vu4y1K75E,https://i2.hdslb.com/bfs/archive/84ad185a78e5c414c95a2acd1816e9a9d80414bf.jpg,表情薇sy88888877,3546380570201033
BV1Vu4y1L7L9,https://i1.hdslb.com/bfs/archive/ea7bdda02e256ad9f72d2f56efe845e8e655381f.jpg,度娘你要闹哪样,15665591
BV1Vu4y1d7RR,https://i0.hdslb.com/bfs/archive/8c8896379b831fa0ae519c492689b623b5a0a230.jpg,只想划水摸鱼的调调,73650751
BV1Vv411F7yZ,https://i0.hdslb.com/bfs/archive/a42abae30a09b7e19ab30e8425db8d26e1dfe57b.jpg,稳定点p,357512039
BV1VwZyYYEct,https://i1.hdslb.com/bfs/archive/63d35df9a2921ca49d45cb09ab8adf61079d160c.jpg,钴蓝配黄的吸尘器,322285529
BV1Vx421U7TZ,https://i2.hdslb.com/bfs/archive/cf6e0543d2097c708bd6563475f43ea818d184d3.jpg,酒徵酩,67654111
BV1Vx4y1r7yY,https://i2.hdslb.com/bfs/archive/b153624a4fa0128d12ecf3bee4189fe630432fe8.jpg,南风动漫社,19224783
BV1VxUCBNE65,https://i0.hdslb.com/bfs/archive/f6dc7fa22926d7668c3f634af69db4f436fe647b.jpg,珠紫MuRaSaKi,39873100
BV1VxiRY3EMY,https://i2.hdslb.com/bfs/archive/330bab5c598b98ab4472de65e516132002ef2af4.jpg,永夜Minus_Official,1886053308
BV1VyBdB5EDi,https://i2.hdslb.com/bfs/archive/ea7d92a7014b7127dfba122d552379947bbf902a.jpg,米米又库库,3546658205862306
BV1VyGwz5Eq3,https://i0.hdslb.com/bfs/archive/2435aedc9c33bf33fb9fe226c3455d009200c999.jpg,似檵,675144902
BV1Vz42197eP,https://i1.hdslb.com/bfs/archive/b8812a671f0e92d9818580700dd41ee3c715537b.jpg,拾光与小狐狸,179469844
BV1Vz421Y7or,https://i1.hdslb.com/bfs/archive/04225c4abbb87e58d3c2046f613576319ef2c670.jpg,墨素Mohius,36112611
BV1Vz4y137ca,https://i0.hdslb.com/bfs/archive/06038560392d4bb32be70084ce1a0d75449d6e77.jpg,雒清辞明,171936126
BV1Vz8Cz6EUJ,https://i0.hdslb.com/bfs/archive/16022b5119ed07fa879192a97a848e903ec8b008.jpg,ON_SELLING,37663643
BV1W1CoYDEx9,https://i1.hdslb.com/bfs/archive/26fcd7a10b9728dc8a3d706f2989f1bc0b8a3bb3.jpg,双辞冫,423886341
BV1W1huzaEok,https://i2.hdslb.com/bfs/archive/c4903d25055be3413e8f483c2554158a07063fd1.jpg,DavidClarkson,20879527
BV1W1tYebEW2,https://i1.hdslb.com/bfs/archive/be426dc324b11c268a47f68bb7bb2f7dee9b412f.jpg,天音浮梦_Official,3546566780521374
BV1W244e6E7o,https://i2.hdslb.com/bfs/archive/03ca2d79fefcc55277ddb11133a2c9eca9199213.jpg,北极鲶鱼_Official,241061856
BV1W3411U7UU,https://i2.hdslb.com/bfs/archive/1610c20a16778e6fa6be7bb7538c762d70730d85.jpg,星尘Official,15817819
BV1W3APzGExU,https://i1.hdslb.com/bfs/archive/58d15c4daab5d7c39be897cc794c52657a6b3489.jpg,里野一,8235317
BV1W3f3BDEpg,https://i2.hdslb.com/bfs/archive/93be00e8d08d47477c9a7ec164eebc93f59974cd.jpg,青杉折扇,183675426
BV1W3ifYTEmo,https://i2.hdslb.com/bfs/archive/6765ec696e57b96fd4e347668adcbc6f64181279.jpg,稳定点p,357512039
BV1W441197GE,https://i1.hdslb.com/bfs/archive/8ed81fdc65817be2b12ea95b2ce0d7cb7228c1e5.jpg,不鱼_P,7146922
BV1W4uReuEjW,https://i2.hdslb.com/bfs/archive/4ac2722a0a9ea19a8b240c626244e104e6ba0ae3.png,泠光-克洛瑞希,284879164
BV1W569YeEq1,https://i2.hdslb.com/bfs/archive/4e7f3557102f9ade41122c345e1769167ec81486.jpg,Osakihan_JPN,1142898222
BV1W5H1emEet,https://i0.hdslb.com/bfs/archive/3cb9edb4a59c84882678882adbc63e0df0143c0b.jpg,稳定点p,357512039
BV1W5wYe8E8t,https://i2.hdslb.com/bfs/archive/3d132141079526389865b222f4ecac0e38d5ce50.jpg,v_vv_vvv_vvvv,363726013
BV1W6421u7J1,https://i2.hdslb.com/bfs/archive/72117d21df2f66d1b56b83effdf0769a2da32363.jpg,无痕之笔,3546607100364951
BV1W7m3B4E1e,https://i1.hdslb.com/bfs/archive/4002274213e3e328c48075155bb96256bc25aba0.jpg,Wsoaey小鸟,108710619
BV1W8411L726,https://i0.hdslb.com/bfs/archive/e7315a9aa9a6bb509488e00b8c2b4501de143178.jpg,四季_ナツメ_,35554162
BV1W8411j7o9,https://i1.hdslb.com/bfs/archive/6fe3a2e4d8a2f50fea25d2c820d64cf4e757d973.jpg,LichCrewZeta,20361369
BV1W8411r7jP,https://i2.hdslb.com/bfs/archive/71d9ded5a1615e22e521a65fcf98b3535802c3ba.jpg,衣物鱼Yiuv,697934264
BV1W84y1s7Ed,https://i2.hdslb.com/bfs/archive/3ab1c7e15117453b157b95cb36bdc3abdeccd5da.jpg,怅梦子,5800856
BV1W94y137Uc,https://i2.hdslb.com/bfs/archive/b24300ca1cef35826bad30511342380293698b6a.jpg,账号已注销,161194971
BV1W94y1k7bK,https://i2.hdslb.com/bfs/archive/ac3145ec44f9fc1b8470f7badbf940e511dd71f4.jpg,v_vv_vvv_vvvv,363726013
BV1WA411Z7es,https://i2.hdslb.com/bfs/archive/4101bcf3dd8fc2d9fb1d129c120f7092891fc75a.jpg,未白青羽,352408771
BV1WB4y1x748,https://i1.hdslb.com/bfs/archive/daba80137301087af91012d6ad94135634ccca01.jpg,9ma_P,1011163079
BV1WB6FYEEEu,https://i0.hdslb.com/bfs/archive/5f589b66d7e03ef7f8f26e4f9bef497251c154af.jpg,1mol梨花茶,353784518
BV1WC4y127Q4,https://i0.hdslb.com/bfs/archive/acee2e338ccc576f10d2668ac6e599924a794ea9.jpg,Hilldust,199820990
BV1WC4y1J7ck,https://i1.hdslb.com/bfs/archive/5769a40d58f9c1239158b98016ead2d1da5679fc.jpg,影歌P_Kageuta,356160341
BV1WC4y1g7Vn,https://i1.hdslb.com/bfs/archive/fe413f51fbb89c09b9a9585937c70c380f2d8e08.jpg,雨天rainywhale,86661122
BV1WCe2zuEPG,https://i2.hdslb.com/bfs/archive/f5df1a64f3b3a81d5e12c5b6fc87217a8e752701.jpg,califair,111583553
BV1WFBkYtE4x,https://i1.hdslb.com/bfs/archive/5831add2b8225c260d8863e55f7371433948485a.jpg,Korlar柯拉,364826977
BV1WFFpzQEHh,https://i1.hdslb.com/bfs/archive/21bc55d8ba50c8b44fe4c7f6c8127fea101ea141.jpg,双辞冫,423886341
BV1WG41127mP,https://i1.hdslb.com/bfs/archive/0b431ef78a0f8091c206ae79f928304cc6407b97.jpg,泠珞-星夜,400604752
BV1WH4y1E72P,https://i1.hdslb.com/bfs/archive/3638cf08e932e4eaee3781b2470b1e2d09555ee8.jpg,拾光与小狐狸,179469844
BV1WH4y1a7Ds,https://i0.hdslb.com/bfs/archive/7957364a6b7b489fa3b7d04e8809f7fa4b32b2bc.jpg,昨夜的尘,1346679891
BV1WHGezJEDb,https://i2.hdslb.com/bfs/archive/472c8cb25c02b54fbd44e5a9c0046f1672298624.jpg,xy寻找存在意义ing,93639091
BV1WJ4m1t7C8,https://i0.hdslb.com/bfs/archive/660887f8b42fe5715cd8bf555d41af69f610646e.jpg,伊恩一,3546623177132121
BV1WJwZeAEXp,https://i2.hdslb.com/bfs/archive/33e06ac7357d0fbe4330b620bcc52f45f8db40af.jpg,AAA笑颜妄语,354807368
BV1WK411C7Jk,https://i0.hdslb.com/bfs/archive/c6d48f270b10a0d2490ec0e404a3e688f5cf2067.jpg,泠语Vicycle,114451800
BV1WMhCzREfQ,https://i1.hdslb.com/bfs/archive/92f0aa984de26c7467c56de9fb429ebba5743c80.jpg,深空酱,24534553
BV1WN4qzfExU,https://i0.hdslb.com/bfs/archive/45a6cb3886fbeb712bbb3e72b0ee70ec47bb4846.jpg,谢庭芳,3546383919352498
BV1WN4y1y7AS,https://i2.hdslb.com/bfs/archive/052f8ae8695b0bae5f76fc692d7b71e71491beb0.jpg,度娘你要闹哪样,15665591
BV1WN8AzrE2i,https://i0.hdslb.com/bfs/archive/a3231154e74d85006aa3cfb4dfdbe631db1f6370.jpg,柔软的狗头,28518044
BV1WNn3z3ExU,https://i1.hdslb.com/bfs/archive/1bf9386d3bffceb757897e7cdc903e93c55fdab4.jpg,神鳴沢世界,114419306
BV1WP4y1B7UR,https://i2.hdslb.com/bfs/archive/1925b9646c9a9a4df576f216c40332218ef9af9d.jpg,水龙头P,584935264
BV1WP4y1X7dR,https://i1.hdslb.com/bfs/archive/32188275026d6ea3c1da2021ff414dc94a870b7a.jpg,KEYwi_P,43751271
BV1WPCFYpE1s,https://i0.hdslb.com/bfs/archive/31dcee3ebe482bab3864169668255e3c9c70d688.jpg,璘月亚灺Xie,412412152
BV1WPmfYwEbQ,https://i0.hdslb.com/bfs/archive/93f7d469ebfcaf75fe2ef75c2a46529aeca5d68c.jpg,宅小晨,1893410
BV1WRfiBtEXo,https://i2.hdslb.com/bfs/archive/a98f3980129bc8274a4c60d18c635eb28d73f451.jpg,风湮Official,8151904
BV1WS411P7ok,https://i0.hdslb.com/bfs/archive/d4dacce27c1a2555ee95f57a912109926c3b7798.jpg,白糖の正义铃,180668218
BV1WS421A7wT,https://i2.hdslb.com/bfs/archive/76ffb7a699454a0f685865bdaf94209e20bd1b94.jpg,透明指針,1601640
BV1WS4y1D7M9,https://i2.hdslb.com/bfs/archive/8edd1edeae2932b3e1d63100c3b84b6aab02444a.jpg,雯梓p_祈祷中,31228897
BV1WSb9zSE6T,https://i1.hdslb.com/bfs/archive/d6568149aee9c0201e0077a51ae69f6a512bd417.jpg,戬希Haleksius,1806620142
BV1WT411B7rF,https://i2.hdslb.com/bfs/archive/0a5c28d0d40fdad4f093f9d9b444a27d291f2dc4.jpg,冰淇淋拌饭Rice-cream,287974636
BV1WTmfYcEHC,https://i1.hdslb.com/bfs/archive/2f21958cfb6e2354c8d43d517dd321f17e66a3dd.jpg,中颖微华P_玖音曦灿,442585387
BV1WTxgzUEYn,https://i2.hdslb.com/bfs/archive/66498c0a357370a8a5a45ca6acd279cb4abaf7ce.jpg,DruidDoggie,1647285264
BV1WU4NzuETi,https://i2.hdslb.com/bfs/archive/ec5402c8baf57f4db710010538990794d7d8799a.jpg,百合咲奈奈,488817090
BV1WUBxYSEPK,https://i2.hdslb.com/bfs/archive/fdeffd3cea0cd937ef858ea2eda9fb4debd61b5f.jpg,蝉向天空奉献之果,1655755632
BV1WUUYYFEUe,https://i0.hdslb.com/bfs/archive/af463636bc7103e9d7c62ad1ac81e181a0aac12a.jpg,魚魚っ,313497676
BV1WV4y1e7my,https://i2.hdslb.com/bfs/archive/31a712f81fc77e3b8414f6bab05463f6a081095d.jpg,新一威尔特,27252179
BV1WVbyzWEJu,https://i1.hdslb.com/bfs/archive/14163250ff80563f5cad52071073df5d5b3e9da5.jpg,哆啦慢,3493257147321138
BV1WWLRzJEuj,https://i0.hdslb.com/bfs/archive/f0144b8e0e6468fd6829ff4c92a46269654d9e59.jpg,IF两仪,3088922
BV1WYV5zPEk3,https://i0.hdslb.com/bfs/archive/2b9806e634e4f131910429b4722e9c3d6d753fae.jpg,尘小星w,395909232
BV1WYskemEHb,https://i2.hdslb.com/bfs/archive/72605b38dee86a8f940cd2a21968bb3615dc0323.jpg,南国微雪Miyuki,8249849
BV1WaKseSEX2,https://i0.hdslb.com/bfs/archive/67cdcf767821595d36266d70e1d4d363d1a1a10e.jpg,Aya-啊呀呀,2577707
BV1WavzBqEVg,https://i2.hdslb.com/bfs/archive/b5f6d8e37fb74333463114e06541cc26282c5b19.jpg,没人uk_l,1100630255
BV1Wb41117zX,https://i1.hdslb.com/bfs/archive/c1e09861dbe9d0e90d0f7bab5f2b72c764475d2f.jpg,不鱼_P,7146922
BV1Wb4y1g787,https://i1.hdslb.com/bfs/archive/118ebbbac8e4687e338f5c3f8efda44b0b7f662a.jpg,Sucial丶,445022409
BV1WbVgznED7,https://i0.hdslb.com/bfs/archive/b5812ca407f0fcec6bf8e19c3de0c77d00c73d76.jpg,RQvan,453089352
BV1WbfJB3ENL,https://i2.hdslb.com/bfs/archive/5927980ca569fdf05174938082ecfd6443b7c96d.jpg,苏幼月SuYouri,3690982830770565
BV1Wc411U7B3,https://i0.hdslb.com/bfs/archive/74ad57933e6ac0416210f3f3ddeaee653d3f8871.jpg,灭了那个神话,3461562694110068
BV1WcUhYWEku,https://i0.hdslb.com/bfs/archive/a58f1fe12cebf16c086bb1d56d2373e0e2f15465.jpg,国服第一托儿,173293405
BV1WckZY2EkX,https://i0.hdslb.com/bfs/archive/f64517e12deb8ab6c7e999cbc319a4764936aa1e.jpg,酉时雨雪,1555204084
BV1Wco5YZEMX,https://i2.hdslb.com/bfs/archive/faf0ce2626d9f0c3bbb2f0f2f5db6ad891f9e086.jpg,灯休,668847531
BV1WctRzEESc,https://i1.hdslb.com/bfs/archive/1e51af07bb9df37183d49dee1edec6bbf497c7c8.jpg,KRAT_ReA,130203927
BV1Wd4RzmELG,https://i2.hdslb.com/bfs/archive/3c90ee366c363da897cec057b193f45ef4f9fed1.jpg,澈零喵,252680534
BV1WdfGYcEv5,https://i1.hdslb.com/bfs/archive/b24558014a119f09c87e651431ad9435c01fdaeb.jpg,匙穆不在这一隅,1479328581
BV1We411n7KZ,https://i1.hdslb.com/bfs/archive/6678f3e47532338f60c5810e77dae3ff22094e81.jpg,Star_苍梦祈羽鸢,285817566
BV1We411q7sZ,https://i0.hdslb.com/bfs/archive/73a7e2b614b192eb948dcd3725101869516c5332.jpg,三月希瞳,82498623
BV1WemuYtELi,https://i2.hdslb.com/bfs/archive/9025d4b8c5399c2e642e46f9f1a78abb05d46802.jpg,御天木安河,680805917
BV1Wf8CzoEUG,https://i2.hdslb.com/bfs/archive/af0b354babe3c733f2e5dfe338e94d3af81d615b.jpg,秋旻Tyuminn,1744863339
BV1WfNheaEgQ,https://i1.hdslb.com/bfs/archive/5176dccc1760faa8a0e8d3ddccb36e1fd7b395dd.jpg,林小四4040,13367155
BV1WfZrBTEwf,https://i2.hdslb.com/bfs/archive/d9871bea0621404c128666d5ed5f4401c41821d6.jpg,小白毁灭世界,400378225
BV1WhJQzXEip,https://i1.hdslb.com/bfs/archive/576f41d29571a5a7797f140e55c178025ff2e761.jpg,神鳴沢世界,114419306
BV1WhpLzoEtb,https://i1.hdslb.com/bfs/archive/2c92dbbd99690daa5ea4affb6040de385c348c00.jpg,い爱花丶,26069934
BV1Wi16Y6ED4,https://i0.hdslb.com/bfs/archive/5e69c10670734b8c393661324f35231f887f75c7.jpg,Alingstar,32347561
BV1Wib3zbEp5,https://i1.hdslb.com/bfs/archive/994af32b6354618dcea3989305d5fbdcf4a9b265.jpg,咚咚咚呛咚呛,38294579
BV1Wj411b7MM,https://i1.hdslb.com/bfs/archive/4e40916ce16558aed7f7a8c1251ff773f32a7f83.jpg,风湮Official,8151904
BV1WkRsYXEu1,https://i2.hdslb.com/bfs/archive/6068121d19deedbe4eca78c53629f6d7e1cebca3.jpg,蓝鹰QAQ,493851957
BV1WkeUzmE2E,https://i2.hdslb.com/bfs/archive/fecc5bdb70bab5adf0acbb826d5f6753186f0e34.jpg,苘桃离p,3546859354196339
BV1WkwSeLEQg,https://i2.hdslb.com/bfs/archive/de55b341ab2144faee8e40979c9a55cacd282ed4.jpg,鱼鱼酋长,399950312
BV1WnUTYpETm,https://i1.hdslb.com/bfs/archive/15f53ec48e897e609d4972dd65cb3d95c81308af.jpg,天音浮梦_Official,3546566780521374
BV1Wneiz5EZ2,https://i0.hdslb.com/bfs/archive/e28c5516366d4ca5afe72f3b0d25c1a78bf4f42d.jpg,贤师鱼_sakayo,404248894
BV1Woj1zfEWy,https://i1.hdslb.com/bfs/archive/cf9e5f07f051dcfc53b7511fd69bf37a6b760ddf.jpg,流線型,291786665
BV1Wp4y1g7q8,https://i0.hdslb.com/bfs/archive/88486a54d2e6b5b6dde6d76b07a34eea19ea537b.jpg,紫陽花RainDrops,440421599
BV1WpRUY9En2,https://i2.hdslb.com/bfs/archive/2c689d446a83774e8a85658bc48688e54e87e3b8.jpg,玲掘,410805012
BV1WqtzzBExP,https://i1.hdslb.com/bfs/archive/73c6dbf69bb0d6e43a3c0460f90eaac0dc47c3cf.jpg,始皇皇p_绿鸟p旧号,452258075
BV1Wr421G7VG,https://i2.hdslb.com/bfs/archive/b302feefa8b20a2f5599dd5f2863022a2e593e69.jpg,祈醬也太可愛了叭,364260815
BV1WrqLYDEg3,https://i0.hdslb.com/bfs/archive/8d0b28e150fc4b1933f07c84cc98641cbd7b0d75.jpg,栖鸢_d,447409538
BV1WsS7YWE6Z,https://i1.hdslb.com/bfs/archive/e65ab16b1f1abd176753bf50c88edc495fd78557.jpg,ANY_OFFICIAL,3546754521762726
BV1Wsjbz2E6y,https://i0.hdslb.com/bfs/archive/55ee0f0887f1fa0b8f0e2bd476f15e388be48aac.jpg,斯哲Serge,448500
BV1Wv421C7np,https://i1.hdslb.com/bfs/archive/c8756dc8576b91bdeb2880495db797a209e8eeb0.jpg,苹果醋p,106147869
BV1Wv421y77C,https://i0.hdslb.com/bfs/archive/365469cc85edeba65204fb4190c8cac1fa261973.jpg,永夜Minus相关推广站,1663342220
BV1Wv421y7gC,https://i0.hdslb.com/bfs/archive/cf01dcc0e90f5c351a40cd32e2010e450b49cedd.jpg,雨巷独酌Rainfall,341906317
BV1Wv4y1U7x9,https://i2.hdslb.com/bfs/archive/5817a71f93e750ff1547d5b7b90532bb0ca12bb6.jpg,卢汐叶-leekoill,432146124
BV1WvJ9zoEjv,https://i0.hdslb.com/bfs/archive/7e51ba4453a0807ddf20d83ae938ec58311287fc.jpg,李子プラーム,473158348
BV1Ww41167Yo,https://i0.hdslb.com/bfs/archive/81fc431a3770565c987967205f6c2b2fc466c40e.jpg,荷凉斜杉,367200847
BV1WwFpznEZQ,https://i2.hdslb.com/bfs/archive/2104b2166483c517b50fe3d83524217d03dc75d4.jpg,-xiao_-x,3546631188253582
BV1WwcJz2Eiz,https://i1.hdslb.com/bfs/archive/3a28dd84ecc77f3837dd9a3bb1c61db77e0580d4.jpg,河冰·浮生,11735521
BV1Wx42117XN,https://i2.hdslb.com/bfs/archive/28b93d924f83d80c529a315f84f383b1bc5dac3e.jpg,蔗蓝,473780327
BV1WxHQeYEdJ,https://i2.hdslb.com/bfs/archive/967ba61151927ec076f23981303be47e57f7d37d.jpg,Creuzer,3241451
BV1Wz421d7Ns,https://i1.hdslb.com/bfs/archive/d2719cef97e2085a1a48c3840ecfb320ab029635.jpg,重水_P,267054692
BV1WzuZz5EuE,https://i0.hdslb.com/bfs/archive/c415025612d4345f1f4a73874048cb62afdb7795.jpg,_在原七海,544552229
BV1WzxKz3EXk,https://i1.hdslb.com/bfs/archive/948d34b3b58fbc3e5f280b10f2449b62627b1c3c.jpg,账号已注销,424674800
BV1X14y1q7hq,https://i1.hdslb.com/bfs/archive/3d2d832cdeda1e4cbb41d53ef459a09bbce02285.jpg,Seasonの虹-退,289867235
BV1X1WEetEsH,https://i1.hdslb.com/bfs/archive/7ba915936a39cf45aaad11617b0bda63bfb72532.jpg,浮玉酱,3493270042708890
BV1X2ezeCEcS,https://i0.hdslb.com/bfs/archive/7cfb3795436b10ecf4473932608efb9fc5f0c3d1.jpg,CH白诗,681614623
BV1X3wEeNE4o,https://i2.hdslb.com/bfs/archive/687a942ef573c680d72e4a4e84d0e6492bd112d2.jpg,度娘你要闹哪样,15665591
BV1X4WkeZEfY,https://i2.hdslb.com/bfs/archive/37dfbe6df9abfea7dc86b3dde5383538ca59f161.jpg,克劳德Channel,593843788
BV1X4uUzhEJP,https://i0.hdslb.com/bfs/archive/526fbc49bdc94de53d5d033cb0665d6a7874b884.jpg,宇宙无敌夹心酱,15113680
BV1X5DDYAERz,https://i2.hdslb.com/bfs/archive/a2fc968add855ec897fb2f5fc12a21165e80d209.jpg,花咲十夏juka,272727749
BV1X5VAz2EGn,https://i1.hdslb.com/bfs/archive/11d70700e08456997d1eb4eb7e4eefc48b7915f3.jpg,春光p,651798004
BV1X6421M7nV,https://i2.hdslb.com/bfs/archive/051e00a635229708bdc539c15ebf340006c59771.jpg,Lynthz_棱子,158382603
BV1X6Z8BSEGr,https://i1.hdslb.com/bfs/archive/c8a5621d56416018fd03702519a9cc1d0dcb50e6.jpg,RRin_p,476403716
BV1X7b1zzEZs,https://i0.hdslb.com/bfs/archive/f980d1b97d972725bc7b3cb07c3b739e3170e32a.jpg,QianSYp,28795472
BV1X8411a7on,https://i1.hdslb.com/bfs/archive/b03dc9c0a8abe8fb216f901cfe1ba0481652ac8e.jpg,Jagtzotm1026,286231966
BV1X8zRYEE12,https://i1.hdslb.com/bfs/archive/ca1f310049896c05cc173b24fb548cf8f302940b.jpg,塔赴P,258080618
BV1X9ipB3Ex9,https://i0.hdslb.com/bfs/archive/aa0ab411d8d20eeed7d5362c67e0efb2e7fd0b37.jpg,月熠日炘,505183434
BV1X9tUzmERx,https://i2.hdslb.com/bfs/archive/1710327aed3da28165ec2c1e2db755bc333addd6.jpg,John_Em,471195247
BV1XANYemE3G,https://i1.hdslb.com/bfs/archive/cbc71cc2b50ef8b07c7e17226dc1fce576e6fcba.jpg,落橘生秋,46207951
BV1XAyUY3Ed5,https://i0.hdslb.com/bfs/archive/21853d78323a680d0e8a6639a3638cad99f54337.jpg,沫雪明月,27081552
BV1XB421B7cW,https://i2.hdslb.com/bfs/archive/8f8902ac364fc5cef45d371d06dadbfc42270a6e.png,XSMusic昕胜音乐,301947580
BV1XC3NzmEP2,https://i2.hdslb.com/bfs/archive/cf432c879ce7763638f39ff8f0462ddc10c7feda.jpg,风湮Official,8151904
BV1XCq5Y8EF4,https://i2.hdslb.com/bfs/archive/19d96283774ba1ef19db4f29ca835818dc5e701e.jpg,风湮Official,8151904
BV1XDJPzYEUD,https://i1.hdslb.com/bfs/archive/94f0c4ec9863fef642415b4560023524562d8b81.jpg,Cardioid_Arc,33419596
BV1XDhYzLEQg,https://i0.hdslb.com/bfs/archive/537c1886137f7ad57b4d7f3c704eefe9c3a20780.jpg,孜然一身苍茫天地兮,3546794988407602
BV1XEBMYjETQ,https://i2.hdslb.com/bfs/archive/10cfa93a0a774ed9d0ef852df1a5773b0a264557.jpg,MaxXSoft,295902
BV1XEyWBYE4X,https://i0.hdslb.com/bfs/archive/52b9bbcc600f8ad686ccc21c43f1fa5040700aa2.jpg,双辞冫,423886341
BV1XG1bY4EXf,https://i0.hdslb.com/bfs/archive/680e165b505a416da2c0cdb1ba72d71d1ffdfe51.jpg,栖语星,2069111127
BV1XG41127W7,https://i1.hdslb.com/bfs/archive/1f7ff5b184805154ac133113668a77e9a8484d5a.jpg,稳定点p,357512039
BV1XG411Y7Qq,https://i1.hdslb.com/bfs/archive/bfbb3cede14904ecc8e3a9cc4ddb9bbf6b00e7bd.jpg,风湮Official,8151904
BV1XGAfeSE4J,https://i2.hdslb.com/bfs/archive/cc36d7781a462724430374a28592182e34744d58.jpg,精神安定剤,4676168
BV1XGvNzGEmJ,https://i1.hdslb.com/bfs/archive/b7e7adf59eb60fb9dcb72c53dc685bd8613ab2d0.jpg,日生日立的星昱,1729483900
BV1XJ4m1E751,https://i1.hdslb.com/bfs/archive/080d9f0bc4f149c868ca7e74ad54cafb062e29a4.png,昨夜的尘,1346679891
BV1XJ4m1s7k8,https://i2.hdslb.com/bfs/archive/daf472fd74a23aa51264217ce942fd0aea8c1a2b.jpg,空化器,1071135356
BV1XK411Y7CF,https://i1.hdslb.com/bfs/archive/4d4af41b9b56a4f792e203dd0a65aad8e2de3b23.jpg,言爷,359806
BV1XN411b79F,https://i1.hdslb.com/bfs/archive/a165f469d6dfa3ba997a651fccef404280e89021.jpg,你看这个脸它大又圆-,399929945
BV1XN4y1i7iz,https://i2.hdslb.com/bfs/archive/ff1e1eb290af997fceadae8b3878cccf20baddbe.jpg,朝菌P,67990677
BV1XNCgYaEgL,https://i2.hdslb.com/bfs/archive/65a8dd70727e83721397c62f663d7299bd03ab25.jpg,羡临渊zzZ,472407628
BV1XP411r7nv,https://i1.hdslb.com/bfs/archive/48ba9199edd400e7e123ee7d3129bc9856f2ca93.jpg,PAHATSU,627230330
BV1XQfgBeEGT,https://i2.hdslb.com/bfs/archive/6e5d80aea346dec56e3c20f445327c996b272fc3.jpg,会咬人的白海豹,52575440
BV1XQs7etEhf,https://i2.hdslb.com/bfs/archive/204f2a12f1518e8a1152688f6cfd86f068f99050.jpg,唐水离,37437299
BV1XRMmeVEpt,https://i1.hdslb.com/bfs/archive/0a09f2f1ed138cf343d0c57e5ac4b10a0c824e61.jpg,真极I巴多轼,353680168
BV1XRPde7Eug,https://i2.hdslb.com/bfs/archive/17ecb2d3b048205d82b73875b9a590cd1afa1594.jpg,Angel阡陌,17677928
BV1XT421C7Up,https://i2.hdslb.com/bfs/archive/9e086a06158866ff7b0a8488df6615d3710671f2.jpg,_OREOREO_,19483168
BV1XV4CeTEQY,https://i1.hdslb.com/bfs/archive/4f3abf860a1dd926d271fd4a0b5409cb0102b33b.jpg,______z_,332970119
BV1XVpte7EQX,https://i1.hdslb.com/bfs/archive/83cf02cfa59ae4b4fff5fc9d327e991fcb067606.jpg,夕颜颜颜颜颜-,3392539
BV1XW4y1P7YN,https://i0.hdslb.com/bfs/archive/6e6b7a138aff2eabc19c33641a1dc6f743a07698.jpg,血焰玖蝶,1751300
BV1XW9EYmEbX,https://i2.hdslb.com/bfs/archive/9aa27c1a3a7c0d40c4277906042be9ea941a022a.jpg,小熊熊爬山,234149582
BV1XWt9ePEx1,https://i1.hdslb.com/bfs/archive/3476e864abdbf5da46431dd14496132c113f8d68.jpg,某只泽,1323266
BV1XX4y1L7WW,https://i2.hdslb.com/bfs/archive/d8d0d185e9cf605a3507eb6a38f465d34ff5ae4d.jpg,汐就是ミク,34967681
BV1XY411t78j,https://i0.hdslb.com/bfs/archive/3ea3da1e09f1dbc196be67992e2d3b1d2236d351.jpg,催牧心周边小助手,23287673
BV1XYUwBEEzQ,https://i0.hdslb.com/bfs/archive/34ff6d09c27e9882c628fd7620124f9574dcadc4.jpg,戬希Haleksius,1806620142
BV1XYnwzcE6U,https://i0.hdslb.com/bfs/archive/49d375e5abaea9abbc04fb3889f2ce517ed50a14.jpg,い爱花丶,26069934
BV1XZ421n7qY,https://i0.hdslb.com/bfs/archive/44e798406eb27411d2430110de24643d7600dc40.jpg,BabyBenzene,433537409
BV1XZAbeqEZL,https://i0.hdslb.com/bfs/archive/49cb11c96fd4f3a516f292b4e1e74144d1210441.jpg,晓梦时光,382839354
BV1XZdKYXEe3,https://i0.hdslb.com/bfs/archive/15c89f5648764ddbdeaad1eaaa27eb18a9229499.jpg,p8x32,267066944
BV1XbMdzJENY,https://i0.hdslb.com/bfs/archive/942d952f1790f88f97fe89a7bc2ee003f8442de6.jpg,班越Frank,513241104
BV1XbcYzvEXV,https://i1.hdslb.com/bfs/archive/e4db5426e9e52e929deeee5b352edc4d2f6e44fd.jpg,归尘回梦,671367010
BV1XcpgeaEGz,https://i1.hdslb.com/bfs/archive/7f7fa7c6837f7dae1ee00f54d341a0451475dfce.jpg,Lateron__,1308828986
BV1Xd2oBPECb,https://i1.hdslb.com/bfs/archive/ffd6b05aa0c69629f04b0f05d57c02fbe2f6acca.jpg,绮雾Aneitre,1368472411
BV1XdcUeXE34,https://i2.hdslb.com/bfs/archive/1d16a72637b1a8e4145ca3e9f3852e3893967c98.jpg,kttts,10618733
BV1XdhvzSEc2,https://i1.hdslb.com/bfs/archive/8505de1369cee32842fd04fed6c1582d312ceb31.jpg,玄云__,620883622
BV1Xe41167ye,https://i0.hdslb.com/bfs/archive/5aa9b9b89f6140cf0f042cf992009ecc6fec9c6e.jpg,温水煮团子,63553115
BV1XevPzuEYs,https://i1.hdslb.com/bfs/archive/578929ffda4479b53dd52a58149d682a87bc7f0b.jpg,琲鸢Sayaka,58534834
BV1XfTXzMEbE,https://i0.hdslb.com/bfs/archive/300095fce273f12fcd1c232fad20431a3b790845.jpg,林小四4040,13367155
BV1Xg41167A6,https://i2.hdslb.com/bfs/archive/aefc467c127a1f4b17b02610226a8243ad1317f4.jpg,雪人Snowman_,15607580
BV1Xh4y167Hb,https://i1.hdslb.com/bfs/archive/e9202db03719a862f6e98f48f0a9b6eee6bba0dc.jpg,紫陽花RainDrops,440421599
BV1Xi421h7xa,https://i2.hdslb.com/bfs/archive/c1b5984e23a4f02469ddaf6345b8284c576985fd.jpg,R小绵羊233,102544559
BV1Xi4y117w4,https://i1.hdslb.com/bfs/archive/88f217feb3dc521b407042f5a6817bb8e9299262.jpg,跨海星尘,275022363
BV1XidtY7Exf,https://i1.hdslb.com/bfs/archive/e3ed60f1e03a0372084a6397bad3fed0db9b7937.jpg,账号已注销,108369118
BV1XiwheiEud,https://i2.hdslb.com/bfs/archive/226ac3547b6722682209dd13fc4401d1da7750ad.jpg,某三省,4772751
BV1Xj421X7Hm,https://i2.hdslb.com/bfs/archive/a04c576a2a04524503236e977d353c0936d709f1.jpg,一盒小雷电,75021258
BV1XjBjBFE79,https://i0.hdslb.com/bfs/archive/87414aeaed27f4ad20ef763c0bc61e21529e4b2a.jpg,萧煜明,16620133
BV1XjCzY2Ecp,https://i0.hdslb.com/bfs/archive/f7d297c14bf8808578b3e00131314eebbea5b57f.jpg,影歌P_Kageuta,356160341
BV1XjUPYtEL5,https://i0.hdslb.com/bfs/archive/da2f434e63de87001e3f0b4ae4370678d3f55045.jpg,凌渊之尘,347474453
BV1XjY4zwEzh,https://i0.hdslb.com/bfs/archive/ee68b767e9e6193005e8dcf23d7ab6cf3b9cd008.jpg,神鳴沢世界,114419306
BV1Xk4y1378i,https://i0.hdslb.com/bfs/archive/566778b49597d870f18285f5e651b0d78c11fbb7.jpg,风湮Official,8151904
BV1Xk8RzTEZg,https://i1.hdslb.com/bfs/archive/6a4416d4cec8691e0fd85f5619b56ddd48cc92c3.jpg,神鳴沢世界,114419306
BV1XkSyBKEBC,https://i0.hdslb.com/bfs/archive/1dfb8560f4bcad3987e6cde0a4094f9902b457da.jpg,及時作夢,3546901349665169
BV1XkxJeKEfh,https://i1.hdslb.com/bfs/archive/0da378f7074c85cd13af60fe4562576d706703d9.jpg,正十字p,286716744
BV1Xn63Y8Ex3,https://i0.hdslb.com/bfs/archive/2afa9880aa5b673f5825f18374570a90ccf3a50b.jpg,青杉折扇,183675426
BV1XnRpYFExc,https://i1.hdslb.com/bfs/archive/02a36502ed755197fa910cc65c8bfae1c576bc52.jpg,奏-Kanade-,3546867184962157
BV1XnkvYeEko,https://i2.hdslb.com/bfs/archive/79585b07c29930905768db80862c744ae7858eb0.jpg,阿凛子君,311901
BV1XpHqeuEE1,https://i2.hdslb.com/bfs/archive/1ece208a33fc24d41162499016365da1a59b57ef.jpg,日光Taberu,3546648428939813
BV1XpkcYNEp2,https://i1.hdslb.com/bfs/archive/016041bdfb773e8109fe9569f86ad7800002ebc1.jpg,大可不露-深蓝,66711381
BV1Xs4y137qv,https://i1.hdslb.com/bfs/archive/e509d1648387132d5c7725456e538b6bb498f20f.jpg,青蓝也是蓝,69112446
BV1XsRLYVE9p,https://i1.hdslb.com/bfs/archive/0da72313b346062e7edecf6a8c9001850d011f77.jpg,闪闪喵喵喵,10241227
BV1XscnegEpH,https://i1.hdslb.com/bfs/archive/bd06b8b3807054cded3b0240c48e0bb05def4286.jpg,风湮Official,8151904
BV1XsxEefExH,https://i0.hdslb.com/bfs/archive/cce463de4cc6346e575fa37b9ad5e0fd452e8b08.jpg,是纪远不是之元,2415595
BV1Xt421M7pH,https://i0.hdslb.com/bfs/archive/cb4e026c552cd0c479389fd8a59f11a556079a5a.png,五等分的普篓丢撒,382414065
BV1XtCRYsEh7,https://i0.hdslb.com/bfs/archive/e1ae945cc4831d87baca2f00ed83b621c580896d.jpg,灯火烛天Lusky,27694266
BV1XuX4YKEhy,https://i0.hdslb.com/bfs/archive/bfacf6df3cb0852acac233192085ee1913689022.jpg,Thynephis_小赵,511206731
BV1XuZZYNEhQ,https://i2.hdslb.com/bfs/archive/620661029144e2533f98072d1bde9bfe82de50f6.jpg,Starst星尘子,399170457
BV1Xv421174j,https://i0.hdslb.com/bfs/archive/f7c7bb54b44233eec506b225001580daa5264480.jpg,乐星伊言,392995193
BV1XvBtYTES3,https://i0.hdslb.com/bfs/archive/34309dc3796901c73d87f9c1c1cf439fb33a1df3.jpg,风湮Official,8151904
BV1XvSnYVEEf,https://i0.hdslb.com/bfs/archive/06d644fc3fa8b278b233bfbe28c715d6b80bf026.jpg,茉茶P,400188894
BV1XvYqzfEwy,https://i1.hdslb.com/bfs/archive/16a65962c66a0a249a1115870f8a97cee5b3bca5.jpg,戬希Haleksius,1806620142
BV1Xw19BSExh,https://i2.hdslb.com/bfs/archive/628bf077783c8eae326c5a0a05bee9eef6689926.jpg,眠铃Neruno,3493271848356790
BV1Xw411B7ue,https://i2.hdslb.com/bfs/archive/3a7a2d3d3cbcaf566daef8058991faac046d72ea.jpg,无限轮回永远循环,572227034
BV1Xw411m7z9,https://i2.hdslb.com/bfs/archive/4d7ccd1040addbf2c248683a9956236cbffc5455.jpg,星空暁,616682067
BV1Xww5eREnf,https://i2.hdslb.com/bfs/archive/73d39d735e319af25b56717acd8382e3b1020608.jpg,John_Em,471195247
BV1Xx4y197th,https://i0.hdslb.com/bfs/archive/caf46fff0f6ed5a1377ba04140ee100a6757de77.jpg,阿生一事无成,482091893
BV1Xy421a71w,https://i1.hdslb.com/bfs/archive/2a991f6dc8130a6c48462fe5d2fb2e900d310796.jpg,某科学的卡面来打,52829689
BV1XyFpe3ELB,https://i0.hdslb.com/bfs/archive/412db37d93152ac3aaca9176a89be73db581d822.jpg,_STA_,39303768
BV1XyiXBfEqB,https://i0.hdslb.com/bfs/archive/e76a0c83f8c5342c3156766ec8c688b37719d2e3.jpg,栖语星,2069111127
BV1Xz1MBoEEc,https://i1.hdslb.com/bfs/archive/da9ed0748d4d0dfc40b84d6be3b43599dc776e93.jpg,CROOOAK,282117733
BV1Xz421o7Ku,https://i0.hdslb.com/bfs/archive/dff3beedf29f019faa83690a4ec8d5c6f3fc87d4.png,卢克爱喝快乐水,178711535
BV1Xz4y187gm,https://i1.hdslb.com/bfs/archive/614449a8f9dcfef2ab01a47aa313b673d481bd0d.jpg,紫陽花RainDrops,440421599
BV1Xz4y1q7w7,https://i2.hdslb.com/bfs/archive/418ee5cdaf0327ef07f1861ccb040eb5d7ea3bd0.jpg,悠景o,1734555
BV1XzScBEEqU,https://i0.hdslb.com/bfs/archive/edd2fddaa26b8b48f6e47b806ffa10ce34d33812.jpg,漓洺今天吃几桶麦旋风,3461563153386138
BV1Y1421S7Bh,https://i0.hdslb.com/bfs/archive/37a542615f37ada537600e1cbc25e62f59b4836b.jpg,磷元素P,273891297
BV1Y1FmemEBP,https://i2.hdslb.com/bfs/archive/436f3df1ae2c8947541fcd908294b5c1ef11b90f.jpg,维克兰特_Vikrant,386731500
BV1Y1TWzsE6B,https://i0.hdslb.com/bfs/archive/207e5e633b6d769e8be2c6176b23bb58a50a6ec9.jpg,熊青嵐,31159764
BV1Y2MuzHEUc,https://i1.hdslb.com/bfs/archive/02d1c5742ff6e3e76da97aea45800e4ab91096e1.jpg,空想水晶诅咒绯红锁链,3546739686508856
BV1Y2cnzvE5K,https://i1.hdslb.com/bfs/archive/6027766cb5f2ed65c7be4fc5469d9bbaa79a04c3.jpg,钴蓝配黄的吸尘器,322285529
BV1Y3CsBPEms,https://i0.hdslb.com/bfs/archive/3e5e44bd8fe9caa41ae5d041f73f51e555fac81b.jpg,积雪云snowcumulus,1606718218
BV1Y3HXzGEuw,https://i0.hdslb.com/bfs/archive/93a1f770ff6365e2acd45ff190a9c8fab1d2ea77.jpg,予梦_StarryNight,288592339
BV1Y3LozKEpW,https://i0.hdslb.com/bfs/archive/74c908671a3c246671b755bd948c6371199268ec.jpg,五等分的普篓丢撒,382414065
BV1Y3jhzNEWv,https://i1.hdslb.com/bfs/archive/93186b3dd58371e98a298f53883930f99f3e4a0d.jpg,苘桃离p,3546859354196339
BV1Y4411D79w,https://i2.hdslb.com/bfs/archive/cbd69437a29efc4e25b0881c0e6c422de49a916c.png,坐标P,9416977
BV1Y4421F74s,https://i0.hdslb.com/bfs/archive/d7189f75be42354b5d33bd1a14bb4a6e777d3ea0.jpg,风湮Official,8151904
BV1Y64y1w7Wh,https://i0.hdslb.com/bfs/archive/ecc080b1bf170c561aa28f76befbedc9bc258182.jpg,星海星setar,284501997
BV1Y6Pvz2EpF,https://i2.hdslb.com/bfs/archive/f9de00308be6d46085c2fd6788ccf0a89bad0abd.jpg,伊森森森_,508937250
BV1Y6xbebESc,https://i1.hdslb.com/bfs/archive/4fefaadd77d3696a3f651ef4601cb0c6fe9a3187.jpg,风湮Official,8151904
BV1Y7421N7iL,https://i1.hdslb.com/bfs/archive/381b8a3667798328e510d1a98947e7f1b420ac44.jpg,异世界の小白,54789216
BV1Y841127yv,https://i1.hdslb.com/bfs/archive/0a6f499381b585141eafe2434799eda95e35b094.jpg,雨翼p,12221244
BV1Y8411p7m5,https://i2.hdslb.com/bfs/archive/5ea9f1ffa032edf9aa660e02683041913e988669.jpg,松原小磊,10876159
BV1Y86UBtEJm,https://i1.hdslb.com/bfs/archive/2135633dd9f07d1a2ad91ccf487ec1404b605caa.jpg,何明_InvicaQa,3546698150316200
BV1Y94y1k7RY,https://i0.hdslb.com/bfs/archive/787d2f5a64f4e927d02a3d702ad375a44ac12f65.jpg,宅在家的白菜,12096392
BV1YA4m157LD,https://i0.hdslb.com/bfs/archive/e2da8c0820161cb45949909593fcc0e273729004.jpg,泠珞-星夜,400604752
BV1YApRzJEVH,https://i1.hdslb.com/bfs/archive/a0b9b5de04a3f4ae0b9e06d308084d1db1ec1346.jpg,L则鸣,442791639
BV1YAqVBEEEk,https://i2.hdslb.com/bfs/archive/1c9327df157838bcc61695674dfc36c568a8a77b.jpg,博南,674015663
BV1YAthzfEK8,https://i1.hdslb.com/bfs/archive/5a50beaccd473c1169a0219bbcbcc6f15f0af4ab.jpg,鼠和弦_,364244868
BV1YBZTBXENH,https://i1.hdslb.com/bfs/archive/80593267ecb2aa2e5d99a8ac9abab2c6341afe24.jpg,Wsoaey小鸟,108710619
BV1YBZtBVE3z,https://i2.hdslb.com/bfs/archive/55ea417c836edb0a8efd7c82decaa5c9b3285ebf.jpg,匹垂客Petrichor,1283732492
BV1YBpEzUEwK,https://i1.hdslb.com/bfs/archive/ebe1f204afd5a623a0c6ffd4dc50d3c9d6caf230.jpg,栖语星,2069111127
BV1YC411p7FX,https://i2.hdslb.com/bfs/archive/eafcaef9b56f184d6202686f075e7c58959195a7.jpg,恰汤圆的水杯,450891880
BV1YC4y197QF,https://i2.hdslb.com/bfs/archive/a223c9e2af0add04cfaf87dd22796b968da3e2e3.jpg,风湮Official,8151904
BV1YCW4z3EsB,https://i0.hdslb.com/bfs/archive/5a78babd73103d85fc020552a63e148c0725748c.jpg,lM_P已存在,3859963
BV1YCdXYSEKK,https://i2.hdslb.com/bfs/archive/b2310f944d6a1f0963fb285e1ea29cc41c01c0c2.jpg,直到凌晨也无法安眠o,631536855
BV1YD4y1X72n,https://i1.hdslb.com/bfs/archive/3c1860401074465f76bc548e1f37a2ac580d5857.jpg,青岚Sheonary,69195447
BV1YD4y1f7Fq,https://i0.hdslb.com/bfs/archive/de125b5342ba406305bc71ccc90690d78a70bd5b.jpg,天泽龟,12645985
BV1YD4y1j76s,https://i1.hdslb.com/bfs/archive/a21fdb33cff6868e44d3abeda70f89cb8f9f501c.jpg,R小绵羊233,102544559
BV1YERpYhEaH,https://i0.hdslb.com/bfs/archive/d476be58625f41f9d0b16188e334f6f6f7d77c1d.jpg,奏-Kanade-,3546867184962157
BV1YF4m1T7sj,https://i0.hdslb.com/bfs/archive/1279e938f3dbe85d131efb352164ff661f50e804.jpg,客止Gue5taY,270414476
BV1YFJRz6E9W,https://i0.hdslb.com/bfs/archive/75321fc012bbec15459ad7e87e7fb24f623ac9e6.jpg,加贺美mio,494299092
BV1YG411n7kG,https://i1.hdslb.com/bfs/archive/80c37bf16daa7b7f2b2fc6777d1dad5667cc7b49.jpg,四季_ナツメ_,35554162
BV1YH4y117un,https://i2.hdslb.com/bfs/archive/6ce180d7002f839723661de67a748b5bd7fde696.jpg,TOPKINGCREAM,3493081292737020
BV1YH4y1R76m,https://i2.hdslb.com/bfs/archive/f1f8a138741f2796ac73bbed708bc49c0dbd0296.jpg,P不月水蒼Q,365743248
BV1YJ6FYhEDc,https://i2.hdslb.com/bfs/archive/bed7f6b8470dca128230177e88a91c94b4d66ca6.jpg,三辰p,3546609807788329
BV1YK411K7yR,https://i0.hdslb.com/bfs/archive/fa44ba6451a9b4daff3616a57d09584a97fda321.jpg,瑞安Ryan不跑调,108845996
BV1YK9MYJEjP,https://i0.hdslb.com/bfs/archive/155b663e2e9aa3c1666e052724be6398a91c31f4.jpg,雪人Snowman_,15607580
BV1YN411L7cC,https://i1.hdslb.com/bfs/archive/8bc9520eff9079f9669fb14eccf18097e14745c7.jpg,风湮Official,8151904
BV1YP411x7X8,https://i2.hdslb.com/bfs/archive/b7964f2170d13b337a6c788ff5662b9e93f21193.jpg,影歌P_Kageuta,356160341
BV1YPs1eNEaQ,https://i1.hdslb.com/bfs/archive/4cb60e0d36270021ed9608ecb53dc809b31a4690.jpg,千草幻星,14425668
BV1YQ4y1J74J,https://i1.hdslb.com/bfs/archive/b379454dd30cf4cdeae8468d114135b0136d769a.jpg,栖鸢_d,447409538
BV1YQ5rzfE6H,https://i2.hdslb.com/bfs/archive/1a0280668bfecf59bdc269765c2cad2410447c53.jpg,Half_cadence,545542801
BV1YQBBYKEDL,https://i0.hdslb.com/bfs/archive/2426db42a651d29b7126f4ae21da936db0131455.jpg,樟子君santal,391281625
BV1YR2eBiEMB,https://i0.hdslb.com/bfs/archive/1598e2daa0181e773488c19df5a12582899d61be.jpg,哆啦慢,3493257147321138
BV1YS421P7Dp,https://i1.hdslb.com/bfs/archive/4a7e2e8b83468db4167dc28af52593fdf158cf89.png,予花同名,2037893494
BV1YSsNzDERc,https://i0.hdslb.com/bfs/archive/605512c6458106b0a921a5601070851084dd0fe3.jpg,七瀬みきや,13992132
BV1YT3uzfEWd,https://i1.hdslb.com/bfs/archive/21ddabbbd035d837b9fdf63bf503838e4e16c634.jpg,Star__P,3546736305900006
BV1YT411w7KM,https://i0.hdslb.com/bfs/archive/d39695da3c453f3ddb460ce5e223d2f1ec3d2b68.jpg,無波,202166463
BV1YVgNzLEa6,https://i2.hdslb.com/bfs/archive/4d6bdde6a4f7f8c3a53c12c3192aa2fe7502fcfb.jpg,哆啦慢,3493257147321138
BV1YVvDBJEXy,https://i2.hdslb.com/bfs/archive/1a5844a3ba768e7c359329f8d095a47f68b0871a.jpg,23点30_P,1585437773
BV1YW6iYeESj,https://i2.hdslb.com/bfs/archive/f39bcfd94a564bb64325cb8c096eaa2a1c583e6f.jpg,吴铭释哦,413198821
BV1YWtYeCE13,https://i2.hdslb.com/bfs/archive/1cc5f57aefa5e5314cc3d4b2de4c1246ffc87145.jpg,风湮Official,8151904
BV1YXTEzLEeZ,https://i1.hdslb.com/bfs/archive/94b384df89278f59138541d4cfbd5d480e9ed0f4.jpg,劳尔Blawn,432148245
BV1YXqaY7E1z,https://i1.hdslb.com/bfs/archive/bd4f54a366f29b98fef23b4e0d687e9a886df159.jpg,伊01,32487904
BV1YYj3z7E15,https://i0.hdslb.com/bfs/archive/be8d869585320a3985aa4168e03fbb80009339f3.jpg,北冥有鱼Lenve,72441741
BV1YYjuzzEcN,https://i1.hdslb.com/bfs/archive/9a81e73102a9bf6a86b852769d1f7b40e6db5e65.jpg,Faint曦音,489510667
BV1YYoCYbEzN,https://i1.hdslb.com/bfs/archive/5ceb11ed01e4f467ef2d2e1db9200d65ba4e8a0f.jpg,墨opera,3546851814934967
BV1YZAzzoEGj,https://i0.hdslb.com/bfs/archive/cecc418046970fb5e482e893a94eea872d4eac3a.jpg,EosinY,604219429
BV1YZFkePEjA,https://i2.hdslb.com/bfs/archive/e02f8d84cfdbf532de734f72fa1d077d83f54f95.jpg,Chaos清流,7226948
BV1YZkgYAE1x,https://i2.hdslb.com/bfs/archive/872951a0c1d22ba067a49a7837a22080b381497c.jpg,水龙头P,584935264
BV1Yb1qYmEUx,https://i1.hdslb.com/bfs/archive/2d53684769015da58f6275db0c260e19c76baedf.jpg,bili_240170823,240170823
BV1Yc411y7Ye,https://i2.hdslb.com/bfs/archive/a817130bdb4a1dcb2e09ac8037204e09ac5aeaae.jpg,予禾Yriv,35000888
BV1YdttzdEov,https://i2.hdslb.com/bfs/archive/c3bf8e0ba5df01d8c6e22007ae011974e6952889.jpg,不會做音樂的狼夏karami,613784642
BV1Yg4y1C79Z,https://i1.hdslb.com/bfs/archive/76fe9d99efd609a4bd64d42cac150f0692a283d4.jpg,风湮Official,8151904
BV1Yh4y1N7C3,https://i0.hdslb.com/bfs/archive/fce7492e23a5140a00d4e0fcb00ee9cd40d7650b.jpg,爱喝啤酒的烧烤P,327601393
BV1Yh4y1r77J,https://i0.hdslb.com/bfs/archive/1b2c37b05d0ccd7ca1db920c815faa61244f6dc7.jpg,橙味比巴卜,11116918
BV1YhxyzcEjM,https://i0.hdslb.com/bfs/archive/b78cda90e410e6fcb0b70e3b78f62f1d046c87ad.jpg,国民爱抖露IsuChan,3546603843487946
BV1Yix4eWEua,https://i1.hdslb.com/bfs/archive/a32b555e6a33e08b137df38bb753159ded3a16d1.jpg,神鳴沢世界,114419306
BV1Yj411B7T6,https://i1.hdslb.com/bfs/archive/2b19bd8c8dda8b7256b8d70128e732aeaddefabd.jpg,传少小小说,31078735
BV1Yk2xBkEEQ,https://i1.hdslb.com/bfs/archive/71228ac4d5c87cf3dbb0171ec7877f36eb551b6f.jpg,磁带君,32672
BV1Ykt9zhE1A,https://i1.hdslb.com/bfs/archive/bba788af2de58cb80e005f0cce22903a138cf324.jpg,Dagazs,88726438
BV1YkyNYRExe,https://i2.hdslb.com/bfs/archive/9ce70c0535e87f4b60f70d2e1dc6bb82e00b6a77.jpg,浅缥,13708534
BV1YmqTYyEaT,https://i0.hdslb.com/bfs/archive/ea81c85ed4ab8ab6639dd624ab4afb8697f5fff8.jpg,S_D_Poisson,560617233
BV1YnZJBXEoq,https://i1.hdslb.com/bfs/archive/f0f256c3b82266855c0664b7e7603724cf68140a.jpg,苏幼月SuYouri,3690982830770565
BV1YoxLzSEhQ,https://i0.hdslb.com/bfs/archive/054850757e38cea03faed46cab9edf8fae280f2f.jpg,屑南无三,1098229102
BV1Yp4y1Z7Y1,https://i1.hdslb.com/bfs/archive/f51f0d226b2fcf23309abe272bfedd59b4a1ca67.jpg,ventusism,631023950
BV1YqhPzaEUN,https://i0.hdslb.com/bfs/archive/e2e7829789fd18cf0915958ffb45d3ef7cfe46d6.jpg,曰辰_yuechen,2120026342
BV1Yr421F7Ti,https://i1.hdslb.com/bfs/archive/9d2841a3e6cc15d2337abc3f725a708d7da5ed64.jpg,洛羽绫Aya_Hata,1305665901
BV1Yt42137V1,https://i0.hdslb.com/bfs/archive/6e430714fea153572317f9d7b4fdec8ca0724d16.jpg,淘气少年小影子_茹颖p,285359693
BV1Yt421p7eo,https://i1.hdslb.com/bfs/archive/23e3c5a6d034d9523d127250b5b4c841f234e74e.jpg,北山Pesaka,19500824
BV1YtzaYHERP,https://i1.hdslb.com/bfs/archive/37c0b893f63cc57da2e26995ee73869e904374f0.jpg,三辰p,3546609807788329
BV1Yu411W7vm,https://i2.hdslb.com/bfs/archive/02b4d58a211e86bcaa26d054844f369f831a6f3e.jpg,千年P,290548178
BV1Yu4m1T7aQ,https://i0.hdslb.com/bfs/archive/24b981e4fa0fd4c15d012a8771e9d8fb73b28669.jpg,会咬人的白海豹,52575440
BV1Yu4y1y7mH,https://i1.hdslb.com/bfs/archive/4043773faf3c44e855ef6f0f48fa4501c14cb552.jpg,某只泽,1323266
BV1Yv2WBzEjF,https://i2.hdslb.com/bfs/archive/c4a162cb691f160ca356dd1deb7d38d9458f520a.jpg,神鳴沢世界,114419306
BV1Yv4y1Y7VY,https://i0.hdslb.com/bfs/archive/cba6c3c6bf7973d10b4def96a9421d4264312706.jpg,KEYwi_P,43751271
BV1Yw41147rP,https://i0.hdslb.com/bfs/archive/f965eb3274ae794e52b48c14c60f41d2ea485fed.jpg,不朽之言,94765413
BV1Yw411u7m3,https://i1.hdslb.com/bfs/archive/9f5bcac31eb54ce2a134b98677670337c2b9ec17.jpg,MirroredVoid,510484022
BV1Yx4y1a7iz,https://i2.hdslb.com/bfs/archive/957272ad6b21930d9999915c2cc5ee1d763f5da9.jpg,零天羽,36395571
BV1YxjTziEzW,https://i2.hdslb.com/bfs/archive/7cd37d585d29df1df608da2641374a1c0d9560f1.jpg,透明指針,1601640
BV1YxmZBqEoy,https://i2.hdslb.com/bfs/archive/4301b117e1a1d9c9d7b27c665e5f5ae16c1603e9.jpg,CT-ZTLW,1317838992
BV1YyjSzsE4U,https://i2.hdslb.com/bfs/archive/4b09e9903a294ac243f4c559224aa484464edc2f.jpg,墨素Mohius,36112611
BV1Yz4y1F7x5,https://i2.hdslb.com/bfs/archive/a3e8c6cb8e4bfcee05b6231014d8eeaaec47ee26.jpg,星のカケラ,2513031
BV1Z14y1x7t2,https://i2.hdslb.com/bfs/archive/1afdbff5abc67ba5b553e726ce9a34e8d9e80dd1.jpg,四季_ナツメ_,35554162
BV1Z2kTBpE7z,https://i2.hdslb.com/bfs/archive/48cd272a559c6acf1cc2e7ddcc2794711807b2dd.jpg,匹垂客Petrichor,1283732492
BV1Z34y1K7bu,https://i2.hdslb.com/bfs/archive/d5ce36dcf0849eb555b3a8330a15b3aa1ff1effe.jpg,温水煮团子,63553115
BV1Z4VmzjE8w,https://i1.hdslb.com/bfs/archive/429143f426ffe69e5211e3f36c2961baa6242863.jpg,奈清枫,474104783
BV1Z4fWYUExY,https://i2.hdslb.com/bfs/archive/308c76829f07a9bba45ccb320287f79b270bce11.jpg,EveKraHill,1648731978
BV1Z5DpYbEaP,https://i0.hdslb.com/bfs/archive/dc762c8ec1c425b8f5b2db8b641cece5f080f1c5.jpg,浅缥,13708534
BV1Z5VrzcEpz,https://i0.hdslb.com/bfs/archive/89786d6d38c56b1f4cc044f42a2a0f2b8fda7101.jpg,P不月水蒼Q,365743248
BV1Z5qLYuESW,https://i2.hdslb.com/bfs/archive/b934b29b9cbaabb34de067951f3c59fe5f393bea.jpg,非-绝对零度,385362684
BV1Z5sVz2EPJ,https://i1.hdslb.com/bfs/archive/0c496e71d8751b8f73c863f304d79615748bee04.jpg,归尘回梦,671367010
BV1Z7411376g,https://i1.hdslb.com/bfs/archive/c9a00f97b513261d35b4f1352c7609fae8595741.jpg,柳延之_泽尔莉丝Zealist,4671829
BV1Z7m2BVEtv,https://i1.hdslb.com/bfs/archive/b242bfefc9dd91f03d3b69db90b0fb8573723457.jpg,莉莉恩MM,131402988
BV1Z8411R7tp,https://i1.hdslb.com/bfs/archive/29c7ef9df7c957766050c3f849d20944efa67a2f.jpg,岁冬折Meafu_愚子Yuuzu,523953106
BV1Z8411m7DC,https://i1.hdslb.com/bfs/archive/cf115ee95f42053e44b3d2cd583c4ed4292ccb2a.jpg,BCmilk,269391445
BV1Z843z1E9o,https://i1.hdslb.com/bfs/archive/e77d9ae4ca49edf8c822c3f5389d51adb4994476.jpg,白夜_一切都好,440893960
BV1Z84ZeQEBR,https://i1.hdslb.com/bfs/archive/2ca9b6adf36a57c8084336d7c931ce707242e19d.jpg,墨素Mohius,36112611
BV1Z91yYCEFi,https://i2.hdslb.com/bfs/archive/3b222782d73d60b742b2f5858ab6e8f3bdee3511.jpg,一只路过的史莱姆z,474601742
BV1Z94y1A74a,https://i0.hdslb.com/bfs/archive/c160e0af9b0a94130deac23846a8403c2efc67e0.jpg,SteggOo,320519460
BV1Z94y1A76y,https://i2.hdslb.com/bfs/archive/f9f5e8f3c6ff4a569f85761ca947460b4e548bc1.jpg,Star_苍梦祈羽鸢,285817566
BV1ZAtZzCEs5,https://i1.hdslb.com/bfs/archive/147c8c3bb579bc261fcda4feb9e4a5854117848f.jpg,叽里咕噜_p,3546946916584276
BV1ZC2yY5EHd,https://i1.hdslb.com/bfs/archive/45d164e104dfe932a7c9896eb26ee965e246c0a6.jpg,岁月静好_初心不忘,175862486
BV1ZC411z7xF,https://i0.hdslb.com/bfs/archive/724e458332c5cb4d3a2f32deda9162dbf93978d0.jpg,璘月亚灺Xie,412412152
BV1ZC4y1Y7LH,https://i1.hdslb.com/bfs/archive/299c2342879972f6020e916ae9dd08978a086c7b.jpg,零天羽,36395571
BV1ZF411P7Qs,https://i1.hdslb.com/bfs/archive/9d730ef477a203c6d477ded61c00153573122039.jpg,媛天徵,91423026
BV1ZF411s7kX,https://i1.hdslb.com/bfs/archive/7b217591c6073183f75cc69cbd04ccf6a6964ba8.jpg,初天星_official,214021703
BV1ZFhhzkEPA,https://i0.hdslb.com/bfs/archive/1b90df50f1ea3340eed8aa882d0297e232c88b5a.jpg,叽里咕噜_p,3546946916584276
BV1ZG411o7Qt,https://i1.hdslb.com/bfs/archive/14f50226-18a18d6992f.jpeg,季夏惊蛰,351601190
BV1ZG4y1G7M7,https://i0.hdslb.com/bfs/archive/9805fb1d19fd243a418d295f45548bc22fd4070e.jpg,Osakihan_JPN,1142898222
BV1ZG4y1j72R,https://i1.hdslb.com/bfs/archive/af3214dd2a915c5aa660aa274611fb0221b5f1ee.jpg,LichCrewZeta,20361369
BV1ZGBHYZERU,https://i0.hdslb.com/bfs/archive/3c12902ec260531bfa6aae91c50d73f044f63a17.jpg,KSLA-4869,1591855
BV1ZHmMY2EoE,https://i2.hdslb.com/bfs/archive/2873d862ebe8b7106092a8a7af317099da07ec16.jpg,风湮Official,8151904
BV1ZJ4m147hu,https://i0.hdslb.com/bfs/archive/935b2a6cc41118d04a8816f4ac81359de7866ff4.jpg,落橘生秋,46207951
BV1ZJCVYUEed,https://i2.hdslb.com/bfs/archive/fca50f91cad3b47d383bd617ea85fc3b8c2d6e5e.jpg,墨素Mohius,36112611
BV1ZKP2eFE6A,https://i1.hdslb.com/bfs/archive/a4eec84fba271c8ca766de883b1e1b0eb33c2d44.jpg,X-_-J-_-Y,480463246
BV1ZN411P7JT,https://i0.hdslb.com/bfs/archive/5ff234f9dbfc59e48d7497bab3f1f185ddf5759a.jpg,纸鸢EAbird,82632219
BV1ZN4y117ZD,https://i1.hdslb.com/bfs/archive/4f54aaccb23220b0718c0d4329f8afd9060db6e4.jpg,幻想乡土木工程部,218675031
BV1ZN4y1H7kZ,https://i2.hdslb.com/bfs/archive/345a64cd959b0fff09e1661b1d19253c845773c1.jpg,Dagazs,88726438
BV1ZN4y1S75M,https://i1.hdslb.com/bfs/archive/c7202324b288a5852a7fbff7b2586fc1e72ead84.jpg,醉美夜空,429776817
BV1ZN4y1m7n8,https://i0.hdslb.com/bfs/archive/4c4f0ca9649259e3174c333c9fedacedecd72a22.jpg,Dagazs,88726438
BV1ZPcszSEA2,https://i2.hdslb.com/bfs/archive/02c5f8e0ae082800bb19b14ae2844b75e3b70694.jpg,温砚_,1928501044
BV1ZPiUYwEtY,https://i0.hdslb.com/bfs/archive/1195e4be6865db6961d5569728053b6fa9d90a75.jpg,独望青山忆华年,67983813
BV1ZPkhYfEbV,https://i1.hdslb.com/bfs/archive/b3bf620211f3690f7a47df92df7c978298e029a0.jpg,蓝鹰QAQ,493851957
BV1ZQ4y1t7AF,https://i2.hdslb.com/bfs/archive/52ae21313c8985c98a5c7c41cde1e1916259cc68.jpg,旋惊散San,39397092
BV1ZR4y1c7hn,https://i1.hdslb.com/bfs/archive/7879f355bd930193bed4261734850b44dd73d8c3.jpg,田中姬铃木雏Official,296909317
BV1ZSxKzYErf,https://i2.hdslb.com/bfs/archive/c73b9e4a36e61a6c0fdd24373f33267ad401ae3a.jpg,-无敌仓鼠大王-,353609338
BV1ZU2qYZEmQ,https://i2.hdslb.com/bfs/archive/17b0ad3eec3a7720668d17e25c453057881920b3.jpg,栖语星,2069111127
BV1ZV4y147zk,https://i1.hdslb.com/bfs/archive/6e00d75d424560c5f12fb0ca7b5b075da4723259.jpg,你看这个脸它大又圆-,399929945
BV1ZV7ezpEG1,https://i2.hdslb.com/bfs/archive/0bbec4c9359ab4b1a3274df825810a843603de19.jpg,FortySeven-,497458238
BV1ZXBrBrEaC,https://i2.hdslb.com/bfs/archive/cb8adef105b3466ffe213fac8d96a3885db3cc45.jpg,Evo是个萌新,65039878
BV1ZZ42117L2,https://i0.hdslb.com/bfs/archive/a9e844963fab6017b7486dcda1b6490c82779b61.jpg,紫陽花RainDrops,440421599
BV1ZZ4y1y7mp,https://i2.hdslb.com/bfs/archive/f1666e84761f5680da3fdc579c3c792f99a22823.jpg,冰山_hyozan,367321
BV1ZZr8BJE2q,https://i1.hdslb.com/bfs/archive/51aa0c6fd84549ec92425c2c476a9709ecf7ea6d.jpg,紫陽花RainDrops,440421599
BV1Za4y1f7yU,https://i0.hdslb.com/bfs/archive/20a609ef2ac44eb257132bcc10df55a15b477cca.jpg,-夏宇-,2226504
BV1Za4y1r7we,https://i1.hdslb.com/bfs/archive/138c1e0a52be7127f59ab25974a713c6b71c4ba4.jpg,沫雪明月,27081552
BV1Za4y1y7Vy,https://i1.hdslb.com/bfs/archive/72839118b80c3d8e0a3678a1214982e740b4b527.jpg,无烬星-P,456063175
BV1Zb4y1L7na,https://i1.hdslb.com/bfs/archive/63750ffda5686142906f3ba12355d33fa325a256.jpg,纸鸢EAbird,82632219
BV1ZbMEz9Eoj,https://i2.hdslb.com/bfs/archive/c7b40f67a39c0f6f6846c6462559292d8d5f673d.jpg,拾光与小狐狸,179469844
BV1ZbqpBHEHW,https://i2.hdslb.com/bfs/archive/7fd450c0c3744508ad5f08fda5be91a13770edb3.jpg,利物浦前锋中野梓,179647325
BV1Zc411s7aw,https://i1.hdslb.com/bfs/archive/370a2aea61f01f2050e71ddd207ea5c12e5e8d11.jpg,风湮Official,8151904
BV1ZdJAzgEn7,https://i2.hdslb.com/bfs/archive/9fbc8475708d599156ee8b2f0e9162653da0666a.jpg,PLAN_鞍山II,507580240
BV1Ze411J7an,https://i1.hdslb.com/bfs/archive/ec7c3c7cb568db9d075da4989425edff2db73f7c.jpg,澈零喵,252680534
BV1ZfqUBoEL3,https://i0.hdslb.com/bfs/archive/3286114ea433f92ca6bf34a416e45bb69a6c6c6e.jpg,一只小靴子OLB_P,1850832558
BV1ZftozjE2a,https://i0.hdslb.com/bfs/archive/f3a83c268a2a738f459bc806d3f711bfdfcdff4a.jpg,萧煜明,16620133
BV1Zg4y1e74j,https://i2.hdslb.com/bfs/archive/c95bf0b5094b8819c9c7fafb3755cd2818f08bdd.jpg,面糊丸子,401180624
BV1Zi4y1k7Ug,https://i2.hdslb.com/bfs/archive/f95fb5596e7006626870831a47838016cd3e3f77.jpg,Star_苍梦祈羽鸢,285817566
BV1ZiYrz1EgZ,https://i2.hdslb.com/bfs/archive/a4b6fc3a9374311630ac04ffce7d762e2d0b6acd.jpg,天宸Official,1771185279
BV1ZiZRBbEtg,https://i0.hdslb.com/bfs/archive/e449e3a53751b7ac1e1bce94b809ce063f33ca4e.jpg,-xiao_-x,3546631188253582
BV1Zkx1zrEjH,https://i1.hdslb.com/bfs/archive/77f176b25d27cba11fc3b1457910a671536191ef.jpg,春光p,651798004
BV1ZmZ6BRENJ,https://i0.hdslb.com/bfs/archive/88d43e89648d980c0dbaad9258de576afa020acd.jpg,铃蓝SuzuSnow,24428012
BV1ZmtUzQEnD,https://i1.hdslb.com/bfs/archive/aa2cc2088d15df30816752c727b6eb1317b9dcc1.jpg,苏澈然_好想变欧,32794556
BV1ZnHXeRE4r,https://i0.hdslb.com/bfs/archive/2eb00bea9797388fdaf96463da4a6fd874bcbc56.jpg,瑞安Ryan不跑调,108845996
BV1ZpQcYqEzM,https://i0.hdslb.com/bfs/archive/abd1dfa832d252d0bb5109e6f1e1d1787ab11835.jpg,苍穹玥夜,102660922
BV1Zq7Gz4EHy,https://i2.hdslb.com/bfs/archive/d54fa46743b50232a5b23c2e12a42b8607eae695.jpg,霧雨ResonantPsyche,205919268
BV1Zr421F7Tv,https://i2.hdslb.com/bfs/archive/db667f401659fcacd89cc0a75d9c9af4920db316.jpg,北境秋风,483626433
BV1Zr4y1o7k1,https://i0.hdslb.com/bfs/archive/b547ff5633ec29d715c36d17760eab30b6237647.jpg,星寓社,1825480383
BV1Zr4y1o7yS,https://i1.hdslb.com/bfs/archive/88774143ffd03ad040d169b5ef5b5776513f5ef1.jpg,Mikoto铭,1189226417
BV1ZrG7zhE9p,https://i1.hdslb.com/bfs/archive/8d4bd067e9b74c39178d555666fe4353d7915d35.jpg,氢钠CO_3,1423038103
BV1ZrP9eEE5h,https://i1.hdslb.com/bfs/archive/82f57e0149df37580b91d4f49fa0cebf3b11d937.jpg,世羽纤莫,290042121
BV1ZrTtzCENf,https://i0.hdslb.com/bfs/archive/76457b8034c86af4eeb31d57e9bccbdf6ad1ed67.jpg,FortySeven-,497458238
BV1ZrnGzvEx7,https://i0.hdslb.com/bfs/archive/c103e30815a7940438a8a33ce9aef29714cd1906.jpg,默莹Moyin,3493106523572816
BV1Zw411N7wF,https://i2.hdslb.com/bfs/archive/834a79f1b21748198d5dd6f5e5859545fba1f3f0.jpg,kttts,10618733
BV1Zw411a71V,https://i0.hdslb.com/bfs/archive/b34cab8bfe7d5ed3afcb45e416d6b6a0a933de45.jpg,Dagazs,88726438
BV1Zw4m1S7ef,https://i1.hdslb.com/bfs/archive/df8456354b1029408ad42049046266e6b65a5f2b.jpg,Kikuta吃西瓜,362543111
BV1ZwtZz5ERU,https://i1.hdslb.com/bfs/archive/8eb0e355e1dce5fa69bcb1841cf9d9f26a396c58.jpg,Sonneteer14,3493113309956957
BV1Zwtqz9EyQ,https://i2.hdslb.com/bfs/archive/634825d4e2b7243b83fb406f1d5daf6dbaa4e8a0.jpg,xlly11,3546923352983819
BV1Zx4y1S71z,https://i1.hdslb.com/bfs/archive/19bfed32def19f1ef5574be70abe68fc0dc0996e.jpg,风湮Official,8151904
BV1ZxkCYAEmC,https://i1.hdslb.com/bfs/archive/de8b1a2656ca36502b5de5938162ad084c82e7b6.jpg,木坂板版粄,150263332
BV1Zz9HYPEyD,https://i0.hdslb.com/bfs/archive/5d465d99106bdedf15ffef3dde7ecd8360816a6a.jpg,暮光烟烟,28840720
BV1ZzP9eSEJP,https://i0.hdslb.com/bfs/archive/1155019e3cc82659e288ea8279d785fe99cf05e6.jpg,Salviarkk,1639486601
BV1a12tBEE3N,https://i0.hdslb.com/bfs/archive/a79ceca836e6353485ea43b7ed039c450506c101.jpg,轻韶yuan_,44701102
BV1a1NcefE36,https://i0.hdslb.com/bfs/archive/fbcd9f6e0a9488634d569389cb255b608feab9bf.jpg,v_vv_vvv_vvvv,363726013
BV1a3cWe2EkU,https://i0.hdslb.com/bfs/archive/e56ebed0775b50cc2e10f99e5f80d463386fea2f.jpg,星语落枫,52699238
BV1a44y1T7du,https://i0.hdslb.com/bfs/archive/6da6e0b3dc3ddb4b1336c8b306c8e5daff939119.jpg,冰山_hyozan,367321
BV1a44y1c77F,https://i2.hdslb.com/bfs/archive/ab94da6d70aee90c547a2386ab580e6e6c7d7cc3.jpg,风湮Official,8151904
BV1a498YLEg3,https://i0.hdslb.com/bfs/archive/c75a92c3504157cfca10fe18cb891943985e52ac.jpg,风湮Official,8151904
BV1a64y177DS,https://i0.hdslb.com/bfs/archive/e48af49f3645e3a802bd6ec7fff10af352b094d4.jpg,Lerearath,389695741
BV1a64y1C7aQ,https://i0.hdslb.com/bfs/archive/d74b4042d72f37e92cec28499a77aeb044699750.jpg,瑞安Ryan不跑调,108845996
BV1a64y1n7He,https://i0.hdslb.com/bfs/archive/bb9cccecbb8f979aa69f79540335457edb30eab1.jpg,ZClear_P,448813977
BV1a7BBY8ENM,https://i0.hdslb.com/bfs/archive/75cba876c7c55a7a7513741d2074dd1f2ab9700f.jpg,栗粟音核,11216790
BV1a841197xq,https://i1.hdslb.com/bfs/archive/b63563414fbfb1c5e7606fb36819f41398f090ce.jpg,千草幻星,14425668
BV1a84y1X7An,https://i1.hdslb.com/bfs/archive/01607fcd2c2968c4299e4db9516a00bd88f731d1.jpg,紫陽花RainDrops,440421599
BV1a84y1i72t,https://i2.hdslb.com/bfs/archive/ed5435a114207173fa4c5eabf45b5dc4c46924dc.jpg,溟葵儿,17955688
BV1a8hXzaEiq,https://i2.hdslb.com/bfs/archive/21cc5b37c70c22fa85057fe207cb2b11e8c84bbd.jpg,SiYeCa0_,263213056
BV1a94y167ui,https://i2.hdslb.com/bfs/archive/97e748cc8c424951cbeb90fb9b7999943f42ddcb.jpg,TRINITRONIC,181039280
BV1a94y1T7Sz,https://i2.hdslb.com/bfs/archive/a42e4f5d430157dc49f4def08e831a319ab8efbf.jpg,越越只有两个字,27477535
BV1a94y1T7wX,https://i1.hdslb.com/bfs/archive/63bde69ab1c7e6dadaa613e28c4a470b83ede446.jpg,不好吃的SrDt,391558321
BV1a9NqeFEzP,https://i1.hdslb.com/bfs/archive/e06c31baf119d53ec7e1608e229506a13e52414b.jpg,L-Lysine,196537283
BV1aBoRYREKs,https://i2.hdslb.com/bfs/archive/e6a792eb4922fa666537e09212eb1c9538a6d002.jpg,爱音西娅p,3546857886189670
BV1aBtSzmEMr,https://i2.hdslb.com/bfs/archive/3ae0944500f6355b61e7b664206512c11d27e6da.jpg,泠云P,527514927
BV1aCNCz6EqV,https://i0.hdslb.com/bfs/archive/eb19a2d051439acef16f959f91a7fa54cfb2f87e.jpg,锌轲,481226116
BV1aCkYBnEgs,https://i2.hdslb.com/bfs/archive/fa5ce140ccf2aa276d862bc39afde6cbcbe318fb.jpg,星川__HzY,1783946889
BV1aEU5B7EeF,https://i0.hdslb.com/bfs/archive/404fa791137d1e1e8328d956541456251901d12d.jpg,Floatingtide,587885578
BV1aF411U7fA,https://i2.hdslb.com/bfs/archive/8d8ad2eeb6f7f01653bf032d4abbb65e2c9ff764.jpg,影歌P_Kageuta,356160341
BV1aF411U7nT,https://i0.hdslb.com/bfs/archive/68bec550de27d822831dce24a1d1810cea0288d8.jpg,拾光与小狐狸,179469844
BV1aF411t7KD,https://i2.hdslb.com/bfs/archive/eae7060aa24bd4330dc2e49e312efeecf42c95f0.jpg,心_ARC,2054875
BV1aFFpeGECw,https://i0.hdslb.com/bfs/archive/38a32827e5868d0e60fdfce29c830434f5255141.jpg,风湮Official,8151904
BV1aFjozqE5x,https://i2.hdslb.com/bfs/archive/8396699f70a87de76a1bdd393355795763fdb62d.jpg,水龙头P,584935264
BV1aG4y1e7Fv,https://i2.hdslb.com/bfs/archive/9a8d83e532c804befe40fcf17dc420e0128cc447.jpg,糯米吐司糍,87692148
BV1aGQaY1E5o,https://i0.hdslb.com/bfs/archive/9c931f20cb1cde91b6405223ad38c5948ba00c1d.jpg,风湮Official,8151904
BV1aGqTYBELx,https://i0.hdslb.com/bfs/archive/c22c768a0995db86ad6c2896a16d2a13574d17f5.jpg,松原小磊,10876159
BV1aH4gzAE3q,https://i2.hdslb.com/bfs/archive/247789f4dc00dedaca06fbb28b96dbda6c5e24c7.jpg,Chronotone,3546775849798553
BV1aHHxegEZE,https://i1.hdslb.com/bfs/archive/e2b2090339ed03e225d9c325a79c8fb994a6e0d3.jpg,账号已注销,223928340
BV1aJ4m157PJ,https://i1.hdslb.com/bfs/archive/0b0b6aca5c1820c1e2d036cd7ceb96a65d6711ba.jpg,BabyBenzene,433537409
BV1aJ4m1N722,https://i1.hdslb.com/bfs/archive/794be38a8ef4a4ee5ac520dc99c3810d8ea1bf49.jpg,阿布隆隆格,4305092
BV1aJ4m1b7Rv,https://i1.hdslb.com/bfs/archive/5e0478b7393b285af2720fd2aca241216ac9443c.jpg,叁萌SalMon酱,3334999
BV1aJUxBLEhk,https://i1.hdslb.com/bfs/archive/c70bf24100a88d9bc7d6511ed3c9b05e667dd4f5.jpg,洛叶p,381865582
BV1aN411Y7Xd,https://i2.hdslb.com/bfs/archive/7703dff871661b1206b8ddab6672c1726d037cfc.jpg,快乐严东楼,446257319
BV1aN411v7Mq,https://i2.hdslb.com/bfs/archive/829b99a6afb20863a30bd0dac5b63d79358417e0.jpg,铸币coin,205147905
BV1aN4y1Z78L,https://i0.hdslb.com/bfs/archive/0d4491b43750ee57e583aeaff174269e7050a619.jpg,紫陽花RainDrops,440421599
BV1aNBRYkEuq,https://i0.hdslb.com/bfs/archive/900099e80cccf88226b0e2fb7acfada330e4ba29.jpg,雨天rainywhale,86661122
BV1aP4y1k7Qd,https://i2.hdslb.com/bfs/archive/162783a400c75e299d8da0292d06ec0b0cc6a6bd.jpg,小早川塵也,19438199
BV1aPZuB9EUB,https://i2.hdslb.com/bfs/archive/dc6b0c68a829e802749ba6253dc0dd598ee666ae.jpg,tinkle_铃,3494350298286778
BV1aQHDzKESZ,https://i1.hdslb.com/bfs/archive/ad1c7226ca2be2cecfc066a20b02f634a10b315f.jpg,一洛以泽一,434411173
BV1aRYsztE17,https://i1.hdslb.com/bfs/archive/23289263abf4b821e5a03c528ddf8390dd6b1b11.jpg,风雪之屋,422075006
BV1aS421N7jJ,https://i2.hdslb.com/bfs/archive/1fd45d86e1768a3c541a5728d4ccfa8ac2f60e08.jpg,真极I巴多轼,353680168
BV1aS4y1W71T,https://i1.hdslb.com/bfs/archive/da7464ef3d88555bfc0ecad1183f7fe6bb89bad9.jpg,Season_Walker,115106652
BV1aSFLeREkr,https://i1.hdslb.com/bfs/archive/70f51d4c9cd9e0e16b13d71320b91587359751fb.jpg,Yukikaze雪风1453,88985936
BV1aSPheyEV4,https://i1.hdslb.com/bfs/archive/d2c62b9d5d45e4d8718d8336664eaee1f1483063.jpg,Chord分解和弦P,1212348931
BV1aSjQzZEdG,https://i2.hdslb.com/bfs/archive/1215211e6ae05eaf7ec7bc9a31f1080e3fa235f5.jpg,卓盈之,38028309
BV1aV41157Jy,https://i2.hdslb.com/bfs/archive/d9f0c9529801ecc7ce94507bed787bbb5fecd96d.jpg,有栖-wangquan,346699824
BV1aVWhzEE26,https://i2.hdslb.com/bfs/archive/8898700f1f76f12f088b6906c58b7fcb7677333d.jpg,星川__HzY,1783946889
BV1aVYVzoE6P,https://i2.hdslb.com/bfs/archive/1608ec2afca1d1ba20b18a5487eac3c32ab6143f.jpg,语文课代表嗷,110172607
BV1aW411V7Th,https://i0.hdslb.com/bfs/archive/cd9f54733c84cbe64c79b7b0942b5791c7bc891a.jpg,北云-BeYonme,14726588
BV1aW4y197x6,https://i0.hdslb.com/bfs/archive/0105aeaf277bb660c79e0625c08d3f26856f28b3.jpg,illi11il,2358160
BV1aX4y1o72y,https://i2.hdslb.com/bfs/archive/0ffd91c280d2a3d33f9707ebdcb72ec74f9f9947.jpg,橙味比巴卜,11116918
BV1aYmKYaEeZ,https://i0.hdslb.com/bfs/archive/d744648e0c11ec210003f31401f2f66f69d90f0f.jpg,珩之持之,357051226
BV1aYxsemEoG,https://i2.hdslb.com/bfs/archive/337fdf2ddb708149f56bb220ba62e81e73b27d0c.jpg,Dagazs,88726438
BV1aZNQzAEX5,https://i2.hdslb.com/bfs/archive/9f67b286cf02ee73173d09fd51cc7d000f2bf599.jpg,银河漂流瓶Offical,3546562563148607
BV1aZqMBKE6Z,https://i2.hdslb.com/bfs/archive/a609ff2b9f3fae3570ba36e0651bfe7ce0386779.jpg,晓梦时光,382839354
BV1aa4y167y3,https://i1.hdslb.com/bfs/archive/7abb7be12f4769555af41d80d9360507381eb07f.jpg,Mi-u_,398660064
BV1aaxyz8EXD,https://i1.hdslb.com/bfs/archive/28dd052a74a2b573ce4d467da50da8f6146bda99.jpg,い爱花丶,26069934
BV1aazuYEEvb,https://i0.hdslb.com/bfs/archive/718df1a32c9355fee26b21b6b9d2b010459a28b1.jpg,账号已注销,384824064
BV1ab11BFEp4,https://i0.hdslb.com/bfs/archive/3e8994e6272b1b26f0ce49eb99a7effa10d551e9.jpg,予梦_StarryNight,288592339
BV1ab4y1G7Li,https://i2.hdslb.com/bfs/archive/8ef7b54138d73bfbb66e97f36369460a75a3521b.jpg,碳酸爆炸了,12354686
BV1abVnzcEFu,https://i1.hdslb.com/bfs/archive/c39b679dc7c23990d8d3863472d1aac2438f17ad.jpg,CategoryP,8037517
BV1abn3zREfy,https://i2.hdslb.com/bfs/archive/53cda5132af4cb96e09b8355bfd16653ea3745af.jpg,神鳴沢世界,114419306
BV1acCtBBEzG,https://i1.hdslb.com/bfs/archive/03697b56d9f3cb3f1332e72bf7c6d5e83ef4bdc5.jpg,遥之穹,406295982
BV1acFuePELF,https://i0.hdslb.com/bfs/archive/0f67b33cabf2ea70f5e66c216f9e3d9f9a03ebfa.jpg,茉茶P,400188894
BV1acn7zME5X,https://i1.hdslb.com/bfs/archive/6acb2fce17c31024822a0f4f14c45f09d78124cc.jpg,账号已注销,1088992414
BV1ad4y127Dp,https://i0.hdslb.com/bfs/archive/ba455932bd1fb515d139655b4a451d2b0fe8559d.jpg,邪云P,302276883
BV1adfGBzEiT,https://i1.hdslb.com/bfs/archive/4c780137774f561bd7cd93bdac43f8f9c4d63de7.jpg,青杉折扇,183675426
BV1adncz4EJ8,https://i0.hdslb.com/bfs/archive/05f4f848432376f1b3850d41a20583056d381355.jpg,月熠日炘,505183434
BV1ae411z7D2,https://i1.hdslb.com/bfs/archive/69551080dac382cd0874764d71b9f8f274526621.jpg,言峰HA-ki,36610220
BV1ag411U7mw,https://i1.hdslb.com/bfs/archive/d6f5b408f1d733511fe74efb91a1e8e5400e34cc.jpg,星尘Official,15817819
BV1ag4y197Mn,https://i2.hdslb.com/bfs/archive/b63f6f3fc87e035eaffc365171e83bfcff91eae9.jpg,东风塔兔,409607125
BV1ag4y1Q7Ez,https://i0.hdslb.com/bfs/archive/07664082462cea308302cefeae5e27fa6d01f38e.jpg,爱喝啤酒的烧烤P,327601393
BV1agsLeUEch,https://i0.hdslb.com/bfs/archive/a0cac5e13a1d4bc83cbefcadd83a446b95ad1263.jpg,Distantal,482555496
BV1ah4y1P7Bd,https://i2.hdslb.com/bfs/archive/da56c6e77cfbc781949b49a2d5f1300328817bcf.jpg,影歌P_Kageuta,356160341
BV1aiWpz8E5c,https://i2.hdslb.com/bfs/archive/56f2b056ecf8d8b2aec2510c6f06d56283831bca.jpg,Ketchizm_Phicyne,1077836032
BV1aivQBpEcD,https://i2.hdslb.com/bfs/archive/b24b4e5671a745f88a7dae92a11e139ed6b73e18.jpg,诗洛Official,1443503137
BV1ajSaBvE6r,https://i2.hdslb.com/bfs/archive/cfbf8c8ea3be4918f1e82874e5b3dfa2c08d845a.jpg,尘萤宇P,382492832
BV1am411S75u,https://i1.hdslb.com/bfs/archive/d162165b9f329d94b1b5da2d25d51d29496333d1.jpg,橙味比巴卜,11116918
BV1am421K7k3,https://i2.hdslb.com/bfs/archive/29313dfd543e9b70ed98095de67dd5864e332b0a.jpg,温芙家的创造者更新,494413490
BV1am7dzzEAs,https://i0.hdslb.com/bfs/archive/12697b5b72ea069d68e8e23fd7e020b264cb4c87.jpg,一Na2S2O3一,329347512
BV1anX9YCEnr,https://i2.hdslb.com/bfs/archive/3de099c1a7292ee3882f0f809ef628c0e23cbf29.jpg,仲瑾特雷森帝吓室,484003657
BV1aoCsBYEUa,https://i1.hdslb.com/bfs/archive/f35109df567b21c33d61adcdc21dd3abe0aad806.jpg,暮华语春official,1976728897
BV1apQPYNEYw,https://i2.hdslb.com/bfs/archive/46a4c3483e6ab0dff45c984e884ca1d1ada53bab.jpg,Lie_Sky,474074465
BV1asAkeqEX7,https://i0.hdslb.com/bfs/archive/46d45810ce0301a78b8147a2ee2133d8192a63d6.jpg,萧于Risho,183586082
BV1asAkeqEm5,https://i1.hdslb.com/bfs/archive/be8f883313a3e365f69a426dc5e2c104bb616024.jpg,画风人_official,526903186
BV1asUJYME8P,https://i2.hdslb.com/bfs/archive/da3475fa814444837b2a4d9521ddac1f29ad34da.jpg,泠珞-星夜,400604752
BV1au4y197CD,https://i2.hdslb.com/bfs/archive/a67ec475edcc58eefa030bc5da48b888c783b369.jpg,喻川YuChuan,162653970
BV1avFSzkEB6,https://i2.hdslb.com/bfs/archive/8f62542914417b5f872deb7f61145c3d65679362.jpg,忘川风华录,326258472
BV1avUVB2Epw,https://i0.hdslb.com/bfs/archive/f6dc7fa22926d7668c3f634af69db4f436fe647b.jpg,珠紫MuRaSaKi,39873100
BV1avVwz5EGX,https://i0.hdslb.com/bfs/archive/d9e35555209beb0edb18b744478752aeb94acff6.jpg,苏婵一yi,1981271144
BV1avouYFEZw,https://i0.hdslb.com/bfs/archive/d5eef6c97158722856d44be55361378ef3ed2df5.jpg,茉茶P,400188894
BV1aw411S7t3,https://i1.hdslb.com/bfs/archive/6fa149a22de088955bd80ceba8413653ec925bbc.jpg,墨素Mohius,36112611
BV1awCjBMEpp,https://i0.hdslb.com/bfs/archive/ea66a869c13bed84790700f8fc18956a26abe52b.jpg,Skylineddy,399606378
BV1awjwzmEjW,https://i0.hdslb.com/bfs/archive/2b2aa579aa3bd7706cecac6eb0cfd3ce4749630f.jpg,Skylineddy,399606378
BV1axRsYeEFR,https://i2.hdslb.com/bfs/archive/c4b2d395f355448016ac4df996e707b2ccb9f61f.jpg,仲瑾特雷森帝吓室,484003657
BV1ay421B7LE,https://i2.hdslb.com/bfs/archive/4404b2f5d5ea057ced530e9361c4495894f8b930.jpg,淘气少年小影子_茹颖p,285359693
BV1ay421B7i3,https://i0.hdslb.com/bfs/archive/1a9925ff635541302ab48ef95a46f5e144010dd0.jpg,Thynephis_小赵,511206731
BV1ayeozEEna,https://i0.hdslb.com/bfs/archive/f39599ac5e7e8ed2b5d268e31a3a8f2fedbb9286.jpg,月升er,293959666
BV1aymFBuELu,https://i1.hdslb.com/bfs/archive/5562f312d8d6f739c829ab2ae81a6629e3be9609.jpg,苘桃离p,3546859354196339
BV1az8tzsEcf,https://i0.hdslb.com/bfs/archive/2e7f93d20b872210fdd4a047eb2514316ead522f.jpg,蓝鹰QAQ,493851957
BV1azeFzxEJF,https://i0.hdslb.com/bfs/archive/64b0f1b92a6a151eba7a59e5ec7a2d3dde5a7e85.jpg,雨天沥official,3494377378810634
BV1b14y1H7rk,https://i0.hdslb.com/bfs/archive/6dce98f7394b94ce7854fa6358c62c2f8b5c272b.jpg,瑞安Ryan不跑调,108845996
BV1b14y1d7tt,https://i2.hdslb.com/bfs/archive/79c6a2c276f50b2398f3521d34dce5f41eda2d82.jpg,栖鸢_d,447409538
BV1b1F8e9Ewj,https://i1.hdslb.com/bfs/archive/390f87683a4e99c6430f5d52a60ead95ac58bbc4.jpg,我不会注册的ID,379868096
BV1b3411o7GW,https://i1.hdslb.com/bfs/archive/6cd350b7eca039d717052cc028a7f9e530765631.jpg,一棵梨花树,8158003
BV1b3sVegEio,https://i2.hdslb.com/bfs/archive/8710f8bb357acbaaf49fc83775decfb92c80da56.jpg,Rean__,6531436
BV1b4HveZEn3,https://i0.hdslb.com/bfs/archive/db835cef83a1c79718be008350a7623975a63a85.jpg,风湮Official,8151904
BV1b4QmYHEMQ,https://i1.hdslb.com/bfs/archive/9ff5c7fb30b0b6c5cb38928690d94836c02fd712.jpg,diao-p,3546646858172629
BV1b4YTe5ELE,https://i0.hdslb.com/bfs/archive/1ad688ed9e4a35e5424310c5099c65b5d03d3e0c.jpg,独望青山忆华年,67983813
BV1b5411B7Ab,https://i2.hdslb.com/bfs/archive/f2a74389ace2002916c804669e7ca838bb7fea39.jpg,ZClear_P,448813977
BV1b6421M77u,https://i0.hdslb.com/bfs/archive/166464a40a2ca6751ddfc25890cba58a2758fbf5.jpg,EthanHD,31535515
BV1b6aKzwEZC,https://i2.hdslb.com/bfs/archive/5684a855610ccd5eb9e9d09cdadcc3752e5ae86b.jpg,灯火烛天Lusky,27694266
BV1b6ynBQEqd,https://i1.hdslb.com/bfs/archive/7dab60b5e5d0d59dc0a4c7264c6378745d141695.jpg,派派鵝,84259009
BV1b8411y7sk,https://i1.hdslb.com/bfs/archive/4a5472760dc7716e79a396f3d9a50885c09615e1.jpg,存拾,4535123
BV1b8htzsEAh,https://i1.hdslb.com/bfs/archive/f19724333e0457746e472a374a43b6d74dd2d276.jpg,纯洁的小月亮,277990905
BV1b94y1G7ky,https://i1.hdslb.com/bfs/archive/0f0968f8f28fc504404b1b270d6af8b36c71f99c.jpg,星のカケラ,2513031
BV1b9GwzMEmj,https://i0.hdslb.com/bfs/archive/70f42ca76ba59693b2c32cf12b7684c3edae60eb.jpg,蝉向天空奉献之果,1655755632
BV1b9a5zsE1R,https://i1.hdslb.com/bfs/archive/01b52eaa6d975edd5e7b3a728742a80428527c4e.jpg,影歌P_Kageuta,356160341
BV1b9wjeZE1R,https://i2.hdslb.com/bfs/archive/85093893c634f9715816b343708d6d5e7a4eb847.jpg,神鳴沢世界,114419306
BV1bA4m1V7vW,https://i1.hdslb.com/bfs/archive/54d1030d6288f358ce0b18f5c5313d0dff419574.jpg,Cryincatttt,178778573
BV1bAhmzyEBY,https://i2.hdslb.com/bfs/archive/e44bdf4f3144bd1f12b503fc34f8928e0c0bec0b.jpg,双辞冫,423886341
BV1bBZxBvEdf,https://i1.hdslb.com/bfs/archive/fcbbb4f9d4289cf39d919ed8a8f96eb1fcc0a8b9.jpg,望月正心Bhx,524459213
BV1bBzaYyEgv,https://i0.hdslb.com/bfs/archive/ac224f8aa7540024935d7fa2ad7ed43778e74c7b.jpg,polastation,317854153
BV1bCzVYbEDc,https://i2.hdslb.com/bfs/archive/0e72bffe56215bb7076a8a0f949907ec356aa460.jpg,BCmilk,269391445
BV1bDqZYyEyc,https://i2.hdslb.com/bfs/archive/8de32ed6c7cda32c8da235d9ca194b4f8835c507.jpg,EveKraHill,1648731978
BV1bDtQz7E13,https://i1.hdslb.com/bfs/archive/2acf5ef08237705990cb8f6fe6d4b866c985cc57.jpg,暮华语春official,1976728897
BV1bE421G7tu,https://i1.hdslb.com/bfs/archive/993a1c2fc14c4e06d07f78d76781c49bc9727c0d.jpg,透明指針,1601640
BV1bEBLY8EUE,https://i0.hdslb.com/bfs/archive/c3dffcf2c405822c5ac87a07ecffc3e7e0106299.jpg,披萨很好,497435007
BV1bEZsB8En8,https://i2.hdslb.com/bfs/archive/128a60c0c865b8cf95cf406c0e466f5d42ea8375.jpg,苏幼月SuYouri,3690982830770565
BV1bEzHYmErZ,https://i1.hdslb.com/bfs/archive/59ebbd26daf89d19f631e699e603235cfec420a4.jpg,星域Starea,280503808
BV1bFZbYUEyx,https://i2.hdslb.com/bfs/archive/3b50970ee63507bb0b9f15b881f573bfcf6be4d9.jpg,星海化相思,548530704
BV1bKZuBpEQP,https://i0.hdslb.com/bfs/archive/d69cf14dbe05fbeab0c9db571baea622b141b977.jpg,劣质火药,189141744
BV1bN411v75G,https://i0.hdslb.com/bfs/archive/ccf1ebf2eb54d1286cc81f2c94eedaca5def5214.jpg,碳酸爆炸了,12354686
BV1bNrLB8E1K,https://i1.hdslb.com/bfs/archive/38d8f3f6a3dbf403f6b1b2a90682f4b70d33537b.jpg,苔石_,160262204
BV1bP9PYNE4k,https://i2.hdslb.com/bfs/archive/4674c060f660146ceff4bed70ff8b94528738837.jpg,千泠喵neko_ling,484649915
BV1bPN9eBEYP,https://i1.hdslb.com/bfs/archive/40588c26eebcb3eef6844d792c5f28796a642985.jpg,Frosty虚霜,517737512
BV1bPaJzPERr,https://i2.hdslb.com/bfs/archive/53d198f4816a89c500a35fe87cebadb7dd5c2466.jpg,天夏なつ,456654582
BV1bQ4y147dN,https://i0.hdslb.com/bfs/archive/2a73175857bee0c42e3e9130a17c75a71896e51f.jpg,拾光与小狐狸,179469844
BV1bQt9zsEqA,https://i1.hdslb.com/bfs/archive/7d5797d5c05d9b2069311646c12c51643a3e56ec.jpg,无限轮回永远循环,572227034
BV1bRe4zFEnL,https://i2.hdslb.com/bfs/archive/10bd38ab78f8853a5cb6b85fc1ce221014b3e892.jpg,L则鸣,442791639
BV1bT4y1W7Lb,https://i0.hdslb.com/bfs/archive/e50b8314ae41fe5047ba9514a713f0f14f103bca.jpg,亏月迟,309584414
BV1bT4y1p7Qb,https://i2.hdslb.com/bfs/archive/4c96af6dbab1cda2664634cd192e3872ab62c005.jpg,Finally302,393436498
BV1bTjszkExZ,https://i0.hdslb.com/bfs/archive/e427909863639c5de3475950080b3e8aaa55dd98.jpg,派派鵝,84259009
BV1bU4YeYEcz,https://i2.hdslb.com/bfs/archive/9824e8753bc5906a52cb5b2a584176b9933502b8.jpg,瑞安Ryan不跑调,108845996
BV1bUvYBaEsK,https://i0.hdslb.com/bfs/archive/678fec59cd08dc24f9d916af2d4d8bfe95b530ee.jpg,有时p,1469303929
BV1bV3Ez2Eyk,https://i2.hdslb.com/bfs/archive/ce7cc4d3ace7cacb338d4b15a326c3236389aad1.jpg,丰川寄寄子,636823222
BV1bV411G7S7,https://i0.hdslb.com/bfs/archive/f887f3578275dac376be11eb7dc7316b9e776090.jpg,瑞酒想睡觉,148019328
BV1bV411K7zN,https://i0.hdslb.com/bfs/archive/048ca5e9e18ca2f8a92737a5b3e696403ace40f2.jpg,SteggOo,320519460
BV1bV411i7L9,https://i1.hdslb.com/bfs/archive/70a3cbd10368b8e31cdd5cd55d371af62b77ccf7.jpg,星尘Official,15817819
BV1bV4y1P7th,https://i0.hdslb.com/bfs/archive/0a4d0336fc8a0092dc224f8cee30c92353209a0f.jpg,Guxuer,60237943
BV1bW411e7Nb,https://i0.hdslb.com/bfs/archive/1631de1ff56fbd1920a49e99cfb32e8c3e8d64c2.jpg,星尘Official,15817819
BV1bWHFzpEiE,https://i2.hdslb.com/bfs/archive/34a3d63f473c8d3237785c5a0ab0038c3426d45d.jpg,风岭岭,390275623
BV1bWp7zgEtq,https://i2.hdslb.com/bfs/archive/7f798e62db05d2719d283a78102df1f44781227e.jpg,L则鸣,442791639
BV1bY411N7Ny,https://i0.hdslb.com/bfs/archive/fbf4fcf0bb08429eb4c9541498db985a67ef5bda.jpg,Kou_Hiroshi,98331116
BV1bZ4y1e7pP,https://i1.hdslb.com/bfs/archive/068f3423c88f297787424787e8a040d11e157bff.jpg,幻某冰,509053123
BV1bZCRB5EDg,https://i2.hdslb.com/bfs/archive/f87e17ebc3075dd5d6504e0b7198f6fcad23efc9.jpg,寂灵後,3493124687006642
BV1ba411J7vX,https://i0.hdslb.com/bfs/archive/852bf741d455244c681ba647825bb7fe6c34cfa8.jpg,blackstart_,1791581010
BV1bajUzCEHH,https://i1.hdslb.com/bfs/archive/2cf344a7987c71a2bc0b926abebd2246a90da4e6.jpg,宇宙无敌夹心酱,15113680
BV1bdVhzpEWM,https://i2.hdslb.com/bfs/archive/c00f40949e5244c426289dacf36f17f69ca2ff94.jpg,天音浮梦_Official,3546566780521374
BV1bdngz7E4B,https://i1.hdslb.com/bfs/archive/d7957a79db87acaab85ebb800240dda9d004600b.jpg,Chaos清流,7226948
BV1be411Z7JF,https://i0.hdslb.com/bfs/archive/15e695983285062b4c0d7f0330e7754fc0fdc70c.jpg,碳酸爆炸了,12354686
BV1bfAsenEza,https://i2.hdslb.com/bfs/archive/48211bfc83af2e9c27473403d6dccc174a918938.jpg,--WHIVE--,13671781
BV1bfBZBkEQ8,https://i1.hdslb.com/bfs/archive/30d8f1ce0859e8bebbf91d23f1526159c87683ad.jpg,小小的手心_-_,519038717
BV1bg4y1Q72h,https://i0.hdslb.com/bfs/archive/9835df973aa73ccdbd2b060110487d70db14e0bc.jpg,账号已注销,3461571208547124
BV1bgwizuEvT,https://i2.hdslb.com/bfs/archive/a1fd0df5b763e088e8b6cd6353c982d5b92e7ed0.jpg,CKmusic_official,1227790936
BV1bjZ5YrEnp,https://i1.hdslb.com/bfs/archive/88a1769d6614b0b1f7de4b16ecbe131a455c0103.jpg,锌轲,481226116
BV1bjcWeVEQD,https://i2.hdslb.com/bfs/archive/1a1f8609def42e276944f480d65b9e129f9ae564.jpg,Aya-啊呀呀,2577707
BV1bjqSBLEUu,https://i0.hdslb.com/bfs/archive/50394f66e7656e3fc9517e025ea684cfa5d9f544.jpg,9ma_P,1011163079
BV1bjtfe5Efh,https://i2.hdslb.com/bfs/archive/789403eb566fd37480c2e12881845ef545960247.jpg,x核桃糕x,272449723
BV1bkvQBEEPk,https://i2.hdslb.com/bfs/archive/98dc07eb951bab24b1a2a766fefa71c3937031dc.jpg,风暴降生男菩萨,110902829
BV1bm41197wE,https://i0.hdslb.com/bfs/archive/6de43d6a7d1bd8585df8d643de07375fa7ecdcae.jpg,PICNICINCIP,125950866
BV1bm4y177Xr,https://i0.hdslb.com/bfs/archive/b9b4a506b6728bc1f5687dcf34ee350a3cccbcfe.jpg,灭了那个神话,3461562694110068
BV1bmepzEEg1,https://i2.hdslb.com/bfs/archive/41c36b347dfbb1812892957d53cbe2d94c5e37f5.jpg,PPPPPPP_P,3546390888188401
BV1bmwRzdET9,https://i1.hdslb.com/bfs/archive/2497a57d5241bbf4cf711fe3aaafc9276e14b0fb.jpg,C4不改昵称,39850894
BV1bn14YVEzp,https://i1.hdslb.com/bfs/archive/24054d0c760e24ef249a4143e661db8ce371c646.jpg,ミリカ_Miiiiiiirika,399438977
BV1bnzHYjEe4,https://i2.hdslb.com/bfs/archive/e10fe61a410305c554ab11654fdda15e30170878.jpg,账号已注销,1036564487
BV1boURYPEhS,https://i1.hdslb.com/bfs/archive/2806b98699f5b5b89fd3d0d27d2e9b30db72689f.jpg,羡临渊zzZ,472407628
BV1bp2AYmEu1,https://i2.hdslb.com/bfs/archive/4c36439fbe8c51a673be3a19ebb124fd4ef91065.jpg,far1ight,1058983723
BV1bp4y1K7EU,https://i0.hdslb.com/bfs/archive/1f1247b16fc2aeeda028d99fae23fc59810d1018.jpg,辉羽Teruwa,34111603
BV1bqZVYMEk1,https://i1.hdslb.com/bfs/archive/72032b1c802799d489fb98c9bac3f35a92d54173.jpg,天音浮梦_Official,3546566780521374
BV1bqn3zJE57,https://i1.hdslb.com/bfs/archive/acfa6118f6edcb2416d3e7a357bae6857334d230.jpg,ALTAR及帝,1396301644
BV1br4y1Z7A7,https://i2.hdslb.com/bfs/archive/d9505f5b77b72663c157a4a80a1d803f37ba8f1f.jpg,VC绫绫乐,355156672
BV1brVozZEix,https://i0.hdslb.com/bfs/archive/14406ed3085778ddf47fa4f428ea206e6e7199ad.jpg,某科学的卡面来打,52829689
BV1btAkevEWt,https://i1.hdslb.com/bfs/archive/9568f65232f3033c582f65e77265616327aaa3e4.jpg,澈零喵,252680534
BV1bu411G7Qz,https://i1.hdslb.com/bfs/archive/692e631686646d1b50fb2cfd3db0bc278a288e2b.jpg,9妹,425396
BV1bu4y127Tq,https://i0.hdslb.com/bfs/archive/587bfbc5a6fa6240008eb198f7ff98f0800e5d56.jpg,枝茂依,523253851
BV1bu4y1G7oJ,https://i2.hdslb.com/bfs/archive/2611b63d65a94b38601eb87fc7361780ba16e633.jpg,星辉p,223735
BV1bu4y1P7h8,https://i2.hdslb.com/bfs/archive/56ae13a64647553976840a5a4e772d9d1bb71cf7.jpg,独立思考的笑,516616157
BV1bu4y1n7nR,https://i2.hdslb.com/bfs/archive/17c7f2530bfabb72fb8b1490649778f34251139e.jpg,墨素Mohius,36112611
BV1busGzwEdz,https://i1.hdslb.com/bfs/archive/db1eddb3691bef55e341ef2f3c03f198aaa597d0.jpg,尘萤宇P,382492832
BV1bv411N7PT,https://i0.hdslb.com/bfs/archive/534d8db87d9d2de85f6a8faeee1971aceaba7b85.jpg,不鱼_P,7146922
BV1bw41187Tw,https://i1.hdslb.com/bfs/archive/a630480d080833c5deaadd07f1d4e2a8a5a89812.jpg,洛君清_,107222850
BV1bw4geiEbd,https://i2.hdslb.com/bfs/archive/d75963927c0b0992752bdb827fdb49970bf32744.jpg,雨天沥official,3494377378810634
BV1bw4m1178G,https://i0.hdslb.com/bfs/archive/a8280ff98b4baf6874d5463f622661240b433355.jpg,风湮Official,8151904
BV1bwtfzPE96,https://i1.hdslb.com/bfs/archive/2c51d05b202af2b4aaffe7dae60cc67ecbe7afd3.jpg,Tomoyo丶ts,415449976
BV1bx31zpEjT,https://i2.hdslb.com/bfs/archive/3ff3ff6bb84f47a5f7981a94d4414f7994e59a26.jpg,长河星升,503729950
BV1by2YBsE4X,https://i1.hdslb.com/bfs/archive/c622f08f22ef417eb17eb5fa78fde5070fa23cc2.jpg,以方_P,3546873786796092
BV1bynizDEKK,https://i0.hdslb.com/bfs/archive/f963cc6ddc8853a33bf7b621b5f51ca712f787b3.jpg,云梦魂灵,356092974
BV1bytSzCEzA,https://i0.hdslb.com/bfs/archive/4a494daa8b3a42c39b8f1043439e4c38f4c929b5.jpg,StarryMiko2233,3546718113105923
BV1bz4y1t7RE,https://i2.hdslb.com/bfs/archive/55f5b83f0c599b985d5ec27029610ecfce763962.jpg,DASH破折,35155924
BV1bzgLzMEUx,https://i2.hdslb.com/bfs/archive/9b8800034e6f4e0789d535ef7bc8a28561dd605d.jpg,CrystaIynn,392687616
BV1c14y1j74J,https://i2.hdslb.com/bfs/archive/3f44292a78f61a53936f13a76428fac77d419635.jpg,铃兰泠兰,384617856
BV1c1BTBJENn,https://i1.hdslb.com/bfs/archive/1b3ad2778e6629ce37b05eca3e0be4897ec98767.jpg,puddingtofu,3546595295496951
BV1c2pJzAEds,https://i0.hdslb.com/bfs/archive/42b66002c135dcec0c8d5af9fe2544205b7edefc.jpg,WolfSilent,3546947365374557
BV1c4CTBcE3U,https://i0.hdslb.com/bfs/archive/1d695b5c9ce84b2e76a1fd9e1e8ce1dff1e19051.jpg,遥之穹,406295982
BV1c5411y7Lx,https://i1.hdslb.com/bfs/archive/2141ccf99ed075a97313d870cf6c40e997ce3229.jpg,红豆红风,297606138
BV1c5Z5BpE4Z,https://i2.hdslb.com/bfs/archive/c6dbce869e9952696edbe116cdfcb658220740af.jpg,望月正心Bhx,524459213
BV1c6ASe6EEt,https://i2.hdslb.com/bfs/archive/4e9e6e096b1857322fce2f722e328b6071ce7cf7.jpg,宇宙无敌夹心酱,15113680
BV1c6UiYAEVW,https://i0.hdslb.com/bfs/archive/2354614e4dd8747ead2cddc4d7e8ce050ad3386e.jpg,PaulMr_,87417974
BV1c7421N7hw,https://i1.hdslb.com/bfs/archive/4c922cd0b38591e1bcd4ee37a25020614686cb80.jpg,_丄_,610274274
BV1c8411m7RK,https://i2.hdslb.com/bfs/archive/b1d2db089e2876ab4640794bf39f12b37e741a8b.jpg,不纯净明矾混合物,434036807
BV1c84y1r7eU,https://i1.hdslb.com/bfs/archive/f20ba6e23670680d5041de5fa9fd663bbe168912.jpg,四季_ナツメ_,35554162
BV1c9cReJEkn,https://i1.hdslb.com/bfs/archive/86ab081269644833e286ace1c1252e16c743e072.jpg,电浆水星,434276864
BV1cA4m1G7Hf,https://i2.hdslb.com/bfs/archive/4feea7b004e985d189c19c8e3e777c4629a447a8.jpg,术力口之淦,37998073
BV1cA8kzjEcu,https://i1.hdslb.com/bfs/archive/010903ab68dfd0c73c701172830b3a09d9d126db.jpg,耽溺于夏日的悠游鱼,1526995523
BV1cAfBYaEJA,https://i1.hdslb.com/bfs/archive/78c474052d6f9fa1c253fefa0605db04f2d2df8f.jpg,Xiuji114514,294528722
BV1cBVZzSEcU,https://i2.hdslb.com/bfs/archive/2e54bc37871a18cc80573909d88391bdc0d0e33f.jpg,安逸笙笙,392005624
BV1cC4weiEEy,https://i2.hdslb.com/bfs/archive/0dae9a470b6e56191344a4ae221672d168ec776c.jpg,心魔才不是女孩子呢,359100532
BV1cEXrY4EbT,https://i0.hdslb.com/bfs/archive/55713fdd1a8053ff9e4d8ca50fa7f8e7e2901550.jpg,不如归去____,432953809
BV1cEZjBtEqF,https://i1.hdslb.com/bfs/archive/07616fe028151d73264535548d8a4e2ca9f51278.jpg,酸菜鱼p,437928755
BV1cFvNzHEBD,https://i0.hdslb.com/bfs/archive/94847adfe7f1294bcc82219f9dd0311e566e017e.jpg,Qtacier丶P,22217584
BV1cFxqefEp3,https://i2.hdslb.com/bfs/archive/f875f5e4162e56fa76401ffb4ad009c3a57e7250.jpg,衣物鱼Yiuv,697934264
BV1cGWuzzEKZ,https://i2.hdslb.com/bfs/archive/e32d6c02b2c8c3de036c88e45f3606bb831f3196.jpg,不凋花project,296959010
BV1cGezz7EcL,https://i0.hdslb.com/bfs/archive/9b90195d3e8240f2d1684f34f8b269ec59b40ca3.jpg,Wavesparody,454198225
BV1cGieY8EYK,https://i2.hdslb.com/bfs/archive/a14ec4ca6156a78fa1462ff249bcfd1f424f984e.jpg,遙枝harue,295514534
BV1cGtozSE5v,https://i0.hdslb.com/bfs/archive/057f06e26de0dcdff532bb3a4e58a6b7df1e2601.jpg,影歌P_Kageuta,356160341
BV1cH4ge9EsR,https://i0.hdslb.com/bfs/archive/33b302e06e2220f9da7db4d224d3ac88a111dca8.jpg,羽渡渡渡渡,363710897
BV1cJ4m1t7hF,https://i2.hdslb.com/bfs/archive/0880a85d6ce6208017dadb2d202dc7ab6a2e9834.jpg,天音浮梦_Official,3546566780521374
BV1cJUfBsEZa,https://i0.hdslb.com/bfs/archive/a568bd8195e81d224f49d0fca9363a5079c1a70b.jpg,Cvyleop隋洛普,471175192
BV1cK6YBfE1F,https://i0.hdslb.com/bfs/archive/0b8eb9084586b258b7786e63f5deba1560f65818.jpg,califair,111583553
BV1cL57zTER4,https://i2.hdslb.com/bfs/archive/a5556bf7e2d899417bcfb62cc99dbe3272da4408.jpg,直到凌晨也无法安眠o,631536855
BV1cLzpYzEtA,https://i2.hdslb.com/bfs/archive/d30d389ffbe9d0002b712384923afd388a2a16db.jpg,橙味比巴卜,11116918
BV1cM4m1f77j,https://i1.hdslb.com/bfs/archive/30faee601a04a3f1f3556833c59d314d6e4a20ed.jpg,账号已注销,1455339950
BV1cM4m1f7wq,https://i0.hdslb.com/bfs/archive/842f2c544c6295c99b5efbb84128c23646c84c48.png,Euule,88198890
BV1cMEQzyEee,https://i1.hdslb.com/bfs/archive/442d26bd2db6da97b379b13e12a88fc0473b314b.jpg,卓盈之,38028309
BV1cMNmerEiU,https://i0.hdslb.com/bfs/archive/9df89474e6b55ac5df357e07236f465424109d61.jpg,风湮Official,8151904
BV1cN5VztEHT,https://i2.hdslb.com/bfs/archive/b10e6c976ae17608c273917eb63b8eacf66632db.jpg,披萨很好,497435007
BV1cNWjztEWb,https://i2.hdslb.com/bfs/archive/e0eef30bc1a040b25864689549dd9710585ea644.jpg,い爱花丶,26069934
BV1cNZMBNEB8,https://i2.hdslb.com/bfs/archive/aa76747580a80b39f322e9abb4811b2365ca9876.jpg,度娘你要闹哪样,15665591
BV1cP41147xD,https://i0.hdslb.com/bfs/archive/ed616bc85fb33acb84445ab70e58dfa81dce693c.jpg,我才不要当现充,71524363
BV1cP411L7xr,https://i1.hdslb.com/bfs/archive/9267eb0baa0a22287220ee0bef17e0ce2adb4609.jpg,海盐蒟蒻冻,524898099
BV1cP411x7bx,https://i0.hdslb.com/bfs/archive/f489cd403f60070844151796fea1169029cf6e48.jpg,玄羽遥,88973192
BV1cPCrYeEKP,https://i1.hdslb.com/bfs/archive/e2e2d91e60ff7ba67d000567463ce8b9b6f964cd.jpg,星尘Official,15817819
BV1cPLJzjEex,https://i0.hdslb.com/bfs/archive/b175df3418b0ed490cf4c117a96341460f92d0e9.jpg,kurumi94,272438
BV1cS421P7Jh,https://i2.hdslb.com/bfs/archive/e746be443ac16f2a0863e77c5672d70c01704d7d.jpg,Mi-u_,398660064
BV1cT41177EK,https://i1.hdslb.com/bfs/archive/a904f916a3fb49b0a0ef335ea941cee9609dc504.jpg,鬼才风魄,104504782
BV1cT4y197kA,https://i0.hdslb.com/bfs/archive/13dd0f25df325ccae73198e9742da8e1fe49d13b.jpg,柠瑛岚,82521410
BV1cT4y1Q7Zm,https://i0.hdslb.com/bfs/archive/962e5842a247af663b542d01991463624659442d.jpg,白糖の正义铃,180668218
BV1cTWzzsERa,https://i1.hdslb.com/bfs/archive/4a219461846e63b53614345889e1fe31a6f10b92.jpg,Calia_林焰,3546804614335126
BV1cTZaYrE3H,https://i1.hdslb.com/bfs/archive/6907bba040f1df52c0602eeec3d9a2a5837740d7.jpg,六向宇宙Sextuniverse,3546624120850779
BV1cTfKYzEbN,https://i2.hdslb.com/bfs/archive/e03b1f88dba5b47993509ceeb85a2e8b7ca22dac.jpg,中颖微华P_玖音曦灿,442585387
BV1cUZyBrEAZ,https://i0.hdslb.com/bfs/archive/190f9663ac9aa7a08ac593fcdcb9c46539fa8e03.jpg,赤凌p,382441421
BV1cV411577U,https://i1.hdslb.com/bfs/archive/3c3368ee330d3d109ee66b9ab000ab4c07033714.jpg,落叶brs,7968848
BV1cV4y1G7F8,https://i2.hdslb.com/bfs/archive/05f095a0716a4431512024bf6853e2c7853b0803.jpg,Anna0716,29180208
BV1cVNvzFEs8,https://i2.hdslb.com/bfs/archive/ba44b0a7d6c9b58bb8adba25ebd884a2ec9f83bd.jpg,仍余千秋,390320579
BV1cVnezNEnF,https://i1.hdslb.com/bfs/archive/825878de524438fd0672b84a984eb8ba07dd4b90.jpg,Chaos清流,7226948
BV1cW411T7V2,https://i1.hdslb.com/bfs/archive/b132f1c183960b78412cb4cac9aa3423a041c136.jpg,Zeno_P,326966
BV1cW411b7Bo,https://i0.hdslb.com/bfs/archive/36bbe2c04ef40c815779d63ad449dba0c3077ffc.jpg,yoboby,254054345
BV1cW4y1C7xr,https://i1.hdslb.com/bfs/archive/1e9506d3cbd0567fa390a3d81418085e7a9203df.png,Kkkkkkotori,64256665
BV1cWYjzmEe3,https://i2.hdslb.com/bfs/archive/3ebd00d4141878f1468b577a631967c01eaf7c5e.jpg,糖妤萱,248886354
BV1cX1xYYEWh,https://i1.hdslb.com/bfs/archive/2ff28dcc91c9ba3f58c3e54e687a4a53a557683d.jpg,会咬人的白海豹,52575440
BV1cX4y1x7Bk,https://i1.hdslb.com/bfs/archive/f640d3b41127e94f57acc9616bb2c85ac4263915.jpg,可爱且白给55,549127673
BV1cYbEzyEm6,https://i0.hdslb.com/bfs/archive/bed438f16c054e297e0fd4c75d7e66c2fd1d9871.jpg,sansan在摸鱼,3546803739822880
BV1cYdeYyEY1,https://i0.hdslb.com/bfs/archive/b1e18bd00ecf21b8735bba5005043564edcc8d21.jpg,st_coffin,343505958
BV1cYfbBhEnS,https://i1.hdslb.com/bfs/archive/f00e50607ed6344bb771b06b9cf9eaf8d567424f.jpg,梦语未言诗,689055360
BV1cZ4uzSE1h,https://i2.hdslb.com/bfs/archive/ea66b74e93b564f50b4cbb5512539d56a9681da3.jpg,sentiment_悠远P,324556848
BV1cZSnYbEd5,https://i1.hdslb.com/bfs/archive/27ebde781374a9c5ee14d798dadb4b172c20d10d.jpg,Ark不是P,390183124
BV1cZfYYJE6g,https://i2.hdslb.com/bfs/archive/7c4de2e8679c722e6243f0709d9374cdaf731f10.jpg,尘尘伊,474140599
BV1cZqrBLEJR,https://i0.hdslb.com/bfs/archive/82d734ee46daf6f742305db6f5ee9911a3c79032.jpg,戬希Haleksius,1806620142
BV1ca4y1U7DP,https://i2.hdslb.com/bfs/archive/e68976116287cd8f09f23de0724f5b91d52654fa.jpg,吃吃安息香爻爻爻,651643146
BV1cb4y1P7to,https://i2.hdslb.com/bfs/archive/58e0bdcd782b82f9be912fb066c3210eb0dc9033.jpg,vcfish_p,238117369
BV1cbVJzGEeY,https://i0.hdslb.com/bfs/archive/0f74835b20d77797e77c3f97077a96d04c7f7d9f.jpg,吃吃安息香爻爻爻,651643146
BV1cbVQzaE82,https://i0.hdslb.com/bfs/archive/6e409bf476fc10572f726adfb6e3cf77602a126c.jpg,雍雁P,3546883077179996
BV1ccYKzXEXV,https://i0.hdslb.com/bfs/archive/e2be1cacd14ee657cbea3b1aa5b7c8cbe7b1b78f.jpg,雨天沥official,3494377378810634
BV1cdZqBXEUk,https://i0.hdslb.com/bfs/archive/2d8a8e470e6cb3f3f5cd7a88447b371fe200be5b.jpg,夏仰-Spomenik,27388815
BV1ce411V72F,https://i1.hdslb.com/bfs/archive/121d1340d2c1a23c65c5642b4bfef51f776097dc.jpg,顾夷舟,8053974
BV1ce411a787,https://i2.hdslb.com/bfs/archive/527947da54e35a29cde6139526c1b91e855934f7.jpg,坎伊bbb,170944411
BV1ce4y1v7vv,https://i2.hdslb.com/bfs/archive/672a95a88805208ea3d30524dce7eca27194613b.jpg,白雪優月,12901600
BV1cgfDBRE4H,https://i2.hdslb.com/bfs/archive/545492280f0de3f95c9a48ca79d19cc669aab5b8.jpg,Starst星尘子,399170457
BV1cgyQYPELh,https://i0.hdslb.com/bfs/archive/bc0883019edc4f1eea6a11e12be1026715857aa3.jpg,玳瑁不是冒,298536036
BV1ch411L7Gn,https://i0.hdslb.com/bfs/archive/70e2078a2bbfa127634844725b07bea1706cefbb.jpg,村口鸣师傅,2129766
BV1chJ4z1EGp,https://i1.hdslb.com/bfs/archive/5488ecb0585323bca31f8d0f85bd81bb80bd153e.jpg,赛博灰色面包,1126961201
BV1chY3zqEZD,https://i0.hdslb.com/bfs/archive/99a416f11fcad7c236e475d2d5068342d455c804.jpg,sHiki_08,3494359215376534
BV1chemzTEwy,https://i0.hdslb.com/bfs/archive/82fd788e8a337846e8d404ab5f3c3f9a00ddba82.jpg,楓梦不熙-malam,479717376
BV1chtGzZERi,https://i1.hdslb.com/bfs/archive/b070e0261ca7d8c17c73d242a1ed46bcdd227414.jpg,永远的上海节拍,1872680122
BV1cj41137F1,https://i0.hdslb.com/bfs/archive/451d1ab9a3efdaefc77ad74702cefd90ebe4a28c.jpg,沉林川,1594066
BV1cj411B7sk,https://i0.hdslb.com/bfs/archive/c580a68da6721f8d2244e44790016112b08a658d.jpg,海蓝色SapphireSea,3493084138572675
BV1cj411H7Kb,https://i2.hdslb.com/bfs/archive/616db1033b8931df7600f03654ff8784486da0ab.jpg,团子_P,162667579
BV1cj421S7eB,https://i0.hdslb.com/bfs/archive/df863fbbc427ff2deafedf02b27db97b826e3358.jpg,柯立可,238662476
BV1cjiiYvEFC,https://i1.hdslb.com/bfs/archive/3d68fb7428aadcc912a13ad130873938d5045794.jpg,Tremely,13431502
BV1ckReYyEXy,https://i0.hdslb.com/bfs/archive/d74e5709af895a1878fc20da8550c5326f154b7c.jpg,遙枝harue,295514534
BV1ckzAYJEaZ,https://i2.hdslb.com/bfs/archive/d92d2a47367a325088568aa8403d3967a7b54b12.jpg,夕颜颜颜颜颜-,3392539
BV1cm42137VV,https://i0.hdslb.com/bfs/archive/8f4bc2b01cd244a01adc13b8999501944dd1e17f.jpg,CraMo桃,10014279
BV1cmkZYLEfX,https://i2.hdslb.com/bfs/archive/ce53f7b754bdb5b345f3c888307d157fe2c2e664.jpg,扁鹊说得对,194561970
BV1cnWszJEQ3,https://i0.hdslb.com/bfs/archive/8d4e6816f3d23737a53a6a2fe68bb6c396eff7c0.jpg,神鳴沢世界,114419306
BV1cotUeTEkN,https://i2.hdslb.com/bfs/archive/4f6050e89d85bf754d0b44fca0772e3a081bfd4a.jpg,神鳴沢世界,114419306
BV1cp4y1M78U,https://i0.hdslb.com/bfs/archive/ae4eea1a9357878be286edc395ead621d232a4c0.jpg,风湮Official,8151904
BV1cpZXBhEZ2,https://i1.hdslb.com/bfs/archive/00cd72c32b51aa078916a630eef39244f4b0757c.jpg,语文课代表嗷,110172607
BV1cpqpB4EsM,https://i2.hdslb.com/bfs/archive/d7bdfba7a29d58eb5840a823555f36ab757a2a0a.jpg,神鳴沢世界,114419306
BV1cq4y1b79C,https://i0.hdslb.com/bfs/archive/ef3d5b3db2a1167cff147c49c9846726d5b76a36.jpg,Nightingale_夜莺,10367306
BV1cr421H7Py,https://i2.hdslb.com/bfs/archive/75a2e848c4b98081d24735b21a77bf846b2dc462.jpg,wukino,81484009
BV1cr4y1b7Un,https://i1.hdslb.com/bfs/archive/39136f984c630b2a7f10ffb6573ebc984116cb68.jpg,Arcadiac,5774684
BV1cs411j7ga,https://i1.hdslb.com/bfs/archive/20306033ee25f2a81f0844eaf5c18797658fe966.jpg,Rabbiii,3295494
BV1cs421T79i,https://i2.hdslb.com/bfs/archive/403ab48821f0d56e63c537bf1658db4e8dd685b7.jpg,橙味比巴卜,11116918
BV1cs4y1z7Mq,https://i2.hdslb.com/bfs/archive/b87e0f35fa2122fb6e143a62b0baa5262ea4e2c0.jpg,idealclover,5044093
BV1csHGz3E7C,https://i1.hdslb.com/bfs/archive/d033588d8d1a3f5c874c30d53d73f0ca5617adac.jpg,现充爆炸乐队,440694851
BV1csb5zeEuv,https://i1.hdslb.com/bfs/archive/722df920bda3b6b5a8506e6120bb16dba9f6d8db.jpg,钴蓝配黄的吸尘器,322285529
BV1ct411t71t,https://i0.hdslb.com/bfs/archive/66193c3fdb3851e49933f606d6e71abd2ff96793.jpg,不鱼_P,7146922
BV1ct4y1g7vs,https://i0.hdslb.com/bfs/archive/35d69119da56cf0a2a238584651c4e530753baff.jpg,last里的火球,3650608
BV1ctezeoEX6,https://i0.hdslb.com/bfs/archive/03e9fe12a56f7efbbe3e53009806c3845f373179.jpg,唯一的兰斯洛特,111186960
BV1ctwqeTExz,https://i0.hdslb.com/bfs/archive/1ce5b7d351909bb7be406b286ef47c8df8d82ce0.jpg,Yukikaze雪风1453,88985936
BV1cu4y1M7rW,https://i2.hdslb.com/bfs/archive/75997846a10595827c548d8cadf5c31fb8b387ef.jpg,拾光与小狐狸,179469844
BV1cu4y1n7UN,https://i2.hdslb.com/bfs/archive/3e248c9afd9e853db49b3911b8789d9512001e6a.jpg,硫叶立德_NA,35676272
BV1cu4y1q7gh,https://i0.hdslb.com/bfs/archive/c9745396f5af67b1294a612e346fd27b22de34eb.jpg,雨天rainywhale,86661122
BV1cuNZzcE2B,https://i1.hdslb.com/bfs/archive/6b15df9e7dfbd562dc3220bbadd4d0195ee09ab5.jpg,sentiment_悠远P,324556848
BV1cuT1z8EAx,https://i0.hdslb.com/bfs/archive/c680786c46d0334e25c9399520aec408dd0c3ab3.jpg,Lagrange_P,314077076
BV1cux9zTEi3,https://i2.hdslb.com/bfs/archive/1f282b17565bd1c2fcad50b8fd5f6276554c6c2f.jpg,nitze-w-,35967246
BV1cw411n7tr,https://i2.hdslb.com/bfs/archive/d5ff01833eff00590cc69a9856ed98c0f39a8b4f.jpg,vcfish_p,238117369
BV1cw4m1U72r,https://i0.hdslb.com/bfs/archive/9a7ebb106b5332cdd355151e8fbc192427dcb61d.jpg,五等分的普篓丢撒,382414065
BV1cx4y1W7js,https://i2.hdslb.com/bfs/archive/37ce8a8ee51535b474e42e80a2a51239d0893409.jpg,Dagazs,88726438
BV1cx4y1z7hJ,https://i1.hdslb.com/bfs/archive/0867d37ff8c60ecedb797df3a72a6bc41465013a.jpg,橙味比巴卜,11116918
BV1cxUKB6ELn,https://i2.hdslb.com/bfs/archive/205dbbfe20c72d9e517e03dd6740de7abcfed91d.jpg,落樱殇-,103161658
BV1cxoBYfECd,https://i0.hdslb.com/bfs/archive/97aff2320a344739d4cbfc93ac4e3399ea3898e1.jpg,醉美夜空,429776817
BV1cxtMz1E6Z,https://i1.hdslb.com/bfs/archive/553acbc1441cc71dc4c25304eb9c552fa635e1c0.jpg,一只路过的史莱姆z,474601742
BV1cy4y1A7cj,https://i2.hdslb.com/bfs/archive/11ce997f9566a4d737bced2b231e8545bfdb145f.jpg,青门-Entenkraut,651293332
BV1cyEfzAEyN,https://i1.hdslb.com/bfs/archive/353992d3a015bacd41b39d95172b6fbe37f91506.jpg,蒸汽皿,323497969
BV1cz4y1J7JS,https://i2.hdslb.com/bfs/archive/df8652e7f6f9b896d4b398371619910f1c14a28e.jpg,不纯净明矾混合物,434036807
BV1cz4y1W72f,https://i1.hdslb.com/bfs/archive/f68949252dc0580d0f88149b93bab19a7b823e50.jpg,活鱼Crystal,37717487
BV1czxPzYEfU,https://i2.hdslb.com/bfs/archive/44ecdbdb1a2a5450a2a5f16f715b15c9ed357506.jpg,快晴After_P,1553977707
BV1d2XSYuEtG,https://i2.hdslb.com/bfs/archive/e6853b1b886dc0e1bc19a723ca70ca3055242204.jpg,陌辞寒,22728974
BV1d3CSBgEsS,https://i1.hdslb.com/bfs/archive/3bd4b2d7d44c8269c5d35ff02b9a86e513a68848.jpg,い爱花丶,26069934
BV1d441157A5,https://i1.hdslb.com/bfs/archive/d1ad717aba0e16d1bba57565e73701caed67a769.jpg,不鱼_P,7146922
BV1d4VveEEwS,https://i2.hdslb.com/bfs/archive/1b598f81d345b4e5dd6fbb775dafaef6f53d99fb.jpg,目前还没变成废铁,251469132
BV1d5vTzUE5p,https://i2.hdslb.com/bfs/archive/0239e488f6020f63af8f9257240f88b225f6597e.jpg,洛神天依睡不醒p,2074814063
BV1d6L3zUE6P,https://i1.hdslb.com/bfs/archive/c9ff068f6f9be68746b473cad87f92b2e70974cc.jpg,Tremely,13431502
BV1d6VhzYEyj,https://i1.hdslb.com/bfs/archive/df8f53d26266400ebd94bcd0c5b5cdd5a0f39c03.jpg,Pointヽ,3493120738068940
BV1d6Z2Y5Eye,https://i0.hdslb.com/bfs/archive/b1b30e447e9f41569234f5795da9e0fe87567bc3.jpg,德米特里尼基京_official,588766019
BV1d7421P7zH,https://i1.hdslb.com/bfs/archive/b0eeeb41cfe9b76318c750160f639102de6fdd51.jpg,风湮Official,8151904
BV1d84y1t7DU,https://i0.hdslb.com/bfs/archive/f1402ab92c5564c67caf21fcbfdbe8bfb8fc79b9.jpg,QutaiBai柒白,107609416
BV1d8UsBUE4n,https://i0.hdslb.com/bfs/archive/566ad1582372b629b987a9c910544113d09fe960.jpg,Takna,79665
BV1d94y1H7cu,https://i1.hdslb.com/bfs/archive/b62dbcaca1c0d25ad2491c53cc5211e0b851d007.jpg,Helius-p,261681328
BV1d94y1g7hP,https://i1.hdslb.com/bfs/archive/84ca3559e4a3ae31ff61dbaba238a29d978f07f4.jpg,泠珞-星夜,400604752
BV1d94y1p7WQ,https://i0.hdslb.com/bfs/archive/125a000ec88b97a7c249a38b25a2baa716376315.jpg,R小绵羊233,102544559
BV1dA411y7ML,https://i0.hdslb.com/bfs/archive/25eec051437522e39031b6db68c15e75aabf3ff8.jpg,板弹撞墙,1220229434
BV1dAFPe4EgG,https://i2.hdslb.com/bfs/archive/5b0a034c17799e73473658a8570ba3faf3fa1b0f.jpg,某科学的卡面来打,52829689
BV1dD421P7Vy,https://i0.hdslb.com/bfs/archive/e31bcc30b7397580f9a1626c402b9747a2cb6131.jpg,Tricycle三轮车,496320042
BV1dEbSzsE8s,https://i2.hdslb.com/bfs/archive/4b3b8866b4d61afc3b03ec44d9d9f907974fc310.jpg,EM-mic音乐社团,3546651490781519
BV1dF41147b2,https://i2.hdslb.com/bfs/archive/807c826f9ee6a3a9f4320cf2f4eecdafc2d3abf8.jpg,Creuzer,3241451
BV1dFtJzwEc1,https://i1.hdslb.com/bfs/archive/60940b803f5ec727a7540853ef3d85b1125ba85f.jpg,蓝鹰QAQ,493851957
BV1dG411D7TM,https://i1.hdslb.com/bfs/archive/ce25aa233dfab02723364b3c363288de6f3b0aeb.jpg,BlueSu007,2032451946
BV1dH4y1P768,https://i1.hdslb.com/bfs/archive/b40931f68c5cc4d35e05885391458cc4127b390a.jpg,风湮Official,8151904
BV1dJ4m1L7Dc,https://i0.hdslb.com/bfs/archive/b286b5b60d2e82a6c8d5e5d3ef54c611f0869533.jpg,洛泣21,4678668
BV1dJVrzoENZ,https://i0.hdslb.com/bfs/archive/3c76e510d24174042725b06476373e5f8b0b78a7.jpg,林小四4040,13367155
BV1dJtYejEnr,https://i2.hdslb.com/bfs/archive/e889e3a4157c365555808f9e6f39a064a195572c.jpg,风湮Official,8151904
BV1dK421Y7A9,https://i0.hdslb.com/bfs/archive/f7b5b844b8ac53e398c577abd70b42835066bba0.jpg,小茴今日漫游,1324346356
BV1dK421x7eN,https://i2.hdslb.com/bfs/archive/5e3dd9109d88bf717f0ea081bb8efb21b4c7623d.jpg,墨素Mohius,36112611
BV1dL4y1P7NU,https://i1.hdslb.com/bfs/archive/e785db12c50712bb6a8ada2d8398e8f896c86de2.jpg,固态雨,34662155
BV1dLFHeGEEh,https://i1.hdslb.com/bfs/archive/ab54cf16d781e899ff072ee111b503a3323c8322.jpg,言羽kotohane,517537379
BV1dLRsY3EZ8,https://i0.hdslb.com/bfs/archive/a75725de9cfa25edd41573c43b7938a0cb5ea841.jpg,蔗蓝,473780327
BV1dLm1YjEAo,https://i0.hdslb.com/bfs/archive/660471053ec8d1e9a4c3f11e5d85b034002a318c.jpg,雪风_P,398828911
BV1dM4m1d736,https://i2.hdslb.com/bfs/archive/ae69a4185dcdcce55c852df4888b526ddf0298e2.jpg,Sakumi_P,143677836
BV1dMmaYCEfz,https://i0.hdslb.com/bfs/archive/947a24bdeb9dc4d994d4a77ca51c81cbc1169b48.jpg,蔷薇醇Sorbitol,3546674226006303
BV1dN41187jx,https://i0.hdslb.com/bfs/archive/ab3da31693fcad9dd792ad57927a02dcfb1b78c8.jpg,火山响尾蛇,150335872
BV1dP411u718,https://i1.hdslb.com/bfs/archive/c4dfd2555e979e63da9589fa6d10af39d2e8a1e6.jpg,4katosh,275018318
BV1dP4y1T7TU,https://i0.hdslb.com/bfs/archive/e4e1de53c280af8240f365ef2f3e4dd1d0051d22.jpg,柯立可,238662476
BV1dPC1BbEN1,https://i1.hdslb.com/bfs/archive/8c380d045e250fb33bcd02188df502d280ff8d0a.jpg,い爱花丶,26069934
BV1dRC8YfES6,https://i0.hdslb.com/bfs/archive/741b6f9506e8c3942d06c7aad80ecfe637d11c8b.jpg,蓝鹰QAQ,493851957
BV1dT4y1b7uD,https://i1.hdslb.com/bfs/archive/77377142070255655f0ede389384419d9b7f0e57.jpg,FuQianshi,10698287
BV1dTm6BdEK3,https://i1.hdslb.com/bfs/archive/a20ae40d65483c6dec3d2755fecf0de8f4788f02.jpg,神鳴沢世界,114419306
BV1dU421Z71c,https://i2.hdslb.com/bfs/archive/005c7aea4555c2e267930278a5332ace1d9f6c27.jpg,璘月亚灺Xie,412412152
BV1dW411q7MU,https://i0.hdslb.com/bfs/archive/2e6e8792e13adf96a87edee7f642151d21c5b1ea.jpg,yoboby,254054345
BV1dWYGzcEqQ,https://i0.hdslb.com/bfs/archive/f072fbf73d60079c32c4a5f73ef3eef080a1753d.jpg,Helius-p,261681328
BV1dX4y1s7XP,https://i2.hdslb.com/bfs/archive/b9df0293aa26f2cc9fde49dc13d5658f06b00ca7.jpg,剑侠啊,660396366
BV1dYbGzJEwW,https://i1.hdslb.com/bfs/archive/ee74717dd2c1765378b1f4f2ca2ae4bcc8451f02.jpg,Mikoto铭,1189226417
BV1dYfUYQEZB,https://i2.hdslb.com/bfs/archive/cb1bdf52ecbe5ff610d572ae341d447bc6fe9425.jpg,兰nni,107351716
BV1dZ421T7vv,https://i2.hdslb.com/bfs/archive/c70c9ec35149db21aeb8d1db9b7ef51481e3cd93.jpg,花咲十夏juka,272727749
BV1da4y1y7Sp,https://i1.hdslb.com/bfs/archive/fc116313a5507d0a7db4306b8576ba5f948b4b71.jpg,Louly_,648401473
BV1daHGzvEyo,https://i0.hdslb.com/bfs/archive/4b11828b766dd177ff7c3482fd42b9ee0f218d89.jpg,真的会困死诶,3546612112558844
BV1db4y1G7vH,https://i0.hdslb.com/bfs/archive/408540e1de97d1ecc8060668656458455925bbd9.jpg,MegrayChan,291318088
BV1dc411J7nf,https://i1.hdslb.com/bfs/archive/0ba73c90029887a04f4f14042aad986fafaf1260.jpg,墨素Mohius,36112611
BV1dd41ejEP5,https://i2.hdslb.com/bfs/archive/dc8a7412e3c9d0f3c70cef93cae155e703f26bf3.jpg,Mi-u_,398660064
BV1ddH3zFEu2,https://i1.hdslb.com/bfs/archive/e70c1410920d905e4c98f1ac0f80e4738ea9aa60.jpg,洛小mua,3537125622417583
BV1de4y1v7EW,https://i0.hdslb.com/bfs/archive/30712056e60a8535a1ef36a7aa60a820fa3725a8.jpg,瑞安Ryan不跑调,108845996
BV1deFnegEvo,https://i0.hdslb.com/bfs/archive/30a9d53eb3d1d52fd0548d9c106b0e8b95e7464a.jpg,度娘你要闹哪样,15665591
BV1deYzzMEud,https://i1.hdslb.com/bfs/archive/961a19bab7219af2009baa1fe63933c65ff5076e.jpg,零道清隆,413060336
BV1deb5z4EWf,https://i2.hdslb.com/bfs/archive/8fb339ae75c5c28ac89f47a00b4911c6cfdabe87.jpg,朝凩,216972247
BV1dfTszeEGo,https://i0.hdslb.com/bfs/archive/e3ac988f6669f13b3c2dade5a732380bb7ee6178.jpg,Chaos清流,7226948
BV1dfzNYLEDv,https://i1.hdslb.com/bfs/archive/114f0bdbdb486f60d1087673fe31301852df9048.jpg,零天羽,36395571
BV1di4y187sx,https://i0.hdslb.com/bfs/archive/b5feebe772d6a7cade67882bfce04e9effb9570a.jpg,瑞安Ryan不跑调,108845996
BV1di4y1H7Co,https://i0.hdslb.com/bfs/archive/c4f5b78cfe4edfc8c6ee9778af788874b82ce4e3.jpg,Mi-u_,398660064
BV1di4y1H7cR,https://i0.hdslb.com/bfs/archive/de872b243ba1bffde2874f7c143c949dfa76f23f.jpg,冬竹又拖稿,66949742
BV1di4y1H7kF,https://i1.hdslb.com/bfs/archive/3495d42851401e64da2efd45318c120348a9e0b2.jpg,水龙头P,584935264
BV1diG3zrEGb,https://i0.hdslb.com/bfs/archive/ba590c99a7d34d2ac49096df3cbe8ba3378da762.jpg,Chaos清流,7226948
BV1dj411k7nz,https://i1.hdslb.com/bfs/archive/6856b4743405d2b6c0a71d1940767536b13a3ee8.jpg,伤口SchazkeLF_p,630082679
BV1dj421R7QX,https://i1.hdslb.com/bfs/archive/1d0264bc44b311009df3c20b8cd13331a705824f.jpg,Moonset_月落,424601022
BV1djbLzZE34,https://i1.hdslb.com/bfs/archive/00310e22d54ab170f41b4ba8ff96ff64f6446cf1.jpg,五行缺妹妹的韶八,1276989002
BV1dmYmzhE8t,https://i1.hdslb.com/bfs/archive/203e00f978be151b7c8cb279dd858d12951bdef2.jpg,不好吃的SrDt,391558321
BV1dnsAepEFP,https://i2.hdslb.com/bfs/archive/3d759a52fb94c877d9050032300c8aa2226cfd54.jpg,暗色调的梧桐叶,629874452
BV1dp421Z7wL,https://i0.hdslb.com/bfs/archive/45d798df5824061f0892a2ffb462bfe1ec3dd5b2.jpg,blackstart_,1791581010
BV1dp4y177qj,https://i0.hdslb.com/bfs/archive/c1f2a061f37e6e918f88c431fa18feaa176c3cd3.jpg,离月不是璃月,677882435
BV1dp4y1d71o,https://i0.hdslb.com/bfs/archive/4c36c6e7fa6535608d3147a68ddbbb16ab1db4c3.jpg,星海星setar,284501997
BV1dp4y1m7ec,https://i2.hdslb.com/bfs/archive/432660faf002aee6ab551e858fde0c1968e52ae1.jpg,烟波依旧汉时秋-,19704922
BV1dqFee1E1S,https://i2.hdslb.com/bfs/archive/f11922522aa38b61958e066e033f71e02184f2c3.jpg,蓝鹰QAQ,493851957
BV1dqjBzbE6g,https://i2.hdslb.com/bfs/archive/f65e94fd509d126cb63ed716af66e31b496f9b49.jpg,冷月无声P,34714728
BV1dt421M72p,https://i0.hdslb.com/bfs/archive/fd60b75e33fc2207faa09c94bc240ed595735ab6.jpg,Korlar柯拉,364826977
BV1dt421W7Us,https://i0.hdslb.com/bfs/archive/10b06d3c23c5fb6e430f2f00d088b36f76af7488.jpg,链银visty,26160711
BV1dttPzoEgb,https://i2.hdslb.com/bfs/archive/4c6017c73723577615952e2f7d9bb8b40b0a12fa.jpg,RRin_p,476403716
BV1du4y1G72s,https://i2.hdslb.com/bfs/archive/59ec62b936a1ddd1ca309c041df9c41679d8d7bc.jpg,墨素Mohius,36112611
BV1duJ6zME1X,https://i0.hdslb.com/bfs/archive/0e1ffe749b0ac930b72a848771cd6023daf0e5cf.jpg,及時作夢,3546901349665169
BV1dv421y7nQ,https://i2.hdslb.com/bfs/archive/0347d053d2651307218570e9e7c7dd41c2b3db7b.jpg,焰心联合团,3493261058509536
BV1dw411q7Ej,https://i1.hdslb.com/bfs/archive/01ebd52f28f5e4680949d9c0f7559d9a8ac2bba2.jpg,SteggOo,320519460
BV1dwSKYzEmz,https://i0.hdslb.com/bfs/archive/94c4de55919c93070d956bd3517e5375501fc56d.jpg,洛叶p,381865582
BV1dx4y1J7pf,https://i2.hdslb.com/bfs/archive/4923fa0fd9e280ce333693a4052c20e7549cd954.png,一只路过的史莱姆z,474601742
BV1dz4y1T71p,https://i1.hdslb.com/bfs/archive/65d98d3d73d087d70b4611e0287ba2f985dfff5f.jpg,TOPKINGCREAM,3493081292737020
BV1e14y1z7Nk,https://i2.hdslb.com/bfs/archive/dddd759b05723035aaff7378e0cfac2d2540bed5.jpg,9ma_P,1011163079
BV1e1pvezEMR,https://i1.hdslb.com/bfs/archive/3e7217733da08662ef733dbf8750bc0c8e30cc15.jpg,飒法尔,453637239
BV1e1tgz6EDM,https://i2.hdslb.com/bfs/archive/bcf48cfdc9cbb37fda57b9249a142fda5c744cd4.jpg,道言笑雨墨,441047669
BV1e2421L7jY,https://i2.hdslb.com/bfs/archive/2a3f1f0af1af6cd016fe4fee83d9566cbe48218c.jpg,AnSekinen,6672733
BV1e2421M7xJ,https://i0.hdslb.com/bfs/archive/320211c79c5ae85f9a97d418ab67ebedd0ad0bd8.jpg,琲鸢Sayaka,58534834
BV1e37NzwELK,https://i0.hdslb.com/bfs/archive/9ff4f91d8e2b6693dee96557ddb3bc7cf8679dcd.jpg,菈文Larven,526134472
BV1e4aPzAEiu,https://i2.hdslb.com/bfs/archive/132de21cea5ebcb4eeb3540148700e41a0cfc394.jpg,千芷梦璃_Official,3546661995416476
BV1e64y1p7e1,https://i2.hdslb.com/bfs/archive/d84c6b149c56eb6181823b1373d3d325323356ee.jpg,南宫问叮呀,508719465
BV1e6mZYmE2m,https://i1.hdslb.com/bfs/archive/c2e7031c09b68503380054b4aa54557fca1e84dc.jpg,KunKi114514,163104011
BV1e841117MV,https://i0.hdslb.com/bfs/archive/b005c05721e639f2202c76aad23e311a3606c03f.jpg,风湮Official,8151904
BV1e84y1R7NR,https://i2.hdslb.com/bfs/archive/35c78243d02c96b08882da3c0e68e49ae980499b.jpg,衣物鱼Yiuv,697934264
BV1e84y1f7VV,https://i0.hdslb.com/bfs/archive/e1d7c3e285a5c6dd502236f5e7fa4022b04e7857.jpg,电浆水星,434276864
BV1e94y1F7ex,https://i0.hdslb.com/bfs/archive/317d47e026b766e711bbdf76e14ead6577927496.jpg,瑞安Ryan不跑调,108845996
BV1e94y1h73Y,https://i0.hdslb.com/bfs/archive/77dca6c44700ade0cc9ee60308f7800b2ceae7d2.jpg,度娘你要闹哪样,15665591
BV1e94y1j7Af,https://i1.hdslb.com/bfs/archive/073d6c5d15b8182330a5df4c95d6e26bc2b6c734.jpg,P不月水蒼Q,365743248
BV1e94y1o7Ne,https://i0.hdslb.com/bfs/archive/c6749026bf9cf221146d98c1e2490b4c00bae925.jpg,冰山_hyozan,367321
BV1eC411575m,https://i0.hdslb.com/bfs/archive/2b78d3e0ad4a4e55fd3ec11ccf65742629d7f303.jpg,驹夜Maye,36580417
BV1eC4AesE3T,https://i1.hdslb.com/bfs/archive/436642f453cc8790e32536fee5e7ab3810a064ab.jpg,五等分的普篓丢撒,382414065
BV1eCn9zLExc,https://i1.hdslb.com/bfs/archive/13f9dbe48906f1b033ef62bd792b2dec103f18fc.jpg,答脸P,3494374728010705
BV1eD4y1B7rA,https://i0.hdslb.com/bfs/archive/6a888fafe1d5abda24c26e82a1965f5e5a952d4e.jpg,花饽饽与过去拯救计划,30976526
BV1eD4y1s758,https://i0.hdslb.com/bfs/archive/75e2d9a1018dbca37ab198a164d3cee7f49424c0.jpg,一只活蹦乱跳的咖啡,4312619
BV1eDq6BcEyh,https://i0.hdslb.com/bfs/archive/37c296d133e0eff9114940dfb08241133bd7bda1.jpg,我才不要当现充,71524363
BV1eF4m1u7en,https://i1.hdslb.com/bfs/archive/d05286bf591aefa1fe074cf1a6635076a5f7aff7.jpg,松原小磊,10876159
BV1eG411F7ts,https://i1.hdslb.com/bfs/archive/f70a5d32833fb6c85a4dd3f6d5b3046d9d53dcb1.jpg,鬼面P,12355462
BV1eG411j74d,https://i2.hdslb.com/bfs/archive/b90ff3df7a348fc1b14e8d1b0df8db11de290b71.jpg,心脏扭蛋_rabbitrite,28536033
BV1eGM4zBEpt,https://i2.hdslb.com/bfs/archive/fef1dabff857848a3db79cf00bbfb56ba1c4f085.jpg,卓盈之,38028309
BV1eGxfzzEym,https://i2.hdslb.com/bfs/archive/a1cad0898ca05261780c68957c1f37bab81fd63c.jpg,重力消失以后,347775016
BV1eH4y1A7YN,https://i1.hdslb.com/bfs/archive/129c72a0d44af272f0a5512648bb009eedb1ea1f.png,劣质火药,189141744
BV1eJ8MzqEWP,https://i1.hdslb.com/bfs/archive/cefdba9fad09f111ff9087400984c4befe231d1b.jpg,度娘你要闹哪样,15665591
BV1eJCbB5E2w,https://i1.hdslb.com/bfs/archive/8dd282e71a080bb6de245d171b0a05d26c835dbc.jpg,莉莉恩MM,131402988
BV1eJkZYeEAZ,https://i2.hdslb.com/bfs/archive/b8ee90791048701d05813e984ab2eae68fdf1b53.jpg,牧悠之,290714722
BV1eJymYrEvA,https://i0.hdslb.com/bfs/archive/a38b906ed029047fb3c8146021102362004b5b59.jpg,R小绵羊233,102544559
BV1eL411K7C6,https://i2.hdslb.com/bfs/archive/d8bdc9ec880d7535427343f70fbafb0b7a9bb5c6.jpg,盐水是言和水,285926728
BV1eMQ3YZEXY,https://i1.hdslb.com/bfs/archive/d2ca3e3f4c543245715937bf643e98b55badcc21.jpg,Utopia_乌托邦P,1858510441
BV1eMatzYE27,https://i0.hdslb.com/bfs/archive/bfecc6c956f53f0bd8dba5bc98d703094dbd88b1.jpg,星海攻略组,32206964
BV1eN4y1a73J,https://i2.hdslb.com/bfs/archive/6a1bf2da2571cc053b1ccb140cb06bc0c6c16813.jpg,旋律侠,3493132907842395
BV1eNs5zkE7p,https://i1.hdslb.com/bfs/archive/642b823e7980d103cb6a8d97718b3b4f2fadb1f4.jpg,神鳴沢世界,114419306
BV1eP411d7oE,https://i2.hdslb.com/bfs/archive/846a44a94b4cf4dd5b06c03f5563a65b45d629e5.jpg,橙味比巴卜,11116918
BV1eQ4y1j7pJ,https://i0.hdslb.com/bfs/archive/945eebfc6ecabcc7dfa914091b84edc786df4a2b.jpg,灭世-大帝,280122658
BV1eQs7ebE3k,https://i0.hdslb.com/bfs/archive/e14c530d8f528e5583c40d9bfd413d82c967ba14.jpg,swiss126,7493323
BV1eR4y1i7fq,https://i1.hdslb.com/bfs/archive/d081a393d4eba177323200344035c7f5521a32e4.jpg,星海化相思,548530704
BV1eT421X7Uk,https://i2.hdslb.com/bfs/archive/37d262c7f398a4ac8673e730402d77fd36930c08.jpg,JK几何,105120466
BV1eUZ1B8Egm,https://i0.hdslb.com/bfs/archive/5f3dd4f3e24540cf07b4d9aa86653dddc22e468d.jpg,紫泺_Lumino,392597174
BV1eV41197YK,https://i2.hdslb.com/bfs/archive/3e8f0d0fd922aeaae100bb0cf405e0075a91ae12.jpg,不觉醒的双簧管,66768894
BV1eV4y197Fc,https://i2.hdslb.com/bfs/archive/de8521a4458bea9de8b4829fe3aacdcbddd1e1f3.jpg,禾芷溪溪溪溪溪溪,186907588
BV1eVvMefE63,https://i0.hdslb.com/bfs/archive/35d43032449757cb47de0798ac13c82ad697eaad.jpg,idealclover,5044093
BV1eW4y1Z799,https://i1.hdslb.com/bfs/archive/19f7030af8ac8922a9cc1fbb898ac55ed5f4ff0a.jpg,橘昕椿,23022807
BV1eWEbzNE2o,https://i1.hdslb.com/bfs/archive/e8bcb43fc0790bc633febe4b6e5d987c3ca67a4f.jpg,默默谓无闻,455024580
BV1eWhuz2Eyi,https://i1.hdslb.com/bfs/archive/1761e829af75931508f42fd69769ca727bb7498f.jpg,片刻_P,3546840125410115
BV1eX1QYtECN,https://i0.hdslb.com/bfs/archive/9568697de93a3f52dd3466561a1d1d96a234bc93.jpg,风湮Official,8151904
BV1eXzeBpEQB,https://i0.hdslb.com/bfs/archive/d9b516635c67623674a9726454d740cc2108f9a5.jpg,挥刀不事刀,3493259519200111
BV1eYVizCEDi,https://i2.hdslb.com/bfs/archive/dc6746e958eeb9862317f1aef5f57d9197b9cfdb.jpg,Skylineddy,399606378
BV1eZ421s7yA,https://i1.hdslb.com/bfs/archive/35de9fbdc82a0864115f1b924636495a2c4f2fdd.jpg,小林AGS,166611808
BV1ea41187hV,https://i0.hdslb.com/bfs/archive/54e46be9b804f7bea1ad8847c0e394c755be14d3.jpg,辰月月,2316028
BV1ea4y1r7Ut,https://i2.hdslb.com/bfs/archive/fe858366adad43d4b2e9f68ed0c0a150f65646a1.jpg,盐水是言和水,285926728
BV1ea4y1y7qi,https://i2.hdslb.com/bfs/archive/aec4c292e28ea61b93876f89346d2f9b75e86670.jpg,赫尔森,291098928
BV1eaCsYgEKd,https://i0.hdslb.com/bfs/archive/12b6fd0b1f2ba0f82b4ce921875fbf3ac603a1e0.jpg,羽渡渡渡渡,363710897
BV1eciuBgEZj,https://i0.hdslb.com/bfs/archive/98d5a623f0b4280614bc00c48bb52210684303f2.jpg,酒徵酩,67654111
BV1ed4y1472G,https://i2.hdslb.com/bfs/archive/9239a31e80a5f986b7093f3f5e54c83e3e192bd9.jpg,iceilyn,404504203
BV1ed4y1F76n,https://i2.hdslb.com/bfs/archive/b87a7dd46bf4a90891655805156c746ceb65c26a.jpg,白雪優月,12901600
BV1ed4y1o7Gg,https://i1.hdslb.com/bfs/archive/699c132bdc198167070f6692dfab6eec91dcd4f1.jpg,雪人Snowman_,15607580
BV1edDDYNE4K,https://i1.hdslb.com/bfs/archive/d3eb98eab180d8aa7dea80ca407ca5f7fd94e771.jpg,空想水晶诅咒绯红锁链,3546739686508856
BV1ee4y1e7uk,https://i0.hdslb.com/bfs/archive/7c3ca2834c1bd7b8dbbecd1e310ba584f18c723c.jpg,Osakihan_JPN,1142898222
BV1eehiz9EaX,https://i1.hdslb.com/bfs/archive/5115d20582d85fbd9713cf25440c6981a8dbc546.jpg,邻_Lim,3493084595751527
BV1eetSznEc8,https://i1.hdslb.com/bfs/archive/e41382166bd87d9552acdc46a2853e61a528458b.jpg,星尘Official,15817819
BV1egZNY9EQh,https://i1.hdslb.com/bfs/archive/cce5a196d8158e5cf607711d708db2f0f16e275a.jpg,Lagrange_P,314077076
BV1eghWzQEEQ,https://i2.hdslb.com/bfs/archive/815e8668465ee1f380f50dad3b1d2caed38fad14.jpg,柔水_Ron,660952037
BV1egnZzWEgC,https://i1.hdslb.com/bfs/archive/235c0cc8fe1cac3c4cb473a4e888c66733477d05.jpg,劳尔Blawn,432148245
BV1ehbYzGEo1,https://i0.hdslb.com/bfs/archive/fde4768b71271a854d3bb304b1524fd3d912db00.jpg,NineChitose_悔木难缘,333402647
BV1ehcweWEuq,https://i2.hdslb.com/bfs/archive/fd569a5931b977b52e6a674e910f12c9dc4742c9.jpg,soda-whisky,1304639298
BV1ei42117Vu,https://i2.hdslb.com/bfs/archive/e7813871fd74dfe5a68d3312f823cbf019740535.jpg,贤师鱼_sakayo,404248894
BV1ei421h7av,https://i1.hdslb.com/bfs/archive/f4435a1894cdaa1a70d4da4d9dfb9d0486da0f31.jpg,灯火烛天Lusky,27694266
BV1ei4y1a79J,https://i2.hdslb.com/bfs/archive/590faf75596f819586b6d7ba6b145e273a881319.jpg,禾芷溪溪溪溪溪溪,186907588
BV1ek4y1S7EZ,https://i2.hdslb.com/bfs/archive/b9efaf35a60024a6efd6c8b365efb6a0406698c3.jpg,不好吃的SrDt,391558321
BV1em7AzfEjR,https://i1.hdslb.com/bfs/archive/fc8d40a370f64cfbc32607126b7610672629d980.jpg,胧音_Long,32806702
BV1en4femE9c,https://i1.hdslb.com/bfs/archive/5ed38f45c0f6c8af005427ebbb5eb5d7e44cb810.jpg,秋风刮遍高卢地,443340569
BV1en4qzmEoL,https://i1.hdslb.com/bfs/archive/648d0ef1f04b8502a23cb66d067aec0db6475f3d.jpg,病患P,2013212334
BV1eoWAz5Etb,https://i2.hdslb.com/bfs/archive/74566fd3bac588021da6583600c62c6f5cafae8f.jpg,风湮Official,8151904
BV1eoWcziEGe,https://i0.hdslb.com/bfs/archive/11d6891b60c0abb5f6fd563dc35df447a6ef060c.jpg,易改改,501808642
BV1eobVzXEnr,https://i0.hdslb.com/bfs/archive/2e1e18b78e65a4f3d79b1332c8b2584aad151d3d.jpg,不好吃的SrDt,391558321
BV1eoxNe8Ef2,https://i2.hdslb.com/bfs/archive/77b627dfccc06cd33a30ade5ed901272f6f6913d.jpg,五等分的普篓丢撒,382414065
BV1eqe3z4Eca,https://i0.hdslb.com/bfs/archive/dc9300dc2a2e3baac3a7a6477896fba984d54fee.jpg,kurumi94,272438
BV1er4y1f7MY,https://i2.hdslb.com/bfs/archive/25f1ad34b32874fd645792cc5db6f1805db52b9d.jpg,驹夜Maye,36580417
BV1er4y1f7WE,https://i0.hdslb.com/bfs/archive/335e8079f7ab5d6f75aee8f8b0d6b598e25e0bc9.jpg,洛泣21,4678668
BV1erN1zSEvL,https://i0.hdslb.com/bfs/archive/79af191ec79179959b013d51d46862defa04ae03.jpg,田斓麦熙,256915414
BV1etfHYgEzi,https://i2.hdslb.com/bfs/archive/25292057ebf1b474d0e9c3cb67aa74d1d5550031.jpg,纥奚璟瑜,430112201
BV1etyhYcEGG,https://i1.hdslb.com/bfs/archive/5176fee5729672fdb265b692ed896b4b7ff009be.jpg,ko-轻辞,431296269
BV1eu4m1F7Ys,https://i1.hdslb.com/bfs/archive/d80770436d0ca70a74220c47e6f306f31085209f.jpg,KunKi114514,163104011
BV1eu4y1J73d,https://i0.hdslb.com/bfs/archive/bd728c7900544db5d3196ee8e31ed52c380261cd.jpg,雨巷独酌Rainfall,341906317
BV1eu5EzFEv4,https://i0.hdslb.com/bfs/archive/aba3365c300cbdd73602a1e9e0de2eb481aa8c76.jpg,ZkPotato,32812544
BV1euZ5YjEup,https://i2.hdslb.com/bfs/archive/a36dbe6d75f436cddca76fc6913c4a942fc61e5c.jpg,酌茶览河川,437526567
BV1euazzaEt8,https://i0.hdslb.com/bfs/archive/0b3d0b371714612805c9e35cdb99d320acf06082.jpg,落橘生秋,46207951
BV1ev421y794,https://i2.hdslb.com/bfs/archive/a1fe97bb5369ec7656ec300ccbef4c2bc80b6ee8.jpg,无烬星-P,456063175
BV1evFkzbEyv,https://i1.hdslb.com/bfs/archive/6307cd273193938d047346943c6b525d02685c1f.jpg,奶阿栗,11038022
BV1ew1eYzEd9,https://i2.hdslb.com/bfs/archive/8f5740b7bf43abb42c6c76380ff2a4f2d62f0c06.jpg,暗色调的梧桐叶,629874452
BV1eweBzNEzB,https://i0.hdslb.com/bfs/archive/d7f783ed29ceedacde2806fb2481291d7d1a8b10.jpg,L则鸣,442791639
BV1ex42197h6,https://i2.hdslb.com/bfs/archive/cc019eab854c72100754593a8faae139e15045a8.jpg,璘月亚灺Xie,412412152
BV1exCyBxEC8,https://i1.hdslb.com/bfs/archive/7ea19dd3b5a0104ce64d99703eeac86bb3a25074.jpg,账号已注销,3493266186046091
BV1exWkebELD,https://i0.hdslb.com/bfs/archive/31def4dbef1b92d3d86ee90d6ba1da7038db8217.jpg,独望青山忆华年,67983813
BV1exqSYfEup,https://i0.hdslb.com/bfs/archive/22e28b7837043fca030e9d10ca58b3b2561d2b5c.jpg,Quartz_Melodies,11796494
BV1ez4y1g7Vp,https://i2.hdslb.com/bfs/archive/bfc57084c47ce584517b706bf1687df5e30bd3a6.jpg,disischai,1970176153
BV1ezXRYJEug,https://i0.hdslb.com/bfs/archive/6ab193eccdd020c30079cce762942b2677f3f4ea.jpg,Star__P,3546736305900006
BV1ezt9zYE93,https://i0.hdslb.com/bfs/archive/d9ac036e2df91274ccb32a989dbcb2aac2c12179.jpg,似檵,675144902
BV1ezzPYgETu,https://i0.hdslb.com/bfs/archive/fed8a2fcb15fff2afe54ed89f86fec4433455f6b.jpg,BCmilk,269391445
BV1f2QVYzE9g,https://i1.hdslb.com/bfs/archive/a0f43c6454a8ab02dc2bed498e3a9d74c4f7e523.jpg,爱音西娅p,3546857886189670
BV1f2fAB9Eij,https://i0.hdslb.com/bfs/archive/797618b690f360b81c23c1238820e634c0ef3f65.jpg,洛天依の舔狗,499247026
BV1f3u5zCE6q,https://i1.hdslb.com/bfs/archive/de6b8279f0099de1627d3723b8fd06434bf1118b.jpg,枫零P,1640170583
BV1f434ebExn,https://i0.hdslb.com/bfs/archive/e93de85c31e6941c0861e1ee309758975f415021.jpg,VC绫绫乐,355156672
BV1f44y1J7mh,https://i2.hdslb.com/bfs/archive/37434d9886d452579016d4c7b5112f385349571d.jpg,冰山_hyozan,367321
BV1f5411C7mu,https://i0.hdslb.com/bfs/archive/bf24cbdb87802ecaa4b105e4255eb19e01147300.jpg,彩虹_Iris,3493290445900168
BV1f5C9B9EY8,https://i2.hdslb.com/bfs/archive/67aa3165285cf20e56362bb2b9e11d24a302198c.jpg,鈴木へて,2131408051
BV1f5XAYyE4r,https://i2.hdslb.com/bfs/archive/241cc4d36f017151e088e4b645ef657e96771a7f.jpg,一只路过的史莱姆z,474601742
BV1f5t3zSEcC,https://i2.hdslb.com/bfs/archive/b918a0a91fe2a884e3231f5e10d424dbbd9a6b61.jpg,_柠乐园,403239212
BV1f6VdzzEkY,https://i0.hdslb.com/bfs/archive/2dd527bad4e069872006587abd76b78962ad4329.jpg,蓝鹰QAQ,493851957
BV1f7gszVEo8,https://i1.hdslb.com/bfs/archive/825577de902c2dca3cf8bf45b89b40359b8c5582.jpg,百合咲奈奈,488817090
BV1f7kEYaEe6,https://i1.hdslb.com/bfs/archive/61f2824e805f5a6063cd2db3a33766fc150e7e12.jpg,-安鹤-,20264456
BV1f8411v7fb,https://i0.hdslb.com/bfs/archive/86e1721b565e96b696ae715194c4c3b0c12cc884.jpg,零宇Lyu,277347455
BV1f84y1H7nE,https://i0.hdslb.com/bfs/archive/50c826f17789e8a6b82299693fcb149073d0b460.jpg,海蓝色SapphireSea,3493084138572675
BV1f8t6zwEDj,https://i2.hdslb.com/bfs/archive/03f7d8c556665d1c010cda8c90e5b792820e81a4.jpg,百合咲奈奈,488817090
BV1f94y1C7wK,https://i2.hdslb.com/bfs/archive/98e1ae73019f0fbde705f8fb9d72ef6f45c8e26c.jpg,会咬人的白海豹,52575440
BV1f94y1e7Zn,https://i1.hdslb.com/bfs/archive/052eb9ca9ebd48ecb7f640a8fbf1330bf7b37e2e.jpg,kttts,10618733
BV1f94y1u7oL,https://i1.hdslb.com/bfs/archive/f97a3c093adbd39f50dea4fc2bfec2ed9cf4dee8.jpg,Lerearath,389695741
BV1f9MgzvE9p,https://i2.hdslb.com/bfs/archive/cf1b38463cef3c1a81893aeb70b6b5823775fcfe.jpg,夏茉白夜,482714412
BV1f9QSY6ENW,https://i1.hdslb.com/bfs/archive/07927a64592f8b30e8cb21a11af9a38d8ac8e13f.jpg,秋沼AkiNuma-P,3546755475966065
BV1fA411P7Ge,https://i0.hdslb.com/bfs/archive/48c655e7f0ef59c9143131fd35aadd4319314f0b.jpg,白烬之星,11052705
BV1fASnByE6A,https://i0.hdslb.com/bfs/archive/e5c9479e7a5df11d22f125c6715692c8cc9a43ba.jpg,空诩_,514721889
BV1fC41147N3,https://i0.hdslb.com/bfs/archive/0b1fa3e89eac63304dc84f32727f632652253532.jpg,--WHIVE--,13671781
BV1fC4y1N7uA,https://i0.hdslb.com/bfs/archive/cbd0eb91fe9ae9cd5e29e083d459c9bdb03ab979.jpg,心上秋的林夕,3493274734037205
BV1fFtZz1E2k,https://i1.hdslb.com/bfs/archive/3df54ab07d5695cc8686610579b66cddd3c94dcd.jpg,朔夜观星の专属舰长,503877269
BV1fG4y197kz,https://i0.hdslb.com/bfs/archive/b5f98a8f943940f307e2ae6e9846c2e0c1946572.jpg,心脏扭蛋_rabbitrite,28536033
BV1fJ2YBzEVp,https://i2.hdslb.com/bfs/archive/197c59fded7ebff082328737b6e8f31294c83ebb.jpg,钴蓝配黄的吸尘器,322285529
BV1fJ4m177bE,https://i2.hdslb.com/bfs/archive/fd0975542f06bcc20df7418626c6ef6257b59c06.jpg,请你吃核弹P,5846566
BV1fKBMYsECn,https://i1.hdslb.com/bfs/archive/1fdc054824cb6bf4faedd293f535bc5906b8f2fb.jpg,青杉折扇,183675426
BV1fKmeYXE4b,https://i2.hdslb.com/bfs/archive/5c9e5f944bbb858cc073f8aea4f3b13ebe2b0dfa.jpg,时津泪,106628316
BV1fLDpYZEju,https://i2.hdslb.com/bfs/archive/1bafcd5ed4cce854dc367b050fde823ee52be5ac.jpg,VC绫绫乐,355156672
BV1fN4y1v7Es,https://i0.hdslb.com/bfs/archive/f8d1359020ee1322d2c04b06509a63d3c02183ab.jpg,NGC6302星云,9218386
BV1fNKLejETA,https://i0.hdslb.com/bfs/archive/d1cbeb1d60abbe50cd47399e835ac6afdff89d18.jpg,米米又库库,3546658205862306
BV1fNsTzbEp2,https://i0.hdslb.com/bfs/archive/e289fa50f08dabcf2b31b63426c5667e679f6122.jpg,一只路过的史莱姆z,474601742
BV1fNyHBeEKF,https://i0.hdslb.com/bfs/archive/543ccfd7770d4f5c78ee6104259825d8949e80cd.jpg,赋水仙术,31861557
BV1fPYizwEDN,https://i1.hdslb.com/bfs/archive/96e6713aba17dec50ea866a39282eef7713af7b2.jpg,TwoASeven,543709767
BV1fPdLYDENo,https://i2.hdslb.com/bfs/archive/3663ba5335d63dc67d40060b974abcf9cca8c1aa.jpg,seri037,1158097581
BV1fQ4y1s7fo,https://i1.hdslb.com/bfs/archive/4b57e8a2ec816c3e327fd6e6af72d388e7a0160d.jpg,紫陽花RainDrops,440421599
BV1fQxKzwEGj,https://i2.hdslb.com/bfs/archive/f0b1ef9a2c141e78b72515f4876472139bbb9b3c.jpg,天宸Official,1771185279
BV1fR42zLEuR,https://i1.hdslb.com/bfs/archive/4ffb3b4332e97696f6736d8a3f3e2f3c400fdfe1.jpg,wilo_official,477209781
BV1fRXxY1EkH,https://i0.hdslb.com/bfs/archive/daf31711becc389fb9ad4df66887677d6863ed89.jpg,Utopia_乌托邦P,1858510441
BV1fS4y1S7XL,https://i2.hdslb.com/bfs/archive/b6e28427f25a9beaa2fd71b36388c3d108f57793.jpg,白糖の正义铃,180668218
BV1fS4y1e7Yz,https://i1.hdslb.com/bfs/archive/c20fccdbd3dee836eaaada96ec294ea96c710eeb.jpg,瑞安Ryan不跑调,108845996
BV1fS4y1t7M6,https://i2.hdslb.com/bfs/archive/51c1ba3149c447a961956da5e65f2e74f879e9a6.jpg,小茗呼噜噜,34053160
BV1fT7rz6EF3,https://i2.hdslb.com/bfs/archive/32583e7d3ab7d89ab8e53da9291f4a26ed93bdf5.jpg,秋沼AkiNuma-P,3546755475966065
BV1fTCrYhEAN,https://i1.hdslb.com/bfs/archive/3357890d77cb17a80b29d9beeca4e2323ba253a5.jpg,栖鸢_d,447409538
BV1fTuGzBED1,https://i2.hdslb.com/bfs/archive/6fce64bea97f1400bde31d64ba94930c69ea6bb9.jpg,枫零P,1640170583
BV1fTvaB6EDk,https://i0.hdslb.com/bfs/archive/74594b4843c2281e5365f0de0e1e79cd6d760182.jpg,蓝鹰QAQ,493851957
BV1fV4y1U7TS,https://i2.hdslb.com/bfs/archive/d9c80e9dedb4ef7d3c1f53866132dea741fee45a.jpg,吃吃安息香爻爻爻,651643146
BV1fW1KBFEdh,https://i1.hdslb.com/bfs/archive/3c233fb39da1125ffcff490a3df42b12db44a021.jpg,以方_P,3546873786796092
BV1fW4y1a7DN,https://i1.hdslb.com/bfs/archive/b0e17e826ed31601f7e92427a88d6fda8976d6a5.jpg,赤凌p,382441421
BV1fW4y1p749,https://i0.hdslb.com/bfs/archive/e84ece1f654bb41b628f716e5e8fd486a03a0f02.jpg,1mol梨花茶,353784518
BV1fWCtBQESz,https://i0.hdslb.com/bfs/archive/8fb03d702434831b09e775e28ac91ec1070aa01d.jpg,双辞冫,423886341
BV1fY411M7aG,https://i2.hdslb.com/bfs/archive/6b225cc539e66f50b965ee0193dc827f0883cc5a.jpg,固态康复新液,302450956
BV1fYYrz2E8i,https://i0.hdslb.com/bfs/archive/72455ac18fa20f19a8791051bef805f013290741.jpg,QianSYp,28795472
BV1fYfDYbEsh,https://i1.hdslb.com/bfs/archive/07aad5e2f64478f663d76350ef396532d4df1ebb.jpg,之水理由,128323064
BV1fYwNekER5,https://i2.hdslb.com/bfs/archive/b19d954f09524d771441f31221859eb1ecb2d866.jpg,蓝鹰QAQ,493851957
BV1fZ42127hr,https://i2.hdslb.com/bfs/archive/79fa8468b4ba5de76abf137068765a5bfb84243c.jpg,ArtanisLucien3,3494358949038171
BV1fa411P7ZF,https://i2.hdslb.com/bfs/archive/0e1fb3c85dfce31e5bf7b46d14ba057fd1490590.jpg,--WHIVE--,13671781
BV1faX1YAE9z,https://i1.hdslb.com/bfs/archive/dd479ebfe43511f30bc6ccce7c7b102a0f255451.jpg,北极圈ArcticLab,286334754
BV1fb411P7W4,https://i1.hdslb.com/bfs/archive/bba78b233fd334c3df6937c7712a3426d6f50e78.jpg,北云-BeYonme,14726588
BV1fb421E7nM,https://i0.hdslb.com/bfs/archive/e19a766eceb471dbb4738244cbfd170fbac7c530.jpg,邦永科技,518070546
BV1fb4y1M7WC,https://i2.hdslb.com/bfs/archive/81116f36b9722aa745b96c9196dba3a833edcf74.jpg,白霜渡鸦_Corvus,470563327
BV1fbUXYCEov,https://i2.hdslb.com/bfs/archive/d8ae79b479f00a0baa80bb55c362eeb8791fb644.jpg,缄口p,3546701795166639
BV1fc5uzCE19,https://i1.hdslb.com/bfs/archive/8a62f49dec6842445c0e9c8d7cbb2fc18d3ee517.jpg,反方向的燕砸,2020045616
BV1fcJ6zkEov,https://i2.hdslb.com/bfs/archive/0d1a1bb0a3844a5db444c5fa78f40820872839be.jpg,瑞安Ryan不跑调,108845996
BV1fdBCB7EKH,https://i1.hdslb.com/bfs/archive/853e4547e3c6e023856c5cf1e2957c61ed2d20d9.jpg,番番番番番茄鱼,81698687
BV1fdCFY2EnM,https://i0.hdslb.com/bfs/archive/dadada965ffec6c3fa1a7d8233afb5754b0f1087.jpg,泠珞-星夜,400604752
BV1fe411N7yw,https://i1.hdslb.com/bfs/archive/b4fd59a9b0e875379570a155e7fba2447b105c44.jpg,4katosh,275018318
BV1fe63BFEyM,https://i0.hdslb.com/bfs/archive/0622027eea9d464b05d57cd463df2c12c141a880.jpg,老凯不会弹琴,379922553
BV1ffhCzSEmn,https://i0.hdslb.com/bfs/archive/175b2d8c13df541e9ead23ac9e9666e1975a3454.jpg,Starst星尘子,399170457
BV1ffvwzVErx,https://i0.hdslb.com/bfs/archive/6d2abec4aab35e1175733998585c13a99cf80641.jpg,鈴木へて,2131408051
BV1fg4y127bx,https://i0.hdslb.com/bfs/archive/6ee3ba6a08caf2be8cb040b99147c214dfe135ab.jpg,Mylech,79488060
BV1fg4y1H7BS,https://i0.hdslb.com/bfs/archive/85c9a1ec724da87b43911c308d18f939be154902.jpg,水龙头P,584935264
BV1fg4y1c7pD,https://i1.hdslb.com/bfs/archive/aa3c9c475cd71347433bd19b2d9006172e0257b3.jpg,忘川风华录,326258472
BV1fg4y1o7uR,https://i0.hdslb.com/bfs/archive/4a468b5c24ebbc167226a3eff9d75fb826af8144.jpg,Cero躺着也有梦想,12958118
BV1fh4y1m7d7,https://i1.hdslb.com/bfs/archive/29cc8cc1a65c364b97ae292bb135a84b99e08a59.jpg,清潇Lanoiah,14431522
BV1fi4y117na,https://i0.hdslb.com/bfs/archive/7dcfbe3cd07a5b8f44d4ea375e63e4d4b06ed028.jpg,世羽纤莫,290042121
BV1fiNZewEd6,https://i1.hdslb.com/bfs/archive/76fd4ea916547430cd618bf5eacf06feeb46389e.jpg,cat-fish鲶鱼,440348680
BV1fiUaYEEv4,https://i2.hdslb.com/bfs/archive/ded6a55ba9d1c87e516698e3a5cfa6c6f2f0adc3.jpg,binbulin,1681844065
BV1fj411o7fn,https://i1.hdslb.com/bfs/archive/60c8072d52dd42396b757fef86186ad77ae90624.jpg,风湮Official,8151904
BV1fk16YvEXW,https://i2.hdslb.com/bfs/archive/f5388afc9d7a08ec2cc6e376cee4f5f8faa54810.jpg,Frosty虚霜,517737512
BV1fkBNBkEoC,https://i2.hdslb.com/bfs/archive/d3b5b6ec7185226de6cfca58205a5e3495d1600f.jpg,夕颜颜颜颜颜-,3392539
BV1fm19YzETm,https://i2.hdslb.com/bfs/archive/eaa91f15cab608fdc99752e1f7012757c673b65d.jpg,风湮Official,8151904
BV1fm4y1s77x,https://i2.hdslb.com/bfs/archive/94391480f4453646888a82ab67e005a0b2def9d4.jpg,橙味比巴卜,11116918
BV1fmFCzuEfm,https://i2.hdslb.com/bfs/archive/db1f145812ad3b790d0488d14d8839eca9607578.jpg,-Momiven,404236108
BV1fnB5YuE2T,https://i2.hdslb.com/bfs/archive/91c2eb558548c72418030370421cc3be86b34da7.jpg,不阴郁NRR,43032192
BV1fneuzbE52,https://i1.hdslb.com/bfs/archive/bb441582d4defe49d4f6d7fc4deaa03bf3b1369d.jpg,温砚_,1928501044
BV1fnnfzvErk,https://i0.hdslb.com/bfs/archive/660cdec94dec8b03dc346671e7a4e83999dd425e.jpg,风湮Official,8151904
BV1fobKzzEhh,https://i1.hdslb.com/bfs/archive/700b02ef2f01713764a8a74ad26d41c74f599ef9.jpg,光泠栀紫,1715971596
BV1foswzEE2c,https://i0.hdslb.com/bfs/archive/60ad5e2d453ce4dcd76b5248757c2c32149bfbcd.jpg,QianSYp,28795472
BV1fp4y1M79a,https://i2.hdslb.com/bfs/archive/40a6dad39d21c9916320bf4c491f24a156f1e586.jpg,昏睡偷摸零,54256789
BV1fpBLBTEeS,https://i1.hdslb.com/bfs/archive/6c9343b272ebcdefd4f45da1efe3ddbc60eaf0b1.jpg,吸吸砂仁女魔头,519411705
BV1fpgbzxEZJ,https://i0.hdslb.com/bfs/archive/177c93b167b8a9a0bcfa2bd0bb60b811d1256673.jpg,DavidClarkson,20879527
BV1fqtdzkEtn,https://i2.hdslb.com/bfs/archive/527866cc0152bbc2d988e44c26af3a913261f759.jpg,空想纪录,83968695
BV1fsNQeLEHq,https://i2.hdslb.com/bfs/archive/7f43fd966b5c9ceb9841fb475ac977526fa3026a.jpg,一只路过的史莱姆z,474601742
BV1fsyFB3EPD,https://i1.hdslb.com/bfs/archive/87419a96d5cb258b0e7307ce8bb0a275d6629a5c.jpg,尘萤宇P,382492832
BV1ftKNeDEaE,https://i2.hdslb.com/bfs/archive/c0153a92bc69d034de17324ad0974c08ea635a0f.jpg,disischai,1970176153
BV1ftWLzQEh2,https://i0.hdslb.com/bfs/archive/f91df24bba7fa85c26b4d0dd211c1e0644613b7d.jpg,凌光寰,400669030
BV1ftb5zhEmp,https://i0.hdslb.com/bfs/archive/0d26cec2cbaefe475dbb624045b1f3e14f7f2479.jpg,梣雪尘iny,3493274729843539
BV1ftoiYUEyJ,https://i1.hdslb.com/bfs/archive/09ef8d5d8056e9362b9fa6bf8005598d535ac2bb.jpg,st_coffin,343505958
BV1fu411E7VM,https://i2.hdslb.com/bfs/archive/9da9b13b4a3061ebf4a33a018ad3715392c318ce.jpg,燈侑Yuu,43977445
BV1fu411Q7Fz,https://i2.hdslb.com/bfs/archive/d1184f394574369a5ccb8219fe9ae715feda739b.jpg,86401,386448851
BV1fu4y1v7Tg,https://i1.hdslb.com/bfs/archive/35896bbad60ce7daafdd33e33cb66435da59f8c1.jpg,rotbala,62880505
BV1fuzUYBEnF,https://i1.hdslb.com/bfs/archive/e387f04f9675d228072273b82735befb412682e7.jpg,亚师,1130973563
BV1fv2EBPEtS,https://i1.hdslb.com/bfs/archive/d1ac2851ad8fa4523ace294b17304bfda99373aa.jpg,永夜Minus_Official,1886053308
BV1fv421y7GY,https://i1.hdslb.com/bfs/archive/5c43eb3f647d8fb336f451aad5930a7e403a4e5a.jpg,雨薇HFXY-LSTY,490446604
BV1fw411s7Yb,https://i2.hdslb.com/bfs/archive/d085db245b80a0e0fa5c3361b60af53e0dcfa0e3.jpg,安槿_yuuki,80076940
BV1fw4m117N4,https://i1.hdslb.com/bfs/archive/2f8bf851a55a6a6f07cb55eb7dbaab7ced3772b2.jpg,飙尘_Konoyo,645999511
BV1fwTTzSEhX,https://i1.hdslb.com/bfs/archive/c7794107b50c2700e49e4cf2ba580ab5a21d321f.jpg,于之鱼Fessy,109335571
BV1fyBqBhEsz,https://i1.hdslb.com/bfs/archive/6745671f922b2c9105661cad6733f5bf14a387e1.jpg,清鹤HHZ,3546819457976879
BV1fyNueaE1d,https://i0.hdslb.com/bfs/archive/0d81359f37ab5883bda1dd42206f1ca69e5cffb8.jpg,Frosty虚霜,517737512
BV1fyxZeEEt2,https://i0.hdslb.com/bfs/archive/e41199643e99ee95584be94c849973386c11abe9.jpg,许家乐Jiale,694979371
BV1fz4y1H7eE,https://i1.hdslb.com/bfs/archive/1e08c0eb1b9a044a9e34c3d87d96b119f5c66b38.jpg,禾芷溪溪溪溪溪溪,186907588
BV1fz6DYSEew,https://i1.hdslb.com/bfs/archive/cf777d47ffbff3dff2631825935dfc533bc35891.jpg,酒徵酩,67654111
BV1fzt2zJER2,https://i0.hdslb.com/bfs/archive/08ea05f2ff56b49e41113d0c9593cc12dc57c435.jpg,MixNight慕奈,3493078383986861
BV1g14y1H7QS,https://i0.hdslb.com/bfs/archive/d1b4d4a6984a9d90c9e68a11f5b65c6035f7898b.jpg,QutaiBai柒白,107609416
BV1g14y1T7oK,https://i2.hdslb.com/bfs/archive/9f0e7921e632b93b6b55ea718b88612afc31fa30.jpg,星海化相思,548530704
BV1g26CBGEax,https://i2.hdslb.com/bfs/archive/610552759d123e9fd93a3b9e92a3e6fce968dea9.jpg,芸芸ze,39199648
BV1g2q2YUEaL,https://i2.hdslb.com/bfs/archive/2980a095e2f11caec39ce735b9cc4376abfc8bbe.jpg,克劳德Channel,593843788
BV1g2vaesEjC,https://i0.hdslb.com/bfs/archive/abfec999729463ae62bc92d9dcc63497f2d573cf.jpg,账号已注销,1461001143
BV1g34y1F7Wq,https://i2.hdslb.com/bfs/archive/270f4643e65246dd08cbc8c0978b49b3b54ed3d3.jpg,徵弦OwO,25458816
BV1g34y1J7CT,https://i0.hdslb.com/bfs/archive/b3c9ad23b71b6667ca1a4e96a3bec89543f0a1ed.jpg,旋惊散San,39397092
BV1g39HYWEzS,https://i2.hdslb.com/bfs/archive/65886833d562ca4c30b06a032255adea740f7610.jpg,铃铃柒吃布丁,484785644
BV1g3NxeFEvG,https://i1.hdslb.com/bfs/archive/0c9374e82fbb993b1760fe6828caaedcce916498.jpg,Un_dolce,3512622
BV1g4bozAENs,https://i1.hdslb.com/bfs/archive/893e31341f6eebbdb910152f602315d4e61fcc97.jpg,一只路过的史莱姆z,474601742
BV1g54y1J7UL,https://i1.hdslb.com/bfs/archive/431080081327b3413809a1f06673009db76dded1.jpg,伊野奏,74550390
BV1g6tDedE55,https://i1.hdslb.com/bfs/archive/a75fb2e9dfdc86d670baad75e476ed825cd615d0.jpg,日生日立的星昱,1729483900
BV1g7411C7em,https://i0.hdslb.com/bfs/archive/1e04ed9495926ebd5ff3bb7145ea1f15dacc3fb6.jpg,瑞安Ryan不跑调,108845996
BV1g7tUzVEfF,https://i1.hdslb.com/bfs/archive/8d4f146d80c01cc2c2d48cf959c6dd9f40e46720.jpg,鱼鱼酋长,399950312
BV1g8vsBkEB6,https://i0.hdslb.com/bfs/archive/4fde79cc08902b6dec3f64f69a7a35e657ec506a.jpg,予梦_StarryNight,288592339
BV1gB39zjEvv,https://i0.hdslb.com/bfs/archive/2a656f3470998c1c1d9e9c411d69ca06bbd90b65.jpg,Starst星尘子,399170457
BV1gB4y147gn,https://i2.hdslb.com/bfs/archive/fc65680f763cc1977a0ac441f53d0f36d1592b26.jpg,86401,386448851
BV1gBZABTE82,https://i0.hdslb.com/bfs/archive/bb19ee834e3bb62a62f39e70c849c724fe37fe38.jpg,磁带君,32672
BV1gC4y1v77M,https://i0.hdslb.com/bfs/archive/bec34b8d4551172452b088d712563625668cd907.jpg,QianSYp,28795472
BV1gCNXzaEbc,https://i0.hdslb.com/bfs/archive/e427d816ba20ff5d02ec1d5e8ce484d9919d4f76.jpg,ON_SELLING,37663643
BV1gD421A7Sk,https://i1.hdslb.com/bfs/archive/6b01bd6ad8964352f9e6255e62661aa1d2cb9b38.png,郑射虎,635663
BV1gDthzoEvE,https://i1.hdslb.com/bfs/archive/b5ff0e5a3688e8a5e5f3c83f47306999ab1f9d20.jpg,林小四4040,13367155
BV1gFtKzRE14,https://i0.hdslb.com/bfs/archive/8750c577e515d57cb4b9524d809f305b971a702e.jpg,WHQ-_-,141232009
BV1gG4y1H7eS,https://i2.hdslb.com/bfs/archive/a517313c47ffb9424bfc6f8630084b289151e7b5.jpg,irokit色具箱,35763913
BV1gG72zkEFk,https://i1.hdslb.com/bfs/archive/c10dfea53303b036914edf9479f1ad8fa75cb934.jpg,卿雲復兮,3494357529266722
BV1gH4y1Z7Rw,https://i0.hdslb.com/bfs/archive/b51353b897ab11eccafd4d85aed7be480bef77ee.jpg,自由飞翔zz,312300395
BV1gHBjBoE6A,https://i2.hdslb.com/bfs/archive/20e2dfcdf7fa405b6f83da827d2380003d0e8bbc.jpg,Skylineddy,399606378
BV1gK421e7Rf,https://i2.hdslb.com/bfs/archive/23cdb02879bb867887bfce2a5c21a2bfeed1fe0b.jpg,秋风刮遍高卢地,443340569
BV1gKmGY5Exb,https://i0.hdslb.com/bfs/archive/d28787845d71c57ffbdf55ed30d6f93ff49b91df.jpg,John_Em,471195247
BV1gL411y7PR,https://i2.hdslb.com/bfs/archive/e2686ebde514d02e255a5371c274e961c5f794ec.jpg,吃吃安息香爻爻爻,651643146
BV1gL4y1V7aT,https://i2.hdslb.com/bfs/archive/1bec903278936f5e30326b214b5df95d3473c244.jpg,1mol梨花茶,353784518
BV1gMxjzVEsx,https://i1.hdslb.com/bfs/archive/3bc7a9272a9d45a70010278b954b3acc11af1ca6.jpg,MOCKER44,1402233397
BV1gN411A7Ek,https://i1.hdslb.com/bfs/archive/4685c13885d281318bf50adf0325553d7f75826b.jpg,飞不快的灰鸟,24443249
BV1gNBnYyEXu,https://i0.hdslb.com/bfs/archive/3c4c0c55a6f790137c8fefaecfdb07332e54eff2.jpg,Aya-啊呀呀,2577707
BV1gNsCedEHn,https://i1.hdslb.com/bfs/archive/adce17d08ac9e714465b5a90e8dd17586d14c078.jpg,星川__HzY,1783946889
BV1gQH7emE1y,https://i0.hdslb.com/bfs/archive/bca1cf5d6c53f23eea9519e70df270fe1f28ce21.jpg,橙味比巴卜,11116918
BV1gQtpeyEFg,https://i0.hdslb.com/bfs/archive/2c54eaf0ed057539c27f07cc2f584d4fd0f3f1a7.jpg,AuCl_氯化亚金,3493081974311347
BV1gR4y197i4,https://i0.hdslb.com/bfs/archive/70cd848acbe52046a47e192ad978d8f3e1c8ffdf.jpg,简尔林,158072570
BV1gR4y1f7kj,https://i1.hdslb.com/bfs/archive/b091f48cfe04422f0cf61b6a1c9dee0a9d5e0022.jpg,望月雨音amane,503834945
BV1gR9gYsExL,https://i2.hdslb.com/bfs/archive/a48a6cc78c69b9cd6f09ed4276e87ed3900d9e09.jpg,仲瑾特雷森帝吓室,484003657
BV1gShQzfES6,https://i2.hdslb.com/bfs/archive/28eb629bb71cd6655592da96f5937f12590fdd3e.jpg,xlly11,3546923352983819
BV1gSrKBBECg,https://i2.hdslb.com/bfs/archive/930200a3e0cabef7202110470719f018d60b7505.jpg,Saber丰,457118179
BV1gTsHzsERr,https://i0.hdslb.com/bfs/archive/3402b9bb69785cf354c1ebf593cd62f80d9e7915.jpg,灯火渐熄,1525466474
BV1gUpRzUE6y,https://i0.hdslb.com/bfs/archive/2013740d89e3acca1aced05d860b3d010d2af649.jpg,账号已注销,3546968768908049
BV1gV411P7ZK,https://i2.hdslb.com/bfs/archive/55bfff7a3949ec5d003a92a230dd95d4bcfbc14a.jpg,落叶brs,7968848
BV1gV4y1Y7Ge,https://i2.hdslb.com/bfs/archive/3b6b9c83c5fa6befe4a9309f9c0676879715c741.jpg,ZClear_P,448813977
BV1gWfqBBEbV,https://i0.hdslb.com/bfs/archive/02798e5f685de931c6595f625830d8bee91b6ec4.jpg,风湮Official,8151904
BV1gXLpzgEin,https://i2.hdslb.com/bfs/archive/b696214081e8b46568436bd0511254ecc75960db.jpg,零道清隆,413060336
BV1gXLpzgEqN,https://i2.hdslb.com/bfs/archive/f9a758224192a62382050307537b6312ba776f63.jpg,Azusaaaaa_,1284443649
BV1gY4y1c7kw,https://i0.hdslb.com/bfs/archive/567aa543db16f6856f4664ca7a74f4520788d911.jpg,上弦月菌,237785945
BV1gY82zGEeC,https://i0.hdslb.com/bfs/archive/08fc5edd45c99206045a4af43bb76b1e603d8f96.jpg,Tremely,13431502
BV1gZ421J7xG,https://i2.hdslb.com/bfs/archive/c73c339064bbf235eec795e9f88dc0539ec0433e.jpg,吉武仁,44027915
BV1gZ4y1B7rm,https://i1.hdslb.com/bfs/archive/36d685e3846dba27c32b48f416913d28489d02b2.jpg,星尘Official,15817819
BV1gb4y1W7aL,https://i0.hdslb.com/bfs/archive/c4a4cfbc5ead6cb81a2e182f3e0bec5c39496dd0.jpg,账号已注销,500729337
BV1gc41187hy,https://i1.hdslb.com/bfs/archive/7fbc1a4e4b8e9e2cbc076e8d968eb9640f91aa7e.jpg,新一威尔特,27252179
BV1gc411k78d,https://i1.hdslb.com/bfs/archive/0a37f6556631c264569fb319712023b42cdd380f.jpg,零宇Lyu,277347455
BV1gcKmzSEzH,https://i0.hdslb.com/bfs/archive/973cee338e17ddd90818940a7157b5ea45b13571.jpg,卓盈之,38028309
BV1gdEuzkE1S,https://i2.hdslb.com/bfs/archive/5b91946f2e3fd0cb95b6362bbcef9a012bdfd90a.jpg,QianSYp,28795472
BV1gdbXzoEEN,https://i2.hdslb.com/bfs/archive/dc8471a3544e10ac0f95e6f848ac6c893411410c.jpg,Eid_Shacklebolt,291340927
BV1ge411Q7JJ,https://i2.hdslb.com/bfs/archive/973a6737f32acae2b4b6f4bd01987dd7707cda95.jpg,皓灬丿,399888931
BV1gfkkYQEnf,https://i0.hdslb.com/bfs/archive/ade20ea23eafee4169742c1e742243259fcc4d37.jpg,澈零喵,252680534
BV1gfm7BXETq,https://i0.hdslb.com/bfs/archive/649738210298d52c178bb066303798f0600e2f84.jpg,小刀Producer,457444916
BV1gg4y1Z7ek,https://i2.hdslb.com/bfs/archive/519388f24fbf18678f105e8b6acfc64ceac36f82.jpg,零天羽,36395571
BV1ghSjYhEWF,https://i0.hdslb.com/bfs/archive/c141486077bf4cebe5872fa166a5dcf559652091.jpg,国服第一托儿,173293405
BV1gi4y1a7v3,https://i2.hdslb.com/bfs/archive/0e8f3f96a5d900381770ce4649a7c5534cd270fc.jpg,王牌p,5343158
BV1gitwzyEKD,https://i1.hdslb.com/bfs/archive/7804a9e8dd9aa3af797d19aa6fba92243fd9e30d.jpg,神鳴沢世界,114419306
BV1gktDesEmL,https://i0.hdslb.com/bfs/archive/fdeee9d697740f76c40cdc2536593badc97f8145.jpg,不好喝的,44088665
BV1gm4y1g7vN,https://i1.hdslb.com/bfs/archive/b1c30d9d52b1d0001c507e0a7716403349a404f0.jpg,北山Pesaka,19500824
BV1gmhPzdEKa,https://i2.hdslb.com/bfs/archive/15e55f2a6b584a9b42a047700bed18e79b3b1338.jpg,幻灯花_AuroraCries,3493259101866355
BV1gmq1BBEtX,https://i2.hdslb.com/bfs/archive/34ea26ab9cde9ee3344360254bc23e487e2a50ab.jpg,弥藏-PEACE,305831482
BV1gnWdzSEG4,https://i2.hdslb.com/bfs/archive/211d5b8e2b79790702fb038d6359e6747e7ecff6.jpg,P7iu5taR,3546753594820775
BV1gp4y1R7kj,https://i1.hdslb.com/bfs/archive/ba5fc89fbbdf98805a9a2bdadb2866f881b4ce43.jpg,IvyEllen,1086225949
BV1gqUvYLEby,https://i1.hdslb.com/bfs/archive/481346a911c3c73791fa69108cd109bb1e0107e4.jpg,遙枝harue,295514534
BV1gqmNBJESB,https://i1.hdslb.com/bfs/archive/26a310f8783fbc4a7c85e4f702508b2159c64aea.jpg,岚峦,610147352
BV1gr421W7Hz,https://i0.hdslb.com/bfs/archive/0f85d3d3884adf3b79400922eceb7c7fa7f96252.jpg,-安鹤-,20264456
BV1gs41137A3,https://i2.hdslb.com/bfs/archive/2c44cd02dcae940e809e466ec7016084d2194905.jpg,Zeno_P,326966
BV1gu4m1g7C4,https://i1.hdslb.com/bfs/archive/4120636c2f2ffeae9cf8e35c78a6b09fdfd96860.jpg,风湮Official,8151904
BV1gwececEbu,https://i1.hdslb.com/bfs/archive/28e70f69c9ad2e7323ee46436e409941a476609e.jpg,空化器,1071135356
BV1gx4y1Z7ru,https://i2.hdslb.com/bfs/archive/165d3e3490186fd696ff400238301eb16230f9e7.jpg,烟波依旧汉时秋-,19704922
BV1gx4y1e7J2,https://i1.hdslb.com/bfs/archive/95b9cc1aa00c6e61393ab932457bf170e01b0f39.jpg,FFetan,1747933936
BV1gxFYeNET5,https://i0.hdslb.com/bfs/archive/ceba6879d3d5865661e163ddff29ff923378780f.jpg,橙味比巴卜,11116918
BV1gxRFYtEwW,https://i1.hdslb.com/bfs/archive/3181864247c87ee786d129c6cea9b89c579cdaf0.jpg,泠珞-星夜,400604752
BV1gy4y1K7z2,https://i2.hdslb.com/bfs/archive/256f3f44ee01efae697e6002349658ce5e5657a8.jpg,超级大菜猫,3494358737225862
BV1gyfNYsEUx,https://i2.hdslb.com/bfs/archive/971b01b971ab0dd4e72f898e58f8d95ba7594381.jpg,ON_SELLING,37663643
BV1gz421B7pN,https://i0.hdslb.com/bfs/archive/c106eb68ad5a5d23d08e5245e91e9517d7f59097.jpg,Euule,88198890
BV1gz4y1N7mr,https://i0.hdslb.com/bfs/archive/fe17b23d6d8c65d381c780bc04829bb82d7c7318.jpg,SN_k,5039666
BV1gz4y1u7yd,https://i0.hdslb.com/bfs/archive/c54fd916b6f3a091b4fbb28604a1e3a430269ebf.jpg,MixNight慕奈,3493078383986861
BV1gzrWYfEQv,https://i2.hdslb.com/bfs/archive/591ad9def20bf7ac5de9c4b4b32ce357fc9f0902.jpg,蓝鹰QAQ,493851957
BV1h14y1X7tk,https://i2.hdslb.com/bfs/archive/3a41921a1ac0157de3e64cd9358295a50ea761fd.jpg,Mrwhite0093,5283053
BV1h1fiBeEJA,https://i0.hdslb.com/bfs/archive/a213aa6565f81a9606ee80ec05a2c16879752818.jpg,奏-Kanade-,3546867184962157
BV1h34y1T7sr,https://i0.hdslb.com/bfs/archive/c14f7d95317303301cd16214f8f39ca29ee56cd5.jpg,Mr兔_P,4399111
BV1h34y1w7BJ,https://i0.hdslb.com/bfs/archive/13db7d05c5b0d95e401fce0487499e9d793d088d.jpg,Sucial丶,445022409
BV1h4421c7WD,https://i1.hdslb.com/bfs/archive/6657e774a5fa70202d845441ea4295c8221de35b.jpg,凤归梧桐生,632929026
BV1h5ZAYVEyD,https://i2.hdslb.com/bfs/archive/30ccbce76e0279420df019e297656b9f4ab72159.jpg,23点30_P,1585437773
BV1h64y1V7FP,https://i1.hdslb.com/bfs/archive/127d545b0a4e05c450656d5e99852ed4cd574af0.jpg,Helius-p,261681328
BV1h6N6eiErS,https://i2.hdslb.com/bfs/archive/87027b8c0238990fc48c926f809b441fc5dfcb03.jpg,青桐羽bronze,1764395750
BV1h6jpzGEcb,https://i2.hdslb.com/bfs/archive/377a4ec68534b747652c0eb33ab7948d5d5cfea1.jpg,Utopia_乌托邦P,1858510441
BV1h7J7zYEYq,https://i0.hdslb.com/bfs/archive/3d181c60d20396ae065625d7b944967d740b7ab4.jpg,零天羽,36395571
BV1h7VGziEc8,https://i2.hdslb.com/bfs/archive/c682d8cf5914db3df24e561cbfaed4760980e545.jpg,暮华语春official,1976728897
BV1h7b3zrE9n,https://i2.hdslb.com/bfs/archive/b8457a05e42e77af2bbbaa812b9ec56016dd2d90.jpg,半山溪鼠,454060711
BV1h7kMYQE9t,https://i1.hdslb.com/bfs/archive/5abfc390b6ae508859b6fa5c67fe9d9812c9063e.jpg,ko-轻辞,431296269
BV1h84y1J725,https://i1.hdslb.com/bfs/archive/d3de75090e0eac93a990f2977874399e99e64751.jpg,飞不快的灰鸟,24443249
BV1h8Noe7ERt,https://i0.hdslb.com/bfs/archive/4cf8c5202b87e170df4b517c40e97bacb54113b1.jpg,不觉醒的双簧管,66768894
BV1h8WzzzECm,https://i1.hdslb.com/bfs/archive/bc3b429ef8e139aee6952934766960f3fbf7ea1b.jpg,晟晞Dawn,38100384
BV1h8mLYsE7j,https://i2.hdslb.com/bfs/archive/ccbdba0c382560046d4728ccfbead17e8fdd6e47.jpg,绯雾Fitwar,2021631527
BV1h8zzYPEqs,https://i2.hdslb.com/bfs/archive/f4908bbbe436d8137f56d3fa7588dea72febc997.jpg,磷元素P,273891297
BV1h9JKzuEZ6,https://i0.hdslb.com/bfs/archive/8b145cfada5b90ad0d34feadba01d683bea22497.jpg,绯雾Fitwar,2021631527
BV1hBM2zpEsr,https://i1.hdslb.com/bfs/archive/b509ea57b60c27a88b293b8788e70dca634d3722.jpg,Ikusen小千,402899168
BV1hBZtBVERn,https://i2.hdslb.com/bfs/archive/604c7efee93991749890f3e2129930dcce24b182.jpg,解雨采结,89430004
BV1hBtSzmE9J,https://i2.hdslb.com/bfs/archive/080e64a2af85d01f900e52d972b94a51a4ca863b.jpg,星语落枫,52699238
BV1hBzoYQEEE,https://i1.hdslb.com/bfs/archive/869131a8a5140fa23dab1896f48be521d493efff.jpg,椰汁杨桃西米露,229546714
BV1hCBQBbE6G,https://i1.hdslb.com/bfs/archive/df9c0fd0a1073cc259cd1a631fcdd1f37a40b232.jpg,超高校级的人機,179393300
BV1hCDMYVE79,https://i0.hdslb.com/bfs/archive/d1760b7cfbb8f23aa601c738e354a4fbaf177e5e.jpg,钴蓝配黄的吸尘器,322285529
BV1hCZ9YxEWT,https://i1.hdslb.com/bfs/archive/03b10168671fc647a04036f9673fd4bbd5a681f9.jpg,遠い夢は叶うかな,348714331
BV1hD421A7i5,https://i2.hdslb.com/bfs/archive/9c36a0a48f915fbd375a7bed972827eba36bf68a.jpg,酒徵酩,67654111
BV1hDqBBpE1q,https://i2.hdslb.com/bfs/archive/15e731c1202b389ab74a80db9d2ae98559e1c3cc.jpg,有时p,1469303929
BV1hE6TYLE1j,https://i1.hdslb.com/bfs/archive/3e6225ceca22ceaa30c8d6bbd730553c3977ec57.jpg,AAA笑颜妄语,354807368
BV1hEfcBKEXu,https://i0.hdslb.com/bfs/archive/b87d76b73176ac90458e0bd31797c47cee58670f.jpg,半山溪鼠,454060711
BV1hF411W7oS,https://i2.hdslb.com/bfs/archive/5a211963709db6302e42fcc33206a636d6b2a91c.jpg,ZClear_P,448813977
BV1hF8TzhEL6,https://i1.hdslb.com/bfs/archive/7bf188bc773fc70b1d6b8dc4a36b7a606905264a.jpg,FortySeven-,497458238
BV1hFUfBMECP,https://i2.hdslb.com/bfs/archive/c1c98f6a6c21160888886185fb5002c6d0aefaf1.jpg,光饼炒酸菜,512031993
BV1hG411B7sH,https://i1.hdslb.com/bfs/archive/ad8043fe7b6640b66e4fd60b347a04f5f9e21e4a.jpg,ZClear_P,448813977
BV1hGEazgE4H,https://i2.hdslb.com/bfs/archive/a7687e0bf37ceb00fd15ae38379222c7b99ad547.jpg,挖泥挖尼,402716
BV1hGmmBiEKk,https://i1.hdslb.com/bfs/archive/5b1292b4074d5701d72f6465320abfb00a18418c.jpg,百合咲奈奈,488817090
BV1hH4y167ui,https://i2.hdslb.com/bfs/archive/fbbb626f1b75a82aa57bb0f8821a6bbbd69e344c.jpg,あまやどり,626549903
BV1hH4y1a7C5,https://i1.hdslb.com/bfs/archive/c79c581b4255c15fac5447b7bee2489b38b62709.jpg,Byzantophile,11171351
BV1hH4y1k7Yb,https://i1.hdslb.com/bfs/archive/a9dd541baed3d7a1b74781c841207ad638bf7679.jpg,一梦妄忧,454733016
BV1hHYKzMEDT,https://i2.hdslb.com/bfs/archive/45c6e61b164e5d998f3e54d4dc0208c242c1d699.jpg,萌的耳松_,50775648
BV1hJp6z3Eft,https://i2.hdslb.com/bfs/archive/e31e14e3e4088b2c753712ab762010aed7a6a6f7.jpg,Un_dolce,3512622
BV1hK411Y7pP,https://i1.hdslb.com/bfs/archive/c49fd4dcdf601c2e427d5e268cd476299aa9111c.jpg,Lerearath,389695741
BV1hK421C7fQ,https://i2.hdslb.com/bfs/archive/ddaefa131ffb08f8b237dea9098e6dabddf2e1c5.jpg,花饽饽与过去拯救计划,30976526
BV1hKJ3z2Evp,https://i1.hdslb.com/bfs/archive/eadd339e6f2ea0ce40190b4c2919b8a86fac6605.jpg,拾光与小狐狸,179469844
BV1hKe1z1Ew9,https://i0.hdslb.com/bfs/archive/7c8c083e4ff7f9374ee0470abc7ad5e7eaa3f584.jpg,蓝鹰QAQ,493851957
BV1hKpgeFEwi,https://i1.hdslb.com/bfs/archive/a07e535ed5639bc3a791b9d93d24b5db8f112cbd.jpg,tim_dim,372271290
BV1hKtRevEqM,https://i1.hdslb.com/bfs/archive/0273d69425f2e861a7f6dfa02a26f518d83fa458.jpg,风湮Official,8151904
BV1hKyUYuEfd,https://i0.hdslb.com/bfs/archive/899e9d74a7124976b63fdcd1a64797397fee39dc.jpg,琨桑KSun,352064548
BV1hM4y177Wc,https://i0.hdslb.com/bfs/archive/2fc235786bba32ab40341977ff0b47487485cfb5.jpg,千草幻星,14425668
BV1hN411n7wH,https://i1.hdslb.com/bfs/archive/6c5afe3f0054948d230bab47d4c43d5ccd17e642.jpg,氢氧化钠-yayo,403357976
BV1hN411z7ej,https://i2.hdslb.com/bfs/archive/84368954ee6e94e2e807a3a38d6aab30b9b8d562.jpg,燈侑Yuu,43977445
BV1hN4y1R7hC,https://i1.hdslb.com/bfs/archive/f6bb6dd8467ecc347ae2c31ed177bb631eb1e650.jpg,海蓝色SapphireSea,3493084138572675
BV1hNtneMEbE,https://i0.hdslb.com/bfs/archive/db715cd1bd392f51e5dcf6568c50689cf99d66cc.jpg,Tremely,13431502
BV1hPBCYCEdr,https://i1.hdslb.com/bfs/archive/fb2986674b1a990c146643d8f9539d4d2e4469c5.jpg,琲鸢Sayaka,58534834
BV1hPMjzPEWL,https://i1.hdslb.com/bfs/archive/8bc7dbf1c90100bcf851883d6af93d3c57c967e9.jpg,一只路过的史莱姆z,474601742
BV1hPrKBuE6G,https://i2.hdslb.com/bfs/archive/d31a8a92061b3483ccc0b4c46f6acc70add73941.jpg,绮雾Aneitre,1368472411
BV1hQ4y1x7Jr,https://i2.hdslb.com/bfs/archive/32fb0cdbd90662c1f35d1829df023c711f404a26.jpg,风湮Official,8151904
BV1hQk4Y3EJY,https://i0.hdslb.com/bfs/archive/4aab3f7113ced757afa8673e63ac5ec9ab5043d5.jpg,蝉向天空奉献之果,1655755632
BV1hR1mY6E4L,https://i2.hdslb.com/bfs/archive/8e8c4f2af52d1e9bf2fd91a93e97435b45bce201.jpg,云梦魂灵,356092974
BV1hRJBzZEkq,https://i2.hdslb.com/bfs/archive/a8fb6b83d9733ded4a4d433f55751236a9677c4f.jpg,豌豆哒哒哒哒,38403158
BV1hRL1zTEdq,https://i0.hdslb.com/bfs/archive/71ab6aca3d740acc09c999a31bb8bda9be216aa9.jpg,云晦,1986561987
BV1hRszzLEf3,https://i0.hdslb.com/bfs/archive/dc1f57aff5935252b692aae451b56854adbeb15c.jpg,小刀Producer,457444916
BV1hTDgY2Eea,https://i0.hdslb.com/bfs/archive/41edc17788801765bb839e8b535e4a86db45df52.jpg,lM_P已存在,3859963
BV1hTPKeTEWp,https://i0.hdslb.com/bfs/archive/87f2633bcd48de69b9ddd05a38161d1219def13b.jpg,v_vv_vvv_vvvv,363726013
BV1hTiTBtEza,https://i0.hdslb.com/bfs/archive/df091ec8cc930683c5b374fbdf35114e3d5fd793.jpg,Chronotone,3546775849798553
BV1hTtFejE48,https://i0.hdslb.com/bfs/archive/c0314bbb744f1baa064d08a6dfad76d2496b3f90.jpg,1mol梨花茶,353784518
BV1hUChYXExG,https://i1.hdslb.com/bfs/archive/45a2fd29004ab9335407a106be7566741404b0af.jpg,暮华语春official,1976728897
BV1hUfrYtEoi,https://i0.hdslb.com/bfs/archive/89098adb086b4a91218766a7b679655b48cb470f.jpg,盐水是言和水,285926728
BV1hUsGzvEWm,https://i1.hdslb.com/bfs/archive/4598aa8fe6ada865a60f3ca00e7cafa496dbc485.jpg,不凋花project,296959010
BV1hUt9z4EFQ,https://i0.hdslb.com/bfs/archive/9e2e62e5c3a7a06e4fd0da17594ab4a44324450e.jpg,浮青雀-,372255140
BV1hVKhziE6k,https://i1.hdslb.com/bfs/archive/155bab156c5ccbc919196fd40cc749601835c783.jpg,不觉醒的双簧管,66768894
BV1hVtGzgEEA,https://i2.hdslb.com/bfs/archive/50dc2feb43de51e91200c1a899ff6f86a85b8597.jpg,雪白的啾子,486396421
BV1hW4y1a7ao,https://i2.hdslb.com/bfs/archive/2e1ba3d317228f9e355bb24530a715d785c7e110.jpg,复咂猪,1130218954
BV1hWQPYeEkr,https://i2.hdslb.com/bfs/archive/2b90ce24364886f8fe67927963c621aff60d1f86.jpg,仲瑾特雷森帝吓室,484003657
BV1hWSZYjEo8,https://i0.hdslb.com/bfs/archive/d72fc22a51deee9c7ccb0898d7976e6101820806.jpg,神鳴沢世界,114419306
BV1hX4y1B7FD,https://i0.hdslb.com/bfs/archive/516de43d77fc6fc5ff6d287129e94136520b3ae0.jpg,千草幻星,14425668
BV1hY4y117za,https://i0.hdslb.com/bfs/archive/455ad4bf5bfac5a60fda8dca61a06d173838bd44.jpg,蔗蓝,473780327
BV1hYqJYkEQJ,https://i2.hdslb.com/bfs/archive/6aacf955dae4f35119d560ebe9bf61bc82dc6c31.jpg,网络风暴,640677415
BV1hZ42117Hi,https://i2.hdslb.com/bfs/archive/2e83a64054a0392e357eb9108bc82750d60c2335.jpg,真极I巴多轼,353680168
BV1hZWGzvEfp,https://i1.hdslb.com/bfs/archive/01395293f84a4cea8e1c00612fb5cbb975fc302d.jpg,dt_loser大饼儿,252936711
BV1hZZiBaEjG,https://i0.hdslb.com/bfs/archive/7060c648fd6e8f29c54c3a996d57e375fc9f19d3.jpg,遠野志貴_Official,440867090
BV1hZaEzMEZQ,https://i1.hdslb.com/bfs/archive/c45c88555d90f3b401cf29d1e3b95a85f9cbefe8.jpg,L则鸣,442791639
BV1ha4y1e7n7,https://i1.hdslb.com/bfs/archive/6b8ac517bfed911c4e2bdf1ef0c5433ef3f7f0a9.jpg,yoboby,254054345
BV1ha4y1q7bm,https://i2.hdslb.com/bfs/archive/8da3a3a65847ec1f8d9adadd9fc27b2eb67af64e.jpg,江篱Jacinthe,471955572
BV1hb6wYAEhc,https://i0.hdslb.com/bfs/archive/b4645054a771166f9e7173e3eb967c0697c4b4b0.jpg,霜凝玥,290808040
BV1hbuUzcEFk,https://i1.hdslb.com/bfs/archive/281455d73270a8399ad3428a827a2ab4fb7db492.jpg,星标不食鸽子,1199051312
BV1hc411y7zv,https://i2.hdslb.com/bfs/archive/6a971b5064a078788ab1a8a1bb5c03b3d4845d56.jpg,无声的狂笑,35313734
BV1hcPieXEuN,https://i2.hdslb.com/bfs/archive/d91887f7ab8b32aa0d56230f26615d78aaa6f755.jpg,4The-Answer,3493106924128835
BV1hd4y1K7Nj,https://i1.hdslb.com/bfs/archive/1fe3b95ff73dde576d6f816563b35b321794eacb.jpg,良良子p,2000704
BV1hdCvYeEZe,https://i0.hdslb.com/bfs/archive/ab52faa730d2daaf982b902b46c459dc8ceb2c41.jpg,落橘生秋,46207951
BV1hdL1ziEF4,https://i0.hdslb.com/bfs/archive/06efba7ef55da16b54c77fd4b8d32952e44a1266.jpg,云梦魂灵,356092974
BV1hddVYME5D,https://i1.hdslb.com/bfs/archive/f0495ecc9bf2c96a3bea5e03c73eb978f6adf86e.jpg,居白Stw,32964921
BV1hdnZzXECY,https://i1.hdslb.com/bfs/archive/2529cb83cf018e198b03ce639633a86155064f67.jpg,快晴After_P,1553977707
BV1he411r72y,https://i0.hdslb.com/bfs/archive/0c1fe598014f09f4df53397377466e025a0d5243.jpg,Star_苍梦祈羽鸢,285817566
BV1hfNzeeEFT,https://i2.hdslb.com/bfs/archive/ac315451d541cb71df212fd135e5d6dc3df4a9d3.jpg,星莳star,142379467
BV1hftZzKEW5,https://i2.hdslb.com/bfs/archive/ddcef81043b42efc248b7cd462af1b0b935ac775.jpg,Hsxx_xxh,29017760
BV1hg411e7H6,https://i2.hdslb.com/bfs/archive/dfdcadf0743c5394f3cabb9c20edced7e66ffacd.jpg,StevenTham,68408839
BV1hg411y7T6,https://i1.hdslb.com/bfs/archive/699c132bdc198167070f6692dfab6eec91dcd4f1.jpg,雪人Snowman_,15607580
BV1hgKneEEer,https://i2.hdslb.com/bfs/archive/cfd47f6ea8b3340e33ba2f6b2488cd5becc47589.jpg,木坂板版粄,150263332
BV1hh4y1m7Cs,https://i0.hdslb.com/bfs/archive/f67cc6253d981698fb4b64658b12e392d01db54f.jpg,冰淇淋拌饭Rice-cream,287974636
BV1hhfzBrE5z,https://i2.hdslb.com/bfs/archive/c600d02c591b7ca577c6d73e3fd404db2b41cdc1.jpg,苏渊-夙愿,36802383
BV1hiA5exEup,https://i0.hdslb.com/bfs/archive/4a7f78293950744ba7d5992d81e5adb38551c3f9.jpg,浅黛疏花,17001977
BV1hiRbYVET7,https://i0.hdslb.com/bfs/archive/d50a27a880aa2c79e8a242cfebef99ab772a2c4c.jpg,爱喝啤酒的烧烤P,327601393
BV1hiYWzQELK,https://i2.hdslb.com/bfs/archive/49918d3d52fa19b4a566acd4713c6ca15e97c86a.jpg,快晴After_P,1553977707
BV1hjXQYBE2z,https://i0.hdslb.com/bfs/archive/aaa54c5274ef4feded8533e2e3e5e8cdea795a1c.jpg,风湮Official,8151904
BV1hktreYE51,https://i1.hdslb.com/bfs/archive/72ccce8018d33d6478a3fb74994698ea47ea4219.jpg,章鱼外星人,454524809
BV1hm411Q71W,https://i0.hdslb.com/bfs/archive/22ced46e1c5423f156cb36bdafe7a100548bd1a0.jpg,吃吃安息香爻爻爻,651643146
BV1hmHLekEKg,https://i2.hdslb.com/bfs/archive/7313c26400310ce3d739974a061282ce1658170b.jpg,心魔才不是女孩子呢,359100532
BV1hmzSYaEF8,https://i1.hdslb.com/bfs/archive/e0c6a82121d578bf3ebbf1fbd4fe486cd538bc13.jpg,永夜Minus_Official,1886053308
BV1hnAKeeEYY,https://i2.hdslb.com/bfs/archive/a6c6b92f098abb89a42585686fe822ed485791e7.jpg,星莳star,142379467
BV1hp421d7Na,https://i0.hdslb.com/bfs/archive/81f44a03541a4c528706d1f28e1f3274a345d010.jpg,JAMIyin,57724906
BV1hq7mz5Eg3,https://i2.hdslb.com/bfs/archive/1f869908d51f51dd3d691bbdb704e7e8812d9754.jpg,-冰镇豆腐脑-,39197387
BV1hqSuYVEG3,https://i2.hdslb.com/bfs/archive/3c3f321633b4e3b50aa31e25b1e456a3ba1b7cff.jpg,栖鸢_d,447409538
BV1hrhPzfEic,https://i0.hdslb.com/bfs/archive/fd8d977c32786991432835757fbdc780b248a2b6.jpg,P不月水蒼Q,365743248
BV1ht421a7Ka,https://i2.hdslb.com/bfs/archive/b48a665943d4fddb7ca88a6f4e75f45b95c1baa4.jpg,不纯净明矾混合物,434036807
BV1hu4m1K72t,https://i1.hdslb.com/bfs/archive/437287eab20db4fa6edb626f7f4f30ba45b09e34.jpg,无烬星-P,456063175
BV1hu4y1J7YV,https://i2.hdslb.com/bfs/archive/eb64fba7601291ae352c09afbac5bc6dc3fb09a8.jpg,一道下划线_,87646253
BV1hueKzgEmY,https://i2.hdslb.com/bfs/archive/0ce14c18cffe4b385b0d32e3aa5d77446832bf4c.jpg,不年-轻尘,285742129
BV1hv42117FX,https://i0.hdslb.com/bfs/archive/1c302e13fb9bd0b9e57ed349094eeca500a7e0d0.jpg,透明指針,1601640
BV1hv4y1z7i4,https://i0.hdslb.com/bfs/archive/4e732c55d827f50e5c052eebc1fec76eaddc262e.jpg,十八岁魔法少女,182030247
BV1hx411o7h5,https://i1.hdslb.com/bfs/archive/4e2221c4343747d1dab55b1af07f0d6d19d07b05.jpg,纳兰寻风,893950
BV1hx4y1b71p,https://i1.hdslb.com/bfs/archive/073ac1e9b7fc8044583ebb230e2616f8e9739e43.jpg,司凤落我肩,136983575
BV1hxL6zQE36,https://i1.hdslb.com/bfs/archive/5c8b46d8635ed90a2e31c8d2d17e31b40e5ab16f.jpg,-冰镇豆腐脑-,39197387
BV1hy6RBGErh,https://i2.hdslb.com/bfs/archive/35e5c90b01776cb0d432a58add522c85f20eded4.jpg,失二42,94193821
BV1hybZzzEar,https://i2.hdslb.com/bfs/archive/f34e1150067f418e4420d8df2239b27b305e1265.jpg,秋沼AkiNuma-P,3546755475966065
BV1hz421U7Tj,https://i0.hdslb.com/bfs/archive/bc8d970c7bac2dd39458d3b496a7dd6fe94e2202.jpg,bili_326494600,3546668395923867
BV1hz4y147Mx,https://i0.hdslb.com/bfs/archive/5c18d3d00aac53f5f8494fcce3a2d64b7fb874bf.jpg,雯梦咕咕咕,34434245
BV1hztjebEMG,https://i1.hdslb.com/bfs/archive/bccefe95e735647247e63c7c443c67974ec98b2b.jpg,独望青山忆华年,67983813
BV1i14JzqEfv,https://i0.hdslb.com/bfs/archive/054205535a7c9474a2952014ecc50a8979cc6d57.jpg,い爱花丶,26069934
BV1i14y177Eb,https://i2.hdslb.com/bfs/archive/44cff391517e3e12cbd2f00e05647879cbce5b26.jpg,而木,12662528
BV1i1ZiB6EDw,https://i1.hdslb.com/bfs/archive/3d2a51aeb067b194b2d70d55c48a6b4e712bffc3.jpg,匹垂客Petrichor,1283732492
BV1i2D5YvEBB,https://i0.hdslb.com/bfs/archive/4ef06b43312c3491b752ba8108bbf7b38f7d3b63.jpg,星尘_StardustSAMA,4637750
BV1i2NTepE9H,https://i1.hdslb.com/bfs/archive/56dac9b395e0821f347c0688593d0c54bbec1594.jpg,Chord分解和弦P,1212348931
BV1i2o9Y8EGf,https://i1.hdslb.com/bfs/archive/12518e297c3b1ee09a66a7e46d1be8efe012bc8d.jpg,Frosty虚霜,517737512
BV1i34y117b5,https://i2.hdslb.com/bfs/archive/94c5ae8dfd46a48db83fd53687e312e4d6512a18.jpg,海伊Official,277698869
BV1i3bVzWEXA,https://i1.hdslb.com/bfs/archive/144f1e4197fd2abb4ad6e67c4e05cd2e1dc9526d.jpg,北境秋风,483626433
BV1i3eGzPEdP,https://i2.hdslb.com/bfs/archive/eab8b292f84d6fb64eb7b05b081d050b99de1fa2.jpg,Calia_林焰,3546804614335126
BV1i4421S7iL,https://i2.hdslb.com/bfs/archive/2516c70870a7c583040f8b9d27a863ac4775e0e5.jpg,醉美夜空,429776817
BV1i4ioYEET4,https://i0.hdslb.com/bfs/archive/1a0cf3640c1c8e44e9ba0b6007335f7a3b677e5a.jpg,紫陽花RainDrops,440421599
BV1i5411o715,https://i0.hdslb.com/bfs/archive/b1f518862a0295c78831b86360472f2554cf800d.jpg,Mrs_Han_,57264507
BV1i5tzzWEAn,https://i1.hdslb.com/bfs/archive/d8f7b6555b3bad67d9f6ffb058a3606a204addb1.jpg,叽里咕噜_p,3546946916584276
BV1i74weWEuL,https://i2.hdslb.com/bfs/archive/76d3fce778a5790f5b9557aa14d88d5f665b0d5c.jpg,度娘你要闹哪样,15665591
BV1i7MHzfERn,https://i1.hdslb.com/bfs/archive/415daf24b89021b4b74e96e737e1e0d4cbfa9e53.jpg,魚栞奈,2093956209
BV1i7tye7EGL,https://i0.hdslb.com/bfs/archive/a62a40cec075631c99138d230c51be5c6cb72386.jpg,澈零喵,252680534
BV1i8411d74P,https://i0.hdslb.com/bfs/archive/d392d5882c5e7a7215856e633ec89c6aa843d89f.jpg,纯蓝_CHl,1198900685
BV1i8411v7HW,https://i0.hdslb.com/bfs/archive/79d11a65a17a7c65970de9ecb7cdfd8e753b72cc.jpg,Yirry壹繠,3494349604129291
BV1i84y127sy,https://i1.hdslb.com/bfs/archive/129d1e9f7fd25a0379023fa30aca28efc87090d4.jpg,SteggOo,320519460
BV1i8ADeKErD,https://i0.hdslb.com/bfs/archive/edf8de8ba4cc9e4ca6bebcb9ddaf889dd4014897.jpg,沉默的法师_,36310625
BV1i8zpYFErF,https://i1.hdslb.com/bfs/archive/b648e334dfa0dcbd580691f769112aa70e92298e.jpg,蓝鹰QAQ,493851957
BV1i94y157kZ,https://i0.hdslb.com/bfs/archive/b673cc7d42c15c61880eed6d2aa128f77fc02660.jpg,明澜_,299857125
BV1iB4y12725,https://i0.hdslb.com/bfs/archive/f1d543458b7637d7f1e594a6410b58ac30845a12.jpg,椛兔,15410134
BV1iB4y1g77j,https://i0.hdslb.com/bfs/archive/6e8298d00f13a8b90f4fa2c283d3d2d16d2834d6.jpg,雪人Snowman_,15607580
BV1iC2JYuEzA,https://i2.hdslb.com/bfs/archive/91e2062f7c46d4d6ee63170c9b106fd4c2cc02f6.jpg,快乐派对火车,138057
BV1iC4y1U7dK,https://i1.hdslb.com/bfs/archive/133bbdc48e36a171f383ef9b8d3bff1a0fa6f7ef.jpg,纸鸢EAbird,82632219
BV1iD4y1C7VQ,https://i0.hdslb.com/bfs/archive/94f7c187844ad22721718353bcc243c8f897eac6.jpg,宅在家的白菜,12096392
BV1iDAzzaEDq,https://i2.hdslb.com/bfs/archive/76750802dd681f47a3a3faf4bf7a0fe85af5e7ea.jpg,凌逸千言,3546918173018445
BV1iDQpYZENu,https://i2.hdslb.com/bfs/archive/2a9d7733a87811d5be2baf13ce01bdcc162a2221.jpg,Ajisa2,1621069269
BV1iDSyYnEbH,https://i2.hdslb.com/bfs/archive/ad84150e343c782f444b6357278b93a13ef74e4b.jpg,KaedeeFenner,502490749
BV1iDkrBmEYj,https://i0.hdslb.com/bfs/archive/cb0a0894e84f1a047d1a424c6538344f05b52e88.jpg,林小四4040,13367155
BV1iEcFe9ECY,https://i2.hdslb.com/bfs/archive/449c6c0c321a1c4df1543173e1c98ea131d47df0.jpg,John_Em,471195247
BV1iF411K7sr,https://i1.hdslb.com/bfs/archive/1dca6c1151570290526f97a7a5e504361581177e.jpg,赤凌p,382441421
BV1iF411S7Lp,https://i0.hdslb.com/bfs/archive/18259a39a0bbea271c0dc6e92e72c041e9c42fe7.jpg,花间有鹿来,4037580
BV1iFUHBkEik,https://i2.hdslb.com/bfs/archive/099ed58848874a4203a907f0d9a44c49e31b8c08.jpg,尘萤宇P,382492832
BV1iFraYtE4j,https://i2.hdslb.com/bfs/archive/e47cc5a4ed31b4dcfb572361b87dcf2d8cef9988.jpg,不好吃的SrDt,391558321
BV1iG4y1a7DG,https://i2.hdslb.com/bfs/archive/63f9d33ca15c6e38d819ce11743575828434ec85.jpg,ざんぎ_Zangi,1033942996
BV1iGRpYvEa4,https://i1.hdslb.com/bfs/archive/660c4c1891ecbe15f5411bcbe95c00f890225124.jpg,奏-Kanade-,3546867184962157
BV1iH4y1i73s,https://i1.hdslb.com/bfs/archive/51cc1afc7a9dd985c9ccd1e74637a4f7c8c02afd.jpg,影歌P_Kageuta,356160341
BV1iHk4B3ETs,https://i1.hdslb.com/bfs/archive/f251c4f0946551149a0de47b4dc3f3ccefa158ae.jpg,kegecvja,8047918
BV1iKbuz3Ezv,https://i1.hdslb.com/bfs/archive/5b77e50b757a58d92d668e0be2a9842fb2b91cd1.jpg,只想划水摸鱼的调调,73650751
BV1iKnAzBERM,https://i0.hdslb.com/bfs/archive/3ff1ce25ce0a3a6aa9fa3b0631caf704103bab69.jpg,哆啦慢,3493257147321138
BV1iL4y1n7Ao,https://i2.hdslb.com/bfs/archive/2328b033748494ce90b342fc5a7279227949a90e.jpg,P不月水蒼Q,365743248
BV1iLfNB9EeR,https://i1.hdslb.com/bfs/archive/bde8a7581f7f374367065f8d143893a320b56fe6.jpg,神鳴沢世界,114419306
BV1iM6QBgEbs,https://i0.hdslb.com/bfs/archive/815935159b92ebd147f20442df81a3b2348d8bb5.jpg,派派鵝,84259009
BV1iMG6zpExH,https://i0.hdslb.com/bfs/archive/8b923e6d37cacaea4795a5b828e17da659b0504e.jpg,霧雨ResonantPsyche,205919268
BV1iN4y197eh,https://i2.hdslb.com/bfs/archive/103bc1d95a362cf3d7480d74825434c6b06870a9.jpg,账号已注销,161194971
BV1iN4y1a7Jk,https://i0.hdslb.com/bfs/archive/9d4d57e18e3ec714457eae2a646cd744ba9de5c0.jpg,风湮Official,8151904
BV1iNzdYsEny,https://i1.hdslb.com/bfs/archive/002d3aa2af990176e47474a110a021135f13dfce.jpg,青叶摩卡不如美竹拿铁,550564545
BV1iP4y1F7nP,https://i1.hdslb.com/bfs/archive/7769493186d8063ee53a135f3009c1ac3c22e46c.jpg,TEIKO-SEN,82754662
BV1iP9GYTEME,https://i2.hdslb.com/bfs/archive/e927ec7ea54615b012144890369dbb55ec23de51.jpg,Tremely,13431502
BV1iPxozTEkc,https://i1.hdslb.com/bfs/archive/8c44250a2e7d1398c3276a7d7d6cf59ab2baa25e.jpg,ALTAR及帝,1396301644
BV1iQ4y1t7pf,https://i1.hdslb.com/bfs/archive/a4758cd8d167479d2efa207b02f3e40d42f262a2.jpg,玖澪p,390370507
BV1iS4y1Y7ZC,https://i1.hdslb.com/bfs/archive/ab1c2fd7780c5124efba927295e862e04262b2c0.jpg,悬空指针NP,393738859
BV1iTYizFEgy,https://i1.hdslb.com/bfs/archive/1c6a68ceff2eee1ebe047934cbb6688e39ff6fac.jpg,苘桃离p,3546859354196339
BV1iUcszSE7x,https://i1.hdslb.com/bfs/archive/a8b86ca0b24b8fa98d420403ce523084d13ff9cf.jpg,屑南无三,1098229102
BV1iUehzSEBZ,https://i0.hdslb.com/bfs/archive/6f0dbc53c9ac56a288db7301e5c1928ffbf3db17.jpg,Over_drive_,398913979
BV1iUn5zBEtx,https://i2.hdslb.com/bfs/archive/0f3fe51817cdb91c464efecc07b2dce1b13cef60.jpg,双辞冫,423886341
BV1iVrKYXEgb,https://i1.hdslb.com/bfs/archive/8aa61a21fed1e1db9ade9b6d81804c2ef8d567fa.jpg,ShizukaYY,30639903
BV1iVysYjEMn,https://i2.hdslb.com/bfs/archive/351585841a2377d507cf9742048c36fc06b68d8a.jpg,神鳴沢世界,114419306
BV1iW4y1A7hZ,https://i1.hdslb.com/bfs/archive/e53851269a1b718dbd6a54ae55841d284a6f9ee7.jpg,天音浮梦_Official,3546566780521374
BV1iX4y1j7SF,https://i2.hdslb.com/bfs/archive/443565b01fa8aec6200e3e0f261b8e38d7eb5b26.jpg,天鬼光幸,2112583
BV1iY411Q7ev,https://i0.hdslb.com/bfs/archive/c273661d53aecb9fdcbc2b730bbaa11cbe158cb2.jpg,洛君清_,107222850
BV1iY411j7Ha,https://i2.hdslb.com/bfs/archive/c8dd6de9581f48af2cd131042c3a0e64dab9054f.jpg,Miroku丶,13475936
BV1iZGHzTE83,https://i0.hdslb.com/bfs/archive/ffe6143151de695601fe0fe73844256ddb06a7d4.jpg,繁尘亦安,1140820296
BV1iZXyY4EFT,https://i0.hdslb.com/bfs/archive/5871adeef0e87feb2e072e3ccdfe50f84864090d.jpg,st_coffin,343505958
BV1iauwzrEkN,https://i2.hdslb.com/bfs/archive/66c5e8fe130a2135870c244586a4a60e255a48e8.jpg,Calia_林焰,3546804614335126
BV1ib421b729,https://i0.hdslb.com/bfs/archive/ebca6376001acde9e9fabef3a88efc2f2e1a06db.jpg,墨素Mohius,36112611
BV1ibwgeDEXo,https://i2.hdslb.com/bfs/archive/ca323d986ff322456a9d6c5b2437a66124149309.jpg,LM-冷木,301454593
BV1icU1YSEhY,https://i0.hdslb.com/bfs/archive/014b483c1e247188d9d1f7769a0723fa44ff10e1.jpg,一只路过的史莱姆z,474601742
BV1icfJB8EZ8,https://i1.hdslb.com/bfs/archive/77b08549d487fcb06127be348cbb7d8f8e0be2cf.jpg,苏幼月SuYouri,3690982830770565
BV1idCrYZEkd,https://i0.hdslb.com/bfs/archive/ba3e9e214702ea5fa29e89f0e15e3ed9b7b0a681.jpg,氨味汽水,1056249178
BV1ifDRYUEj7,https://i2.hdslb.com/bfs/archive/9f9b82e728db5d518c630c9462a86a0597d2a0a4.jpg,宵夜Mpa,16988069
BV1ifQbY2EN6,https://i2.hdslb.com/bfs/archive/2134938f9356ff31fd9027ec81c0a6d04535791d.jpg,阿凛子君,311901
BV1ihcqzDEJn,https://i2.hdslb.com/bfs/archive/76216ce562a2b535c190f4f45144daf204b05345.jpg,Thynephis_小赵,511206731
BV1ihdzYnEHu,https://i2.hdslb.com/bfs/archive/f2c98bc24dcc7a6007afd26120dde5ad3547daf1.jpg,影歌P_Kageuta,356160341
BV1iimeBkE85,https://i1.hdslb.com/bfs/archive/87c73f916ddb3978713657f663e8fc990706a01f.jpg,见过夏天P,3461566387194506
BV1iiwZeHEPn,https://i2.hdslb.com/bfs/archive/9cc41159b3e9e2db298cad2489797d4631796e8e.jpg,吹风丶丶,439458006
BV1ij411277c,https://i1.hdslb.com/bfs/archive/a54b0d197618ce9bdb1f2b8fc91c1cde4b473b96.jpg,另一只大水母p,110926375
BV1ijQBYTENs,https://i2.hdslb.com/bfs/archive/82afca07d9d5f24c55e481fce3fe52b1993d747c.jpg,萤与花_hth,355904832
BV1ikwDePEJB,https://i1.hdslb.com/bfs/archive/4c36e552094dd14b92c9ad87d1a28efe67ca71d9.jpg,神鳴沢世界,114419306
BV1im411Q7TJ,https://i2.hdslb.com/bfs/archive/dbba8803067303fb85b5319fa303f090ae8fa120.jpg,不好吃的SrDt,391558321
BV1im4y1u776,https://i1.hdslb.com/bfs/archive/0f9fce20cceba926b0f7f2e3154ffd2c58d0c3c1.jpg,风湮Official,8151904
BV1imE1zXE6b,https://i0.hdslb.com/bfs/archive/5da1ea099d9fbfa1b20996848ade60c94fb0a50d.jpg,风湮Official,8151904
BV1inksBPEpk,https://i2.hdslb.com/bfs/archive/b408b506e3c3e8495888ea80de0b07e9447d2a12.jpg,直到凌晨也无法安眠o,631536855
BV1innFzhEUy,https://i2.hdslb.com/bfs/archive/8aa12996b97b7cd600f2ad1e8b81b657c563be68.jpg,神鳴沢世界,114419306
BV1ipTKz7ECW,https://i1.hdslb.com/bfs/archive/7ffb439ae897a6e3bf48bdef652fdceb48d795c5.jpg,卓盈之,38028309
BV1ipaKzCEkR,https://i1.hdslb.com/bfs/archive/420f8c20bd8fad64a1ade3f9af854450309a0efc.jpg,天文学_P,249136945
BV1ir4y1d7Xy,https://i2.hdslb.com/bfs/archive/90329fa005ad005bf7441d01dd1c4ee863289f2d.jpg,SteggOo,320519460
BV1irDyYnEhs,https://i2.hdslb.com/bfs/archive/d51b81b2c3f8b5780caf7076448121f78ff6a478.jpg,账号已注销,384824064
BV1isCmY5ETn,https://i1.hdslb.com/bfs/archive/b1bd0b2f2c52bb14cf327dd6603a92b148c0af22.jpg,墨素Mohius,36112611
BV1ittSzsEod,https://i0.hdslb.com/bfs/archive/6d4fe348cf9c2b5245a299737a6df99b551fb114.jpg,序M幕_,259462809
BV1iu41177bh,https://i1.hdslb.com/bfs/archive/5abd8cdc80bede5424d1cf7700dc151922893241.jpg,中野然子,1476027
BV1iu4y1e7dB,https://i1.hdslb.com/bfs/archive/f24f10cad9b8f529a624acb9deea20e9c3c3e20a.jpg,风湮Official,8151904
BV1iu4y1t7cq,https://i0.hdslb.com/bfs/archive/82aef0cae21320ebd32499b12bc001e2eb88b386.jpg,BCmilk,269391445
BV1iu7rzuEZU,https://i1.hdslb.com/bfs/archive/578b4cddab3ca5b4df2dd7ed8d9f09b32d4aacac.jpg,惡骸P_AkuMukuro-P,1131471301
BV1iubCzTEmL,https://i1.hdslb.com/bfs/archive/e2334b9b1719bc95711e3b7169c6ce8eb4a34878.jpg,百合咲奈奈,488817090
BV1iukaBREGK,https://i2.hdslb.com/bfs/archive/2109d3afa39a28e8a1ddc3c55502545a85be1ba8.jpg,紫陽花RainDrops,440421599
BV1iw411Q7xa,https://i2.hdslb.com/bfs/archive/729e7328aaf5b4dd09a184480f80be56e204c0fd.jpg,时间的后裔玄晴,8860828
BV1iw411c7Gn,https://i1.hdslb.com/bfs/archive/eeac4f5257cd44dd0e34a691dda16171e22fb72d.jpg,爱喝啤酒的烧烤P,327601393
BV1iy421a7vo,https://i2.hdslb.com/bfs/archive/dfc806452b4509caf875bdcc3100b440ba028f86.jpg,Parkinglot_,13442432
BV1iz421R7xh,https://i1.hdslb.com/bfs/archive/35ca5027eda9f2bbfa0f91f0a01bb15457a68a71.jpg,酒徵酩,67654111
BV1iz421Z7Js,https://i1.hdslb.com/bfs/archive/c566f60eec5549f738bcf61451a848f72bd8daea.jpg,天澜迁,320014373
BV1iz421b7jY,https://i0.hdslb.com/bfs/archive/05d5fd5fcb5b57dc3d6a1eed78b5e8033c03d97b.png,一只路过的史莱姆z,474601742
BV1izxEzfETF,https://i1.hdslb.com/bfs/archive/45af760e0e3707240e83ebe6a784aa530e8daf32.jpg,予花同名,2037893494
BV1j1mzYaE2K,https://i1.hdslb.com/bfs/archive/5f8ff454d883a12a8e7a11e263890939e2b0ac6a.jpg,熊青嵐,31159764
BV1j3ffY2E9S,https://i1.hdslb.com/bfs/archive/01da45c8421004c148c16414a3ca243a74b765de.jpg,蓝鹰QAQ,493851957
BV1j42oYyExn,https://i2.hdslb.com/bfs/archive/fcd191d0ada6c33ca622438334743352ea4621ab.jpg,士织吖,88914391
BV1j4xweWEnf,https://i0.hdslb.com/bfs/archive/1a68b7c39abcde564a1b76dddb5410bbd6eae948.jpg,Mrwhite0093,5283053
BV1j7TizAE3o,https://i1.hdslb.com/bfs/archive/fb48a0cbbf228c60615ec9c4a553541785f970b1.jpg,神鳴沢世界,114419306
BV1j7bKzTEfe,https://i2.hdslb.com/bfs/archive/dbbc7dab6b77d50a1d6dc3ae887f2a420ea1db78.jpg,柔水_Ron,660952037
BV1j7tRzqEuq,https://i0.hdslb.com/bfs/archive/64d33150db7bd83187615c30f04076b9b05e94d6.jpg,风湮Official,8151904
BV1j8pJeeEX2,https://i1.hdslb.com/bfs/archive/acbbe1f50170fa4f0ba2f0731b21312a2d3f9c11.jpg,不會做音樂的狼夏karami,613784642
BV1j94y1k7kT,https://i0.hdslb.com/bfs/archive/5bfddbd8440ca5befc0e4ea2d2238538ba26bc3a.jpg,赤染镜华,218755564
BV1j9bVzRE8j,https://i2.hdslb.com/bfs/archive/c7f50ce10459e62faafa6acba8396460538c31c2.jpg,--WHIVE--,13671781
BV1j9bmzXExr,https://i1.hdslb.com/bfs/archive/bd02bccdc31d1db7d820e21acfeb73c060fa1486.jpg,神鳴沢世界,114419306
BV1j9ycB3ENV,https://i1.hdslb.com/bfs/archive/ceb307281677a5e34debace6bcc7c68bcd5e7dc2.jpg,磁带君,32672
BV1jA6iBbEtw,https://i0.hdslb.com/bfs/archive/10418d00394d15a87fdb452297f58f3560b118f1.jpg,北极星Polaris_D,11529553
BV1jC4y1k7Mw,https://i1.hdslb.com/bfs/archive/fd5c5bd23b261725d495faa7eee3fb07148a647f.jpg,紫陽花RainDrops,440421599
BV1jCt2zmEk5,https://i0.hdslb.com/bfs/archive/a25b4b39d77e42e2482b6a256b0cbd5e6400b00f.jpg,中子P,3493280457165617
BV1jEm4YaEno,https://i2.hdslb.com/bfs/archive/50ecee62a028d6689f7f19c285844e329d095db7.jpg,一只路过的史莱姆z,474601742
BV1jF411Z7W4,https://i0.hdslb.com/bfs/archive/34c926b3bd770075bb811e8eec986161e9b9f950.jpg,语老二,1190588000
BV1jF411Z7j3,https://i0.hdslb.com/bfs/archive/fe05d924248f6e83c5d195e7568bfdcf5045f15d.jpg,zwq0016,18735260
BV1jF4zehEVJ,https://i1.hdslb.com/bfs/archive/83b828328c79fa311c3e857852d9869d27ebb42c.jpg,DIKY-P,93813365
BV1jFdpYBEwf,https://i0.hdslb.com/bfs/archive/c89d6aadc7e42f9c946efef80a1b36afbe4c2197.jpg,玲掘,410805012
BV1jG4y147do,https://i1.hdslb.com/bfs/archive/e4057089eaf31e4558a9b1d98c2303c26d593269.jpg,墨素Mohius,36112611
BV1jGibBeEBN,https://i0.hdslb.com/bfs/archive/21307353ba8f8c571baecd787c76d35417cf8c1f.jpg,eRii39と白鴉,23451009
BV1jGuAz5E1L,https://i2.hdslb.com/bfs/archive/a6930b9d144968f76c8149dcb029cecb4b938a32.jpg,哆啦慢,3493257147321138
BV1jJ4m1x7bg,https://i2.hdslb.com/bfs/archive/fdfda9524fb3d5237459f1c50b3097f3dbbb7b79.jpg,我想拉稀但拉不出头疼,178144043
BV1jKNte3Eyg,https://i1.hdslb.com/bfs/archive/8045e11f1cbead5920a09f344c0c4e79530fc2bb.jpg,一只路过的史莱姆z,474601742
BV1jLfzBQEAi,https://i0.hdslb.com/bfs/archive/b534c8fc2998adcb12bc247eb2e18050c74b6e63.jpg,暮光烟烟,28840720
BV1jLzjYLEFj,https://i0.hdslb.com/bfs/archive/24873aaf37406ef07e89c7c1d56beb866c687b57.jpg,星语落枫,52699238
BV1jM4y1x7Sk,https://i0.hdslb.com/bfs/archive/1849ec4eebf71d0ef13a42e25ea77c2d1d21934a.jpg,明澜_,299857125
BV1jMCtYWEHZ,https://i0.hdslb.com/bfs/archive/e6e6eb521719db64b9e4e3603e937796b2985652.jpg,风湮Official,8151904
BV1jMxxe9EoR,https://i1.hdslb.com/bfs/archive/69ddeede3c1c4793e61d39a7e15374334cd7dcde.jpg,蛋包饭咖喱饭,3493292274617153
BV1jN41167ti,https://i0.hdslb.com/bfs/archive/2a7cb8dee6b70cdc5adf506c43ffb194da020a00.jpg,稳定点p,357512039
BV1jN411U7wE,https://i2.hdslb.com/bfs/archive/ab46166c6b702ef1aca31a4712a32dc1062328e3.jpg,风湮Official,8151904
BV1jN4y1i7MV,https://i0.hdslb.com/bfs/archive/4773f1d8de38dcb39bafeffb4db6496cf6ccaae5.jpg,ccffcc骷髅,1502870
BV1jP41167sB,https://i0.hdslb.com/bfs/archive/163534f7b638fc11a865ef1f535482830c284d32.jpg,一堆拼音yiduipinyin,3027320
BV1jQ8Jz5E3H,https://i1.hdslb.com/bfs/archive/bb2e3f28e8f355501f0b554ce5afe7c2d3d48817.jpg,账号已注销,1088992414
BV1jQZ7B9E1D,https://i2.hdslb.com/bfs/archive/8c5d3057eaf34d360db514a3d7c4b2b6c6a5792a.jpg,Starst星尘子,399170457
BV1jQsgeLEgR,https://i0.hdslb.com/bfs/archive/563052bff1bb7629173c5d8657dc14bc994329bd.jpg,账号已注销,223928340
BV1jR1HY1EGU,https://i0.hdslb.com/bfs/archive/f88f743c261209b6e6abd68cd87921d9b2b81115.jpg,-雷龍,347367741
BV1jR4czUE7E,https://i2.hdslb.com/bfs/archive/eed765d6ae07113bee36a5d1b84c4ff38a997717.jpg,冷淡的风-_-,2019984076
BV1jRNpeAE8j,https://i2.hdslb.com/bfs/archive/f404a57889a0155c9687f2569ef4544f9827c713.jpg,橙味比巴卜,11116918
BV1jS421K7uF,https://i1.hdslb.com/bfs/archive/535751de1360d9ddd495077e5d5d707a15e201ba.jpg,心魔才不是女孩子呢,359100532
BV1jS4y1v75k,https://i1.hdslb.com/bfs/archive/b96847bf760ffff56ae7262cc02493ca014c8f20.jpg,喂给猫猫的狗粮kosou,10544083
BV1jTZbBWE2W,https://i1.hdslb.com/bfs/archive/d110a98042bb6476206fcf8e4defc574b054c20b.jpg,Lemilexx,26377424
BV1jTjgzjEce,https://i0.hdslb.com/bfs/archive/0a9f45788c4b4b1bb0bf5803a5c5a98e2799da9c.jpg,FortySeven-,497458238
BV1jU411F7aU,https://i0.hdslb.com/bfs/archive/683bb1b67ea45dd15e3e4a8d69938fb5ca6cdb1a.jpg,钴蓝配黄的吸尘器,322285529
BV1jU421o7P4,https://i1.hdslb.com/bfs/archive/4681818ebe567107d4a919d0f964f6c7c0ba6ced.jpg,账号已注销,1036564487
BV1jU421o7s2,https://i1.hdslb.com/bfs/archive/a4760d770dfe27541d161acc131bb497002523a6.jpg,天音浮梦_Official,3546566780521374
BV1jU4y1r7SQ,https://i1.hdslb.com/bfs/archive/5d7992f89d84bee2a5f23b9ba42ad2778bdb9c6d.jpg,大江户战士,55123
BV1jUx5eoEHC,https://i0.hdslb.com/bfs/archive/54ab684cfcc766de09d1b7db25b8a53313751827.jpg,SiYeCa0_,263213056
BV1jVnzzzEgV,https://i1.hdslb.com/bfs/archive/980c6aec2d5bcb15409bf3ca4fb5c86f27b1b4e7.jpg,碳酸饮料爱好者____,4402855
BV1jZM9zQEBg,https://i2.hdslb.com/bfs/archive/3587e3bb2ae8e2d844b70c6ae5f442c91f6711e3.jpg,ctce31522,1669218148
BV1jaBEYEE7x,https://i2.hdslb.com/bfs/archive/2b8ef079b197360e44fff34d4bc3c9e76bad94ef.jpg,Untitled_wav,651862357
BV1jaTgzoEuW,https://i2.hdslb.com/bfs/archive/8598ab2b929b15a0fc345124b7270b35b0b7cc64.jpg,ON_SELLING,37663643
BV1jc411x7XZ,https://i2.hdslb.com/bfs/archive/05153bd7c72cba0c1334dedcca0621c290bd26fb.jpg,江篱Jacinthe,471955572
BV1jdNYzQEtH,https://i1.hdslb.com/bfs/archive/ed63bf3f98ec310893d2bcd5547ae0462bd9d616.jpg,鸩羽Official,523560808
BV1je411Q7B9,https://i2.hdslb.com/bfs/archive/a4099bebb46bdad48996f86d4772ba924a6cdd82.jpg,-安鹤-,20264456
BV1je411w7VY,https://i0.hdslb.com/bfs/archive/e21f31dbea6e1f50e1587a33841346446a019117.jpg,王牌p,5343158
BV1je4y1E7Fy,https://i1.hdslb.com/bfs/archive/27ad7222d21bc6d344180983a354f01313ed4146.jpg,丶信弦,74122268
BV1jgfABJE9M,https://i0.hdslb.com/bfs/archive/f56ea6bf31519e9f109d4cc4f219ec69d4d49a3d.jpg,居白Stw,32964921
BV1jgfqB7Eyx,https://i0.hdslb.com/bfs/archive/94fc006376c17b92b360ffe749a02916daa64262.jpg,洛雨辰P,402274020
BV1jh411A7iV,https://i2.hdslb.com/bfs/archive/7c4dde886a8d644dbe52db9698c4b178715082e7.jpg,辻原一郎,40027093
BV1jhnmzFEPh,https://i0.hdslb.com/bfs/archive/4f06f5dcdb7f8d1a04f9ca87590e21d643f63e73.jpg,遠野志貴_Official,440867090
BV1jiAQzhE7d,https://i2.hdslb.com/bfs/archive/42117a06768435ddc7c5dcf54cffe4318a2316f2.jpg,北有木支,93541389
BV1jiWLz7EzS,https://i0.hdslb.com/bfs/archive/3c355a937f9e53ef87d323b969f7bb14e9e8f018.jpg,lihutao,3546618815056253
BV1jj421X7rr,https://i0.hdslb.com/bfs/archive/5e182d5809d08442bbf3669b7858aa62968042ca.jpg,Dried_leaves,178523761
BV1jjp9zDEU4,https://i1.hdslb.com/bfs/archive/2ec5c5b5ae6de7a314c5fa0ea5e447b3a35e23f7.jpg,lihutao,3546618815056253
BV1jm411D7CM,https://i0.hdslb.com/bfs/archive/182aa3e563e3b5f054f15c5882d6078569c2acbe.jpg,五维介质Official,623328493
BV1jm411Z7BR,https://i1.hdslb.com/bfs/archive/3f252aa019dfe2f86aa1fecff20e207dfc1407e7.jpg,蔗蓝,473780327
BV1jm4y1n7Ge,https://i0.hdslb.com/bfs/archive/2a74110ef8937fee9ed3fe8f5756c44219712759.jpg,拾光与小狐狸,179469844
BV1jmuHzAE6g,https://i0.hdslb.com/bfs/archive/edc4cb9f0533a0fca6bcea194f0191d64d12af07.jpg,神鳴沢世界,114419306
BV1jntozVExy,https://i1.hdslb.com/bfs/archive/1f7353a38cb29caf39c99e23dc1180fce96392e3.jpg,Enusen,252516634
BV1jr4y1Z7o4,https://i2.hdslb.com/bfs/archive/4b11fc451e863044d8253bfc7b1932e88919583d.jpg,熊青嵐,31159764
BV1js4y1Z7N6,https://i1.hdslb.com/bfs/archive/a2a4a95b65495d6175811df1e45adfe66460d79e.jpg,飞不快的灰鸟,24443249
BV1js4y1k7Hm,https://i2.hdslb.com/bfs/archive/c626ba45b0f1afa8117111d9c260e54adde0856e.jpg,千草幻星,14425668
BV1jsWuzhEHR,https://i1.hdslb.com/bfs/archive/0d8268dc24fac132d3db7d75731051fa2dc61d83.jpg,蓝鹰QAQ,493851957
BV1jt4y1R7us,https://i0.hdslb.com/bfs/archive/216d64d0a87dbc9f2d37b7c1b40477a6123d6629.jpg,季夏惊蛰,351601190
BV1jushevEb1,https://i1.hdslb.com/bfs/archive/e4b396b63e857ae23fb5f613d8f0e769ceddb813.jpg,AuCl_氯化亚金,3493081974311347
BV1jx421f7YR,https://i1.hdslb.com/bfs/archive/1af29e8280168e79a815e243852d3fdf589ab58e.jpg,风湮Official,8151904
BV1jyfRYBEa1,https://i2.hdslb.com/bfs/archive/a1f0ae66a5de46c716b87b8bac72ceb63ab06bb8.jpg,翼と実TsubasatMi,9588466
BV1jykKYxE8C,https://i2.hdslb.com/bfs/archive/02628f762fe36cf27c8ac6518f98fa5f68863805.jpg,虫合蜊-,291103769
BV1jz4y1t7eJ,https://i1.hdslb.com/bfs/archive/7765cfc50194612739e7b08b5c56aab8e1c4fb34.jpg,v_vv_vvv_vvvv,363726013
BV1jzLnz3Eek,https://i2.hdslb.com/bfs/archive/1fe1a41182c1f7ec6e59df8c77d42fd27e140c46.jpg,Saber丰,457118179
BV1jziuB5E7X,https://i0.hdslb.com/bfs/archive/df13a390207699b9c14284446af5e6a02f962a90.jpg,双辞冫,423886341
BV1jzpFzKEU7,https://i1.hdslb.com/bfs/archive/93cd2e9a686d015da7248f8467fee93912dac4a5.jpg,Mrwhite0093,5283053
BV1jzyPBEEw6,https://i1.hdslb.com/bfs/archive/6ae8e1d41dadd04d19e01ae2dff6522c84710fee.jpg,洛泣21,4678668
BV1k1HPz9ErH,https://i1.hdslb.com/bfs/archive/a7f0789cfec3ed0da66ebfea53983da4576965d7.jpg,解雨采结,89430004
BV1k1NYzbEGt,https://i1.hdslb.com/bfs/archive/849161308131186aa377fa31f0c818eaf1b33c98.jpg,-雷龍,347367741
BV1k4421A7mJ,https://i1.hdslb.com/bfs/archive/bb47ac7f4b87c4bd517f625267740caec78175a5.jpg,闭合电路Ivan,621964330
BV1k4421c7Wv,https://i2.hdslb.com/bfs/archive/d1302dce92cc8b8b8c310bdaca86a064db190664.jpg,余若_,150467539
BV1k4421c7Y7,https://i2.hdslb.com/bfs/archive/0c3caf380449937805852786a3ed96b8fcc8b273.jpg,sssolarrr,11190957
BV1k5zYB8EqZ,https://i1.hdslb.com/bfs/archive/30994d8f9a62c498ddb83e07f11a9b428c94122a.jpg,SE淡淡,400895121
BV1k6421u7AF,https://i1.hdslb.com/bfs/archive/844addab25115baecb59ee9cef395031f80aa3f3.jpg,磷元素P,273891297
BV1k6EPzjEbf,https://i0.hdslb.com/bfs/archive/b8f197e301f7390add901d38acc2f3eece6f9f38.jpg,v_vv_vvv_vvvv,363726013
BV1k6h5zgECV,https://i1.hdslb.com/bfs/archive/275ccdb9618f06b8fe222722bbddc7c33dd8c2e2.jpg,地米p,255137994
BV1k7v9BVE8f,https://i2.hdslb.com/bfs/archive/e296cfb69d20b68291ec8eb9d23cde4e90471dde.jpg,塔赴P,258080618
BV1kA4m1G762,https://i2.hdslb.com/bfs/archive/3beff9a2fa0e2f74e1c21b9bd59f337c9d1e2210.jpg,账号已注销,99800144
BV1kA4y1Q7Gt,https://i2.hdslb.com/bfs/archive/b8ee7bc6ae1b2778623f968355f58af6c82b02b1.jpg,CraMo桃,10014279
BV1kC4y127AC,https://i0.hdslb.com/bfs/archive/27c1902a54429e062c8c717e0c63513af6e1ea7d.jpg,虚钿,407710143
BV1kC4y1M7Du,https://i2.hdslb.com/bfs/archive/4b1f4a121e6e851d3c349eaa040e76185e9c73bc.jpg,铃蓝SuzuSnow,24428012
BV1kCevzzEZN,https://i0.hdslb.com/bfs/archive/581c02cf79854cbaa1de4b44ba27e97f2d604688.jpg,泥酔巡遊,22270895
BV1kCkcYDEwa,https://i1.hdslb.com/bfs/archive/7680fb622175554613839de8752a0242a13ffd9e.jpg,拾光与小狐狸,179469844
BV1kD4y1q7Ut,https://i2.hdslb.com/bfs/archive/091e4521ac6a2047bc2026fa153e6fa73ca01f27.jpg,夜屠灵,333083467
BV1kDSEYsENJ,https://i0.hdslb.com/bfs/archive/7b7b88ab38b0e9fdb63c9776d324f51a288a6847.jpg,far1ight,1058983723
BV1kDhnzoEDj,https://i1.hdslb.com/bfs/archive/5529da942b64f1ecc8438e8872a9406122266a8e.jpg,岚峦,610147352
BV1kDrCBaEg7,https://i1.hdslb.com/bfs/archive/ed60ef52c6e5abc83f3745e99a31bc6986b1fadd.jpg,Y0sann,383904115
BV1kE8DzMEUX,https://i2.hdslb.com/bfs/archive/6df25c61f109e2feb181323ec233c119752719d8.jpg,wilo_official,477209781
BV1kELNzzEeP,https://i0.hdslb.com/bfs/archive/74671bb9c323b06439b3f02c6794adbbe6cea5b8.jpg,咚咚咚呛咚呛,38294579
BV1kG411r72w,https://i0.hdslb.com/bfs/archive/214889657c742ff641d89cf321c89539f5b22244.jpg,幻想乡土木工程部,218675031
BV1kG4y1h7tn,https://i1.hdslb.com/bfs/archive/c320778724956406320b3aa183fed95d24675165.jpg,disischai,1970176153
BV1kG6KY8Eru,https://i0.hdslb.com/bfs/archive/0df88fcc7a3f4f1b9d0747e11f3a424dd1931af7.jpg,羡临渊zzZ,472407628
BV1kGe9ePEex,https://i2.hdslb.com/bfs/archive/95304b7a6af296a49bdcf1860cea0745239ad69d.jpg,酒徵酩,67654111
BV1kGnwzyEcB,https://i2.hdslb.com/bfs/archive/d8a22118f3c199032ef43dfc6ab5800cf358558d.jpg,い爱花丶,26069934
BV1kHPqzqEjW,https://i0.hdslb.com/bfs/archive/a9e1516843ed9670d5130ba44e763812d2f790f8.jpg,劳尔Blawn,432148245
BV1kHi6YmEtn,https://i0.hdslb.com/bfs/archive/bcea6dcad14f600665829e1e829f368344fb68b1.jpg,北境秋风,483626433
BV1kJ4m147pz,https://i2.hdslb.com/bfs/archive/788a49ba3f3100cf0bc6e0bb95526a10a305e50b.jpg,澈零喵,252680534
BV1kJ4m1n7vw,https://i0.hdslb.com/bfs/archive/02c2f4a7efebcedc257eed0c3d03f412fb6d566c.jpg,电浆水星,434276864
BV1kK411Q7CJ,https://i1.hdslb.com/bfs/archive/ddebb33fbcacc6a56361af53c8e9c3276791ae26.jpg,霜凝玥,290808040
BV1kK411U7ZJ,https://i2.hdslb.com/bfs/archive/7f51aaa2e6a3f688082e07396359690f024f6e04.jpg,QutaiBai柒白,107609416
BV1kLyuBuEdz,https://i1.hdslb.com/bfs/archive/c71c142126e77c9b6d8352bcbae8ee0e5c197342.jpg,音芽小记,3546574208632862
BV1kM4y1p7Wr,https://i2.hdslb.com/bfs/archive/ac1e6e8383ab53af91446f8339799c5c26b4b47c.jpg,爱喝啤酒的烧烤P,327601393
BV1kM7mzPEim,https://i1.hdslb.com/bfs/archive/b92dec5706d4a59bc82fcaa99b46fd84ad4dec26.jpg,驹夜Maye,36580417
BV1kMX5YEEGC,https://i0.hdslb.com/bfs/archive/a789eb802cbab024ec4363af51ba46ebb29efe21.jpg,解雨采结,89430004
BV1kN411m7Nm,https://i0.hdslb.com/bfs/archive/f77d22d351b59ce126e3b8edd8d66ee752756a38.jpg,沉沉vc,387691590
BV1kNEQz1EnA,https://i1.hdslb.com/bfs/archive/b9edf5b3bee53a019d3bb271e3a18c68cba7e9c8.jpg,卓盈之,38028309
BV1kPtuzUECf,https://i1.hdslb.com/bfs/archive/db758e717fb3ec4bf5e12ff60e325de0fc419368.jpg,寂灵後,3493124687006642
BV1kQ4y1j7sy,https://i1.hdslb.com/bfs/archive/db391b409be45e18820e7dd522ee56918e3b011d.jpg,深幽碧海,12436898
BV1kQHXeeEqt,https://i1.hdslb.com/bfs/archive/a583a264ddb329352726252d9b47ccc7cc1ee85e.jpg,灯火烛天Lusky,27694266
BV1kQMGzyEwt,https://i2.hdslb.com/bfs/archive/59cd164eacd1cbfa2a47258334111ac8434335af.jpg,一隻海燕,3493258634201708
BV1kQNme3EMz,https://i2.hdslb.com/bfs/archive/bb02db8a8205edf95724550066c3957d1146a4eb.jpg,蓝鹰QAQ,493851957
BV1kQTKz4ErC,https://i1.hdslb.com/bfs/archive/4ea8ad68dd206c6f9a39086ce03fb4b0f5cebf20.jpg,维克兰特_Vikrant,386731500
BV1kS11B1EYg,https://i0.hdslb.com/bfs/archive/a17efbf2143994b4472bdfad9fe9dd1d35344d21.jpg,肥宅夏也想做音乐,94602498
BV1kT411j7kN,https://i0.hdslb.com/bfs/archive/0c6f9da79ab32a82de0994b56e60c0cf64c9d5b3.jpg,墨梓_Mozes,239794323
BV1kT421D7YQ,https://i1.hdslb.com/bfs/archive/7592118de84d720cd3c824298f6bdca336cc21e5.png,淘气少年小影子_茹颖p,285359693
BV1kU421o7kU,https://i2.hdslb.com/bfs/archive/169ef4534a27802a5deb41574f6fb812061f0aae.jpg,贤师鱼_sakayo,404248894
BV1kUQbYWE7E,https://i0.hdslb.com/bfs/archive/daea94671532f8733e973b824f50d7e272b4eead.jpg,决忆漪,3546673712204264
BV1kW4y1d7Tk,https://i2.hdslb.com/bfs/archive/ee52c45ab7308a6abf58081727a7e2944b0142c5.jpg,夜易晓,492224161
BV1kW4y1d7zz,https://i0.hdslb.com/bfs/archive/0f92c5738f4e76c52764845fc5c0bcbd8e1ad59c.jpg,杨桃座,434565426
BV1kW4y1x7Uf,https://i0.hdslb.com/bfs/archive/50ecf21fb85d8bf7e44720b7971fb693f1c92a25.jpg,心脏扭蛋_rabbitrite,28536033
BV1kWFeesEX9,https://i0.hdslb.com/bfs/archive/2ef0226509c4b31c72cc2ce1455902d7c6e41be4.jpg,璐花灯,604887864
BV1kXZiYxEwA,https://i2.hdslb.com/bfs/archive/731fc9da5b87a234dbeb672305ca03656c7d2b2d.jpg,幽灵好美啊,351090997
BV1kZ421j7qV,https://i2.hdslb.com/bfs/archive/c18b0d2e0593e62b2020c7a04378f40c88de91bf.png,紫陽花RainDrops,440421599
BV1kZ4y1i7Lr,https://i2.hdslb.com/bfs/archive/e0c1f5eb9b68c6997898b96037b80234a2ba27ba.jpg,Alice-kuonji,48811643
BV1kZtBzNEeu,https://i0.hdslb.com/bfs/archive/2b4ab2388024bc39f96c01d3af7d6a5b0c939443.jpg,xlly11,3546923352983819
BV1kaBiY3Ech,https://i1.hdslb.com/bfs/archive/6421a78ccd46033945edec6da114788dea209877.jpg,小小的手心_-_,519038717
BV1kaajz7EkA,https://i2.hdslb.com/bfs/archive/6941654043be4f158dfee3bc92238197e0049b9f.jpg,鈴木へて,2131408051
BV1kasKekEpR,https://i1.hdslb.com/bfs/archive/b2c3e5f6ef70d09317910e3707c884130c1ba3ce.jpg,nogi_Official,474012664
BV1kcFdeSEVD,https://i0.hdslb.com/bfs/archive/c3c3d334afe18e1e119647f99e9e976df59e2114.jpg,北山Pesaka,19500824
BV1kceme7EJL,https://i2.hdslb.com/bfs/archive/b84e2d3e0603cc7f71d5ba309d10512572b9ccdc.jpg,03_23_56,391525283
BV1ke41137rd,https://i2.hdslb.com/bfs/archive/6cbc76f0f363cce90e5fc4bede3282cc5d99634f.jpg,星海化相思,548530704
BV1kfM5zmEK1,https://i2.hdslb.com/bfs/archive/d7af073d9889de3891cc352d20b1c3985b3acb4c.jpg,另一只大水母p,110926375
BV1kfPmekEDi,https://i1.hdslb.com/bfs/archive/42629f438bf3d8f46017eb62a0b6d9b201f5a10b.jpg,派派鵝,84259009
BV1kfYqzVE1e,https://i2.hdslb.com/bfs/archive/9dd074748bdc111c8a008c97e6ccc583fa03138d.jpg,米饭爱吃碗,3493117361654287
BV1kg411d7gK,https://i0.hdslb.com/bfs/archive/4da085d59622b4defcd1e1658a4212114f64e518.jpg,账号已注销,395966898
BV1kgFSzfEfN,https://i1.hdslb.com/bfs/archive/e71a19787b9ae1aba96f0d9e54947513e0e3ff00.jpg,热评゚゚,33901114
BV1khtdz2EvJ,https://i1.hdslb.com/bfs/archive/fc636ccda69d4bad8ce4dbb0c46dbc21d33bf263.jpg,无咕的蒸香浮犊鸡,43714771
BV1kiF7eGExo,https://i2.hdslb.com/bfs/archive/b1fd33b59a53d65bae65df2a3e28c1929e94043f.jpg,蓝鹰QAQ,493851957
BV1kj41187cv,https://i0.hdslb.com/bfs/archive/fb2e153006504cbf91aec3d4e0bcd0081ba6a9e4.jpg,TOPKINGCREAM,3493081292737020
BV1kkUDBiEgN,https://i2.hdslb.com/bfs/archive/6b9295ee31a0fbe03c231f299c77501dac856e4a.jpg,不好吃的SrDt,391558321
BV1km4bemEf7,https://i2.hdslb.com/bfs/archive/38cc41af4a771e1fbec117f3f16a4534eef3e816.jpg,Aya-啊呀呀,2577707
BV1kmZgBVEvv,https://i0.hdslb.com/bfs/archive/827da42cbcf93d2611027a257393323c6f546a73.jpg,Cvyleop隋洛普,471175192
BV1kp4y1R7qW,https://i0.hdslb.com/bfs/archive/50bd7fa72b146b7289b806e1d3d397bc19ba2ef2.jpg,不会调校の字母P,525227036
BV1kqZBB9EYr,https://i1.hdslb.com/bfs/archive/4c87734a57dde32bafa2540536f4e77bf33d1c1d.jpg,璐花灯,604887864
BV1kr3jeuESa,https://i0.hdslb.com/bfs/archive/272dff0c8008f8e2b75b5a4d706dd91f722a771a.jpg,eshtero,1895976916
BV1kr4y1d7DT,https://i1.hdslb.com/bfs/archive/ad302bd3d1adb4ea56d3a11783d0f8de98247b46.jpg,账号已注销,3494365188065809
BV1ksK7zDEAs,https://i2.hdslb.com/bfs/archive/b84c6169b941e2f51b7e9397e9ccc4f0af46cab2.jpg,魔女AK47,2622133
BV1ktp2eDEvE,https://i0.hdslb.com/bfs/archive/69f66bccde3c9a8b22635206a10e3c2c53c08889.jpg,一只路过的史莱姆z,474601742
BV1ku411F7z5,https://i0.hdslb.com/bfs/archive/44ebac54a36acf471e4cba5ba52cf7df83528e27.jpg,星辉p,223735
BV1kukzYbETs,https://i0.hdslb.com/bfs/archive/27d16411f50560b8d3ba986db597086c443d779e.jpg,ANY_OFFICIAL,3546754521762726
BV1kv421i7Rq,https://i0.hdslb.com/bfs/archive/7584be780ddb05ee448ffac02d82f0264a8a456e.jpg,星暗雪,237640904
BV1kv421y7fC,https://i0.hdslb.com/bfs/archive/ba568f93b2d9a33e9dc312965167cc260c0d8253.jpg,理科生天依酱,4662061
BV1kw41147ZG,https://i1.hdslb.com/bfs/archive/6eab99c6a466a9fe1409ea16c6397e1bb8cbebb6.jpg,紫陽花RainDrops,440421599
BV1kw4m1Z7ad,https://i1.hdslb.com/bfs/archive/65f61c6821bffa62607586b9a448624843ed228b.jpg,风湮Official,8151904
BV1kw4m1f7DA,https://i0.hdslb.com/bfs/archive/535f2e7f671f1fec64f166bfa658f071cebc6e3c.jpg,琼玉牌社,593518132
BV1kxBeYqEA8,https://i0.hdslb.com/bfs/archive/cf60bf977b7dd556759bd64e92482e9415876715.jpg,Azure_Lag,76506925
BV1kyArz5EJB,https://i1.hdslb.com/bfs/archive/7455b2e12c8b4f40e6cc037bc4be04a43cd28a70.jpg,抓住一只窝批,504643796
BV1kymVYTE55,https://i1.hdslb.com/bfs/archive/07a423a95f8c195f38ad8127209a8bcf90bdaa45.jpg,Hatu_,286048522
BV1kys3zEE8B,https://i1.hdslb.com/bfs/archive/16bb478f545330677240aad024199af40cffc5c6.jpg,sHiki_08,3494359215376534
BV1kyyLYPE1P,https://i1.hdslb.com/bfs/archive/e613eaaa7b80a55dd2845a42bbfc55188a3b78b2.jpg,EveKraHill,1648731978
BV1kzvaBUE9u,https://i1.hdslb.com/bfs/archive/190d6543784fd61d4bfad71f128d88af4258cf5e.jpg,Evalia-爱娃,100302
BV1m14y1j75y,https://i2.hdslb.com/bfs/archive/8f183f6c7c85d9f606ba9bc422db0d4fac07d4bb.jpg,Arcadiac,5774684
BV1m1cfegEUR,https://i0.hdslb.com/bfs/archive/c7c63fc807510f701049ddff68ed78e6ce59b905.jpg,杯糕糕糕糕,477486268
BV1m1xAzzEvD,https://i2.hdslb.com/bfs/archive/9e4d00145c49b3fb2a0ba9b7763a726d241ae2af.jpg,玄云__,620883622
BV1m2pDzYEkx,https://i2.hdslb.com/bfs/archive/ae70aa9591618171713a893789d3639d2dc0eca5.jpg,L则鸣,442791639
BV1m3411F7d3,https://i1.hdslb.com/bfs/archive/51ffd29a50e69ae53c52e1399084c637de731aa5.jpg,-安鹤-,20264456
BV1m3Gpz4Eey,https://i1.hdslb.com/bfs/archive/cfe442581a5e9512633bfc4221105fca057740cf.jpg,哆啦慢,3493257147321138
BV1m3mWYzE9d,https://i1.hdslb.com/bfs/archive/535943fd37d6e84f972c9a80a5699fb4b31fe914.jpg,WWateRZ,5955013
BV1m4EezqELo,https://i1.hdslb.com/bfs/archive/6ec813dbd778cb21d083753473cd8e99653d0cc3.jpg,是封测高,513237161
BV1m64y1p7Dk,https://i1.hdslb.com/bfs/archive/98e51606771eca0afefbc0ea90ba301e61fa4a4f.jpg,Mylech,79488060
BV1m8411R7os,https://i0.hdslb.com/bfs/archive/0030ddd04e3878b241b379e88758826b1004cbc8.jpg,Ark不是P,390183124
BV1m84y1f7hp,https://i0.hdslb.com/bfs/archive/09565e15e005b3dfd08644eee71089bd24fe3578.jpg,沫雪明月,27081552
BV1m94y1d7wc,https://i0.hdslb.com/bfs/archive/2b510ecd3f6dde3c51c7b30420ef155719822d62.jpg,瑞安Ryan不跑调,108845996
BV1m9AJzZE42,https://i2.hdslb.com/bfs/archive/c3cd911e6b0a21702d5f87bd378fac469f7f82f2.jpg,以方_P,3546873786796092
BV1m9e1zkEKz,https://i2.hdslb.com/bfs/archive/d8a0f2570b1512aa62ce6036dedecbaf428be8f2.jpg,Henry_28,443962361
BV1mA4m1V7mG,https://i1.hdslb.com/bfs/archive/a1002a46a17394e6057bef1ce7ad68d42d726e6b.jpg,LING-YANG,99802379
BV1mB421k7dY,https://i1.hdslb.com/bfs/archive/bcf2e21941e5ce0ba2ea559a3d87860859bd1a56.jpg,泽友io,429908251
BV1mB4Se5Exa,https://i1.hdslb.com/bfs/archive/7bd5ba15d4e204976f6f4003e224dc860a761834.jpg,氤氲饴雨_,1355547452
BV1mB4y1t7U5,https://i1.hdslb.com/bfs/archive/09642918a5c913c13b3118e4b79a578fbdcc8ada.jpg,小不同学_,9797712
BV1mBieYrEZd,https://i0.hdslb.com/bfs/archive/a62c80b9318e51f9a5e72de2a3a5ea2689f6d7dd.jpg,Utopia_乌托邦P,1858510441
BV1mC411B7Ek,https://i0.hdslb.com/bfs/archive/28e86e759bea051830ad9316a929660a9c4ddc8c.jpg,Mi-u_,398660064
BV1mC411x7AK,https://i0.hdslb.com/bfs/archive/ce59351dedcd350b94eb0d9e0c8fed495c909b51.jpg,_OREOREO_,19483168
BV1mC4y1r7Hy,https://i0.hdslb.com/bfs/archive/88773df8876c2f0c09976afef18ff8b6f842ec0d.jpg,萤与花_hth,355904832
BV1mDfoBQEbM,https://i0.hdslb.com/bfs/archive/6b95653f28b7135143acbe8b47c6b5243866a950.jpg,水龙头P,584935264
BV1mDpzzcEsQ,https://i1.hdslb.com/bfs/archive/79143701941fd6c7ef9c154330dc72653a38dc16.jpg,Haru.jpg,181085
BV1mEBGBGEho,https://i0.hdslb.com/bfs/archive/bdf9433a2709d509d4d1897a6dab756bbf045c4e.jpg,风暴降生男菩萨,110902829
BV1mECCB3ESP,https://i0.hdslb.com/bfs/archive/6e32c2a6882060c5e97593fec84be33af299e659.jpg,星川__HzY,1783946889
BV1mF4m1T7oU,https://i0.hdslb.com/bfs/archive/2bc6e63d34547a5e40a653fcdd628de28e907ab9.jpg,Mylech,79488060
BV1mG411B7ay,https://i1.hdslb.com/bfs/archive/42deb7ce2f29168b6c6e0dfbac803efaa97733fe.jpg,不好吃的SrDt,391558321
BV1mJ4m147FA,https://i0.hdslb.com/bfs/archive/76225dca3e29bd3f0d960dbed89ad260fe1780a2.jpg,闪闪亮乌鸦,3546556946975505
BV1mKCKYLEY8,https://i2.hdslb.com/bfs/archive/e404d24e20a376482a93a133efbef66e358088df.jpg,不好吃的SrDt,391558321
BV1mKCKYLEbL,https://i1.hdslb.com/bfs/archive/2b97171c03db24343c4b073abc77650d3464bc3b.jpg,不好吃的SrDt,391558321
BV1mKHyzkEkj,https://i0.hdslb.com/bfs/archive/2d795db1f54ea6111ab8e9752afb7ec72fbae84e.jpg,中子P,3493280457165617
BV1mLJPz4EQe,https://i2.hdslb.com/bfs/archive/2d96638fd7aee104bbe79b2b6fa59cfcf65f7d2e.jpg,面糊丸子,401180624
BV1mM4m1D71v,https://i2.hdslb.com/bfs/archive/bb3c3dcd2c9fe8060c4303c1201700db59d81d13.png,落橘生秋,46207951
BV1mMHyz3EM4,https://i2.hdslb.com/bfs/archive/a6a66e6abb45180b518fe799c43595894173345a.jpg,铃蓝SuzuSnow,24428012
BV1mMWsz4Epo,https://i2.hdslb.com/bfs/archive/7e130124cbd0bc46defcf2bc99b60a9dfd573694.jpg,い爱花丶,26069934
BV1mN1EYHEhB,https://i2.hdslb.com/bfs/archive/7ed18a5b3fb08f63b0a3cb0530e5599d047bd2ff.png,RainAndFluency,95303080
BV1mP4y1F7ds,https://i0.hdslb.com/bfs/archive/9442680cdb043ce1f3aa6e46631f4b3659724eb6.jpg,瑞安Ryan不跑调,108845996
BV1mPu8zeEVb,https://i0.hdslb.com/bfs/archive/8907ba63e4b04c2a1b29cdfdd9aa48b931a8a8b7.jpg,CarmenOfficial,519171395
BV1mPuazGE74,https://i2.hdslb.com/bfs/archive/4345474a2d3391b5980d461e28431e97336e4967.jpg,劳尔Blawn,432148245
BV1mQ4y157gS,https://i0.hdslb.com/bfs/archive/3b0adbf465353dcd4ec510128ae55622b2cf9f81.jpg,绯雾Fitwar,2021631527
BV1mQwAeQEGE,https://i2.hdslb.com/bfs/archive/5fcfa73134541a3029413902dcdd67ac09c944d2.jpg,MAX叶飞,347963319
BV1mS421X7m9,https://i1.hdslb.com/bfs/archive/3b6467d68285fe22252b63627989516778ceccd7.jpg,风湮Official,8151904
BV1mScqzqE2X,https://i1.hdslb.com/bfs/archive/9c4c263d2b5b20fdf4b0d32c94b0b11f7cf1cb46.jpg,酒味熏香,85591476
BV1mSwRzsEVV,https://i2.hdslb.com/bfs/archive/f672f6f840673f551864340944a7ce7fc7a98e25.jpg,Aboatsurd_荒誕舟P,1925495326
BV1mTHGzQE1K,https://i2.hdslb.com/bfs/archive/a40561b127706a88304c14b0d6edec9132e22a27.jpg,CategoryP,8037517
BV1mTS3YrE2k,https://i1.hdslb.com/bfs/archive/3a99e310a0fbfb9be1cba51be8ed1121d76f67f7.jpg,小狗钱钱-,471243997
BV1mTW1zUEJ8,https://i0.hdslb.com/bfs/archive/1dfef5485e0eb89d8362b01411614587ef14e31b.jpg,衣物鱼Yiuv,697934264
BV1mTg6zKEeE,https://i2.hdslb.com/bfs/archive/6c4986c25ac6d9b7f0205a9765468c0091bfc01f.jpg,墨素Mohius,36112611
BV1mV411G7d3,https://i0.hdslb.com/bfs/archive/55c143d7ac85a745a560f8a809deea7bf483fb9d.jpg,上下左右p,699337303
BV1mX4y177LT,https://i1.hdslb.com/bfs/archive/5e38292cd00c0f03416102f71d54b8b48420ba13.jpg,贤师鱼_sakayo,404248894
BV1mX4y1s7yc,https://i2.hdslb.com/bfs/archive/d0a81407221e374aa60eb08df5ed480d8e44821b.jpg,搬砖香香土豆泥,388359213
BV1mXfBBqEdt,https://i0.hdslb.com/bfs/archive/0cf92494570d0ca8ce44228b9f6868fbed19d350.jpg,乐正商颜,356866427
BV1mY411o7fy,https://i0.hdslb.com/bfs/archive/1f351925011af0ca4065e3a737a36f0ae18b4f4c.jpg,R小绵羊233,102544559
BV1mYYMzBEtF,https://i0.hdslb.com/bfs/archive/d18f12ff4326499a54338930dfcfe124c31dd9f2.jpg,白敬西Official,628305642
BV1mYbPz7Ee7,https://i0.hdslb.com/bfs/archive/04c56fe4de29282d680203a0fa40fa1ba7d7dc3c.jpg,妍Yuna,626643626
BV1mZ2XBjERh,https://i1.hdslb.com/bfs/archive/12d2e0d6a7b48db20c1b771f22b11c4940444d98.jpg,沉年旧诗,362732015
BV1magXzqEfy,https://i1.hdslb.com/bfs/archive/e9cba4603184fbf24523bdfb6503caceb2b05784.jpg,旋惊散San,39397092
BV1mb421b7Xy,https://i0.hdslb.com/bfs/archive/b48540d49f3f677d166042fef4fcde8880692730.jpg,淘气少年小影子_茹颖p,285359693
BV1mc411t7ar,https://i1.hdslb.com/bfs/archive/5e02288765218a911cb71064c844dcbfedb0b37c.jpg,LichCrewZeta,20361369
BV1mc8Az5Eur,https://i0.hdslb.com/bfs/archive/abc1edb11a2fc6729330c98841c5f7de93b66537.jpg,雍雁P,3546883077179996
BV1mcicBMEVu,https://i1.hdslb.com/bfs/archive/8e2af1f072792a78de9b2db288839bfa4b0bc9c9.jpg,神鳴沢世界,114419306
BV1me411z7tm,https://i0.hdslb.com/bfs/archive/0f665b308d25ac4ba597d64ce122173f1e532275.jpg,萤与花_hth,355904832
BV1mf421R7nK,https://i2.hdslb.com/bfs/archive/29fd6095c6267a1ec1a4cdf8d3555805e5a2ae06.png,衣物鱼Yiuv,697934264
BV1mfQrYNEHC,https://i2.hdslb.com/bfs/archive/61279cc8a8241136a4fdea5abd87f032960b2425.jpg,Aya-啊呀呀,2577707
BV1mgAXeoEfT,https://i2.hdslb.com/bfs/archive/178d9b6d6e0e6ce019da4acc0dab20799d4b9ef4.jpg,林小四4040,13367155
BV1mh4y1B74p,https://i1.hdslb.com/bfs/archive/77c7f9ef218a27d7e73cd60e65b98f6555173004.jpg,账号已注销,178849577
BV1mhCQBNE5m,https://i2.hdslb.com/bfs/archive/fc0eb0aa5fe747fa59ae7bceedd6601e096b783a.jpg,戬希Haleksius,1806620142
BV1mhHUeaE2H,https://i2.hdslb.com/bfs/archive/cb45e549c23f554d378ea4cba809f4fead6ac077.jpg,椛暗,1301635
BV1mi4y1h7fK,https://i0.hdslb.com/bfs/archive/498e162395bda27e5ea58febb22a8026b70147df.jpg,稳定点p,357512039
BV1mk2kB2E1D,https://i2.hdslb.com/bfs/archive/4967529a3920e3832e6c52ed32b7123fa2c1832c.jpg,Mrwhite0093,5283053
BV1mm411y7Pf,https://i0.hdslb.com/bfs/archive/85470fb339b53aa886af1e4a4aa49df48a7f136c.jpg,北极圈ArcticLab,286334754
BV1mm4y1p7xN,https://i2.hdslb.com/bfs/archive/07e6bbae041a331b896745cb10d8acebb7306026.jpg,明澜_,299857125
BV1mmdzYzEW2,https://i1.hdslb.com/bfs/archive/80cdfa9f9a076ce282163005b0b79f3fe054374c.jpg,魚栞奈,2093956209
BV1mmrNY6Eae,https://i0.hdslb.com/bfs/archive/40c0ccd3ee7ff070ac26540a5432e474604126e1.jpg,Angel阡陌,17677928
